State Name,County Name,County FIPS,2014,2015,2016,2017,2018,2019,2020,2021,2022,2023,2024,Average,
Alabama,Autauga,1001,9,45,44,38,33,39,31,0,0,4,88,30.09090909,
Alabama,Baldwin,1003,111,94,83,70,7,3,0,0,0,3,369,67.27272727,
Alabama,Barbour,1005,129,12,18,16,17,15,10,1,0,13,157,35.27272727,
Alabama,Bibb,1007,0,0,0,0,0,0,0,0,0,0,0,0,
Alabama,Blount,1009,8,47,57,4,34,39,1,0,0,0,117,27.90909091,
Alabama,Bullock,1011,8,1,1,0,1,0,0,0,0,0,0,1,
Alabama,Butler,1013,18,8,10,13,8,8,7,0,0,0,21,8.454545455,
Alabama,Calhoun,1015,0,51,44,36,7,40,0,0,0,0,159,30.63636364,
Alabama,Chambers,1017,1,2,2,2,1,1,0,0,0,0,5,1.272727273,
Alabama,Cherokee,1019,4,203,206,40,18,9,0,0,0,0,718,108.9090909,
Alabama,Chilton,1021,2,3,3,3,2,2,3,0,0,0,15,3,
Alabama,Choctaw,1023,0,2,3,2,0,0,0,0,0,0,0,0.636363636,
Alabama,Clarke,1025,4,28,23,22,0,0,0,0,0,0,0,7,
Alabama,Clay,1027,0,2,1,1,0,1,0,0,0,0,2,0.636363636,
Alabama,Cleburne,1029,0,9,7,8,5,2,0,0,0,0,1,2.909090909,
Alabama,Coffee,1031,259,61,53,43,44,55,32,0,0,30,151,66.18181818,
Alabama,Colbert,1033,9,230,186,29,129,93,3,0,0,0,553,112,
Alabama,Conecuh,1035,16,23,21,8,7,6,1,0,0,0,2,7.636363636,
Alabama,Coosa,1037,0,0,0,0,0,0,0,0,0,0,0,0,
Alabama,Covington,1039,104,20,28,21,15,27,21,0,0,1,63,27.27272727,
Alabama,Crenshaw,1041,50,23,17,19,19,11,4,0,0,3,45,17.36363636,
Alabama,Cullman,1043,0,7,31,18,19,44,0,0,0,39,178,30.54545455,
Alabama,Dale,1045,94,106,118,70,49,30,18,0,0,0,65,50,
Alabama,Dallas,1047,42,93,121,113,27,44,5,0,2,46,118,55.54545455,
Alabama,DeKalb,1049,1,169,155,78,57,110,1,3,0,0,630,109.4545455,
Alabama,Elmore,1051,22,31,31,10,7,29,0,0,2,0,106,21.63636364,
Alabama,Escambia,1053,90,48,22,24,2,20,11,0,0,18,55,26.36363636,
Alabama,Etowah,1055,1,63,60,3,3,50,0,0,0,0,118,27.09090909,
Alabama,Fayette,1057,3,32,33,31,25,7,1,0,0,10,119,23.72727273,
Alabama,Franklin,1059,2,26,26,23,16,20,0,0,0,0,75,17.09090909,
Alabama,Geneva,1061,318,209,206,104,207,208,121,0,2,165,435,179.5454545,
Alabama,Greene,1063,0,3,4,2,2,1,0,0,0,0,2,1.272727273,
Alabama,Hale,1065,0,0,1,0,1,3,0,0,0,0,0,0.454545455,
Alabama,Henry,1067,189,45,36,34,42,39,33,31,0,0,119,51.63636364,
Alabama,Houston,1069,338,60,75,67,83,56,47,0,41,46,143,86.90909091,
Alabama,Jackson,1071,2,385,368,169,56,213,23,0,0,0,851,187.9090909,
Alabama,Jefferson,1073,0,0,0,0,0,0,0,0,0,0,0,0,
Alabama,Lamar,1075,3,8,12,13,13,6,2,0,0,0,60,10.63636364,
Alabama,Lauderdale,1077,6,225,333,225,267,194,3,0,0,0,707,178.1818182,
Alabama,Lawrence,1079,5,145,137,68,111,91,3,0,0,0,431,90.09090909,
Alabama,Lee,1081,13,12,14,12,8,7,4,0,0,0,14,7.636363636,
Alabama,Limestone,1083,37,519,519,230,181,387,88,1,0,0,1368,302.7272727,
Alabama,Lowndes,1085,17,14,24,17,11,3,3,0,3,1,14,9.727272727,
Alabama,Macon,1087,12,12,11,14,7,4,7,0,3,0,14,7.636363636,
Alabama,Madison,1089,9,483,462,387,362,292,0,0,0,0,1317,301.0909091,
Alabama,Marengo,1091,0,2,2,6,2,1,0,0,0,1,6,1.818181818,
Alabama,Marion,1093,3,28,26,19,27,14,10,0,0,0,134,23.72727273,
Alabama,Marshall,1095,1,126,104,27,56,51,0,0,0,0,312,61.54545455,
Alabama,Mobile,1097,14,3,3,3,1,0,0,0,0,0,0,2.181818182,
Alabama,Monroe,1099,68,41,119,37,4,0,0,0,0,0,0,24.45454545,
Alabama,Montgomery,1101,4,40,33,34,27,9,3,0,0,18,33,18.27272727,
Alabama,Morgan,1103,1,60,54,20,43,56,0,0,0,0,174,37.09090909,
Alabama,Perry,1105,4,15,12,14,3,5,0,0,0,2,10,5.909090909,
Alabama,Pickens,1107,4,2,5,4,5,1,1,0,0,0,13,3.181818182,
Alabama,Pike,1109,108,17,11,9,11,11,0,1,6,0,21,17.72727273,
Alabama,Randolph,1111,5,21,16,15,4,6,0,0,0,0,3,6.363636364,
Alabama,Russell,1113,11,11,13,9,11,5,3,0,0,0,11,6.727272727,
Alabama,St. Clair,1115,0,4,4,4,0,0,0,0,0,0,0,1.090909091,
Alabama,Shelby,1117,0,18,15,12,2,7,0,0,0,0,23,7,
Alabama,Sumter,1119,1,4,5,5,5,4,3,0,0,0,2,2.636363636,
Alabama,Talladega,1121,0,43,45,37,36,28,0,0,0,0,207,36,
Alabama,Tallapoosa,1123,4,3,3,3,4,4,0,0,1,0,7,2.636363636,
Alabama,Tuscaloosa,1125,0,11,9,3,4,1,0,0,0,0,39,6.090909091,
Alabama,Walker,1127,0,1,1,1,0,0,0,0,0,0,0,0.272727273,
Alabama,Washington,1129,10,14,28,11,0,3,2,0,0,0,2,6.363636364,
Alabama,Wilcox,1131,0,6,7,11,4,0,0,1,0,1,3,3,
Alabama,Winston,1133,0,1,2,2,0,1,0,0,0,0,4,0.909090909,
Alaska,Aleutians East,2013,0,0,0,0,0,0,0,0,0,0,0,0,
Alaska,Aleutians West,2016,0,0,0,0,0,0,0,0,0,0,0,0,
Alaska,Anchorage,2020,0,0,0,0,0,0,0,0,0,0,0,0,
Alaska,Bethel,2050,0,0,0,0,0,0,0,0,0,0,0,0,
Alaska,Bristol Bay,2060,0,0,0,0,0,0,0,0,0,0,0,0,
Alaska,Denali,2068,0,0,0,0,0,0,0,0,0,0,0,0,
Alaska,Dillingham,2070,0,0,0,0,0,0,0,0,0,0,0,0,
Alaska,Fairbanks North Star,2090,0,0,0,0,0,0,0,0,0,0,0,0,
Alaska,Haines,2100,0,0,0,0,0,0,0,0,0,0,0,0,
Alaska,Juneau,2110,0,0,0,0,0,0,0,0,0,0,0,0,
Alaska,Kenai Peninsula,2122,0,0,0,0,0,0,0,0,0,0,0,0,
Alaska,Ketchikan Gateway,2130,0,0,0,0,0,0,0,0,0,0,0,0,
Alaska,Kodiak Island,2150,0,0,0,0,0,0,0,0,0,0,0,0,
Alaska,Lake and Peninsula,2164,0,0,0,0,0,0,0,0,0,0,0,0,
Alaska,Matanuska-Susitna,2170,0,0,0,0,0,0,0,0,0,0,0,0,
Alaska,Nome,2180,0,0,0,0,0,0,0,0,0,0,0,0,
Alaska,North Slope,2185,0,0,0,0,0,0,0,0,0,0,0,0,
Alaska,Northwest Arctic,2188,0,0,0,0,0,0,0,0,0,0,0,0,
Alaska,Prince of Wales-Outer Ketchikan,2201,0,0,0,0,0,0,0,0,0,0,0,0,
Alaska,Sitka,2220,0,0,0,0,0,0,0,0,0,0,0,0,
Alaska,Skagway-Hoonah-Angoon,2232,0,0,0,0,0,0,0,0,0,0,0,0,
Alaska,Southeast Fairbanks,2240,0,0,0,0,0,0,0,0,0,0,0,0,
Alaska,Valdez-Cordova,2261,0,0,0,0,0,0,0,0,0,0,0,0,
Alaska,Wade Hampton,2270,0,0,0,0,0,0,0,0,0,0,0,0,
Alaska,Wrangell-Petersburg,2280,0,0,0,0,0,0,0,0,0,0,0,0,
Alaska,Yakutat,2282,0,0,0,0,0,0,0,0,0,0,0,0,
Alaska,Yukon-Koyukuk,2290,0,0,0,0,0,0,0,0,0,0,0,0,
Arizona,Apache,4001,0,0,0,0,0,0,0,0,0,0,0,0,
Arizona,Cochise,4003,0,0,0,0,0,0,0,0,0,0,0,0,
Arizona,Coconino,4005,0,0,0,0,0,0,0,0,0,0,0,0,
Arizona,Gila,4007,0,0,0,0,0,0,0,0,0,0,0,0,
Arizona,Graham,4009,0,0,0,0,0,0,0,0,0,0,0,0,
Arizona,Greenlee,4011,0,0,0,0,0,0,0,0,0,0,0,0,
Arizona,La Paz,4012,1,9,8,7,8,5,9,1,0,0,8,5.090909091,
Arizona,Maricopa,4013,2,7,6,0,0,1,1,0,0,0,1,1.636363636,
Arizona,Mohave,4015,0,0,0,0,0,0,0,0,0,0,0,0,
Arizona,Navajo,4017,0,0,0,0,0,0,0,0,0,0,0,0,
Arizona,Pima,4019,0,0,0,0,0,0,0,0,0,0,0,0,
Arizona,Pinal,4021,0,4,4,2,0,0,0,0,0,0,0,0.909090909,
Arizona,Santa Cruz,4023,0,0,0,0,0,0,0,0,0,0,0,0,
Arizona,Yavapai,4025,0,0,0,0,0,0,0,0,0,0,0,0,
Arizona,Yuma,4027,1,2,2,2,0,4,3,0,0,0,2,1.454545455,
Arkansas,Arkansas,5001,671,582,559,803,434,329,269,0,0,0,552,381.7272727,
Arkansas,Ashley,5003,185,206,167,123,69,134,32,0,0,1,365,116.5454545,
Arkansas,Baxter,5005,0,0,0,0,0,0,0,0,0,0,0,0,
Arkansas,Benton,5007,0,1,1,1,1,0,1,0,1,0,0,0.545454545,
Arkansas,Boone,5009,0,0,0,0,0,0,0,0,0,0,0,0,
Arkansas,Bradley,5011,0,0,0,0,0,0,0,0,0,0,0,0,
Arkansas,Calhoun,5013,0,0,0,0,0,0,0,0,0,0,0,0,
Arkansas,Carroll,5015,0,0,0,0,0,0,0,0,0,0,0,0,
Arkansas,Chicot,5017,301,268,238,276,176,157,3,0,0,2,253,152.1818182,
Arkansas,Clark,5019,6,0,0,0,0,0,0,0,0,0,0,0.545454545,
Arkansas,Clay,5021,749,1124,1074,723,463,727,415,0,181,194,1036,607.8181818,
Arkansas,Cleburne,5023,1,0,0,0,0,2,2,0,0,0,2,0.636363636,
Arkansas,Cleveland,5025,0,0,0,0,0,0,0,0,0,0,0,0,
Arkansas,Columbia,5027,0,0,0,0,0,0,0,0,0,0,0,0,
Arkansas,Conway,5029,26,88,74,41,113,109,0,0,67,1,217,66.90909091,
Arkansas,Craighead,5031,813,1345,1215,615,233,976,12,0,0,161,549,538.0909091,
Arkansas,Crawford,5033,5,75,57,63,34,73,8,0,1,0,1,28.81818182,
Arkansas,Crittenden,5035,251,321,303,306,303,353,6,8,0,151,87,189.9090909,
Arkansas,Cross,5037,422,456,461,224,238,498,190,0,0,60,478,275.1818182,
Arkansas,Dallas,5039,4,0,0,0,0,0,0,0,0,0,0,0.363636364,
Arkansas,Desha,5041,359,372,517,416,175,43,10,0,0,2,271,196.8181818,
Arkansas,Drew,5043,141,110,145,127,68,32,0,0,0,0,6,57.18181818,
Arkansas,Faulkner,5045,40,53,43,40,45,29,0,0,14,17,53,30.36363636,
Arkansas,Franklin,5047,12,24,23,19,19,22,17,0,19,0,28,16.63636364,
Arkansas,Fulton,5049,0,22,23,22,23,9,0,0,0,0,0,9,
Arkansas,Garland,5051,0,0,0,0,0,0,0,0,0,0,0,0,
Arkansas,Grant,5053,0,0,0,0,0,0,0,0,0,0,0,0,
Arkansas,Greene,5055,702,939,866,436,791,605,9,0,0,288,218,441.2727273,
Arkansas,Hempstead,5057,0,5,4,4,6,2,1,0,0,1,0,2.090909091,
Arkansas,Hot Spring,5059,26,0,0,0,0,0,0,0,0,0,2,2.545454545,
Arkansas,Howard,5061,1,15,15,15,15,1,0,0,0,0,0,5.636363636,
Arkansas,Independence,5063,196,145,150,88,66,0,0,0,0,0,5,59.09090909,
Arkansas,Izard,5065,0,0,0,0,0,0,0,0,0,0,0,0,
Arkansas,Jackson,5067,655,654,625,159,12,144,12,0,0,121,11,217.5454545,
Arkansas,Jefferson,5069,346,346,337,344,103,341,177,0,66,0,373,221.1818182,
Arkansas,Johnson,5071,2,33,31,31,34,33,34,0,21,0,51,24.54545455,
Arkansas,Lafayette,5073,42,75,76,74,75,57,0,0,11,1,72,43.90909091,
Arkansas,Lawrence,5075,603,512,505,277,140,154,3,11,0,5,14,202.1818182,
Arkansas,Lee,5077,283,459,352,292,407,130,4,0,0,190,593,246.3636364,
Arkansas,Lincoln,5079,221,201,305,210,114,112,32,15,14,2,357,143.9090909,
Arkansas,Little River,5081,21,37,34,5,36,28,0,1,27,32,69,26.36363636,
Arkansas,Logan,5083,13,11,15,42,44,42,12,0,13,0,0,17.45454545,
Arkansas,Lonoke,5085,607,679,628,625,332,389,109,0,0,8,355,339.2727273,
Arkansas,Madison,5087,0,0,0,0,0,0,0,0,0,0,0,0,
Arkansas,Marion,5089,0,0,0,0,0,0,0,0,0,0,0,0,
Arkansas,Miller,5091,27,48,44,33,41,27,3,2,35,4,0,24,
Arkansas,Mississippi,5093,518,677,977,507,704,762,334,0,0,126,41,422.3636364,
Arkansas,Monroe,5095,444,486,447,397,359,230,47,0,0,10,90,228.1818182,
Arkansas,Montgomery,5097,0,0,0,0,0,0,0,0,0,0,0,0,
Arkansas,Nevada,5099,1,2,0,1,0,0,0,0,0,0,1,0.454545455,
Arkansas,Newton,5101,0,0,0,0,0,0,0,0,0,0,0,0,
Arkansas,Ouachita,5103,0,0,0,0,0,0,0,0,0,0,0,0,
Arkansas,Perry,5105,22,29,28,33,25,35,0,0,12,0,23,18.81818182,
Arkansas,Phillips,5107,194,329,243,261,129,59,44,0,0,75,1640,270.3636364,
Arkansas,Pike,5109,6,39,37,33,32,8,0,0,0,0,2,14.27272727,
Arkansas,Poinsett,5111,839,318,459,166,180,809,207,0,0,77,8,278.4545455,
Arkansas,Polk,5113,0,0,0,0,0,0,0,0,0,0,0,0,
Arkansas,Pope,5115,17,30,21,38,34,40,0,0,23,0,90,26.63636364,
Arkansas,Prairie,5117,706,605,590,228,205,312,170,1,0,66,117,272.7272727,
Arkansas,Pulaski,5119,68,89,69,52,85,93,32,0,17,38,8,50.09090909,
Arkansas,Randolph,5121,226,301,297,159,128,241,5,0,0,6,6,124.4545455,
Arkansas,St. Francis,5123,377,414,343,337,355,260,118,2,0,86,352,240.3636364,
Arkansas,Saline,5125,0,0,0,0,0,0,0,0,0,0,0,0,
Arkansas,Scott,5127,0,0,0,0,0,0,0,0,0,0,0,0,
Arkansas,Searcy,5129,0,0,0,0,0,0,0,0,0,0,0,0,
Arkansas,Sebastian,5131,0,7,4,6,6,12,4,0,0,0,24,5.727272727,
Arkansas,Sevier,5133,0,4,4,3,3,3,0,0,0,0,0,1.545454545,
Arkansas,Sharp,5135,3,38,37,31,33,15,0,0,0,0,0,14.27272727,
Arkansas,Stone,5137,1,0,0,0,0,0,0,0,0,0,0,0.090909091,
Arkansas,Union,5139,0,0,0,0,0,0,0,0,0,0,0,0,
Arkansas,Van Buren,5141,0,0,0,0,0,0,0,0,0,0,0,0,
Arkansas,Washington,5143,0,0,0,0,0,0,0,0,0,0,0,0,
Arkansas,White,5145,263,267,278,182,44,160,105,2,0,11,134,131.4545455,
Arkansas,Woodruff,5147,499,514,532,373,346,44,27,0,0,19,188,231.0909091,
Arkansas,Yell,5149,33,81,44,81,84,74,0,0,0,0,96,44.81818182,
California,Alameda,6001,3,5,2,1,3,0,0,0,0,0,0,1.272727273,
California,Alpine,6003,0,0,0,0,0,0,0,0,0,0,0,0,
California,Amador,6005,3,7,6,5,0,0,0,0,0,0,0,1.909090909,
California,Butte,6007,4,9,83,5,2,10,1,0,0,0,2,10.54545455,
California,Calaveras,6009,0,0,0,0,0,0,0,0,0,0,0,0,
California,Colusa,6011,34,68,186,72,9,9,5,1,16,8,28,39.63636364,
California,Contra Costa,6013,2,6,4,4,0,0,0,0,0,0,0,1.454545455,
California,Del Norte,6015,0,0,0,0,0,0,0,0,0,0,0,0,
California,El Dorado,6017,0,0,0,0,0,0,0,0,0,0,0,0,
California,Fresno,6019,4,9,5,4,38,27,0,3,1,1,2,8.545454545,
California,Glenn,6021,17,42,82,31,24,15,3,1,9,14,16,23.09090909,
California,Humboldt,6023,0,0,0,0,0,0,0,0,0,0,0,0,
California,Imperial,6025,8,0,0,0,0,0,0,0,0,0,0,0.727272727,
California,Inyo,6027,0,0,0,0,0,0,0,0,0,0,0,0,
California,Kern,6029,2,14,11,11,1,0,0,0,0,0,0,3.545454545,
California,Kings,6031,0,9,8,8,1,0,0,0,1,2,2,2.818181818,
California,Lake,6033,1,1,1,0,0,0,0,0,0,0,0,0.272727273,
California,Lassen,6035,0,0,1,1,0,0,0,0,0,0,0,0.181818182,
California,Los Angeles,6037,0,0,0,0,0,0,0,0,0,0,0,0,
California,Madera,6039,4,0,0,0,0,0,0,0,0,0,0,0.363636364,
California,Marin,6041,3,4,0,2,0,0,0,0,0,0,0,0.818181818,
California,Mariposa,6043,0,0,0,0,0,0,0,0,0,0,0,0,
California,Mendocino,6045,0,0,0,0,0,0,0,0,0,0,0,0,
California,Merced,6047,57,152,132,120,8,61,0,14,23,0,101,60.72727273,
California,Modoc,6049,1,7,7,6,6,0,0,0,0,0,0,2.454545455,
California,Mono,6051,0,0,0,0,0,0,0,0,0,0,0,0,
California,Monterey,6053,0,18,8,1,0,3,9,10,10,0,0,5.363636364,
California,Napa,6055,0,0,0,0,0,0,0,0,0,0,0,0,
California,Nevada,6057,0,0,0,0,0,0,0,0,0,0,0,0,
California,Orange,6059,0,0,0,0,0,0,0,0,0,0,0,0,
California,Placer,6061,4,4,24,8,0,0,0,0,0,1,0,3.727272727,
California,Plumas,6063,0,0,0,0,0,0,0,0,0,0,0,0,
California,Riverside,6065,7,6,9,3,3,5,4,1,0,0,0,3.454545455,
California,Sacramento,6067,68,162,242,141,22,25,0,2,1,17,12,62.90909091,
California,San Benito,6069,1,5,5,6,1,1,1,3,1,0,0,2.181818182,
California,San Bernardino,6071,0,0,0,0,0,0,0,0,0,0,0,0,
California,San Diego,6073,0,0,0,0,0,0,0,0,0,0,0,0,
California,San Francisco,6075,0,0,0,0,0,0,0,0,0,0,0,0,
California,San Joaquin,6077,63,256,227,198,180,0,0,0,0,1,15,85.45454545,
California,San Luis Obispo,6079,0,1,2,1,0,0,0,0,0,0,0,0.363636364,
California,San Mateo,6081,0,0,0,0,0,0,0,0,0,0,0,0,
California,Santa Barbara,6083,0,0,0,0,0,0,0,0,0,0,0,0,
California,Santa Clara,6085,0,0,1,0,0,1,0,0,0,0,0,0.181818182,
California,Santa Cruz,6087,0,0,0,0,0,0,0,0,0,0,0,0,
California,Shasta,6089,0,7,7,4,2,0,0,0,0,0,0,1.818181818,
California,Sierra,6091,0,0,0,0,0,0,0,0,0,0,0,0,
California,Siskiyou,6093,0,15,7,16,15,2,1,0,0,0,0,5.090909091,
California,Solano,6095,61,199,181,131,107,3,0,1,2,0,2,62.45454545,
California,Sonoma,6097,1,9,2,6,4,0,0,0,0,0,0,2,
California,Stanislaus,6099,1,5,10,5,2,0,0,0,0,0,0,2.090909091,
California,Sutter,6101,42,71,325,76,22,7,0,0,1,4,6,50.36363636,
California,Tehama,6103,0,19,17,23,6,3,6,0,0,0,0,6.727272727,
California,Trinity,6105,0,0,0,0,0,0,0,0,0,0,0,0,
California,Tulare,6107,1,17,16,19,0,77,0,2,0,6,82,20,
California,Tuolumne,6109,0,0,0,0,0,0,0,0,0,0,0,0,
California,Ventura,6111,0,0,0,0,0,0,0,0,0,0,0,0,
California,Yolo,6113,168,331,340,219,39,1,0,0,0,0,2,100,
California,Yuba,6115,1,4,94,9,1,0,0,0,0,0,0,9.909090909,
Colorado,Adams,8001,29,167,172,125,108,39,44,30,62,2,65,76.63636364,
Colorado,Alamosa,8003,1,24,27,27,8,8,9,7,0,1,6,10.72727273,
Colorado,Arapahoe,8005,14,72,28,9,73,27,48,32,98,16,56,43,
Colorado,Archuleta,8007,0,0,0,0,0,0,0,0,0,0,3,0.272727273,
Colorado,Baca,8009,196,190,118,122,2,12,8,15,176,182,147,106.1818182,
Colorado,Bent,8011,43,86,81,71,54,26,31,1,57,64,59,52.09090909,
Colorado,Boulder,8013,3,18,17,16,15,8,10,0,0,1,57,13.18181818,
Colorado,Broomfield,8014,0,0,0,0,0,0,0,1,1,0,0,0.181818182,
Colorado,Chaffee,8015,0,0,0,0,0,0,0,0,0,0,0,0,
Colorado,Cheyenne,8017,106,53,64,94,163,70,114,7,232,191,506,145.4545455,
Colorado,Clear Creek,8019,0,0,0,0,0,0,0,0,0,0,0,0,
Colorado,Conejos,8021,5,53,59,30,54,55,56,3,0,0,18,30.27272727,
Colorado,Costilla,8023,0,17,15,12,13,5,8,2,0,0,4,6.909090909,
Colorado,Crowley,8025,1,29,53,26,15,4,16,3,3,18,8,16,
Colorado,Custer,8027,1,1,1,0,2,1,1,0,0,0,1,0.727272727,
Colorado,Delta,8029,3,58,57,56,38,46,32,0,10,8,3,28.27272727,
Colorado,Denver,8031,0,1,2,1,2,0,0,0,0,0,0,0.545454545,
Colorado,Dolores,8033,0,16,48,18,53,32,36,8,3,3,6,20.27272727,
Colorado,Douglas,8035,0,2,2,4,3,1,1,0,1,0,1,1.363636364,
Colorado,Eagle,8037,0,0,0,0,0,2,1,0,2,1,1,0.636363636,
Colorado,Elbert,8039,1,12,19,23,22,1,6,2,1,5,4,8.727272727,
Colorado,El Paso,8041,8,3,2,0,2,2,4,0,3,3,2,2.636363636,
Colorado,Fremont,8043,0,0,0,0,0,0,0,0,0,0,0,0,
Colorado,Garfield,8045,0,5,6,4,6,9,7,0,0,3,1,3.727272727,
Colorado,Gilpin,8047,0,0,0,0,0,0,0,0,0,0,0,0,
Colorado,Grand,8049,0,0,0,0,0,0,0,0,0,0,0,0,
Colorado,Gunnison,8051,0,0,0,0,0,0,0,0,0,0,0,0,
Colorado,Hinsdale,8053,0,0,0,0,0,0,0,0,0,0,0,0,
Colorado,Huerfano,8055,0,2,2,0,0,0,0,0,0,0,0,0.363636364,
Colorado,Jackson,8057,0,0,0,0,0,0,0,0,0,0,0,0,
Colorado,Jefferson,8059,0,0,0,0,0,0,0,0,0,0,0,0,
Colorado,Kiowa,8061,43,7,0,0,143,0,26,140,312,263,343,116.0909091,
Colorado,Kit Carson,8063,510,575,517,129,470,58,99,69,301,186,1182,372.3636364,
Colorado,Lake,8065,0,0,0,0,0,0,0,0,0,0,0,0,
Colorado,La Plata,8067,1,7,7,9,7,9,7,10,8,1,36,9.272727273,
Colorado,Larimer,8069,8,67,65,28,20,3,5,0,1,2,4,18.45454545,
Colorado,Las Animas,8071,15,13,12,6,0,3,5,0,3,5,5,6.090909091,
Colorado,Lincoln,8073,2,29,7,30,38,0,13,5,38,7,47,19.63636364,
Colorado,Logan,8075,259,484,484,355,29,175,189,2,206,0,56,203.5454545,
Colorado,Mesa,8077,0,53,56,55,17,24,12,0,11,0,15,22.09090909,
Colorado,Mineral,8079,0,0,0,0,0,0,0,0,0,0,0,0,
Colorado,Moffat,8081,13,12,54,40,46,8,9,8,0,0,2,17.45454545,
Colorado,Montezuma,8083,3,17,27,17,18,26,12,1,27,18,85,22.81818182,
Colorado,Montrose,8085,0,7,7,2,4,10,2,0,1,0,5,3.454545455,
Colorado,Morgan,8087,21,422,178,180,406,113,93,5,136,0,418,179.2727273,
Colorado,Otero,8089,3,228,235,230,223,97,56,67,76,84,158,132.4545455,
Colorado,Ouray,8091,0,0,0,0,0,0,0,0,0,0,0,0,
Colorado,Park,8093,0,0,0,0,0,0,0,0,0,0,0,0,
Colorado,Phillips,8095,55,346,298,25,202,12,99,1,330,170,84,147.4545455,
Colorado,Pitkin,8097,0,0,0,0,0,0,0,0,0,0,0,0,
Colorado,Prowers,8099,98,343,127,141,282,89,65,46,170,184,326,170.0909091,
Colorado,Pueblo,8101,36,50,48,38,37,45,11,1,13,35,78,35.63636364,
Colorado,Rio Blanco,8103,7,4,13,8,3,1,1,1,0,1,0,3.545454545,
Colorado,Rio Grande,8105,20,60,55,60,63,24,15,16,0,2,21,30.54545455,
Colorado,Routt,8107,4,18,38,30,18,1,7,3,0,5,5,11.72727273,
Colorado,Saguache,8109,8,21,51,38,17,19,17,18,0,20,27,21.45454545,
Colorado,San Juan,8111,0,0,0,0,0,0,0,0,0,0,0,0,
Colorado,San Miguel,8113,0,1,1,1,0,5,5,5,0,0,1,1.727272727,
Colorado,Sedgwick,8115,119,313,257,39,51,2,19,0,78,8,28,83.09090909,
Colorado,Summit,8117,0,0,0,0,0,0,0,0,0,0,0,0,
Colorado,Teller,8119,0,0,0,0,0,0,0,0,0,0,0,0,
Colorado,Washington,8121,8,253,237,240,349,93,115,107,302,1,526,202.8181818,
Colorado,Weld,8123,57,722,699,317,568,85,110,62,210,0,157,271.5454545,
Colorado,Yuma,8125,31,620,574,292,320,83,124,95,128,24,635,266,
Connecticut,Fairfield,9001,0,1,1,0,0,0,0,0,0,0,0,0.181818182,
Connecticut,Hartford,9003,0,0,9,0,10,0,6,0,0,0,0,2.272727273,
Connecticut,Litchfield,9005,2,7,8,2,9,0,0,0,0,0,0,2.545454545,
Connecticut,Middlesex,9007,1,12,10,0,0,0,0,0,0,0,0,2.090909091,
Connecticut,New Haven,9009,0,16,17,11,0,0,0,0,0,0,0,4,
Connecticut,New London,9011,4,21,23,0,0,0,0,0,1,1,1,4.636363636,
Connecticut,Tolland,9013,2,26,26,0,0,0,1,0,0,0,0,5,
Connecticut,Windham,9015,1,34,0,0,0,0,1,0,0,0,0,3.272727273,
Delaware,Kent,10001,2,310,310,110,333,30,2,0,0,0,1124,201.9090909,
Delaware,New Castle,10003,0,94,92,0,89,79,0,0,0,0,50,36.72727273,
Delaware,Sussex,10005,0,490,458,77,411,405,9,0,0,0,1921,342.8181818,
District Of Columbia,District of Columbia,11001,0,0,0,0,0,0,0,0,0,0,0,0,
Florida,Alachua,12001,45,53,51,48,14,2,4,0,0,0,16,21.18181818,
Florida,Baker,12003,0,2,7,2,2,0,0,0,0,0,0,1.181818182,
Florida,Bay,12005,0,0,0,0,0,0,0,0,0,0,0,0,
Florida,Bradford,12007,0,0,0,0,0,0,0,0,0,0,0,0,
Florida,Brevard,12009,0,0,0,0,0,0,0,0,0,0,0,0,
Florida,Broward,12011,0,0,0,0,0,0,0,0,0,0,0,0,
Florida,Calhoun,12013,33,35,31,31,6,25,12,9,7,8,139,30.54545455,
Florida,Charlotte,12015,0,0,0,0,0,0,0,0,0,0,0,0,
Florida,Citrus,12017,0,0,0,0,0,0,0,0,0,0,0,0,
Florida,Clay,12019,0,0,0,0,0,0,0,0,0,0,0,0,
Florida,Collier,12021,0,0,0,0,0,0,0,0,0,0,0,0,
Florida,Columbia,12023,63,94,91,45,15,0,0,50,0,0,37,35.90909091,
Florida,DeSoto,12027,0,0,0,0,0,0,0,0,0,0,0,0,
Florida,Dixie,12029,4,0,0,0,0,0,0,0,0,0,0,0.363636364,
Florida,Duval,12031,0,0,0,0,0,0,0,0,0,0,0,0,
Florida,Escambia,12033,52,55,40,42,35,25,34,3,3,44,124,41.54545455,
Florida,Flagler,12035,0,2,3,0,0,0,0,0,0,0,0,0.454545455,
Florida,Franklin,12037,0,0,0,0,0,0,0,0,0,0,0,0,
Florida,Gadsden,12039,13,13,13,12,2,7,1,1,0,0,3,5.909090909,
Florida,Gilchrist,12041,37,7,13,5,7,0,0,0,0,0,4,6.636363636,
Florida,Glades,12043,3,0,0,0,0,0,0,0,0,0,0,0.272727273,
Florida,Gulf,12045,0,0,0,0,0,0,0,0,0,0,0,0,
Florida,Hamilton,12047,36,46,50,27,7,4,4,6,8,8,10,18.72727273,
Florida,Hardee,12049,0,0,0,0,0,0,0,0,0,0,0,0,
Florida,Hendry,12051,0,0,0,0,0,0,0,0,0,0,0,0,
Florida,Hernando,12053,0,0,0,0,0,0,0,0,0,0,0,0,
Florida,Highlands,12055,0,0,0,0,0,0,0,0,0,0,0,0,
Florida,Hillsborough,12057,0,0,0,0,0,0,0,0,0,0,0,0,
Florida,Holmes,12059,100,57,61,74,54,62,2,0,0,63,153,56.90909091,
Florida,Indian River,12061,0,0,0,0,0,0,0,0,0,0,0,0,
Florida,Jackson,12063,256,158,202,119,182,64,45,38,33,100,543,158.1818182,
Florida,Jefferson,12065,24,43,37,28,11,26,14,0,0,1,27,19.18181818,
Florida,Lafayette,12067,11,18,16,16,4,4,0,0,0,0,10,7.181818182,
Florida,Lake,12069,0,0,0,0,0,0,0,0,0,0,0,0,
Florida,Lee,12071,0,0,0,0,0,0,0,0,0,0,0,0,
Florida,Leon,12073,3,4,2,1,0,1,1,0,0,0,3,1.363636364,
Florida,Levy,12075,50,5,4,4,4,0,0,0,0,0,1,6.181818182,
Florida,Liberty,12077,0,0,0,0,0,0,0,0,0,0,0,0,
Florida,Madison,12079,44,83,80,37,16,12,8,0,0,60,136,43.27272727,
Florida,Manatee,12081,0,0,0,0,0,0,0,0,0,0,0,0,
Florida,Marion,12083,19,1,0,1,0,0,0,0,0,0,0,1.909090909,
Florida,Martin,12085,0,0,0,0,0,0,0,0,0,0,0,0,
Florida,Miami-Dade,12086,0,0,0,0,0,0,0,0,0,0,0,0,
Florida,Monroe,12087,0,0,0,0,0,0,0,0,0,0,0,0,
Florida,Nassau,12089,0,4,4,0,0,0,0,0,0,0,0,0.727272727,
Florida,Okaloosa,12091,24,21,21,17,2,21,3,0,0,0,28,12.45454545,
Florida,Okeechobee,12093,0,0,0,0,0,0,0,0,0,0,0,0,
Florida,Orange,12095,0,0,0,0,0,0,0,0,0,0,0,0,
Florida,Osceola,12097,3,0,0,0,0,0,0,0,0,0,0,0.272727273,
Florida,Palm Beach,12099,2,0,0,0,0,0,0,0,0,0,0,0.181818182,
Florida,Pasco,12101,0,0,0,0,0,0,0,0,0,0,0,0,
Florida,Pinellas,12103,0,0,0,0,0,0,0,0,0,0,0,0,
Florida,Polk,12105,0,0,0,0,0,0,0,0,0,0,0,0,
Florida,Putnam,12107,0,13,9,2,2,0,0,0,0,0,0,2.363636364,
Florida,St. Johns,12109,0,0,0,0,0,0,0,0,0,0,0,0,
Florida,St. Lucie,12111,0,0,0,0,0,0,0,0,0,0,0,0,
Florida,Santa Rosa,12113,138,35,30,18,23,32,21,0,0,19,35,31.90909091,
Florida,Sarasota,12115,0,0,0,0,0,0,0,0,0,0,0,0,
Florida,Seminole,12117,0,0,0,0,0,0,0,0,0,0,0,0,
Florida,Sumter,12119,5,3,3,3,3,0,0,0,0,0,3,1.818181818,
Florida,Suwannee,12121,48,52,36,48,6,31,1,0,0,0,71,26.63636364,
Florida,Taylor,12123,0,2,2,0,0,0,0,0,0,0,0,0.363636364,
Florida,Union,12125,3,5,11,5,2,0,0,0,0,0,0,2.363636364,
Florida,Volusia,12127,0,0,0,0,0,0,0,0,0,0,0,0,
Florida,Wakulla,12129,3,1,1,1,1,0,0,0,0,0,0,0.636363636,
Florida,Walton,12131,59,59,86,42,10,40,2,0,0,20,69,35.18181818,
Florida,Washington,12133,54,60,52,24,42,39,6,1,0,4,135,37.90909091,
Georgia,Appling,13001,116,100,92,85,76,60,15,0,0,30,49,56.63636364,
Georgia,Atkinson,13003,79,66,55,21,55,45,0,2,58,59,197,57.90909091,
Georgia,Bacon,13005,83,119,120,63,103,94,46,1,0,9,154,72,
Georgia,Baker,13007,68,50,35,19,55,3,0,0,4,5,34,24.81818182,
Georgia,Baldwin,13009,1,1,2,3,1,1,0,0,0,1,0,0.909090909,
Georgia,Banks,13011,1,14,10,13,6,0,0,0,0,0,0,4,
Georgia,Barrow,13013,0,11,10,9,4,2,0,1,0,3,2,3.818181818,
Georgia,Bartow,13015,5,38,31,15,24,25,0,2,0,4,74,19.81818182,
Georgia,Ben Hill,13017,100,64,98,29,22,22,3,1,1,21,84,40.45454545,
Georgia,Berrien,13019,192,23,27,5,8,8,5,0,14,48,362,62.90909091,
Georgia,Bibb,13021,3,9,12,12,3,2,0,0,0,1,1,3.909090909,
Georgia,Bleckley,13023,94,215,189,211,47,42,89,4,0,21,108,92.72727273,
Georgia,Brantley,13025,13,20,8,3,24,30,0,0,0,0,87,16.81818182,
Georgia,Brooks,13027,198,141,111,106,51,3,1,0,0,0,20,57.36363636,
Georgia,Bryan,13029,4,2,2,2,0,3,0,0,0,1,0,1.272727273,
Georgia,Bulloch,13031,183,176,151,157,166,178,6,2,112,16,413,141.8181818,
Georgia,Burke,13033,125,191,195,186,133,33,34,0,0,6,164,97,
Georgia,Butts,13035,0,9,9,6,2,1,0,0,0,0,0,2.454545455,
Georgia,Calhoun,13037,126,152,142,108,107,4,0,0,43,78,308,97.09090909,
Georgia,Camden,13039,0,0,0,0,0,0,0,0,0,0,0,0,
Georgia,Candler,13043,90,93,58,46,50,16,1,1,48,7,111,47.36363636,
Georgia,Carroll,13045,0,0,0,0,0,0,0,0,0,0,0,0,
Georgia,Catoosa,13047,0,6,6,1,1,0,0,0,0,0,0,1.272727273,
Georgia,Charlton,13049,1,0,1,1,0,2,0,0,0,0,0,0.454545455,
Georgia,Chatham,13051,0,0,0,0,0,1,0,0,0,0,0,0.090909091,
Georgia,Chattahoochee,13053,0,0,0,0,0,0,0,0,0,0,0,0,
Georgia,Chattooga,13055,5,15,30,19,20,1,0,1,0,5,54,13.63636364,
Georgia,Cherokee,13057,0,0,0,0,0,0,0,0,0,0,0,0,
Georgia,Clarke,13059,2,13,12,15,8,4,0,0,0,2,3,5.363636364,
Georgia,Clay,13061,54,71,52,60,54,0,0,0,0,2,14,27.90909091,
Georgia,Clayton,13063,0,0,0,0,0,0,0,0,0,0,0,0,
Georgia,Clinch,13065,8,3,2,2,0,2,0,0,0,2,0,1.727272727,
Georgia,Cobb,13067,0,0,0,0,0,0,0,0,0,0,0,0,
Georgia,Coffee,13069,250,225,194,160,52,195,1,12,13,54,539,154.0909091,
Georgia,Colquitt,13071,272,183,191,94,197,0,0,0,14,6,580,139.7272727,
Georgia,Columbia,13073,0,0,0,0,0,0,0,0,0,0,0,0,
Georgia,Cook,13075,109,76,71,65,15,10,0,0,34,17,412,73.54545455,
Georgia,Coweta,13077,0,0,0,0,0,0,0,0,0,0,0,0,
Georgia,Crawford,13079,6,28,30,29,11,3,0,0,0,0,3,10,
Georgia,Crisp,13081,131,75,115,24,28,0,0,0,0,0,0,33.90909091,
Georgia,Dade,13083,0,3,3,2,0,1,0,0,0,0,2,1,
Georgia,Dawson,13085,0,0,0,0,0,0,0,0,0,0,0,0,
Georgia,Decatur,13087,229,235,223,104,152,10,2,0,8,12,137,101.0909091,
Georgia,DeKalb,13089,0,0,0,0,0,0,0,0,0,0,0,0,
Georgia,Dodge,13091,142,272,228,92,62,195,167,0,5,3,178,122.1818182,
Georgia,Dooly,13093,223,132,125,104,109,5,0,0,5,6,49,68.90909091,
Georgia,Dougherty,13095,17,20,17,16,18,0,0,0,0,10,10,9.818181818,
Georgia,Douglas,13097,0,0,0,0,0,0,0,0,0,0,0,0,
Georgia,Early,13099,243,211,198,207,172,107,18,0,0,72,297,138.6363636,
Georgia,Echols,13101,1,7,8,10,3,4,0,0,0,5,14,4.727272727,
Georgia,Effingham,13103,20,40,25,28,26,49,37,0,0,4,159,35.27272727,
Georgia,Elbert,13105,3,1,1,1,0,0,0,0,0,0,0,0.545454545,
Georgia,Emanuel,13107,112,145,124,63,82,61,2,1,28,8,133,69,
Georgia,Evans,13109,25,30,27,21,6,38,3,0,0,9,80,21.72727273,
Georgia,Fannin,13111,0,4,8,4,0,0,0,0,0,0,0,1.454545455,
Georgia,Fayette,13113,0,1,2,1,0,0,0,0,0,0,0,0.363636364,
Georgia,Floyd,13115,1,19,19,10,7,3,0,0,0,3,43,9.545454545,
Georgia,Forsyth,13117,0,0,0,0,0,0,0,0,0,0,0,0,
Georgia,Franklin,13119,1,13,13,19,8,22,0,1,0,7,8,8.363636364,
Georgia,Fulton,13121,0,0,0,0,0,0,0,0,0,0,0,0,
Georgia,Gilmer,13123,0,9,20,8,3,0,0,0,0,0,0,3.636363636,
Georgia,Glascock,13125,5,13,9,8,0,0,0,0,0,0,12,4.272727273,
Georgia,Glynn,13127,0,0,0,0,0,0,0,0,0,0,0,0,
Georgia,Gordon,13129,3,20,31,18,3,22,1,2,0,17,125,22,
Georgia,Grady,13131,164,131,154,90,125,1,0,0,0,42,414,101.9090909,
Georgia,Greene,13133,0,7,7,8,4,2,0,0,0,4,5,3.363636364,
Georgia,Gwinnett,13135,0,2,2,0,0,0,0,0,0,0,0,0.363636364,
Georgia,Habersham,13137,0,0,0,0,0,0,0,0,0,0,0,0,
Georgia,Hall,13139,0,2,0,1,0,0,0,0,0,0,26,2.636363636,
Georgia,Hancock,13141,2,8,8,5,0,1,0,0,0,0,0,2.181818182,
Georgia,Haralson,13143,0,1,1,1,0,1,0,0,0,0,0,0.363636364,
Georgia,Harris,13145,0,0,0,0,0,0,0,0,0,0,0,0,
Georgia,Hart,13147,1,26,27,31,23,74,0,4,0,19,9,19.45454545,
Georgia,Heard,13149,0,0,0,0,0,0,0,0,0,0,0,0,
Georgia,Henry,13151,0,4,4,4,2,3,0,0,0,0,1,1.636363636,
Georgia,Houston,13153,46,59,50,56,28,15,0,0,2,3,16,25,
Georgia,Irwin,13155,233,90,102,110,62,73,7,0,50,16,215,87.09090909,
Georgia,Jackson,13157,2,23,20,12,4,0,0,0,0,1,0,5.636363636,
Georgia,Jasper,13159,0,0,0,0,0,0,0,0,0,0,1,0.090909091,
Georgia,Jeff Davis,13161,86,82,69,57,6,21,0,0,0,4,152,43.36363636,
Georgia,Jefferson,13163,97,166,130,122,117,65,56,0,56,37,356,109.2727273,
Georgia,Jenkins,13165,119,105,114,100,69,83,47,0,4,13,89,67.54545455,
Georgia,Johnson,13167,99,175,153,158,48,80,6,17,6,30,53,75,
Georgia,Jones,13169,1,0,1,1,0,1,0,0,0,1,1,0.545454545,
Georgia,Lamar,13171,3,27,26,23,13,9,0,0,0,1,2,9.454545455,
Georgia,Lanier,13173,34,18,14,10,0,19,2,0,2,7,57,14.81818182,
Georgia,Laurens,13175,168,122,136,125,98,25,18,5,18,10,43,69.81818182,
Georgia,Lee,13177,102,111,115,85,126,41,38,0,0,3,16,57.90909091,
Georgia,Liberty,13179,0,4,5,2,0,3,0,0,0,0,0,1.272727273,
Georgia,Lincoln,13181,1,1,4,4,4,1,0,2,0,4,3,2.181818182,
Georgia,Long,13183,2,4,11,6,0,6,0,0,0,0,0,2.636363636,
Georgia,Lowndes,13185,88,58,41,41,19,83,0,0,0,51,183,51.27272727,
Georgia,Lumpkin,13187,0,0,0,0,0,0,0,0,0,0,0,0,
Georgia,McDuffie,13189,0,3,1,0,0,0,0,0,0,1,2,0.636363636,
Georgia,McIntosh,13191,0,0,0,0,0,0,0,0,0,0,0,0,
Georgia,Macon,13193,126,141,144,139,90,1,5,0,0,7,9,60.18181818,
Georgia,Madison,13195,3,38,37,50,16,0,0,0,0,0,0,13.09090909,
Georgia,Marion,13197,43,82,43,89,58,0,1,0,0,0,1,28.81818182,
Georgia,Meriwether,13199,0,0,0,0,0,0,0,0,0,0,0,0,
Georgia,Miller,13201,143,123,100,69,118,4,6,0,0,1,35,54.45454545,
Georgia,Mitchell,13205,201,163,139,142,211,107,3,1,34,8,205,110.3636364,
Georgia,Monroe,13207,0,19,21,18,11,6,0,0,0,0,0,6.818181818,
Georgia,Montgomery,13209,55,121,89,82,0,67,2,0,0,8,45,42.63636364,
Georgia,Morgan,13211,0,52,39,41,16,5,0,1,13,14,10,17.36363636,
Georgia,Murray,13213,1,5,6,6,3,7,2,0,0,15,27,6.545454545,
Georgia,Muscogee,13215,0,0,0,0,0,0,0,0,0,0,0,0,
Georgia,Newton,13217,4,11,10,5,4,7,0,2,1,4,4,4.727272727,
Georgia,Oconee,13219,1,50,48,50,31,20,0,8,0,12,17,21.54545455,
Georgia,Oglethorpe,13221,0,1,1,1,0,0,0,0,0,0,0,0.272727273,
Georgia,Paulding,13223,0,0,0,0,0,0,0,0,0,0,0,0,
Georgia,Peach,13225,17,40,39,36,29,10,0,0,0,3,21,17.72727273,
Georgia,Pickens,13227,0,0,0,0,0,0,0,0,0,0,0,0,
Georgia,Pierce,13229,154,83,151,80,64,158,62,0,5,24,380,105.5454545,
Georgia,Pike,13231,5,48,47,42,19,1,0,0,0,1,1,14.90909091,
Georgia,Polk,13233,1,9,8,8,3,0,0,0,0,0,12,3.727272727,
Georgia,Pulaski,13235,44,65,55,54,37,17,19,0,0,2,8,27.36363636,
Georgia,Putnam,13237,1,0,2,2,0,2,0,0,0,3,3,1.181818182,
Georgia,Quitman,13239,13,33,20,15,11,0,0,0,0,1,10,9.363636364,
Georgia,Rabun,13241,0,0,0,0,0,0,0,0,0,0,0,0,
Georgia,Randolph,13243,118,166,136,142,72,1,0,0,10,21,94,69.09090909,
Georgia,Richmond,13245,5,8,4,4,1,2,0,0,0,2,5,2.818181818,
Georgia,Rockdale,13247,0,1,1,0,0,0,0,0,0,0,0,0.181818182,
Georgia,Schley,13249,39,56,53,47,46,4,0,0,0,3,6,23.09090909,
Georgia,Screven,13251,76,90,83,66,12,91,18,0,0,13,115,51.27272727,
Georgia,Seminole,13253,129,112,93,86,95,7,2,2,0,4,18,49.81818182,
Georgia,Spalding,13255,0,5,5,5,2,0,0,0,0,0,0,1.545454545,
Georgia,Stephens,13257,0,0,0,0,0,0,0,0,0,0,0,0,
Georgia,Stewart,13259,35,36,40,34,15,2,11,1,0,4,4,16.54545455,
Georgia,Sumter,13261,163,182,195,183,176,14,21,2,3,1,89,93.54545455,
Georgia,Talbot,13263,3,3,2,4,2,0,0,0,0,0,0,1.272727273,
Georgia,Taliaferro,13265,0,0,2,2,1,2,0,0,0,2,1,0.909090909,
Georgia,Tattnall,13267,106,115,95,91,92,131,73,0,7,10,399,101.7272727,
Georgia,Taylor,13269,9,37,35,18,16,9,6,0,0,1,4,12.27272727,
Georgia,Telfair,13271,127,189,203,182,93,25,2,0,0,13,39,79.36363636,
Georgia,Terrell,13273,130,152,149,155,118,69,60,0,4,32,76,85.90909091,
Georgia,Thomas,13275,132,144,133,133,40,1,0,0,10,4,193,71.81818182,
Georgia,Tift,13277,163,114,86,54,68,92,0,0,60,41,332,91.81818182,
Georgia,Toombs,13279,75,178,260,142,79,31,0,0,16,14,77,79.27272727,
Georgia,Towns,13281,0,0,4,0,0,0,0,0,0,0,0,0.363636364,
Georgia,Treutlen,13283,20,97,84,43,35,18,16,22,0,2,3,30.90909091,
Georgia,Troup,13285,0,0,0,0,0,0,0,0,0,0,0,0,
Georgia,Turner,13287,176,91,85,92,84,0,1,0,0,0,8,48.81818182,
Georgia,Twiggs,13289,32,53,50,44,26,13,0,0,1,9,16,22.18181818,
Georgia,Union,13291,0,12,12,1,0,0,0,0,0,0,0,2.272727273,
Georgia,Upson,13293,0,8,11,5,5,1,0,0,0,0,0,2.727272727,
Georgia,Walker,13295,0,30,26,24,18,4,0,0,0,1,40,13,
Georgia,Walton,13297,1,43,78,28,24,28,6,12,0,19,27,24.18181818,
Georgia,Ware,13299,19,15,10,9,18,22,0,0,0,0,37,11.81818182,
Georgia,Warren,13301,6,11,8,11,8,4,4,7,0,7,5,6.454545455,
Georgia,Washington,13303,88,187,203,205,178,91,0,0,0,19,99,97.27272727,
Georgia,Wayne,13305,56,47,73,78,4,74,0,0,55,2,160,49.90909091,
Georgia,Webster,13307,66,56,62,32,36,9,0,0,9,1,14,25.90909091,
Georgia,Wheeler,13309,36,147,151,145,88,55,29,3,1,35,72,69.27272727,
Georgia,White,13311,0,0,0,0,0,0,0,0,0,0,33,3,
Georgia,Whitfield,13313,0,4,4,2,3,4,0,0,0,1,2,1.818181818,
Georgia,Wilcox,13315,142,88,91,87,27,18,0,0,0,15,148,56,
Georgia,Wilkes,13317,0,15,21,16,6,19,0,0,0,12,23,10.18181818,
Georgia,Wilkinson,13319,8,4,6,3,1,1,0,0,0,1,0,2.181818182,
Georgia,Worth,13321,235,165,125,74,192,0,12,7,3,10,90,83,
Hawaii,Hawaii,15001,0,0,0,0,0,0,0,0,0,0,0,0,
Hawaii,Honolulu,15003,0,0,0,0,0,0,0,0,0,0,0,0,
Hawaii,Kalawao,15005,0,0,0,0,0,0,0,0,0,0,0,0,
Hawaii,Kauai,15007,0,0,0,0,0,0,0,0,0,0,0,0,
Hawaii,Maui,15009,0,0,0,0,0,0,0,0,0,0,0,0,
Idaho,Ada,16001,1,12,12,11,1,9,0,0,0,2,6,4.909090909,
Idaho,Adams,16003,0,0,0,0,0,0,0,0,0,0,0,0,
Idaho,Bannock,16005,6,11,12,13,19,0,1,1,0,1,0,5.818181818,
Idaho,Bear Lake,16007,0,6,27,29,15,0,1,0,0,2,0,7.272727273,
Idaho,Benewah,16009,54,253,247,252,187,18,4,19,36,18,316,127.6363636,
Idaho,Bingham,16011,1,24,26,37,0,1,7,0,8,7,9,10.90909091,
Idaho,Blaine,16013,0,7,11,10,0,0,1,3,0,0,2,3.090909091,
Idaho,Boise,16015,0,0,0,0,0,0,0,0,0,0,0,0,
Idaho,Bonner,16017,0,2,2,2,1,0,0,0,0,0,0,0.636363636,
Idaho,Bonneville,16019,4,25,39,39,4,16,0,29,31,4,73,24,
Idaho,Boundary,16021,32,70,71,74,53,0,0,0,0,0,0,27.27272727,
Idaho,Butte,16023,0,8,9,7,0,0,0,1,0,0,0,2.272727273,
Idaho,Camas,16025,1,0,3,3,3,0,4,2,1,0,12,2.636363636,
Idaho,Canyon,16027,3,24,26,8,3,0,0,0,0,0,1,5.909090909,
Idaho,Caribou,16029,0,4,8,20,5,0,0,5,0,48,11,9.181818182,
Idaho,Cassia,16031,1,29,29,29,17,1,0,1,1,2,21,11.90909091,
Idaho,Clark,16033,0,11,10,10,5,4,0,2,0,0,5,4.272727273,
Idaho,Clearwater,16035,2,33,35,30,9,0,0,0,6,20,9,13.09090909,
Idaho,Custer,16037,0,0,0,0,0,0,0,0,0,0,0,0,
Idaho,Elmore,16039,10,30,28,18,15,13,2,0,4,2,9,11.90909091,
Idaho,Franklin,16041,8,56,97,102,60,67,5,11,0,67,97,51.81818182,
Idaho,Fremont,16043,9,4,7,8,3,0,0,0,0,0,0,2.818181818,
Idaho,Gem,16045,14,77,72,75,1,2,1,1,0,1,149,35.72727273,
Idaho,Gooding,16047,2,16,15,7,4,0,1,0,0,0,0,4.090909091,
Idaho,Idaho,16049,179,449,427,425,19,0,0,17,42,0,579,194.2727273,
Idaho,Jefferson,16051,19,61,61,67,2,25,0,0,0,0,39,24.90909091,
Idaho,Jerome,16053,4,119,121,26,0,29,0,0,0,0,0,27.18181818,
Idaho,Kootenai,16055,95,138,131,124,84,15,8,23,36,39,181,79.45454545,
Idaho,Latah,16057,98,436,371,383,235,6,0,8,144,18,639,212.5454545,
Idaho,Lemhi,16059,1,14,13,13,0,0,0,1,0,0,0,3.818181818,
Idaho,Lewis,16061,172,282,260,264,75,0,0,4,133,19,587,163.2727273,
Idaho,Lincoln,16063,2,44,54,28,0,15,0,5,0,0,1,13.54545455,
Idaho,Madison,16065,0,14,17,6,13,2,0,0,0,0,5,5.181818182,
Idaho,Minidoka,16067,42,122,108,93,82,0,0,0,0,0,0,40.63636364,
Idaho,Nez Perce,16069,124,283,242,269,182,21,3,17,94,20,658,173.9090909,
Idaho,Oneida,16071,3,33,6,38,21,2,1,0,4,4,8,10.90909091,
Idaho,Owyhee,16073,3,9,13,3,0,0,0,0,0,0,1,2.636363636,
Idaho,Payette,16075,7,26,24,6,6,4,0,5,0,0,17,8.636363636,
Idaho,Power,16077,2,5,5,5,3,0,0,0,0,0,0,1.818181818,
Idaho,Shoshone,16079,0,0,0,0,0,0,0,0,0,0,0,0,
Idaho,Teton,16081,0,2,21,9,0,0,0,0,0,0,10,3.818181818,
Idaho,Twin Falls,16083,43,369,363,354,0,17,0,0,3,0,0,104.4545455,
Idaho,Valley,16085,0,3,3,3,1,2,0,1,0,0,3,1.454545455,
Idaho,Washington,16087,2,27,24,10,4,1,0,0,0,0,13,7.363636364,
Illinois,Adams,17001,5,1337,625,9,23,72,21,0,0,0,4,190.5454545,
Illinois,Alexander,17003,5,186,208,182,115,146,0,0,0,0,95,85.18181818,
Illinois,Bond,17005,0,491,480,11,5,409,40,0,0,0,918,214,
Illinois,Boone,17007,49,289,272,271,0,199,48,0,0,0,432,141.8181818,
Illinois,Brown,17009,0,401,391,1,200,38,40,0,0,0,10,98.27272727,
Illinois,Bureau,17011,83,1362,1359,50,4,908,3,0,0,0,4,343,
Illinois,Calhoun,17013,9,375,345,352,177,221,0,0,0,0,159,148.9090909,
Illinois,Carroll,17015,9,450,440,2,93,41,22,0,0,0,16,97.54545455,
Illinois,Cass,17017,44,573,560,177,0,49,32,0,0,0,8,131.1818182,
Illinois,Champaign,17019,1,2460,2346,396,0,2047,3,0,0,0,0,659.3636364,
Illinois,Christian,17021,0,1645,1619,6,0,1408,115,0,0,0,43,439.6363636,
Illinois,Clark,17023,0,1270,1234,0,100,918,148,0,0,0,163,348.4545455,
Illinois,Clay,17025,4,1017,984,960,1,861,32,0,0,0,2586,585.9090909,
Illinois,Clinton,17027,1,875,852,836,155,99,5,0,0,0,1979,436.5454545,
Illinois,Coles,17029,1,1097,1084,291,13,926,17,0,0,0,13,312.9090909,
Illinois,Cook,17031,2,39,18,32,0,20,1,0,0,0,2,10.36363636,
Illinois,Crawford,17033,5,968,951,1,47,793,134,0,0,0,2508,491.5454545,
Illinois,Cumberland,17035,0,991,955,846,8,870,160,0,0,0,61,353.7272727,
Illinois,DeKalb,17037,72,874,857,777,1,625,51,0,0,0,117,306.7272727,
Illinois,De Witt,17039,1,941,921,904,0,848,37,0,0,0,52,336.7272727,
Illinois,Douglas,17041,5,1010,998,0,131,858,1,0,0,0,5,273.4545455,
Illinois,DuPage,17043,1,19,16,4,0,5,1,0,0,0,0,4.181818182,
Illinois,Edgar,17045,6,1328,1324,395,376,243,27,0,0,0,381,370.9090909,
Illinois,Edwards,17047,15,417,421,29,398,361,2,0,0,0,101,158.5454545,
Illinois,Effingham,17049,0,1298,1314,3,149,1238,58,0,0,0,3684,704,
Illinois,Fayette,17051,0,1470,1419,16,231,1189,25,0,0,0,3309,696.2727273,
Illinois,Ford,17053,30,1186,151,143,1,910,4,0,0,0,0,220.4545455,
Illinois,Franklin,17055,36,511,493,158,289,510,57,0,0,0,1696,340.9090909,
Illinois,Fulton,17057,33,939,912,346,19,773,125,0,0,0,55,291.0909091,
Illinois,Gallatin,17059,8,455,455,177,203,402,1,0,0,4,985,244.5454545,
Illinois,Greene,17061,83,783,776,346,0,5,0,0,0,0,15,182.5454545,
Illinois,Grundy,17063,75,918,130,127,1,798,37,0,0,0,8,190.3636364,
Illinois,Hamilton,17065,14,698,705,16,258,600,79,0,0,0,372,249.2727273,
Illinois,Hancock,17067,92,1333,533,8,6,317,31,0,0,0,7,211.5454545,
Illinois,Hardin,17069,1,62,58,51,25,3,0,0,0,20,78,27.09090909,
Illinois,Henderson,17071,25,564,540,0,8,61,8,0,0,0,18,111.2727273,
Illinois,Henry,17073,56,1185,1159,1,4,878,38,0,0,0,425,340.5454545,
Illinois,Iroquois,17075,120,2434,523,106,5,2029,129,0,0,0,0,486,
Illinois,Jackson,17077,38,502,504,189,172,393,6,0,0,0,1238,276.5454545,
Illinois,Jasper,17079,0,1409,1402,4,78,1221,125,0,0,0,3505,704,
Illinois,Jefferson,17081,4,986,968,968,498,892,0,0,0,0,2336,604.7272727,
Illinois,Jersey,17083,89,500,478,501,1,47,0,0,0,0,862,225.2727273,
Illinois,Jo Daviess,17085,39,546,542,472,85,415,319,0,0,0,892,300.9090909,
Illinois,Johnson,17087,38,208,216,98,170,183,0,0,0,0,357,115.4545455,
Illinois,Kane,17089,24,380,375,373,0,292,17,0,0,0,6,133.3636364,
Illinois,Kankakee,17091,59,1316,370,59,0,974,87,0,0,0,25,262.7272727,
Illinois,Kendall,17093,62,489,490,20,116,344,10,0,0,0,6,139.7272727,
Illinois,Knox,17095,85,928,922,3,16,812,120,0,0,0,18,264,
Illinois,Lake,17097,11,40,39,38,37,37,9,0,0,0,104,28.63636364,
Illinois,LaSalle,17099,105,2361,2360,81,0,1889,147,0,0,0,0,631.1818182,
Illinois,Lawrence,17101,60,735,712,370,370,609,87,0,0,0,1426,397.1818182,
Illinois,Lee,17103,25,990,992,262,0,605,80,0,0,0,0,268.5454545,
Illinois,Livingston,17105,78,2700,355,308,5,2197,31,0,0,0,2,516,
Illinois,Logan,17107,12,1370,1342,247,5,153,4,0,0,0,11,285.8181818,
Illinois,McDonough,17109,40,1036,1019,0,0,272,68,0,0,0,0,221.3636364,
Illinois,McHenry,17111,133,411,395,390,8,265,41,0,0,0,859,227.4545455,
Illinois,McLean,17113,26,2608,2551,48,5,2153,61,0,0,0,4,677.8181818,
Illinois,Macon,17115,4,1250,1207,112,0,1027,5,0,0,0,0,327.7272727,
Illinois,Macoupin,17117,2,1289,546,520,0,135,0,0,0,0,2889,489.1818182,
Illinois,Madison,17119,5,1289,1264,713,5,269,3,0,0,0,2995,594.8181818,
Illinois,Marion,17121,0,1072,1053,1019,285,918,128,0,0,0,2782,659.7272727,
Illinois,Marshall,17123,144,843,849,53,2,721,26,0,0,0,3,240.0909091,
Illinois,Mason,17125,23,816,789,76,0,659,6,0,0,0,89,223.4545455,
Illinois,Massac,17127,60,323,330,131,208,309,89,0,0,0,504,177.6363636,
Illinois,Menard,17129,3,634,628,207,0,116,35,0,0,0,5,148,
Illinois,Mercer,17131,102,689,676,62,4,536,18,0,0,0,9,190.5454545,
Illinois,Monroe,17133,28,850,831,835,154,106,0,0,0,0,2113,447,
Illinois,Montgomery,17135,0,1271,1260,506,0,103,13,0,0,0,3033,562.3636364,
Illinois,Morgan,17137,5,1148,1135,0,0,121,70,0,0,0,28,227.9090909,
Illinois,Moultrie,17139,0,820,794,122,108,693,13,0,0,0,2,232,
Illinois,Ogle,17141,75,837,831,685,1,573,77,0,0,0,64,285.7272727,
Illinois,Peoria,17143,53,1051,1038,59,1,839,113,0,0,0,12,287.8181818,
Illinois,Perry,17145,57,675,696,676,209,651,1,0,0,0,229,290.3636364,
Illinois,Piatt,17147,7,275,926,20,1,839,10,0,0,0,4,189.2727273,
Illinois,Pike,17149,10,876,880,446,0,169,1,0,0,0,14,217.8181818,
Illinois,Pope,17151,8,95,145,64,91,136,0,0,0,1,194,66.72727273,
Illinois,Pulaski,17153,2,221,201,177,76,178,0,0,0,0,325,107.2727273,
Illinois,Putnam,17155,16,313,316,293,80,243,0,0,0,0,1,114.7272727,
Illinois,Randolph,17157,14,816,754,737,108,102,69,0,0,0,2330,448.1818182,
Illinois,Richland,17159,62,1084,1093,1,653,944,7,0,0,0,2933,616.0909091,
Illinois,Rock Island,17161,14,407,405,59,2,300,0,0,0,0,1,108,
Illinois,St. Clair,17163,23,1066,1008,144,147,239,2,0,0,0,2563,472,
Illinois,Saline,17165,0,445,430,180,177,398,1,0,0,3,177,164.6363636,
Illinois,Sangamon,17167,0,1522,1502,210,0,1170,0,0,0,0,191,417.7272727,
Illinois,Schuyler,17169,19,676,664,339,0,465,67,0,0,0,0,202.7272727,
Illinois,Scott,17171,5,397,187,1,6,5,0,0,0,0,15,56,
Illinois,Shelby,17173,0,1890,1869,879,33,1729,208,0,0,0,79,607.9090909,
Illinois,Stark,17175,101,598,588,14,8,499,7,0,0,0,25,167.2727273,
Illinois,Stephenson,17177,13,706,714,13,199,462,126,0,0,0,116,213.5454545,
Illinois,Tazewell,17179,7,1358,413,99,36,128,17,0,0,0,31,189.9090909,
Illinois,Union,17181,2,264,253,13,88,164,0,0,0,0,403,107.9090909,
Illinois,Vermilion,17183,61,1726,339,337,4,1247,95,0,0,0,4,346.6363636,
Illinois,Wabash,17185,36,457,428,1,238,352,1,0,0,0,40,141.1818182,
Illinois,Warren,17187,151,990,961,0,1,756,12,0,0,0,90,269.1818182,
Illinois,Washington,17189,3,1170,1117,1087,195,950,0,0,0,0,242,433.0909091,
Illinois,Wayne,17191,17,1075,1055,299,429,898,108,0,0,0,2268,559,
Illinois,White,17193,39,995,932,287,317,764,111,0,0,0,211,332.3636364,
Illinois,Whiteside,17195,46,842,850,665,159,439,29,0,0,0,10,276.3636364,
Illinois,Will,17197,67,870,344,333,7,599,96,0,0,0,2594,446.3636364,
Illinois,Williamson,17199,9,222,202,107,99,185,0,0,0,0,673,136.0909091,
Illinois,Winnebago,17201,23,333,347,345,133,232,36,0,0,0,830,207.1818182,
Illinois,Woodford,17203,37,1247,1242,1149,0,1000,35,0,0,0,0,428.1818182,
Indiana,Adams,18001,126,650,618,604,0,578,149,0,0,0,224,268.0909091,
Indiana,Allen,18003,148,1071,1028,1025,1,265,256,0,0,0,2654,586.1818182,
Indiana,Bartholomew,18005,0,616,586,566,315,532,197,0,0,0,1,255.7272727,
Indiana,Benton,18007,72,767,760,179,2,674,9,2,0,0,27,226.5454545,
Indiana,Blackford,18009,4,181,205,105,0,172,0,0,0,0,13,61.81818182,
Indiana,Boone,18011,110,587,556,555,0,333,15,0,0,0,1578,339.4545455,
Indiana,Brown,18013,0,17,31,2,12,6,0,0,0,0,16,7.636363636,
Indiana,Carroll,18015,87,495,492,488,9,447,67,0,0,0,10,190.4545455,
Indiana,Cass,18017,68,588,577,544,0,447,135,0,0,0,14,215.7272727,
Indiana,Clark,18019,5,331,324,188,157,257,18,0,0,0,939,201.7272727,
Indiana,Clay,18021,18,991,990,447,19,781,81,0,0,0,1222,413.5454545,
Indiana,Clinton,18023,76,648,625,576,219,280,22,0,0,0,47,226.6363636,
Indiana,Crawford,18025,4,61,54,26,27,31,17,2,0,0,196,38,
Indiana,Daviess,18027,16,471,465,217,209,267,31,0,0,0,8,153.0909091,
Indiana,Dearborn,18029,0,176,166,82,75,162,57,0,0,1,459,107.0909091,
Indiana,Decatur,18031,0,461,446,305,0,441,73,0,0,0,0,156.9090909,
Indiana,DeKalb,18033,15,518,495,375,370,42,62,0,0,0,1173,277.2727273,
Indiana,Delaware,18035,75,520,504,495,223,430,75,0,0,0,51,215.7272727,
Indiana,Dubois,18037,48,534,526,45,324,380,5,0,0,0,50,173.8181818,
Indiana,Elkhart,18039,58,336,320,153,152,246,20,0,0,0,751,185.0909091,
Indiana,Fayette,18041,24,275,267,266,181,228,0,0,0,0,0,112.8181818,
Indiana,Floyd,18043,2,59,62,29,28,43,9,0,0,0,156,35.27272727,
Indiana,Fountain,18045,30,651,639,303,303,485,47,5,0,0,34,227,
Indiana,Franklin,18047,31,526,535,526,0,469,143,0,0,0,21,204.6363636,
Indiana,Fulton,18049,31,499,493,236,4,369,8,0,0,0,31,151.9090909,
Indiana,Gibson,18051,166,902,874,513,46,485,41,0,0,0,94,283.7272727,
Indiana,Grant,18053,156,576,548,563,0,501,1,0,0,0,1697,367.4545455,
Indiana,Greene,18055,8,519,516,203,196,336,6,0,0,1,8,163,
Indiana,Hamilton,18057,3,367,338,341,128,227,36,0,0,0,688,193.4545455,
Indiana,Hancock,18059,95,548,520,525,0,482,62,2,0,0,5,203.5454545,
Indiana,Harrison,18061,5,234,387,374,228,371,162,16,0,0,1284,278.2727273,
Indiana,Hendricks,18063,13,227,229,225,0,206,35,0,0,0,570,136.8181818,
Indiana,Henry,18065,13,505,495,481,238,474,197,0,0,0,9,219.2727273,
Indiana,Howard,18067,59,549,561,551,0,411,55,0,0,0,1122,300.7272727,
Indiana,Huntington,18069,41,525,325,512,0,391,103,0,0,0,1838,339.5454545,
Indiana,Jackson,18071,1,662,648,354,347,633,60,0,0,0,0,245.9090909,
Indiana,Jasper,18073,51,783,772,0,0,578,28,0,0,1,25,203.4545455,
Indiana,Jay,18075,71,672,692,682,0,624,192,0,0,0,2015,449.8181818,
Indiana,Jefferson,18077,0,338,324,163,165,278,87,0,0,0,5,123.6363636,
Indiana,Jennings,18079,0,366,330,138,138,337,63,0,0,1,0,124.8181818,
Indiana,Johnson,18081,2,434,423,224,231,315,23,0,0,0,0,150.1818182,
Indiana,Knox,18083,57,633,611,378,45,385,10,0,0,0,86,200.4545455,
Indiana,Kosciusko,18085,58,524,511,473,0,94,44,0,0,0,1541,295,
Indiana,LaGrange,18087,5,192,190,27,0,146,1,0,0,0,578,103.5454545,
Indiana,Lake,18089,37,264,261,10,0,151,11,0,0,0,694,129.8181818,
Indiana,LaPorte,18091,22,709,700,636,14,421,7,0,0,0,1385,354,
Indiana,Lawrence,18093,0,360,344,43,171,236,2,0,0,0,11,106.0909091,
Indiana,Madison,18095,117,669,654,647,261,533,7,0,0,0,89,270.6363636,
Indiana,Marion,18097,3,78,75,76,26,48,3,3,0,0,2,28.54545455,
Indiana,Marshall,18099,88,492,486,245,6,264,15,0,0,0,1608,291.2727273,
Indiana,Martin,18101,20,104,87,8,5,50,0,0,0,0,160,39.45454545,
Indiana,Miami,18103,40,530,519,501,0,417,6,0,0,0,33,186,
Indiana,Monroe,18105,0,130,126,120,86,66,0,0,0,14,35,52.45454545,
Indiana,Montgomery,18107,7,623,598,255,246,400,27,62,0,0,404,238.3636364,
Indiana,Morgan,18109,4,358,348,329,1,92,2,0,0,0,13,104.2727273,
Indiana,Newton,18111,15,719,160,0,0,555,10,0,0,0,244,154.8181818,
Indiana,Noble,18113,27,445,432,258,1,97,1,0,0,0,1114,215.9090909,
Indiana,Ohio,18115,0,31,42,34,32,34,12,0,0,0,98,25.72727273,
Indiana,Orange,18117,4,209,196,115,3,140,2,0,0,0,542,110.0909091,
Indiana,Owen,18119,0,286,284,269,136,162,32,0,0,1,5,106.8181818,
Indiana,Parke,18121,28,457,441,256,0,345,79,1,0,0,460,187.9090909,
Indiana,Perry,18123,20,185,182,113,166,152,4,0,0,0,0,74.72727273,
Indiana,Pike,18125,27,359,356,6,33,208,0,0,0,0,35,93.09090909,
Indiana,Porter,18127,41,420,406,374,0,283,17,0,0,0,1105,240.5454545,
Indiana,Posey,18129,29,992,987,671,0,181,30,0,0,0,176,278.7272727,
Indiana,Pulaski,18131,64,517,541,25,188,428,31,0,0,1,71,169.6363636,
Indiana,Putnam,18133,12,485,473,443,230,131,89,0,0,0,1149,273.8181818,
Indiana,Randolph,18135,20,653,636,634,318,598,3,0,0,0,1434,390.5454545,
Indiana,Ripley,18137,4,618,600,290,1,597,77,0,0,0,15,200.1818182,
Indiana,Rush,18139,13,567,545,553,328,512,182,2,0,0,1,245.7272727,
Indiana,St. Joseph,18141,37,271,280,264,1,151,18,0,0,0,943,178.6363636,
Indiana,Scott,18143,0,173,179,91,99,169,11,0,0,0,3,65.90909091,
Indiana,Shelby,18145,2,588,550,309,299,514,108,0,0,0,0,215.4545455,
Indiana,Spencer,18147,135,750,737,380,366,591,113,0,0,0,1495,415.1818182,
Indiana,Starke,18149,87,529,511,16,4,172,1,0,0,0,496,165.0909091,
Indiana,Steuben,18151,30,336,324,59,207,57,53,0,0,0,688,159.4545455,
Indiana,Sullivan,18153,0,687,646,31,27,254,38,0,0,0,1198,261.9090909,
Indiana,Switzerland,18155,2,110,112,94,91,116,44,0,0,0,319,80.72727273,
Indiana,Tippecanoe,18157,153,702,663,290,2,547,78,5,0,0,8,222.5454545,
Indiana,Tipton,18159,160,613,567,575,0,446,3,0,0,0,1402,342.3636364,
Indiana,Union,18161,21,225,219,219,123,191,18,0,0,0,326,122,
Indiana,Vanderburgh,18163,23,469,461,295,21,110,2,0,0,0,907,208,
Indiana,Vermillion,18165,0,230,23,203,0,34,35,0,0,0,8,48.45454545,
Indiana,Vigo,18167,30,862,813,0,72,421,34,0,0,0,54,207.8181818,
Indiana,Wabash,18169,19,486,467,449,0,53,35,0,0,0,1688,290.6363636,
Indiana,Warren,18171,44,506,487,209,0,400,0,0,0,0,0,149.6363636,
Indiana,Warrick,18173,61,406,393,11,352,230,22,0,0,0,835,210,
Indiana,Washington,18175,11,286,304,181,178,280,3,0,0,0,12,114.0909091,
Indiana,Wayne,18177,44,448,434,271,259,415,62,0,0,0,3,176,
Indiana,Wells,18179,114,670,657,640,0,533,38,0,0,0,2705,487,
Indiana,White,18181,45,674,648,0,0,558,2,0,0,0,1745,333.8181818,
Indiana,Whitley,18183,35,353,333,329,0,57,56,0,0,0,1452,237.7272727,
Iowa,Adair,19001,31,668,284,16,638,6,0,0,0,0,23,151.4545455,
Iowa,Adams,19003,14,476,476,21,147,15,0,0,0,0,12,105.5454545,
Iowa,Allamakee,19005,41,737,730,395,8,401,37,0,0,0,807,286.9090909,
Iowa,Appanoose,19007,0,103,92,13,236,33,34,0,0,0,6,47,
Iowa,Audubon,19009,123,601,569,5,501,101,0,0,0,0,6,173.2727273,
Iowa,Benton,19011,81,1023,974,9,26,820,93,0,0,0,7,275.7272727,
Iowa,Black Hawk,19013,50,767,758,2,20,641,1,0,0,0,29,206.1818182,
Iowa,Boone,19015,15,904,870,6,111,754,7,0,0,0,13,243.6363636,
Iowa,Bremer,19017,23,788,784,2,3,23,0,0,0,0,2015,330.7272727,
Iowa,Buchanan,19019,26,847,817,1,37,18,0,0,0,0,12,159.8181818,
Iowa,Buena Vista,19021,61,1024,999,0,51,900,0,0,0,0,77,282.9090909,
Iowa,Butler,19023,15,751,739,100,106,624,0,0,0,0,2312,422.4545455,
Iowa,Calhoun,19025,143,1085,56,51,2,896,0,0,0,0,8,203.7272727,
Iowa,Carroll,19027,86,1008,145,147,149,13,3,0,0,0,0,141,
Iowa,Cass,19029,35,700,719,12,650,1,0,0,0,0,53,197.2727273,
Iowa,Cedar,19031,15,778,778,4,27,13,0,0,0,0,3,147.0909091,
Iowa,Cerro Gordo,19033,88,715,693,66,609,576,0,0,0,6,84,257.9090909,
Iowa,Cherokee,19035,12,877,69,3,68,705,0,0,0,4,1932,333.6363636,
Iowa,Chickasaw,19037,19,853,179,163,23,152,0,0,0,0,2392,343.7272727,
Iowa,Clarke,19039,1,388,215,444,81,16,0,0,17,0,26,108,
Iowa,Clay,19041,56,936,918,3,896,803,0,0,0,0,2490,554.7272727,
Iowa,Clayton,19043,14,1082,1051,644,510,2,11,0,0,0,1228,412.9090909,
Iowa,Clinton,19045,10,933,938,200,299,710,0,0,0,0,2,281.0909091,
Iowa,Crawford,19047,34,853,252,21,59,3,0,0,0,0,47,115.3636364,
Iowa,Dallas,19049,52,787,109,10,90,34,80,0,0,0,13,106.8181818,
Iowa,Davis,19051,9,426,314,525,18,232,336,0,0,24,5,171.7272727,
Iowa,Decatur,19053,101,117,129,254,7,7,0,0,0,0,9,56.72727273,
Iowa,Delaware,19055,5,1027,1016,21,32,7,0,0,0,0,30,194.3636364,
Iowa,Des Moines,19057,5,561,61,13,133,438,44,0,0,11,15,116.4545455,
Iowa,Dickinson,19059,22,522,509,0,489,460,0,0,0,0,1461,314.8181818,
Iowa,Dubuque,19061,9,1112,1110,662,38,527,70,0,0,0,1042,415.4545455,
Iowa,Emmet,19063,73,649,625,2,612,522,0,0,0,0,1783,387.8181818,
Iowa,Fayette,19065,90,1048,1026,36,350,3,24,0,0,0,2847,493.0909091,
Iowa,Floyd,19067,38,742,724,2,644,178,0,0,0,0,1633,360.0909091,
Iowa,Franklin,19069,32,803,782,1,65,687,1,0,0,0,65,221.4545455,
Iowa,Fremont,19071,9,695,657,12,629,5,1,1,0,2,19,184.5454545,
Iowa,Greene,19073,59,909,104,90,105,84,89,0,0,0,2,131.0909091,
Iowa,Grundy,19075,88,731,709,3,69,647,2,0,0,0,27,206.9090909,
Iowa,Guthrie,19077,89,751,245,205,46,28,92,0,0,0,3,132.6363636,
Iowa,Hamilton,19079,98,815,4,3,707,645,0,0,0,0,7,207.1818182,
Iowa,Hancock,19081,16,783,781,3,716,59,0,0,0,0,1875,384.8181818,
Iowa,Hardin,19083,12,823,808,0,3,662,37,0,0,0,4,213.5454545,
Iowa,Harrison,19085,70,894,877,102,84,109,0,0,0,2,300,221.6363636,
Iowa,Henry,19087,1,195,190,3,144,204,1,0,0,4,4,67.81818182,
Iowa,Howard,19089,43,603,586,526,165,25,0,0,0,0,1397,304.0909091,
Iowa,Humboldt,19091,77,848,819,1,788,84,0,0,0,0,2062,425.3636364,
Iowa,Ida,19093,10,548,548,84,6,5,0,0,0,12,34,113.3636364,
Iowa,Iowa,19095,55,692,683,22,77,516,79,0,0,0,60,198.5454545,
Iowa,Jackson,19097,43,851,847,2,539,455,3,0,0,0,1,249.1818182,
Iowa,Jasper,19099,92,949,218,3,219,144,121,0,0,0,4,159.0909091,
Iowa,Jefferson,19101,0,421,233,432,99,81,5,0,0,4,5,116.3636364,
Iowa,Johnson,19103,36,777,781,13,237,222,1,0,0,0,14,189.1818182,
Iowa,Jones,19105,67,801,791,2,65,563,1,0,0,0,3,208.4545455,
Iowa,Keokuk,19107,5,690,305,707,271,314,0,0,0,0,12,209.4545455,
Iowa,Kossuth,19109,33,1458,1410,4,91,94,0,0,0,0,4766,714.1818182,
Iowa,Lee,19111,2,509,297,1,279,235,5,4,0,2,2,121.4545455,
Iowa,Linn,19113,18,1075,1058,2,284,18,98,0,0,0,1,232.1818182,
Iowa,Louisa,19115,27,491,493,1,1,399,0,0,0,0,1,128.4545455,
Iowa,Lucas,19117,0,183,183,356,315,14,2,0,0,0,16,97.18181818,
Iowa,Lyon,19119,33,1111,1095,12,25,984,0,0,0,0,2601,532.8181818,
Iowa,Madison,19121,6,644,673,11,98,0,3,0,0,0,3,130.7272727,
Iowa,Mahaska,19123,33,868,848,835,25,199,4,0,0,1,2,255.9090909,
Iowa,Marion,19125,12,110,222,178,115,9,0,0,0,0,9,59.54545455,
Iowa,Marshall,19127,101,827,12,5,94,665,88,0,0,0,7,163.5454545,
Iowa,Mills,19129,60,536,528,7,500,0,0,0,0,0,18,149.9090909,
Iowa,Mitchell,19131,50,721,703,5,137,585,0,0,0,8,102,210.0909091,
Iowa,Monona,19133,12,794,774,290,227,615,0,0,0,45,2146,445.7272727,
Iowa,Monroe,19135,0,188,170,410,73,9,0,0,0,0,7,77.90909091,
Iowa,Montgomery,19137,23,623,606,6,225,0,0,0,0,0,18,136.4545455,
Iowa,Muscatine,19139,45,588,569,6,85,20,0,0,0,0,4,119.7272727,
Iowa,O'Brien,19141,16,1129,1108,2,0,940,0,0,0,0,2802,545.1818182,
Iowa,Osceola,19143,73,667,659,1,65,615,0,0,0,0,1831,355.5454545,
Iowa,Page,19145,10,769,347,24,709,23,2,0,0,0,5,171.7272727,
Iowa,Palo Alto,19147,29,899,881,0,856,110,0,0,0,0,2476,477.3636364,
Iowa,Plymouth,19149,86,1270,1249,1217,46,157,0,0,27,10,3108,651.8181818,
Iowa,Pocahontas,19151,38,1139,1111,1,1063,979,0,0,0,0,43,397.6363636,
Iowa,Polk,19153,31,689,82,13,86,516,1,0,0,0,12,130,
Iowa,E Pottawattamie,19155,13,678,142,9,144,0,0,0,0,0,1371,214.2727273,
Iowa,W Pottawattamie,19156,38,565,133,0,127,2,0,0,0,0,1531,217.8181818,
Iowa,Poweshiek,19157,61,782,766,11,286,638,151,0,0,0,3,245.2727273,
Iowa,Ringgold,19159,13,525,356,46,263,149,0,0,1,3,53,128.0909091,
Iowa,Sac,19161,44,892,109,99,102,43,0,0,0,0,9,118,
Iowa,Scott,19163,54,613,583,3,27,459,0,0,0,0,0,158.0909091,
Iowa,Shelby,19165,25,904,899,136,36,0,0,0,0,0,35,185,
Iowa,Sioux,19167,90,1431,109,7,26,1093,0,0,0,1,219,270.5454545,
Iowa,Story,19169,86,1015,86,14,84,811,85,0,1,1,8,199.1818182,
Iowa,Tama,19171,14,944,223,2,229,805,155,0,0,0,21,217.5454545,
Iowa,Taylor,19173,0,546,536,30,282,80,0,0,0,0,32,136.9090909,
Iowa,Union,19175,0,205,69,213,29,0,0,0,0,0,3,47.18181818,
Iowa,Van Buren,19177,10,388,101,400,4,148,112,154,0,3,0,120,
Iowa,Wapello,19179,6,487,171,485,99,92,7,2,0,0,11,123.6363636,
Iowa,Warren,19181,69,544,234,9,136,11,0,0,0,0,9,92,
Iowa,Washington,19183,25,241,690,17,211,149,0,0,0,1,34,124.3636364,
Iowa,Wayne,19185,28,486,290,480,11,42,10,0,0,0,30,125.1818182,
Iowa,Webster,19187,122,1233,1178,0,1080,1039,0,0,0,0,36,426.1818182,
Iowa,Winnebago,19189,112,559,544,0,485,59,0,0,0,0,1480,294.4545455,
Iowa,Winneshiek,19191,38,999,587,108,30,16,29,0,0,0,1678,316.8181818,
Iowa,Woodbury,19193,154,963,966,170,61,17,0,0,0,743,2228,482,
Iowa,Worth,19195,41,536,511,0,56,426,0,0,0,0,1518,280.7272727,
Iowa,Wright,19197,12,818,801,1,31,51,0,0,0,0,2371,371.3636364,
Kansas,Allen,20001,0,370,361,367,175,266,340,0,372,362,906,319.9090909,
Kansas,Anderson,20003,7,450,438,432,453,441,289,0,432,407,962,391.9090909,
Kansas,Atchison,20005,0,619,438,186,598,112,0,0,0,0,140,190.2727273,
Kansas,Barber,20007,144,431,163,169,414,48,7,0,128,256,411,197.3636364,
Kansas,Barton,20009,79,957,811,877,138,50,0,0,546,696,1252,491.4545455,
Kansas,Bourbon,20011,0,276,157,216,316,288,200,0,240,6,421,192.7272727,
Kansas,Brown,20013,3,781,757,765,769,99,46,0,17,20,107,305.8181818,
Kansas,Butler,20015,68,591,590,606,583,373,10,0,542,612,1197,470.1818182,
Kansas,Chase,20017,11,168,151,143,153,80,27,0,3,134,7,79.72727273,
Kansas,Chautauqua,20019,0,19,47,41,51,31,31,30,51,30,77,37.09090909,
Kansas,Cherokee,20021,0,672,667,667,618,520,511,2,738,13,1642,550,
Kansas,Cheyenne,20023,18,763,227,77,147,9,9,166,253,126,612,218.8181818,
Kansas,Clark,20025,78,39,44,28,198,23,0,0,127,375,272,107.6363636,
Kansas,Clay,20027,100,869,846,837,825,474,9,0,81,747,1535,574.8181818,
Kansas,Cloud,20029,35,909,885,846,770,12,11,0,552,776,1482,570.7272727,
Kansas,Coffey,20031,22,466,501,315,22,472,242,0,69,496,449,277.6363636,
Kansas,Comanche,20033,0,0,1,0,1,0,0,0,1,5,1,0.818181818,
Kansas,Cowley,20035,182,970,962,793,534,442,25,52,722,792,1546,638.1818182,
Kansas,Crawford,20037,0,573,585,591,580,500,497,14,686,16,1823,533.1818182,
Kansas,Decatur,20039,23,720,77,70,71,6,28,37,419,460,830,249.1818182,
Kansas,Dickinson,20041,104,1116,1135,1025,1142,195,0,0,831,925,2335,800.7272727,
Kansas,Doniphan,20043,0,483,450,96,470,374,2,0,0,0,24,172.6363636,
Kansas,Douglas,20045,28,335,517,313,532,273,7,0,2,27,980,274,
Kansas,Edwards,20047,10,411,603,519,568,193,0,0,211,437,609,323.7272727,
Kansas,Elk,20049,0,34,23,2,2,26,0,5,30,50,78,22.72727273,
Kansas,Ellis,20051,44,689,0,48,672,0,0,0,46,90,102,153.7272727,
Kansas,Ellsworth,20053,76,619,626,424,84,104,5,0,357,490,998,343.9090909,
Kansas,Finney,20055,112,15,36,467,319,45,61,75,357,489,552,229.8181818,
Kansas,Ford,20057,64,586,221,226,138,35,0,0,157,394,346,197,
Kansas,Franklin,20059,19,533,566,565,636,385,234,0,22,584,1324,442.5454545,
Kansas,Geary,20061,46,120,137,111,117,74,0,0,3,125,239,88.36363636,
Kansas,Gove,20063,118,529,280,476,104,13,0,0,123,181,196,183.6363636,
Kansas,Graham,20065,44,496,61,436,43,41,0,0,300,408,818,240.6363636,
Kansas,Grant,20067,51,541,389,522,385,33,113,0,160,465,755,310.3636364,
Kansas,Gray,20069,65,538,549,654,312,201,21,2,387,544,1116,399,
Kansas,Greeley,20071,104,511,119,512,286,59,73,3,266,56,863,259.2727273,
Kansas,Greenwood,20073,6,142,95,99,119,80,2,0,139,181,314,107,
Kansas,Hamilton,20075,76,257,41,263,83,5,29,5,207,231,519,156,
Kansas,Harper,20077,157,985,296,346,934,127,17,0,273,717,886,430.7272727,
Kansas,Harvey,20079,145,1089,1108,1129,1029,285,499,0,830,918,1797,802.6363636,
Kansas,Haskell,20081,89,589,488,480,247,35,3,0,252,412,593,289.8181818,
Kansas,Hodgeman,20083,23,5,158,328,42,50,6,0,102,252,302,115.2727273,
Kansas,Jackson,20085,11,524,515,501,536,153,150,0,1,1,22,219.4545455,
Kansas,Jefferson,20087,0,492,419,205,478,144,0,0,0,0,249,180.6363636,
Kansas,Jewell,20089,129,818,812,779,757,114,2,0,73,714,1620,528.9090909,
Kansas,Johnson,20091,9,108,114,40,182,77,62,0,0,7,398,90.63636364,
Kansas,Kearny,20093,39,309,233,259,64,10,26,12,257,423,497,193.5454545,
Kansas,Kingman,20095,93,985,997,451,961,284,11,4,354,849,939,538.9090909,
Kansas,Kiowa,20097,43,238,464,460,471,146,1,0,255,367,602,277,
Kansas,Labette,20099,0,425,415,405,524,249,258,395,459,405,952,407.9090909,
Kansas,Lane,20101,62,15,76,53,147,50,0,0,226,394,284,118.8181818,
Kansas,Leavenworth,20103,1,319,244,7,217,140,0,0,1,1,186,101.4545455,
Kansas,Lincoln,20105,80,745,711,613,534,6,2,0,381,537,1329,448.9090909,
Kansas,Linn,20107,1,292,322,317,12,255,71,0,226,9,663,197.0909091,
Kansas,Logan,20109,111,474,49,485,254,9,3,1,358,505,922,288.2727273,
Kansas,Lyon,20111,8,500,555,531,425,411,3,0,8,458,33,266.5454545,
Kansas,McPherson,20113,136,1358,1403,1115,1364,432,564,0,834,891,2178,934.0909091,
Kansas,Marion,20115,199,1085,1077,987,1058,227,28,0,751,846,1426,698.5454545,
Kansas,Marshall,20117,102,1358,1301,1314,1179,92,69,0,19,50,2453,721.5454545,
Kansas,Meade,20119,57,346,353,356,349,46,0,0,135,473,853,269.8181818,
Kansas,Miami,20121,1,228,258,0,349,228,127,0,7,9,841,186.1818182,
Kansas,Mitchell,20123,86,776,761,762,754,1,0,0,481,686,1642,540.8181818,
Kansas,Montgomery,20125,1,426,428,443,167,339,72,16,391,399,723,309.5454545,
Kansas,Morris,20127,16,331,401,276,413,93,0,0,13,326,503,215.6363636,
Kansas,Morton,20129,35,311,135,141,42,57,48,0,227,308,425,157.1818182,
Kansas,Nemaha,20131,56,864,843,841,831,102,75,0,31,26,298,360.6363636,
Kansas,Neosho,20133,0,474,463,471,465,350,74,0,443,41,1133,355.8181818,
Kansas,Ness,20135,57,840,66,144,64,24,0,16,328,517,695,250.0909091,
Kansas,Norton,20137,82,570,330,36,43,7,12,11,392,415,614,228.3636364,
Kansas,Osage,20139,22,431,642,412,694,478,9,0,11,643,1527,442.6363636,
Kansas,Osborne,20141,167,722,581,610,678,2,0,0,337,476,953,411.4545455,
Kansas,Ottawa,20143,47,692,668,543,616,61,2,0,457,506,933,411.3636364,
Kansas,Pawnee,20145,58,406,275,595,748,120,4,0,198,453,973,348.1818182,
Kansas,Phillips,20147,82,795,224,50,50,7,0,0,321,628,1167,302.1818182,
Kansas,Pottawatomie,20149,34,599,563,471,584,222,5,0,0,25,217,247.2727273,
Kansas,Pratt,20151,120,920,934,678,863,320,5,0,496,767,1562,605.9090909,
Kansas,Rawlins,20153,151,656,310,65,61,35,161,283,442,365,1115,331.2727273,
Kansas,Reno,20155,135,1429,1317,1010,1258,532,10,0,796,1015,1998,863.6363636,
Kansas,Republic,20157,117,937,858,888,860,217,0,0,22,705,1680,571.2727273,
Kansas,Rice,20159,100,1004,1032,802,941,276,22,0,599,756,1907,676.2727273,
Kansas,Riley,20161,154,363,366,369,382,174,1,0,6,324,429,233.4545455,
Kansas,Rooks,20163,81,687,141,74,634,20,0,0,485,586,1278,362.3636364,
Kansas,Rush,20165,46,598,24,273,51,5,0,0,96,345,499,176.0909091,
Kansas,Russell,20167,92,659,414,409,648,3,0,0,304,457,643,329.9090909,
Kansas,Saline,20169,60,1022,1051,686,997,218,28,2,498,595,1322,589,
Kansas,Scott,20171,51,28,161,24,361,7,60,12,333,399,582,183.4545455,
Kansas,Sedgwick,20173,148,1244,1276,1301,1182,437,14,0,718,833,1722,806.8181818,
Kansas,Seward,20175,97,442,298,294,285,51,4,0,251,273,454,222.6363636,
Kansas,Shawnee,20177,6,348,384,613,586,211,109,0,2,29,819,282.4545455,
Kansas,Sheridan,20179,276,518,292,345,31,20,1,2,516,626,1466,372.0909091,
Kansas,Sherman,20181,59,773,465,750,348,9,80,165,343,454,979,402.2727273,
Kansas,Smith,20183,69,885,697,98,678,122,148,0,456,650,1017,438.1818182,
Kansas,Stafford,20185,102,785,923,715,456,393,0,0,425,655,1267,520.0909091,
Kansas,Stanton,20187,58,320,288,290,293,112,119,0,352,364,522,247.0909091,
Kansas,Stevens,20189,62,583,527,511,218,51,46,1,353,546,1056,359.4545455,
Kansas,Sumner,20191,63,1932,1910,1240,815,585,6,3,1017,1434,2478,1043.909091,
Kansas,Thomas,20193,349,774,501,731,444,9,14,24,446,553,1158,454.8181818,
Kansas,Trego,20195,50,596,26,26,567,22,0,11,188,326,498,210,
Kansas,Wabaunsee,20197,39,251,386,388,342,62,0,0,0,222,56,158.7272727,
Kansas,Wallace,20199,75,377,193,335,346,22,55,1,151,44,422,183.7272727,
Kansas,Washington,20201,75,1083,998,1025,971,103,2,0,26,979,2378,694.5454545,
Kansas,Wichita,20203,117,426,41,430,54,4,19,0,384,477,245,199.7272727,
Kansas,Wilson,20205,5,406,383,421,220,166,1,0,271,293,719,262.2727273,
Kansas,Woodson,20207,1,143,137,162,145,10,12,0,117,121,281,102.6363636,
Kansas,Wyandotte,20209,0,18,20,9,9,9,0,0,0,0,82,13.36363636,
Kentucky,Adair,21001,28,182,171,20,82,43,20,0,0,0,49,54.09090909,
Kentucky,Allen,21003,83,72,256,89,263,183,29,0,0,0,471,131.4545455,
Kentucky,Anderson,21005,12,37,38,1,6,6,1,0,0,0,28,11.72727273,
Kentucky,Ballard,21007,13,330,336,62,251,26,0,0,0,0,0,92.54545455,
Kentucky,Barren,21009,34,302,446,446,281,187,82,0,0,0,351,193.5454545,
Kentucky,Bath,21011,1,6,5,5,5,0,0,0,0,0,12,3.090909091,
Kentucky,Bell,21013,0,0,0,0,0,0,0,0,0,0,0,0,
Kentucky,Boone,21015,5,68,72,16,16,55,6,0,0,0,32,24.54545455,
Kentucky,Bourbon,21017,19,79,82,79,57,40,1,0,0,0,148,45.90909091,
Kentucky,Boyd,21019,0,2,2,2,2,0,0,0,0,0,3,1,
Kentucky,Boyle,21021,10,44,39,17,19,13,1,0,0,0,71,19.45454545,
Kentucky,Bracken,21023,2,32,30,22,20,5,2,0,0,0,65,16.18181818,
Kentucky,Breathitt,21025,0,0,0,0,0,0,0,0,0,0,0,0,
Kentucky,Breckinridge,21027,11,312,583,41,408,428,91,0,0,0,988,260.1818182,
Kentucky,Bullitt,21029,0,16,25,0,10,21,2,0,0,0,71,13.18181818,
Kentucky,Butler,21031,5,332,324,225,119,37,35,0,0,0,671,158.9090909,
Kentucky,Caldwell,21033,116,302,288,149,145,45,0,0,10,0,989,185.8181818,
Kentucky,Calloway,21035,182,935,1180,1154,829,812,39,0,0,0,1050,561.9090909,
Kentucky,Campbell,21037,0,5,5,1,1,4,1,0,0,0,1,1.636363636,
Kentucky,Carlisle,21039,25,195,293,194,197,242,0,0,0,0,587,157.5454545,
Kentucky,Carroll,21041,0,24,22,8,19,5,0,0,0,0,0,7.090909091,
Kentucky,Carter,21043,4,1,0,9,0,0,0,0,0,0,4,1.636363636,
Kentucky,Casey,21045,59,234,275,40,54,0,5,0,0,0,399,96.90909091,
Kentucky,Christian,21047,152,517,602,349,343,317,25,0,6,0,1465,343.2727273,
Kentucky,Clark,21049,4,5,4,0,0,5,0,0,0,0,8,2.363636364,
Kentucky,Clay,21051,0,0,0,0,0,0,0,0,0,0,0,0,
Kentucky,Clinton,21053,23,40,51,5,50,29,14,0,0,0,36,22.54545455,
Kentucky,Crittenden,21055,20,111,195,14,109,105,4,0,0,0,460,92.54545455,
Kentucky,Cumberland,21057,18,25,24,27,11,21,4,0,0,0,17,13.36363636,
Kentucky,Daviess,21059,57,1294,1265,391,405,142,18,0,0,0,2243,528.6363636,
Kentucky,Edmonson,21061,1,87,77,37,36,49,7,0,0,0,297,53.72727273,
Kentucky,Elliott,21063,1,6,6,5,5,1,0,0,0,0,0,2.181818182,
Kentucky,Estill,21065,0,33,26,3,3,3,0,0,0,0,4,6.545454545,
Kentucky,Fayette,21067,21,30,63,45,44,28,4,0,0,0,17,22.90909091,
Kentucky,Fleming,21069,36,630,627,146,243,8,16,0,0,0,71,161.5454545,
Kentucky,Floyd,21071,0,0,0,0,0,0,0,0,0,0,0,0,
Kentucky,Franklin,21073,12,23,23,4,6,10,0,0,0,0,28,9.636363636,
Kentucky,Fulton,21075,18,311,301,293,213,267,10,0,0,0,697,191.8181818,
Kentucky,Gallatin,21077,0,8,10,4,11,5,4,0,0,0,19,5.545454545,
Kentucky,Garrard,21079,0,55,62,32,26,12,9,0,0,4,61,23.72727273,
Kentucky,Grant,21081,0,4,24,3,0,12,3,0,0,0,5,4.636363636,
Kentucky,Graves,21083,62,621,1014,590,882,741,8,0,0,0,2316,566.7272727,
Kentucky,Grayson,21085,56,436,466,184,24,317,96,0,0,0,770,213.5454545,
Kentucky,Green,21087,51,260,292,120,105,49,8,0,0,0,160,95,
Kentucky,Greenup,21089,0,3,15,14,7,6,0,0,0,0,49,8.545454545,
Kentucky,Hancock,21091,7,252,252,1,95,233,4,0,0,0,12,77.81818182,
Kentucky,Hardin,21093,14,172,347,37,170,212,18,0,0,0,788,159.8181818,
Kentucky,Harlan,21095,0,0,0,0,0,0,0,0,0,0,0,0,
Kentucky,Harrison,21097,1,132,127,59,57,76,59,50,0,0,132,63,
Kentucky,Hart,21099,82,80,278,53,57,50,18,0,0,0,202,74.54545455,
Kentucky,Henderson,21101,73,630,607,252,242,404,0,0,0,0,1277,316.8181818,
Kentucky,Henry,21103,28,80,75,43,3,53,0,0,0,0,119,36.45454545,
Kentucky,Hickman,21105,70,286,288,279,196,85,0,0,0,0,850,186.7272727,
Kentucky,Hopkins,21107,110,506,435,46,124,267,0,0,0,0,726,201.2727273,
Kentucky,Jackson,21109,0,35,32,31,0,0,0,0,0,0,6,9.454545455,
Kentucky,Jefferson,21111,13,12,14,7,13,11,1,0,0,0,20,8.272727273,
Kentucky,Jessamine,21113,8,16,22,11,10,10,0,0,0,4,6,7.909090909,
Kentucky,Johnson,21115,0,0,0,0,0,1,0,0,0,0,0,0.090909091,
Kentucky,Kenton,21117,0,6,8,0,0,6,0,0,0,0,0,1.818181818,
Kentucky,Knott,21119,0,0,0,0,0,0,0,0,0,0,0,0,
Kentucky,Knox,21121,0,0,0,0,0,0,0,0,0,0,0,0,
Kentucky,Larue,21123,13,178,191,110,101,107,8,0,0,0,418,102.3636364,
Kentucky,Laurel,21125,0,9,68,6,5,15,3,0,0,0,2,9.818181818,
Kentucky,Lawrence,21127,2,2,3,3,0,0,0,0,0,0,1,1,
Kentucky,Lee,21129,0,0,0,0,0,0,0,0,0,0,0,0,
Kentucky,Leslie,21131,0,0,0,0,0,0,0,0,0,0,0,0,
Kentucky,Letcher,21133,0,0,0,0,0,0,0,0,0,0,0,0,
Kentucky,Lewis,21135,1,45,64,20,43,21,0,0,0,0,180,34,
Kentucky,Lincoln,21137,3,181,178,61,59,56,33,0,0,0,246,74.27272727,
Kentucky,Livingston,21139,25,155,162,155,105,84,0,0,0,0,474,105.4545455,
Kentucky,Logan,21141,96,531,366,372,344,409,87,0,0,0,1205,310,
Kentucky,Lyon,21143,10,97,95,30,83,42,0,0,0,0,378,66.81818182,
Kentucky,McCracken,21145,5,114,208,187,119,172,0,0,0,0,2,73.36363636,
Kentucky,McCreary,21147,0,3,3,0,0,0,0,0,0,0,1,0.636363636,
Kentucky,McLean,21149,4,597,567,228,246,477,36,0,0,0,1624,343.5454545,
Kentucky,Madison,21151,2,82,73,23,21,19,7,0,0,0,26,23,
Kentucky,Magoffin,21153,0,0,0,0,0,0,0,0,0,0,0,0,
Kentucky,Marion,21155,130,412,446,236,237,133,2,0,0,0,225,165.5454545,
Kentucky,Marshall,21157,11,356,544,354,349,341,1,0,0,0,1059,274.0909091,
Kentucky,Martin,21159,0,0,0,0,0,0,0,0,0,0,0,0,
Kentucky,Mason,21161,4,138,139,96,0,63,7,0,0,0,254,63.72727273,
Kentucky,Meade,21163,11,212,300,286,207,206,13,0,0,0,344,143.5454545,
Kentucky,Menifee,21165,0,0,0,0,0,0,0,0,0,0,0,0,
Kentucky,Mercer,21167,27,89,82,27,27,10,3,0,0,0,75,30.90909091,
Kentucky,Metcalfe,21169,25,65,180,60,62,76,17,0,0,0,88,52.09090909,
Kentucky,Monroe,21171,14,153,291,47,142,10,10,0,0,0,155,74.72727273,
Kentucky,Montgomery,21173,0,0,2,0,0,4,2,2,0,0,0,0.909090909,
Kentucky,Morgan,21175,0,0,0,0,0,0,3,0,0,0,1,0.363636364,
Kentucky,Muhlenberg,21177,3,129,128,17,54,124,1,0,0,0,498,86.72727273,
Kentucky,Nelson,21179,39,108,102,95,99,103,17,0,0,0,494,96.09090909,
Kentucky,Nicholas,21181,2,19,11,7,9,6,9,0,0,0,34,8.818181818,
Kentucky,Ohio,21183,3,584,573,20,149,524,0,0,0,0,1453,300.5454545,
Kentucky,Oldham,21185,9,27,20,28,6,19,2,0,0,0,4,10.45454545,
Kentucky,Owen,21187,5,6,22,26,0,46,11,0,0,0,91,18.81818182,
Kentucky,Owsley,21189,0,0,0,0,0,0,0,0,0,0,0,0,
Kentucky,Pendleton,21191,0,63,63,16,28,13,11,0,0,0,53,22.45454545,
Kentucky,Perry,21193,0,0,0,0,0,0,0,0,0,0,0,0,
Kentucky,Pike,21195,0,0,0,0,0,0,0,0,0,0,0,0,
Kentucky,Powell,21197,0,0,0,0,0,6,2,7,0,0,2,1.545454545,
Kentucky,Pulaski,21199,8,188,190,113,137,176,87,0,0,0,560,132.6363636,
Kentucky,Robertson,21201,1,4,4,3,3,2,1,0,0,0,22,3.636363636,
Kentucky,Rockcastle,21203,0,16,31,27,11,7,6,0,0,0,9,9.727272727,
Kentucky,Rowan,21205,7,68,64,5,13,1,2,0,0,0,10,15.45454545,
Kentucky,Russell,21207,9,59,56,9,32,10,8,0,0,0,78,23.72727273,
Kentucky,Scott,21209,28,23,50,31,28,14,11,0,0,0,8,17.54545455,
Kentucky,Shelby,21211,152,193,183,118,117,152,29,0,0,0,368,119.2727273,
Kentucky,Simpson,21213,35,375,274,278,268,286,16,0,0,0,845,216.0909091,
Kentucky,Spencer,21215,1,38,31,17,39,38,14,0,0,0,94,24.72727273,
Kentucky,Taylor,21217,50,320,339,338,238,136,12,0,0,0,310,158.4545455,
Kentucky,Todd,21219,44,377,406,248,246,278,18,0,0,0,1002,238.0909091,
Kentucky,Trigg,21221,72,142,219,134,134,121,24,0,127,0,413,126,
Kentucky,Trimble,21223,0,26,24,26,28,44,0,0,0,0,0,13.45454545,
Kentucky,Union,21225,41,372,365,148,151,285,0,0,0,0,287,149.9090909,
Kentucky,Warren,21227,59,259,149,152,144,198,40,0,0,0,558,141.7272727,
Kentucky,Washington,21229,18,199,222,23,130,63,13,0,0,0,180,77.09090909,
Kentucky,Wayne,21231,17,140,146,69,109,103,7,0,0,0,203,72.18181818,
Kentucky,Webster,21233,146,540,566,246,223,415,0,0,0,0,1156,299.2727273,
Kentucky,Whitley,21235,0,0,0,0,0,0,0,0,0,0,0,0,
Kentucky,Wolfe,21237,0,4,3,3,0,8,0,6,0,0,0,2.181818182,
Kentucky,Woodford,21239,20,28,31,15,0,9,0,0,0,0,20,11.18181818,
Louisiana,Acadia,22001,1812,1010,986,324,908,376,240,26,0,646,1569,717.9090909,
Louisiana,Allen,22003,194,99,103,78,91,53,11,0,13,53,71,69.63636364,
Louisiana,Ascension,22005,1,1,1,1,2,1,0,0,2,0,4,1.181818182,
Louisiana,Assumption,22007,0,2,2,2,2,2,0,0,0,0,0,0.909090909,
Louisiana,Avoyelles,22009,118,274,300,187,284,433,49,5,0,273,692,237.7272727,
Louisiana,Beauregard,22011,26,28,27,2,29,0,26,0,0,0,1,12.63636364,
Louisiana,Bienville,22013,0,0,0,0,0,0,0,0,0,0,0,0,
Louisiana,Bossier,22015,3,25,26,14,27,24,0,0,25,23,45,19.27272727,
Louisiana,Caddo,22017,5,50,44,5,49,34,0,0,1,10,100,27.09090909,
Louisiana,Calcasieu,22019,261,102,80,7,53,1,1,0,0,1,49,50.45454545,
Louisiana,Caldwell,22021,5,81,71,71,36,26,0,0,22,22,63,36.09090909,
Louisiana,Cameron,22023,90,8,10,22,25,3,9,0,0,18,12,17.90909091,
Louisiana,Catahoula,22025,60,260,196,161,145,187,36,35,2,14,400,136,
Louisiana,Claiborne,22027,0,1,0,0,0,0,0,0,0,0,0,0.090909091,
Louisiana,Concordia,22029,344,372,297,245,239,289,1,1,119,231,388,229.6363636,
Louisiana,De Soto,22031,0,7,7,3,2,2,0,0,0,1,0,2,
Louisiana,East Baton Rouge,22033,0,0,0,0,0,0,0,0,0,1,1,0.181818182,
Louisiana,East Carroll,22035,110,227,213,113,70,235,2,0,0,10,490,133.6363636,
Louisiana,East Feliciana,22037,1,1,1,1,1,0,0,0,0,0,0,0.454545455,
Louisiana,Evangeline,22039,393,351,367,144,334,442,191,0,0,257,142,238.2727273,
Louisiana,Franklin,22041,37,819,744,781,84,295,4,0,2,300,1482,413.4545455,
Louisiana,Grant,22043,5,47,34,41,40,31,0,0,4,26,66,26.72727273,
Louisiana,Iberia,22045,57,44,45,38,23,33,14,0,0,0,12,24.18181818,
Louisiana,Iberville,22047,32,56,56,47,51,10,5,0,0,0,2,23.54545455,
Louisiana,Jackson,22049,0,0,0,0,0,0,0,0,0,0,0,0,
Louisiana,Jefferson,22051,0,0,0,0,0,0,0,0,0,0,0,0,
Louisiana,Jefferson Davis,22053,892,600,531,312,431,565,215,0,0,293,172,364.6363636,
Louisiana,Lafayette,22055,51,26,31,29,25,25,0,29,0,21,43,25.45454545,
Louisiana,Lafourche,22057,0,0,0,0,0,0,0,0,0,0,0,0,
Louisiana,La Salle,22059,0,5,3,5,0,3,2,2,0,0,6,2.363636364,
Louisiana,Lincoln,22061,0,0,0,0,0,0,0,0,0,0,0,0,
Louisiana,Livingston,22063,0,0,0,0,0,0,0,0,0,0,0,0,
Louisiana,Madison,22065,76,353,337,121,78,336,1,0,3,220,802,211.5454545,
Louisiana,Morehouse,22067,213,342,315,76,248,254,37,0,0,6,289,161.8181818,
Louisiana,Natchitoches,22069,17,194,132,115,113,60,14,0,45,58,174,83.81818182,
Louisiana,Orleans,22071,0,0,0,0,0,0,0,0,0,0,0,0,
Louisiana,Ouachita,22073,31,108,91,58,49,56,2,0,38,40,106,52.63636364,
Louisiana,Plaquemines,22075,0,0,0,0,0,0,0,0,0,0,0,0,
Louisiana,Pointe Coupee,22077,65,380,370,104,21,62,5,0,76,54,450,144.2727273,
Louisiana,Rapides,22079,70,233,200,229,187,158,0,0,0,87,271,130.4545455,
Louisiana,Red River,22081,7,51,49,44,50,23,14,0,10,14,38,27.27272727,
Louisiana,Richland,22083,145,450,348,174,48,40,0,0,0,38,124,124.2727273,
Louisiana,Sabine,22085,0,0,0,0,0,0,0,0,0,0,0,0,
Louisiana,St. Bernard,22087,0,0,0,0,0,0,0,0,0,0,0,0,
Louisiana,St. Charles,22089,0,0,0,0,0,0,0,0,0,0,0,0,
Louisiana,St. Helena,22091,1,1,3,1,1,0,0,0,0,0,0,0.636363636,
Louisiana,St. James,22093,4,4,4,1,0,4,1,0,0,0,4,2,
Louisiana,St. John the Baptist,22095,0,0,0,0,0,1,1,0,0,0,0,0.181818182,
Louisiana,St. Landry,22097,196,485,492,169,562,510,136,0,0,324,1278,377.4545455,
Louisiana,St. Martin,22099,83,30,31,19,29,20,0,0,0,23,50,25.90909091,
Louisiana,St. Mary,22101,0,7,7,5,6,6,0,0,1,0,0,2.909090909,
Louisiana,St. Tammany,22103,0,0,0,0,0,0,0,0,0,0,0,0,
Louisiana,Tangipahoa,22105,0,10,2,2,2,0,0,0,0,0,0,1.454545455,
Louisiana,Tensas,22107,42,327,273,178,46,70,1,0,143,149,530,159.9090909,
Louisiana,Terrebonne,22109,0,0,0,0,0,0,0,0,0,0,0,0,
Louisiana,Union,22111,0,0,0,0,0,0,0,0,0,0,0,0,
Louisiana,Vermilion,22113,2318,665,647,326,507,279,160,20,0,315,703,540,
Louisiana,Vernon,22115,0,0,0,0,0,0,0,0,0,0,0,0,
Louisiana,Washington,22117,1,8,2,8,1,1,1,0,0,0,0,2,
Louisiana,Webster,22119,0,0,0,0,0,0,0,0,0,0,0,0,
Louisiana,West Baton Rouge,22121,1,19,18,8,4,8,6,0,0,0,14,7.090909091,
Louisiana,West Carroll,22123,133,304,269,192,1,102,0,0,0,47,403,131.9090909,
Louisiana,West Feliciana,22125,0,0,0,0,0,0,0,0,0,0,0,0,
Louisiana,Winn,22127,0,1,2,2,0,1,0,0,0,0,1,0.636363636,
Maine,Androscoggin,23001,1,36,28,28,0,0,0,0,0,0,0,8.454545455,
Maine,Houlton,23002,35,65,54,56,17,20,56,5,0,0,1,28.09090909,
Maine,Aroostook,23003,10,73,66,73,20,20,86,1,0,8,247,54.90909091,
Maine,Fort Kent,23004,0,37,23,22,4,4,31,2,0,0,0,11.18181818,
Maine,Cumberland,23005,0,18,16,17,1,0,0,0,0,0,0,4.727272727,
Maine,Franklin,23007,0,29,31,30,0,0,12,0,0,0,0,9.272727273,
Maine,Hancock,23009,0,0,0,0,0,0,0,0,0,0,0,0,
Maine,Kennebec,23011,0,31,32,27,2,2,8,1,0,0,0,9.363636364,
Maine,Knox,23013,0,3,3,3,0,0,0,0,0,0,0,0.818181818,
Maine,Lincoln,23015,0,3,3,2,0,0,0,0,0,0,0,0.727272727,
Maine,Oxford,23017,11,33,28,26,0,0,2,0,0,0,0,9.090909091,
Maine,Penobscot,23019,6,44,50,48,5,3,7,0,0,0,0,14.81818182,
Maine,Piscataquis,23021,4,25,27,23,5,5,10,0,0,0,0,9,
Maine,Sagadahoc,23023,0,3,3,3,0,0,0,0,0,0,0,0.818181818,
Maine,Somerset,23025,1,67,65,65,2,2,9,0,0,0,0,19.18181818,
Maine,Waldo,23027,0,27,25,25,1,0,5,0,0,0,0,7.545454545,
Maine,Washington,23029,0,0,0,0,0,0,0,0,0,0,0,0,
Maine,York,23031,0,16,15,15,0,0,0,0,0,0,0,4.181818182,
Maryland,Allegany,24001,2,7,7,8,8,0,0,0,0,0,10,3.818181818,
Maryland,Anne Arundel,24003,0,30,27,25,25,0,0,0,0,0,147,23.09090909,
Maryland,Baltimore,24005,15,110,113,2,89,82,0,0,0,0,513,84,
Maryland,Calvert,24009,0,15,15,15,16,0,0,0,0,0,99,14.54545455,
Maryland,Caroline,24011,1,355,367,310,318,343,0,0,0,0,1141,257.7272727,
Maryland,Carroll,24013,36,257,242,184,243,42,8,0,0,5,697,155.8181818,
Maryland,Cecil,24015,2,109,114,69,116,102,0,0,0,0,1,46.63636364,
Maryland,Charles,24017,0,63,63,46,58,53,0,0,0,0,324,55.18181818,
Maryland,Dorchester,24019,2,212,210,79,196,247,19,0,0,0,806,161,
Maryland,Frederick,24021,4,220,248,145,149,5,9,0,0,159,525,133.0909091,
Maryland,Garrett,24023,7,48,41,44,39,4,0,0,0,0,89,24.72727273,
Maryland,Harford,24025,16,94,92,34,95,4,0,0,0,0,255,53.63636364,
Maryland,Howard,24027,1,21,22,17,21,23,0,0,0,0,7,10.18181818,
Maryland,Kent,24029,0,230,230,29,216,204,0,0,0,0,783,153.8181818,
Maryland,Montgomery,24031,6,49,56,38,36,2,0,0,0,5,176,33.45454545,
Maryland,Prince George's,24033,5,33,33,4,33,28,0,0,0,0,146,25.63636364,
Maryland,Queen Anne's,24035,8,288,278,183,18,245,0,0,0,0,974,181.2727273,
Maryland,St. Mary's,24037,0,113,119,63,57,107,0,0,0,0,595,95.81818182,
Maryland,Somerset,24039,0,75,67,11,64,5,0,0,0,0,24,22.36363636,
Maryland,Talbot,24041,5,215,215,93,21,199,0,0,0,0,856,145.8181818,
Maryland,Washington,24043,2,68,92,6,6,5,5,0,0,117,384,62.27272727,
Maryland,Wicomico,24045,0,157,157,24,145,150,25,0,0,32,236,84.18181818,
Maryland,Worcester,24047,0,148,144,79,135,26,55,0,0,0,33,56.36363636,
Maryland,Baltimore,24510,0,0,0,0,0,0,0,0,0,0,0,0,
Massachusetts,Barnstable,25001,0,0,0,0,0,0,0,0,0,0,0,0,
Massachusetts,Berkshire,25003,0,23,22,6,4,0,0,0,0,0,0,5,
Massachusetts,Bristol,25005,15,41,40,38,1,0,0,0,0,0,72,18.81818182,
Massachusetts,Dukes,25007,0,0,0,0,0,0,0,0,0,0,0,0,
Massachusetts,Essex,25009,2,4,3,0,0,0,0,0,0,0,0,0.818181818,
Massachusetts,Franklin,25011,1,32,33,0,0,0,0,0,0,31,0,8.818181818,
Massachusetts,Hampden,25013,4,16,11,13,0,0,0,0,0,0,0,4,
Massachusetts,Hampshire,25015,10,33,31,5,4,0,0,0,0,0,0,7.545454545,
Massachusetts,Middlesex,25017,2,9,9,0,0,0,0,0,0,0,0,1.818181818,
Massachusetts,Nantucket,25019,0,0,0,0,0,0,0,0,0,0,0,0,
Massachusetts,Norfolk,25021,0,4,3,3,0,0,0,0,0,0,3,1.181818182,
Massachusetts,Plymouth,25023,0,11,11,12,0,0,0,0,0,0,0,3.090909091,
Massachusetts,Suffolk,25025,0,0,0,0,0,0,0,0,0,0,0,0,
Massachusetts,Worcester,25027,0,71,71,67,2,0,0,0,0,0,0,19.18181818,
Michigan,Alcona,26001,3,25,38,35,32,0,0,0,0,0,15,13.45454545,
Michigan,Alger,26003,0,11,10,11,8,1,0,0,0,0,4,4.090909091,
Michigan,Allegan,26005,84,278,260,200,26,221,28,0,0,1,4,100.1818182,
Michigan,Alpena,26007,2,130,130,121,93,35,7,0,0,0,175,63,
Michigan,Antrim,26009,4,44,41,31,10,28,14,0,0,0,0,15.63636364,
Michigan,Arenac,26011,15,269,266,197,168,139,108,0,1,1,1,105.9090909,
Michigan,Baraga,26013,0,13,14,14,9,13,9,0,0,0,8,7.272727273,
Michigan,Barry,26015,62,236,223,207,159,110,13,0,0,0,28,94.36363636,
Michigan,Bay,26017,15,540,513,532,89,449,8,0,0,0,2,195.2727273,
Michigan,Benzie,26019,0,4,4,1,0,1,0,0,0,1,0,1,
Michigan,Berrien,26021,32,205,200,188,3,194,42,1,0,0,1085,177.2727273,
Michigan,Branch,26023,47,384,364,357,159,322,13,0,0,0,857,227.5454545,
Michigan,Calhoun,26025,24,434,423,415,302,374,80,8,1,1,1011,279.3636364,
Michigan,Cass,26027,45,346,321,114,134,140,4,2,5,5,1179,208.6363636,
Michigan,Charlevoix,26029,0,39,39,27,23,12,12,0,0,0,56,18.90909091,
Michigan,Cheboygan,26031,0,38,33,18,25,14,14,0,0,0,1,13,
Michigan,Chippewa,26033,1,78,79,76,55,0,1,1,3,0,20,28.54545455,
Michigan,Clare,26035,6,86,84,70,62,30,1,0,0,0,21,32.72727273,
Michigan,Clinton,26037,77,420,389,377,378,353,148,0,1,0,10,195.7272727,
Michigan,Crawford,26039,0,0,0,0,0,0,0,0,0,0,0,0,
Michigan,Delta,26041,1,59,67,59,61,23,19,2,22,0,52,33.18181818,
Michigan,Dickinson,26043,1,10,15,14,10,16,10,3,0,0,68,13.36363636,
Michigan,Eaton,26045,35,457,457,433,307,372,9,0,0,0,1374,313.0909091,
Michigan,Emmet,26047,2,36,34,19,12,8,6,0,0,0,2,10.81818182,
Michigan,Genesee,26049,20,280,283,249,21,229,16,0,0,0,70,106.1818182,
Michigan,Gladwin,26051,3,161,150,150,85,69,2,0,0,0,0,56.36363636,
Michigan,Gogebic,26053,0,1,1,1,0,1,0,0,0,0,0,0.363636364,
Michigan,Grand Traverse,26055,2,59,66,41,46,28,5,0,1,1,2,22.81818182,
Michigan,Gratiot,26057,76,710,687,663,3,483,26,0,0,0,1,240.8181818,
Michigan,Hillsdale,26059,38,501,463,451,342,332,87,0,4,6,64,208,
Michigan,Houghton,26061,0,17,20,21,16,23,16,0,0,0,18,11.90909091,
Michigan,Huron,26063,18,903,898,798,805,768,126,0,12,15,1381,520.3636364,
Michigan,Ingham,26065,18,186,176,178,187,176,70,0,3,3,514,137.3636364,
Michigan,Ionia,26067,37,473,440,420,31,301,53,0,0,0,27,162,
Michigan,Iosco,26069,4,97,98,84,66,33,5,0,0,0,0,35.18181818,
Michigan,Iron,26071,0,6,6,5,3,5,1,0,0,0,5,2.818181818,
Michigan,Isabella,26073,9,323,343,344,286,330,118,0,3,3,3,160.1818182,
Michigan,Jackson,26075,101,341,321,316,237,240,8,0,3,2,8,143.3636364,
Michigan,Kalamazoo,26077,11,205,204,206,148,186,38,57,4,4,11,97.63636364,
Michigan,Kalkaska,26079,1,22,22,12,1,14,6,0,0,0,0,7.090909091,
Michigan,Kent,26081,19,180,175,166,12,98,14,0,0,0,9,61.18181818,
Michigan,Keweenaw,26083,0,0,0,0,0,0,0,0,0,0,0,0,
Michigan,Lake,26085,0,3,3,3,1,1,1,0,0,0,0,1.090909091,
Michigan,Lapeer,26087,8,192,189,165,144,184,63,0,0,1,361,118.8181818,
Michigan,Leelanau,26089,2,35,34,20,12,9,13,0,0,26,61,19.27272727,
Michigan,Lenawee,26091,34,576,547,562,4,399,144,0,0,0,1672,358,
Michigan,Livingston,26093,16,86,84,79,81,73,28,0,0,0,4,41,
Michigan,Luce,26095,1,7,8,6,4,0,0,0,0,0,15,3.727272727,
Michigan,Mackinac,26097,2,16,18,18,10,0,0,0,0,0,22,7.818181818,
Michigan,Macomb,26099,4,100,96,98,2,93,12,0,1,1,473,80,
Michigan,Manistee,26101,1,8,11,11,10,2,3,0,0,0,0,4.181818182,
Michigan,Marquette,26103,0,5,9,8,8,0,0,0,0,0,0,2.727272727,
Michigan,Mason,26105,10,95,90,83,15,51,9,0,0,0,161,46.72727273,
Michigan,Mecosta,26107,49,241,212,63,34,32,32,0,1,1,31,63.27272727,
Michigan,Menominee,26109,15,69,106,104,58,99,5,0,2,0,723,107.3636364,
Michigan,Midland,26111,36,316,309,309,2,264,15,0,3,3,3,114.5454545,
Michigan,Missaukee,26113,14,96,95,55,8,17,17,0,0,0,1,27.54545455,
Michigan,Monroe,26115,80,612,610,614,592,519,123,0,0,0,25,288.6363636,
Michigan,Montcalm,26117,24,317,319,314,90,211,110,0,0,0,4,126.2727273,
Michigan,Montmorency,26119,0,37,38,27,37,20,2,0,0,0,2,14.81818182,
Michigan,Muskegon,26121,18,68,41,50,62,30,7,0,0,0,0,25.09090909,
Michigan,Newaygo,26123,22,107,71,70,100,13,21,0,0,0,0,36.72727273,
Michigan,Oakland,26125,4,16,11,10,1,10,1,0,0,0,18,6.454545455,
Michigan,Oceana,26127,10,52,30,14,23,24,6,0,0,0,1,14.54545455,
Michigan,Ogemaw,26129,7,135,136,116,86,16,2,0,0,0,0,45.27272727,
Michigan,Ontonagon,26131,0,13,13,11,8,14,9,0,0,0,11,7.181818182,
Michigan,Osceola,26133,10,86,83,52,78,33,32,0,0,0,0,34,
Michigan,Oscoda,26135,0,8,8,5,4,1,4,0,0,0,0,2.727272727,
Michigan,Otsego,26137,2,29,28,17,13,15,15,0,0,3,1,11.18181818,
Michigan,Ottawa,26139,26,246,215,131,10,160,14,0,0,0,80,80.18181818,
Michigan,Presque Isle,26141,7,114,115,94,85,46,15,0,0,0,215,62.81818182,
Michigan,Roscommon,26143,1,3,4,4,3,0,2,0,0,0,0,1.545454545,
Michigan,Saginaw,26145,206,1388,1318,1314,24,1128,61,0,1,1,83,502.1818182,
Michigan,St. Clair,26147,23,247,233,239,26,282,16,0,3,4,11,98.54545455,
Michigan,St. Joseph,26149,15,414,388,389,20,273,102,1,7,8,476,190.2727273,
Michigan,Sanilac,26151,22,643,632,622,267,645,30,0,0,0,185,276.9090909,
Michigan,Schoolcraft,26153,0,7,9,9,6,2,0,0,0,0,2,3.181818182,
Michigan,Shiawassee,26155,168,753,733,720,14,644,193,0,0,0,1413,421.6363636,
Michigan,Tuscola,26157,135,706,708,666,542,416,7,0,0,0,84,296.7272727,
Michigan,Van Buren,26159,30,149,114,138,10,139,2,26,2,2,44,59.63636364,
Michigan,Washtenaw,26161,70,302,290,301,272,203,7,0,0,2,6,132.0909091,
Michigan,Wayne,26163,3,23,22,21,0,0,0,0,0,0,28,8.818181818,
Michigan,Wexford,26165,19,39,35,22,26,8,5,0,0,0,0,14,
Minnesota,Aitkin,27001,17,3,39,34,43,27,30,1,0,1,4,18.09090909,
Minnesota,Anoka,27003,7,68,10,22,31,35,8,3,0,3,61,22.54545455,
Minnesota,Becker,27005,35,132,264,270,19,230,28,64,0,96,1020,196.1818182,
Minnesota,Beltrami,27007,15,123,94,49,93,55,74,65,0,0,216,71.27272727,
Minnesota,Benton,27009,24,230,236,94,46,336,36,356,0,402,12,161.0909091,
Minnesota,Big Stone,27011,28,358,242,242,246,290,50,0,0,0,945,218.2727273,
Minnesota,Blue Earth,27013,102,820,805,277,312,699,6,0,0,0,2459,498.1818182,
Minnesota,Brown,27015,113,997,966,21,974,912,97,0,0,0,2195,570.4545455,
Minnesota,Carlton,27017,4,1,1,12,7,4,4,0,0,0,0,3,
Minnesota,Carver,27019,33,0,235,153,231,301,67,0,0,0,1095,192.2727273,
Minnesota,Cass,27021,10,60,57,91,2,40,14,75,0,72,9,39.09090909,
Minnesota,Chippewa,27023,37,587,573,552,210,459,56,0,0,0,1872,395.0909091,
Minnesota,Chisago,27025,54,32,265,219,108,187,8,0,0,75,945,172.0909091,
Minnesota,Clay,27027,48,444,357,4,64,371,49,32,0,0,1435,254.9090909,
Minnesota,Clearwater,27029,17,139,131,115,125,86,57,98,0,0,107,79.54545455,
Minnesota,Cook,27031,0,0,0,0,0,0,0,0,0,0,0,0,
Minnesota,Cottonwood,27033,179,816,799,13,169,802,20,0,0,0,2221,456.2727273,
Minnesota,Crow Wing,27035,11,129,102,22,96,17,17,3,0,66,2,42.27272727,
Minnesota,Dakota,27037,73,427,299,211,223,345,10,0,0,1,886,225,
Minnesota,Dodge,27039,11,456,440,415,118,375,8,0,0,11,1214,277.0909091,
Minnesota,Douglas,27041,29,448,325,405,290,141,119,108,0,2,1522,308.0909091,
Minnesota,Faribault,27043,78,723,712,73,727,705,33,0,0,0,2525,506.9090909,
Minnesota,Fillmore,27045,40,907,899,780,471,670,0,0,0,13,134,355.8181818,
Minnesota,Freeborn,27047,53,778,773,142,203,658,56,0,0,6,2706,488.6363636,
Minnesota,Goodhue,27049,49,747,746,659,370,697,51,0,0,44,2242,509.5454545,
Minnesota,Grant,27051,29,371,194,190,192,83,7,1,0,0,1286,213.9090909,
Minnesota,Hennepin,27053,13,55,119,113,65,99,2,0,0,0,408,79.45454545,
Minnesota,Houston,27055,12,518,506,352,444,277,0,0,0,0,81,199.0909091,
Minnesota,Hubbard,27057,19,46,25,17,22,29,16,21,0,30,114,30.81818182,
Minnesota,Isanti,27059,28,1,0,72,0,204,13,2,0,5,1001,120.5454545,
Minnesota,Itasca,27061,0,4,5,0,6,5,3,0,0,0,16,3.545454545,
Minnesota,Jackson,27063,59,851,848,86,825,805,29,0,0,0,2325,529.8181818,
Minnesota,Kanabec,27065,24,95,93,90,83,99,41,64,0,2,9,54.54545455,
Minnesota,Kandiyohi,27067,30,689,663,631,366,542,115,0,0,0,1735,433.7272727,
Minnesota,Kittson,27069,72,333,343,0,287,316,117,1,0,0,103,142.9090909,
Minnesota,Koochiching,27071,4,8,8,6,0,6,1,0,0,0,18,4.636363636,
Minnesota,Lac qui Parle,27073,25,783,769,757,382,599,84,0,0,0,2403,527.4545455,
Minnesota,Lake,27075,0,0,0,0,0,0,0,0,0,0,0,0,
Minnesota,Lake of the Woods,27077,35,60,54,47,8,34,8,0,0,0,145,35.54545455,
Minnesota,Le Sueur,27079,173,623,610,101,322,567,31,0,0,0,1944,397.3636364,
Minnesota,Lincoln,27081,46,584,377,367,342,464,192,0,0,0,1693,369.5454545,
Minnesota,Lyon,27083,101,146,349,356,345,552,113,0,0,0,524,226,
Minnesota,McLeod,27085,22,559,550,130,205,399,79,0,0,0,1503,313.3636364,
Minnesota,Mahnomen,27087,23,213,206,43,170,170,6,1,0,2,720,141.2727273,
Minnesota,Marshall,27089,115,587,589,578,2,83,180,25,0,0,351,228.1818182,
Minnesota,Martin,27091,116,839,787,3,782,731,7,0,0,0,2529,526.7272727,
Minnesota,Meeker,27093,53,637,617,352,330,512,135,0,0,0,1707,394.8181818,
Minnesota,Mille Lacs,27095,11,142,143,203,23,193,29,5,0,21,9,70.81818182,
Minnesota,Morrison,27097,40,45,573,790,73,381,388,654,0,797,12,341.1818182,
Minnesota,Mower,27099,42,802,769,273,272,713,1,0,0,482,224,325.2727273,
Minnesota,Murray,27101,47,902,243,17,869,863,140,0,0,0,2201,480.1818182,
Minnesota,Nicollet,27103,57,48,58,15,193,405,73,0,0,0,1101,177.2727273,
Minnesota,Nobles,27105,6,1034,1018,12,1002,1007,100,3,0,0,2756,630.7272727,
Minnesota,Norman,27107,118,155,402,431,392,408,21,5,0,0,1645,325.1818182,
Minnesota,Olmsted,27109,27,813,782,145,336,614,4,0,0,1,1316,367.0909091,
Minnesota,East Otter Tail,27111,24,556,461,157,234,208,131,255,0,15,1462,318.4545455,
Minnesota,West Otter Tail,27112,13,526,401,23,4,461,105,97,0,0,1657,298.8181818,
Minnesota,Pennington,27113,100,361,322,321,17,32,56,265,0,0,942,219.6363636,
Minnesota,Pine,27115,21,149,151,177,146,113,64,0,0,45,400,115.0909091,
Minnesota,Pipestone,27117,36,157,198,143,141,542,127,1,0,0,1195,230.9090909,
Minnesota,East Polk,27119,48,310,295,298,7,61,59,64,0,0,786,175.2727273,
Minnesota,West Polk,27120,58,523,483,500,5,417,55,104,0,0,1206,304.6363636,
Minnesota,Pope,27121,51,621,420,529,360,465,231,106,0,1,979,342.0909091,
Minnesota,Ramsey,27123,0,0,0,0,0,0,0,0,0,0,0,0,
Minnesota,Red Lake,27125,40,263,231,1,78,28,17,189,0,0,664,137.3636364,
Minnesota,Redwood,27127,49,1111,325,301,1069,919,83,0,0,0,3213,642.7272727,
Minnesota,Renville,27129,1,935,902,24,413,814,42,0,0,0,2420,504.6363636,
Minnesota,Rice,27131,35,567,556,220,304,456,0,0,0,3,1676,347,
Minnesota,Rock,27133,9,699,674,49,51,667,95,83,0,2,1584,355.7272727,
Minnesota,Roseau,27135,191,325,323,294,43,60,79,100,0,0,0,128.6363636,
Minnesota,North St. Louis,27137,0,0,5,0,5,8,4,0,0,0,0,2,
Minnesota,South St. Louis,27138,0,0,5,0,3,2,1,0,0,0,0,1,
Minnesota,Scott,27139,19,128,56,53,78,99,4,0,0,0,381,74.36363636,
Minnesota,Sherburne,27141,15,100,102,94,0,103,1,81,0,71,166,66.63636364,
Minnesota,Sibley,27143,33,665,285,138,276,576,13,0,0,0,1786,342.9090909,
Minnesota,Stearns,27145,47,27,1033,521,282,831,429,9,0,13,28,292.7272727,
Minnesota,Steele,27147,144,462,469,155,210,407,3,0,0,0,1450,300,
Minnesota,Stevens,27149,47,501,222,460,221,380,36,4,0,0,1415,298.7272727,
Minnesota,Swift,27151,51,662,648,607,351,549,77,0,0,0,1694,421.7272727,
Minnesota,Todd,27153,46,489,541,458,440,221,367,118,0,527,1791,454.3636364,
Minnesota,Traverse,27155,22,392,208,27,29,287,8,0,0,0,1185,196.1818182,
Minnesota,Wabasha,27157,36,572,565,513,333,410,7,0,0,0,1180,328.7272727,
Minnesota,Wadena,27159,47,142,125,28,63,23,60,131,0,144,159,83.81818182,
Minnesota,Waseca,27161,79,491,477,5,176,458,10,0,0,0,1316,273.8181818,
Minnesota,Washington,27163,11,109,105,16,42,16,0,0,0,1,2,27.45454545,
Minnesota,Watonwan,27165,52,512,489,66,482,458,24,0,0,0,1787,351.8181818,
Minnesota,Wilkin,27167,102,513,452,490,429,152,49,16,0,0,1373,325.0909091,
Minnesota,Winona,27169,19,514,503,458,344,36,1,0,0,0,88,178.4545455,
Minnesota,Wright,27171,48,10,322,197,194,420,63,0,0,0,2349,327.5454545,
Minnesota,Yellow Medicine,27173,29,852,402,84,411,654,111,0,0,0,2413,450.5454545,
Mississippi,Adams,28001,11,50,43,42,0,12,4,0,0,8,37,18.81818182,
Mississippi,Alcorn,28003,0,218,209,161,150,99,0,0,0,0,296,103,
Mississippi,Amite,28005,3,19,15,18,0,7,9,0,0,7,8,7.818181818,
Mississippi,Attala,28007,5,38,55,60,1,33,23,1,0,14,30,23.63636364,
Mississippi,Benton,28009,0,71,68,49,64,0,0,0,0,0,204,41.45454545,
Mississippi,Bolivar,28011,274,361,201,204,285,276,28,3,5,0,794,221,
Mississippi,Calhoun,28013,15,386,397,294,369,218,9,0,0,0,800,226.1818182,
Mississippi,Carroll,28015,7,63,60,24,35,17,6,0,0,0,101,28.45454545,
Mississippi,Chickasaw,28017,8,237,234,73,167,165,1,6,0,82,534,137,
Mississippi,Choctaw,28019,3,52,51,47,0,0,0,0,0,12,19,16.72727273,
Mississippi,Claiborne,28021,14,36,38,37,1,24,0,0,0,21,17,17.09090909,
Mississippi,Clarke,28023,3,14,13,5,0,0,0,0,0,1,3,3.545454545,
Mississippi,Clay,28025,0,159,164,120,74,65,0,1,0,78,231,81.09090909,
Mississippi,Coahoma,28027,126,185,113,41,62,47,7,2,2,2,518,100.4545455,
Mississippi,Copiah,28029,4,25,23,23,0,0,0,0,0,0,0,6.818181818,
Mississippi,Covington,28031,9,20,22,8,4,13,0,0,0,6,9,8.272727273,
Mississippi,DeSoto,28033,11,51,43,33,34,5,3,0,0,0,188,33.45454545,
Mississippi,Forrest,28035,3,5,5,5,0,4,0,0,0,3,5,2.727272727,
Mississippi,Franklin,28037,0,23,21,22,0,0,0,0,0,0,0,6,
Mississippi,George,28039,14,0,0,0,0,0,0,0,0,0,0,1.272727273,
Mississippi,Greene,28041,2,3,2,1,0,0,0,0,0,0,0,0.727272727,
Mississippi,Grenada,28043,12,74,51,57,26,5,6,0,0,0,137,33.45454545,
Mississippi,Hancock,28045,2,2,1,4,0,0,0,0,0,0,0,0.818181818,
Mississippi,Harrison,28047,0,0,0,0,0,0,0,0,0,0,0,0,
Mississippi,Hinds,28049,2,48,40,13,0,45,4,0,0,19,51,20.18181818,
Mississippi,Holmes,28051,30,119,79,25,1,23,0,0,0,55,357,62.63636364,
Mississippi,Humphreys,28053,48,98,92,37,38,147,4,13,0,78,349,82.18181818,
Mississippi,Issaquena,28055,8,83,45,76,11,83,0,0,0,2,195,45.72727273,
Mississippi,Itawamba,28057,9,81,85,62,103,85,2,0,0,0,376,73,
Mississippi,Jackson,28059,2,0,0,0,0,0,0,0,0,0,0,0.181818182,
Mississippi,Jasper,28061,6,19,14,9,0,4,0,0,0,9,9,6.363636364,
Mississippi,Jefferson,28063,6,36,13,27,0,21,0,0,2,6,27,12.54545455,
Mississippi,Jefferson Davis,28065,0,12,18,3,0,0,0,0,0,0,0,3,
Mississippi,Jones,28067,3,30,27,16,0,4,0,0,0,4,4,8,
Mississippi,Kemper,28069,0,0,0,0,0,0,0,0,0,0,1,0.090909091,
Mississippi,Lafayette,28071,0,130,117,59,37,37,0,0,0,0,163,49.36363636,
Mississippi,Lamar,28073,0,3,2,0,0,3,0,0,0,0,0,0.727272727,
Mississippi,Lauderdale,28075,0,5,5,4,0,0,0,0,0,0,0,1.272727273,
Mississippi,Lawrence,28077,0,7,6,2,0,1,0,0,1,6,6,2.636363636,
Mississippi,Leake,28079,0,36,35,32,26,16,10,0,1,11,12,16.27272727,
Mississippi,Lee,28081,6,224,234,74,238,213,9,0,0,3,976,179.7272727,
Mississippi,Leflore,28083,88,213,189,74,69,46,0,1,0,5,525,110,
Mississippi,Lincoln,28085,8,42,40,42,0,10,0,0,2,3,9,14.18181818,
Mississippi,Lowndes,28087,44,159,140,35,1,41,48,0,0,1,361,75.45454545,
Mississippi,Madison,28089,5,72,55,18,1,50,26,0,0,29,67,29.36363636,
Mississippi,Marion,28091,0,18,21,4,0,0,0,0,0,0,0,3.909090909,
Mississippi,Marshall,28093,8,247,239,112,140,96,2,0,0,0,432,116,
Mississippi,Monroe,28095,25,320,334,296,28,224,7,1,0,142,816,199.3636364,
Mississippi,Montgomery,28097,12,87,95,18,2,16,1,0,0,47,183,41.90909091,
Mississippi,Neshoba,28099,0,0,0,0,0,0,0,0,0,0,0,0,
Mississippi,Newton,28101,1,36,45,36,0,8,0,0,0,3,9,12.54545455,
Mississippi,Noxubee,28103,2,204,189,97,139,61,7,16,0,66,610,126.4545455,
Mississippi,Oktibbeha,28105,0,54,59,63,0,20,1,0,0,25,39,23.72727273,
Mississippi,Panola,28107,32,201,179,114,149,151,1,0,7,14,297,104.0909091,
Mississippi,Pearl River,28109,1,4,1,4,0,0,0,0,0,0,0,0.909090909,
Mississippi,Perry,28111,3,8,8,6,0,3,0,0,0,3,5,3.272727273,
Mississippi,Pike,28113,3,25,31,9,0,1,0,0,0,1,0,6.363636364,
Mississippi,Pontotoc,28115,4,290,364,103,276,216,9,0,0,0,639,172.8181818,
Mississippi,Prentiss,28117,0,313,260,142,232,101,14,1,0,15,417,135.9090909,
Mississippi,Quitman,28119,98,162,106,76,139,19,5,9,0,0,350,87.63636364,
Mississippi,Rankin,28121,0,43,33,10,27,15,4,0,0,11,28,15.54545455,
Mississippi,Scott,28123,2,15,14,7,0,14,2,0,0,14,31,9,
Mississippi,Sharkey,28125,50,123,73,21,15,111,1,0,0,52,246,62.90909091,
Mississippi,Simpson,28127,2,4,5,0,0,0,0,0,0,0,0,1,
Mississippi,Smith,28129,2,3,4,1,0,2,2,0,0,0,0,1.272727273,
Mississippi,Stone,28131,1,1,1,2,0,0,0,0,0,0,0,0.454545455,
Mississippi,Sunflower,28133,176,227,201,89,97,158,2,43,80,1,598,152,
Mississippi,Tallahatchie,28135,80,239,123,54,59,32,1,1,0,0,480,97.18181818,
Mississippi,Tate,28137,14,130,129,76,33,119,23,0,3,1,400,84.36363636,
Mississippi,Tippah,28139,0,246,246,230,245,118,0,0,0,0,213,118,
Mississippi,Tishomingo,28141,1,114,131,54,88,45,0,0,0,0,89,47.45454545,
Mississippi,Tunica,28143,125,104,78,88,52,110,1,0,0,0,304,78.36363636,
Mississippi,Union,28145,0,286,274,133,236,209,0,0,0,3,589,157.2727273,
Mississippi,Walthall,28147,5,17,68,8,0,0,0,0,0,1,14,10.27272727,
Mississippi,Warren,28149,2,90,58,72,1,56,0,0,0,2,16,27,
Mississippi,Washington,28151,136,236,198,78,88,250,3,0,0,5,853,167.9090909,
Mississippi,Wayne,28153,1,14,14,9,0,0,0,0,0,0,0,3.454545455,
Mississippi,Webster,28155,70,165,148,108,43,43,2,0,0,31,320,84.54545455,
Mississippi,Wilkinson,28157,2,8,5,4,0,2,3,0,0,1,0,2.272727273,
Mississippi,Winston,28159,0,60,53,40,3,6,2,0,0,3,24,17.36363636,
Mississippi,Yalobusha,28161,11,44,43,20,26,1,0,1,0,0,119,24.09090909,
Mississippi,Yazoo,28163,16,129,99,59,6,61,3,1,0,94,381,77.18181818,
Missouri,Adair,29001,7,222,15,0,241,246,59,1,0,1,0,72,
Missouri,Andrew,29003,0,501,369,189,485,366,175,0,0,4,6,190.4545455,
Missouri,Atchison,29005,4,626,601,0,590,27,11,90,0,0,45,181.2727273,
Missouri,Audrain,29007,1,606,220,7,356,32,10,0,0,470,1920,329.2727273,
Missouri,Barry,29009,1,1,3,0,5,6,9,0,2,0,4,2.818181818,
Missouri,Barton,29011,2,70,73,0,574,541,23,0,549,17,1336,289.5454545,
Missouri,Bates,29013,0,543,193,190,199,585,69,0,19,565,2108,406.4545455,
Missouri,Benton,29015,1,181,68,3,190,47,45,0,0,58,338,84.63636364,
Missouri,Bollinger,29017,34,404,403,4,92,259,2,0,0,208,555,178.2727273,
Missouri,Boone,29019,0,268,110,2,42,58,3,0,0,16,37,48.72727273,
Missouri,Buchanan,29021,0,569,336,106,130,128,7,0,0,0,0,116,
Missouri,Butler,29023,673,701,666,4,16,666,14,0,2,6,600,304.3636364,
Missouri,Caldwell,29025,1,526,272,261,531,150,22,0,0,0,0,160.2727273,
Missouri,Callaway,29027,0,425,127,9,22,13,0,0,0,6,463,96.81818182,
Missouri,Camden,29029,0,2,0,0,2,0,2,0,0,0,0,0.545454545,
Missouri,Cape Girardeau,29031,63,751,724,249,251,510,6,0,0,6,1474,366.7272727,
Missouri,Carroll,29033,0,913,266,0,849,86,1,0,0,0,0,192.2727273,
Missouri,Carter,29035,0,0,0,0,0,0,0,0,0,0,0,0,
Missouri,Cass,29037,0,490,50,18,55,30,16,1,0,10,893,142.0909091,
Missouri,Cedar,29039,0,46,37,1,23,12,3,0,44,52,102,29.09090909,
Missouri,Chariton,29041,0,729,87,3,505,402,12,0,0,2,7,158.8181818,
Missouri,Christian,29043,0,0,0,0,0,0,0,0,0,0,6,0.545454545,
Missouri,Clark,29045,19,234,242,0,227,148,32,0,0,0,0,82,
Missouri,Clay,29047,0,148,81,74,139,65,9,0,0,0,3,47.18181818,
Missouri,Clinton,29049,0,220,187,115,216,230,20,0,0,0,0,89.81818182,
Missouri,Cole,29051,0,270,183,15,226,219,19,0,0,0,7,85.36363636,
Missouri,Cooper,29053,0,520,234,12,515,8,1,0,0,115,9,128.5454545,
Missouri,Crawford,29055,0,1,0,1,0,0,0,0,1,0,0,0.272727273,
Missouri,Dade,29057,9,9,10,1,14,26,3,0,186,133,577,88,
Missouri,Dallas,29059,0,2,2,1,1,0,0,0,0,0,1,0.636363636,
Missouri,Daviess,29061,0,517,125,345,544,523,81,0,0,4,6,195,
Missouri,DeKalb,29063,7,429,406,259,454,416,103,0,0,0,0,188.5454545,
Missouri,Dent,29065,0,1,1,0,1,0,0,0,0,0,0,0.272727273,
Missouri,Douglas,29067,0,0,0,0,0,0,0,0,0,0,0,0,
Missouri,Dunklin,29069,312,928,1032,111,677,863,348,0,0,67,669,455.1818182,
Missouri,Franklin,29071,1,210,104,185,349,225,4,0,0,0,896,179.4545455,
Missouri,Gasconade,29073,1,51,45,28,33,25,29,0,0,26,344,52.90909091,
Missouri,Gentry,29075,2,396,358,252,411,385,84,0,0,4,0,172,
Missouri,Greene,29077,0,0,0,1,9,0,9,0,9,0,28,5.090909091,
Missouri,Grundy,29079,2,332,81,0,323,130,21,2,0,4,0,81.36363636,
Missouri,Harrison,29081,22,518,230,0,530,362,183,0,0,0,0,167.7272727,
Missouri,Henry,29083,0,313,108,110,10,15,4,0,0,99,545,109.4545455,
Missouri,Hickory,29085,0,22,17,5,9,4,4,0,6,9,10,7.818181818,
Missouri,Holt,29087,4,468,466,3,526,67,7,1,0,4,64,146.3636364,
Missouri,Howard,29089,0,366,257,2,216,221,12,0,0,4,107,107.7272727,
Missouri,Howell,29091,0,0,0,0,0,0,0,0,0,0,0,0,
Missouri,Iron,29093,0,5,5,0,4,0,0,0,0,0,0,1.272727273,
Missouri,Jackson,29095,0,234,12,1,0,5,1,64,0,0,577,81.27272727,
Missouri,Jasper,29097,9,211,187,9,43,254,93,0,254,0,547,146.0909091,
Missouri,Jefferson,29099,2,18,15,15,10,3,0,0,0,19,97,16.27272727,
Missouri,Johnson,29101,1,558,121,113,475,62,8,0,0,0,1018,214.1818182,
Missouri,Knox,29103,11,356,53,0,341,119,23,0,0,0,0,82.09090909,
Missouri,Laclede,29105,2,16,4,0,10,1,3,0,0,0,6,3.818181818,
Missouri,Lafayette,29107,0,816,310,3,43,24,18,0,0,0,20,112.1818182,
Missouri,Lawrence,29109,1,67,69,60,56,27,29,0,64,6,157,48.72727273,
Missouri,Lewis,29111,11,200,131,0,193,123,8,0,0,0,5,61,
Missouri,Lincoln,29113,0,651,239,3,12,90,67,0,0,0,1418,225.4545455,
Missouri,Linn,29115,0,366,183,0,384,287,194,1,0,2,0,128.8181818,
Missouri,Livingston,29117,0,482,123,1,151,224,14,0,0,0,0,90.45454545,
Missouri,McDonald,29119,0,0,0,0,0,0,0,0,0,0,0,0,
Missouri,Macon,29121,1,484,310,0,475,337,53,0,0,0,0,150.9090909,
Missouri,Madison,29123,0,9,8,5,6,2,0,0,0,0,3,3,
Missouri,Maries,29125,0,24,4,8,24,2,1,0,0,9,38,10,
Missouri,Marion,29127,10,510,348,4,151,166,15,0,0,14,1159,216.0909091,
Missouri,Mercer,29129,4,200,91,0,207,63,11,0,0,0,0,52.36363636,
Missouri,Miller,29131,0,73,3,3,74,51,2,0,0,26,1,21.18181818,
Missouri,Mississippi,29133,69,643,618,497,559,596,0,0,0,5,1529,410.5454545,
Missouri,Moniteau,29135,0,192,19,4,199,2,0,0,0,95,133,58.54545455,
Missouri,Monroe,29137,0,258,254,6,309,65,63,0,0,202,989,195.0909091,
Missouri,Montgomery,29139,0,581,279,23,452,11,2,0,0,16,1974,303.4545455,
Missouri,Morgan,29141,0,84,19,0,75,4,0,0,0,37,126,31.36363636,
Missouri,New Madrid,29143,518,1009,945,539,593,731,6,0,0,227,2688,659.6363636,
Missouri,Newton,29145,9,9,31,7,32,4,18,0,17,0,31,14.36363636,
Missouri,Nodaway,29147,15,932,386,0,896,637,95,1,0,0,1,269.3636364,
Missouri,Oregon,29149,0,0,0,0,0,0,0,0,0,0,0,0,
Missouri,Osage,29151,0,220,35,25,29,184,17,0,0,4,356,79.09090909,
Missouri,Ozark,29153,0,0,0,0,0,0,0,0,0,0,0,0,
Missouri,Pemiscot,29155,369,930,761,455,455,775,18,0,0,18,57,348.9090909,
Missouri,Perry,29157,21,584,585,589,31,6,0,0,0,3,1143,269.2727273,
Missouri,Pettis,29159,0,684,100,1,647,54,6,0,0,103,1347,267.4545455,
Missouri,Phelps,29161,0,2,1,0,2,0,0,0,0,0,0,0.454545455,
Missouri,Pike,29163,0,728,455,8,675,21,21,0,0,7,1276,290.0909091,
Missouri,Platte,29165,0,341,260,146,321,305,0,0,0,0,1,124.9090909,
Missouri,Polk,29167,0,29,33,13,40,23,5,0,27,9,32,19.18181818,
Missouri,Pulaski,29169,0,4,0,0,0,0,0,0,0,1,3,0.727272727,
Missouri,Putnam,29171,0,156,54,0,161,181,23,6,0,5,0,53.27272727,
Missouri,Ralls,29173,10,662,449,0,440,74,14,0,0,264,1294,291.5454545,
Missouri,Randolph,29175,0,296,164,2,209,120,27,0,0,10,537,124.0909091,
Missouri,Ray,29177,0,584,497,1,459,250,175,0,0,0,0,178.7272727,
Missouri,Reynolds,29179,0,0,0,0,0,0,0,0,0,0,0,0,
Missouri,Ripley,29181,81,68,81,31,43,9,0,0,0,0,234,49.72727273,
Missouri,St. Charles,29183,0,643,216,475,1,93,0,0,0,0,993,220.0909091,
Missouri,St. Clair,29185,0,103,2,34,22,9,17,0,1,91,278,50.63636364,
Missouri,Ste. Genevieve,29193,25,339,324,320,7,10,0,0,0,15,622,151.0909091,
Missouri,St. Francois,29187,5,58,56,49,7,15,0,0,0,4,25,19.90909091,
Missouri,St. Louis,29189,0,53,52,52,0,32,0,0,0,0,74,23.90909091,
Missouri,Saline,29195,0,1147,866,8,1078,19,6,0,0,21,13,287.0909091,
Missouri,Schuyler,29197,2,239,151,0,228,101,20,0,79,0,1,74.63636364,
Missouri,Scotland,29199,5,329,207,330,348,160,44,0,3,0,0,129.6363636,
Missouri,Scott,29201,81,679,656,165,574,684,0,0,0,14,1604,405.1818182,
Missouri,Shannon,29203,0,0,0,0,0,0,0,0,0,0,0,0,
Missouri,Shelby,29205,0,459,213,1,92,62,51,0,0,6,8,81.09090909,
Missouri,Stoddard,29207,592,982,924,594,666,644,11,0,0,456,1880,613.5454545,
Missouri,Stone,29209,0,0,0,0,0,0,0,0,0,0,0,0,
Missouri,Sullivan,29211,1,198,11,0,214,52,5,25,0,39,0,49.54545455,
Missouri,Taney,29213,0,0,0,0,0,0,0,0,0,0,1,0.090909091,
Missouri,Texas,29215,0,7,6,0,6,0,6,0,0,4,0,2.636363636,
Missouri,Vernon,29217,3,186,166,152,152,412,76,0,355,375,1079,268.7272727,
Missouri,Warren,29219,0,45,13,13,13,0,0,0,0,0,82,15.09090909,
Missouri,Washington,29221,0,0,0,0,0,0,0,0,0,0,0,0,
Missouri,Wayne,29223,1,33,27,0,30,28,5,0,0,0,36,14.54545455,
Missouri,Webster,29225,0,0,0,1,5,0,8,0,1,0,0,1.363636364,
Missouri,Worth,29227,3,254,65,0,274,84,36,0,0,85,0,72.81818182,
Missouri,Wright,29229,0,0,0,0,0,0,0,0,0,0,0,0,
Missouri,St. Louis,29510,0,0,0,0,0,0,0,0,0,0,0,0,
Montana,Beaverhead,30001,0,2,1,0,0,0,0,0,0,0,0,0.272727273,
Montana,Big Horn,30003,2,51,58,52,23,27,0,30,22,0,105,33.63636364,
Montana,Blaine,30005,28,139,129,152,152,2,1,13,92,15,80,73,
Montana,Broadwater,30007,3,11,11,7,7,0,0,0,1,0,6,4.181818182,
Montana,Carbon,30009,2,22,25,13,23,2,0,4,2,0,6,9,
Montana,Carter,30011,2,13,85,79,2,36,45,59,1,2,72,36,
Montana,Cascade,30013,7,28,209,106,30,5,0,4,207,0,419,92.27272727,
Montana,Chouteau,30015,9,69,66,77,1,0,0,64,536,1,31,77.63636364,
Montana,Custer,30017,2,31,42,22,18,0,1,2,1,0,29,13.45454545,
Montana,Daniels,30019,28,78,92,87,86,11,0,51,17,5,408,78.45454545,
Montana,Dawson,30021,0,99,83,102,55,0,0,53,2,17,477,80.72727273,
Montana,Deer Lodge,30023,0,0,0,0,0,0,0,0,0,0,0,0,
Montana,Fallon,30025,2,91,89,90,87,40,45,58,1,1,20,47.63636364,
Montana,Fergus,30027,0,14,39,39,0,1,1,10,1,0,14,10.81818182,
Montana,Flathead,30029,25,61,53,67,60,1,1,0,0,0,0,24.36363636,
Montana,Gallatin,30031,4,22,21,1,1,7,8,8,16,0,16,9.454545455,
Montana,Garfield,30033,0,59,62,67,55,33,38,5,14,0,1,30.36363636,
Montana,Glacier,30035,20,46,43,52,49,6,2,10,21,13,335,54.27272727,
Montana,Golden Valley,30037,3,65,69,32,1,0,0,14,19,1,23,20.63636364,
Montana,Granite,30039,0,0,0,0,0,0,0,0,0,0,0,0,
Montana,Hill,30041,40,240,221,247,148,46,12,72,138,0,73,112.4545455,
Montana,Jefferson,30043,0,1,1,0,0,0,0,0,0,0,0,0.181818182,
Montana,Judith Basin,30045,3,0,30,33,0,2,0,5,0,0,34,9.727272727,
Montana,Lake,30047,1,16,20,21,23,7,3,5,0,0,0,8.727272727,
Montana,Lewis and Clark,30049,1,25,21,11,9,0,0,0,0,0,2,6.272727273,
Montana,Liberty,30051,39,129,120,125,58,0,0,4,275,1,505,114.1818182,
Montana,Lincoln,30053,0,0,0,0,0,0,0,0,0,0,0,0,
Montana,McCone,30055,1,67,67,74,78,0,0,28,2,2,25,31.27272727,
Montana,Madison,30057,2,7,8,4,9,0,0,0,6,0,6,3.818181818,
Montana,Meagher,30059,0,7,8,7,2,0,0,0,3,0,0,2.454545455,
Montana,Mineral,30061,0,0,0,0,0,0,0,0,0,0,0,0,
Montana,Missoula,30063,2,13,7,8,8,0,4,4,0,0,2,4.363636364,
Montana,Musselshell,30065,1,45,47,44,14,11,0,27,34,0,43,24.18181818,
Montana,Park,30067,1,1,1,1,0,0,0,0,6,0,13,2.090909091,
Montana,Petroleum,30069,1,11,17,16,1,0,0,0,0,0,0,4.181818182,
Montana,Phillips,30071,5,119,118,121,121,62,58,80,125,142,50,91,
Montana,Pondera,30073,42,48,47,58,0,0,0,0,39,6,190,39.09090909,
Montana,Powder River,30075,0,23,27,24,13,1,0,1,0,0,2,8.272727273,
Montana,Powell,30077,0,0,0,0,0,0,0,0,0,0,0,0,
Montana,Prairie,30079,1,21,20,26,13,5,8,9,0,0,3,9.636363636,
Montana,Ravalli,30081,0,0,0,0,0,0,0,0,0,0,27,2.454545455,
Montana,Richland,30083,9,179,201,200,194,48,19,120,0,2,123,99.54545455,
Montana,Roosevelt,30085,7,52,58,66,69,1,2,34,19,15,1053,125.0909091,
Montana,Rosebud,30087,17,32,71,33,39,17,38,33,0,1,95,34.18181818,
Montana,Sanders,30089,0,0,0,0,0,0,0,0,0,0,0,0,
Montana,Sheridan,30091,36,152,162,179,169,45,30,65,76,14,616,140.3636364,
Montana,Silver Bow,30093,0,0,0,0,0,0,0,0,0,0,0,0,
Montana,Stillwater,30095,3,34,73,36,0,0,0,0,5,1,7,14.45454545,
Montana,Sweet Grass,30097,2,0,2,3,0,0,0,1,0,0,0,0.727272727,
Montana,Teton,30099,32,104,99,112,4,0,2,3,53,1,64,43.09090909,
Montana,Toole,30101,14,101,101,98,96,26,5,22,13,8,93,52.45454545,
Montana,Treasure,30103,3,11,14,14,16,15,16,10,5,0,58,14.72727273,
Montana,Valley,30105,15,128,106,112,108,23,0,51,286,38,960,166.0909091,
Montana,Wheatland,30107,2,20,52,35,0,0,0,4,0,0,16,11.72727273,
Montana,Wibaux,30109,8,18,73,80,86,12,11,52,15,6,236,54.27272727,
Montana,Yellowstone,30111,5,22,64,2,0,3,1,2,20,2,162,25.72727273,
Nebraska,Adams,31001,54,842,842,348,244,312,4,0,96,258,310,300.9090909,
Nebraska,Antelope,31003,59,788,767,111,20,8,0,0,158,76,891,261.6363636,
Nebraska,Arthur,31005,1,16,14,3,14,0,0,0,1,2,1,4.727272727,
Nebraska,Banner,31007,6,111,117,103,24,0,4,0,12,1,33,37.36363636,
Nebraska,Blaine,31009,1,21,18,10,1,0,8,0,5,0,0,5.818181818,
Nebraska,Boone,31011,638,847,775,634,156,10,0,0,88,276,517,358.2727273,
Nebraska,Box Butte,31013,230,363,363,363,28,19,18,36,66,7,135,148,
Nebraska,Boyd,31015,9,274,271,161,93,59,0,66,203,97,98,121,
Nebraska,Brown,31017,13,175,176,19,19,7,2,2,26,3,96,48.90909091,
Nebraska,Buffalo,31019,51,1052,1021,11,20,220,17,2,373,473,1505,431.3636364,
Nebraska,Burt,31021,48,666,641,83,26,437,1,0,0,103,521,229.6363636,
Nebraska,Butler,31023,36,962,909,535,0,11,2,0,0,344,459,296.1818182,
Nebraska,Cass,31025,76,953,914,142,126,17,6,0,0,111,1356,336.4545455,
Nebraska,Cedar,31027,28,763,765,763,36,39,29,0,183,65,1973,422.1818182,
Nebraska,Chase,31029,87,417,374,171,122,76,75,81,178,13,722,210.5454545,
Nebraska,Cherry,31031,33,96,91,43,8,2,5,4,17,9,37,31.36363636,
Nebraska,Cheyenne,31033,18,231,179,196,50,4,18,3,60,5,67,75.54545455,
Nebraska,Clay,31035,119,767,699,253,0,272,4,0,2,290,1021,311.5454545,
Nebraska,Colfax,31037,93,405,660,660,91,76,82,0,0,185,1614,351.4545455,
Nebraska,Cuming,31039,48,883,853,118,11,403,0,0,0,604,173,281.1818182,
Nebraska,Custer,31041,142,805,642,786,10,195,57,1,288,321,1094,394.6363636,
Nebraska,Dakota,31043,20,150,144,140,0,28,0,0,0,39,509,93.63636364,
Nebraska,Dawes,31045,4,121,158,75,10,7,8,0,1,0,4,35.27272727,
Nebraska,Dawson,31047,65,681,658,134,118,0,0,4,17,30,232,176.2727273,
Nebraska,Deuel,31049,9,143,149,127,158,0,5,0,33,5,14,58.45454545,
Nebraska,Dixon,31051,95,556,528,519,7,3,0,0,5,132,1271,283.2727273,
Nebraska,Dodge,31053,38,939,914,64,94,34,18,0,0,152,1497,340.9090909,
Nebraska,Douglas,31055,10,217,200,27,18,27,5,0,0,21,190,65,
Nebraska,Dundy,31057,71,306,208,69,0,4,36,102,140,18,309,114.8181818,
Nebraska,Fillmore,31059,17,854,840,342,745,49,13,0,0,213,797,351.8181818,
Nebraska,Franklin,31061,45,456,387,308,1,88,9,0,122,187,695,208.9090909,
Nebraska,Frontier,31063,152,257,175,160,0,3,2,1,175,62,174,105.5454545,
Nebraska,Furnas,31065,117,494,419,14,10,6,6,0,395,452,594,227.9090909,
Nebraska,Gage,31067,157,1239,1050,1113,226,78,89,0,8,23,2107,553.6363636,
Nebraska,Garden,31069,95,259,224,210,108,0,3,1,72,5,64,94.63636364,
Nebraska,Garfield,31071,6,111,105,26,0,4,0,0,34,21,38,31.36363636,
Nebraska,Gosper,31073,64,420,368,392,107,1,0,0,26,36,88,136.5454545,
Nebraska,Grant,31075,0,0,0,0,0,0,0,0,0,0,0,0,
Nebraska,Greeley,31077,32,290,291,101,0,2,12,0,75,109,323,112.2727273,
Nebraska,Hall,31079,267,861,816,70,0,150,20,0,31,132,194,231,
Nebraska,Hamilton,31081,12,917,928,142,274,176,19,0,5,196,242,264.6363636,
Nebraska,Harlan,31083,17,436,328,7,4,58,1,0,202,330,433,165.0909091,
Nebraska,Hayes,31085,40,304,182,67,0,5,6,61,159,202,130,105.0909091,
Nebraska,Hitchcock,31087,68,123,87,10,0,2,12,28,73,98,68,51.72727273,
Nebraska,Holt,31089,23,751,739,182,4,164,0,40,201,78,313,226.8181818,
Nebraska,Hooker,31091,0,0,0,0,0,0,0,0,0,0,0,0,
Nebraska,Howard,31093,130,679,667,74,408,149,30,0,197,243,514,281,
Nebraska,Jefferson,31095,67,662,599,658,313,22,0,0,0,420,1225,360.5454545,
Nebraska,Johnson,31097,47,649,614,255,592,94,74,0,3,4,942,297.6363636,
Nebraska,Kearney,31099,25,731,728,7,13,17,103,0,121,230,1159,284.9090909,
Nebraska,Keith,31101,284,360,321,156,146,20,24,4,118,140,248,165.5454545,
Nebraska,Keya Paha,31103,4,82,83,79,22,5,0,9,31,13,55,34.81818182,
Nebraska,Kimball,31105,16,134,198,155,18,0,2,0,28,0,43,54,
Nebraska,Knox,31107,80,898,865,864,484,158,13,2,543,114,1884,536.8181818,
Nebraska,Lancaster,31109,70,1641,1563,289,262,153,18,0,1,275,2658,630,
Nebraska,Lincoln,31111,132,784,750,733,0,14,21,10,181,217,560,309.2727273,
Nebraska,Logan,31113,13,98,78,80,1,2,1,0,19,26,17,30.45454545,
Nebraska,Loup,31115,4,95,94,91,5,17,1,0,37,27,49,38.18181818,
Nebraska,McPherson,31117,4,40,44,16,0,0,0,0,3,1,0,9.818181818,
Nebraska,Madison,31119,86,819,763,126,432,3,0,0,9,104,331,243,
Nebraska,Merrick,31121,70,733,716,52,537,127,9,0,81,157,660,285.6363636,
Nebraska,Morrill,31123,17,386,357,351,20,0,16,22,36,16,220,131,
Nebraska,Nance,31125,67,469,466,436,341,9,8,0,187,235,392,237.2727273,
Nebraska,Nemaha,31127,35,557,542,146,516,55,45,0,0,0,175,188.2727273,
Nebraska,Nuckolls,31129,73,560,523,362,396,30,9,0,3,323,825,282.1818182,
Nebraska,Otoe,31131,59,1135,1088,425,1050,82,1,0,0,215,1783,530.7272727,
Nebraska,Pawnee,31133,69,493,445,462,178,100,80,0,321,0,922,279.0909091,
Nebraska,Perkins,31135,81,565,600,465,205,33,15,35,198,76,417,244.5454545,
Nebraska,Phelps,31137,21,706,698,0,123,104,1,1,48,53,793,231.6363636,
Nebraska,Pierce,31139,40,638,646,632,18,24,0,0,64,311,1284,332.4545455,
Nebraska,Platte,31141,146,1200,1156,1080,1088,41,20,0,143,365,1917,650.5454545,
Nebraska,Polk,31143,97,808,780,215,105,13,5,0,0,102,249,215.8181818,
Nebraska,Red Willow,31145,105,618,306,103,0,35,50,100,405,424,325,224.6363636,
Nebraska,Richardson,31147,59,799,782,222,331,63,1,0,4,0,270,230.0909091,
Nebraska,Rock,31149,6,112,93,28,11,13,0,2,5,5,80,32.27272727,
Nebraska,Saline,31151,86,1111,1025,633,274,19,29,0,0,524,1639,485.4545455,
Nebraska,Sarpy,31153,8,315,298,244,19,7,31,0,0,44,432,127.0909091,
Nebraska,Saunders,31155,125,1497,1468,764,496,125,41,0,0,193,698,491.5454545,
Nebraska,Scotts Bluff,31157,230,733,690,183,2,11,1,0,24,12,351,203.3636364,
Nebraska,Seward,31159,650,1184,1132,738,704,42,44,0,0,463,1128,553.1818182,
Nebraska,Sheridan,31161,159,199,252,75,21,32,74,51,71,0,173,100.6363636,
Nebraska,Sherman,31163,16,228,194,185,0,55,7,0,110,130,102,93.36363636,
Nebraska,Sioux,31165,31,111,113,27,2,0,2,0,5,1,32,29.45454545,
Nebraska,Stanton,31167,74,574,582,146,30,14,0,0,0,468,986,261.2727273,
Nebraska,Thayer,31169,593,783,771,740,732,77,10,0,4,631,1913,568.5454545,
Nebraska,Thomas,31171,1,7,9,2,0,0,0,0,0,0,0,1.727272727,
Nebraska,Thurston,31173,39,418,400,155,73,11,0,0,2,204,224,138.7272727,
Nebraska,Valley,31175,133,514,486,155,1,90,23,0,139,199,311,186.4545455,
Nebraska,Washington,31177,67,681,653,106,40,47,48,0,0,127,1165,266.7272727,
Nebraska,Wayne,31179,39,568,565,573,10,9,1,0,3,448,1191,309.7272727,
Nebraska,Webster,31181,60,493,456,1,178,40,16,0,56,375,877,232,
Nebraska,Wheeler,31183,13,120,107,0,0,0,0,0,18,18,33,28.09090909,
Nebraska,York,31185,67,952,929,182,948,80,36,0,4,381,934,410.2727273,
Nevada,Churchill,32001,11,32,33,26,29,0,0,0,0,0,0,11.90909091,
Nevada,Clark,32003,0,0,0,0,2,0,0,0,0,0,0,0.181818182,
Nevada,Douglas,32005,0,0,0,0,0,0,0,0,0,0,0,0,
Nevada,Elko,32007,0,0,0,0,2,0,0,0,0,0,0,0.181818182,
Nevada,Esmeralda,32009,0,0,0,0,0,0,0,0,0,0,0,0,
Nevada,Eureka,32011,0,0,0,0,0,0,0,0,0,0,0,0,
Nevada,Humboldt,32013,0,0,0,0,0,0,0,0,0,0,0,0,
Nevada,Lander,32015,0,0,0,0,0,0,0,0,0,0,0,0,
Nevada,Lincoln,32017,0,0,0,0,0,0,0,0,0,0,0,0,
Nevada,Lyon,32019,0,0,0,0,0,0,0,0,0,0,0,0,
Nevada,Mineral,32021,0,0,0,0,0,0,0,0,0,0,0,0,
Nevada,Nye,32023,0,0,0,0,0,0,0,0,0,0,0,0,
Nevada,Pershing,32027,0,3,38,4,43,0,0,0,0,3,4,8.636363636,
Nevada,Storey,32029,0,0,0,0,0,0,0,0,0,0,0,0,
Nevada,Washoe,32031,0,0,0,0,0,0,0,0,0,0,0,0,
Nevada,White Pine,32033,0,1,1,1,1,0,0,0,0,0,0,0.363636364,
Nevada,Carson City,32510,0,0,0,0,0,0,0,0,0,0,0,0,
New Hampshire,Belknap,33001,0,6,6,0,0,0,4,0,0,0,0,1.454545455,
New Hampshire,Carroll,33003,0,6,5,4,0,0,0,0,0,0,0,1.363636364,
New Hampshire,Cheshire,33005,0,12,15,0,0,0,0,0,0,0,0,2.454545455,
New Hampshire,Coos,33007,0,14,12,13,12,0,0,0,0,0,0,4.636363636,
New Hampshire,Grafton,33009,1,50,50,49,44,1,0,0,0,0,0,17.72727273,
New Hampshire,Hillsborough,33011,0,9,9,0,0,0,7,0,0,0,0,2.272727273,
New Hampshire,Merrimack,33013,0,18,18,0,0,0,11,0,0,0,0,4.272727273,
New Hampshire,Rockingham,33015,0,0,7,7,6,0,0,0,0,0,0,1.818181818,
New Hampshire,Strafford,33017,0,0,4,3,3,0,0,0,0,0,0,0.909090909,
New Hampshire,Sullivan,33019,0,9,10,0,0,0,0,0,0,0,0,1.727272727,
New Jersey,Atlantic,34001,0,2,3,0,3,3,0,0,0,0,2,1.181818182,
New Jersey,Bergen,34003,0,0,0,0,0,0,0,0,0,0,0,0,
New Jersey,Burlington,34005,2,67,66,7,64,75,0,0,7,9,20,28.81818182,
New Jersey,Camden,34007,0,2,2,0,2,3,0,0,0,0,1,0.909090909,
New Jersey,Cape May,34009,0,0,0,0,0,1,0,0,0,0,1,0.181818182,
New Jersey,Cumberland,34011,6,60,48,6,35,57,0,0,34,6,169,38.27272727,
New Jersey,Essex,34013,0,0,0,0,0,0,0,0,0,0,0,0,
New Jersey,Gloucester,34015,0,51,51,6,41,49,0,0,6,6,324,48.54545455,
New Jersey,Hudson,34017,0,0,0,0,0,0,0,0,0,0,0,0,
New Jersey,Hunterdon,34019,2,61,54,49,61,43,0,0,54,11,31,33.27272727,
New Jersey,Mercer,34021,4,20,16,0,11,21,0,0,4,0,62,12.54545455,
New Jersey,Middlesex,34023,4,16,18,12,11,17,0,0,13,0,46,12.45454545,
New Jersey,Monmouth,34025,4,23,21,0,16,24,0,0,1,1,63,13.90909091,
New Jersey,Morris,34027,0,10,5,0,7,0,0,0,0,0,13,3.181818182,
New Jersey,Ocean,34029,0,3,4,1,1,6,0,0,1,0,6,2,
New Jersey,Passaic,34031,0,0,0,0,0,0,0,0,0,0,0,0,
New Jersey,Salem,34033,5,163,144,17,133,148,0,2,11,9,493,102.2727273,
New Jersey,Somerset,34035,4,13,14,3,7,2,0,0,13,4,32,8.363636364,
New Jersey,Sussex,34037,3,33,38,1,33,0,0,0,0,0,6,10.36363636,
New Jersey,Union,34039,0,0,0,0,0,0,0,0,0,0,0,0,
New Jersey,Warren,34041,6,99,101,2,67,26,0,0,3,1,1,27.81818182,
New Mexico,Bernalillo,35001,0,0,0,0,0,0,0,0,0,0,0,0,
New Mexico,Catron,35003,0,0,0,0,0,0,0,0,0,0,0,0,
New Mexico,Chaves,35005,0,5,5,5,5,1,0,0,0,0,11,2.909090909,
New Mexico,Cibola,35006,0,0,0,0,0,0,0,0,0,0,0,0,
New Mexico,Colfax,35007,0,0,0,0,0,0,0,0,0,0,0,0,
New Mexico,Curry,35009,11,132,127,134,25,41,28,38,155,198,612,136.4545455,
New Mexico,De Baca,35011,0,0,0,0,0,0,0,0,0,0,0,0,
New Mexico,Dona Ana,35013,0,17,20,17,18,28,13,17,0,0,7,12.45454545,
New Mexico,Eddy,35015,0,1,1,1,1,0,0,0,0,0,0,0.363636364,
New Mexico,Grant,35017,0,0,0,0,0,0,0,0,0,0,0,0,
New Mexico,Guadalupe,35019,0,0,0,0,0,0,0,0,0,0,0,0,
New Mexico,Harding,35021,0,0,0,0,0,0,0,0,0,2,0,0.181818182,
New Mexico,Hidalgo,35023,0,4,4,4,2,1,0,1,0,0,0,1.454545455,
New Mexico,Lea,35025,33,31,32,39,31,35,1,6,4,49,71,30.18181818,
New Mexico,Lincoln,35027,0,0,0,0,0,0,0,0,0,0,0,0,
New Mexico,Los Alamos,35028,0,0,0,0,0,0,0,0,0,0,0,0,
New Mexico,Luna,35029,2,7,7,7,2,0,0,0,0,0,0,2.272727273,
New Mexico,McKinley,35031,0,0,0,0,0,0,0,0,0,0,0,0,
New Mexico,Mora,35033,0,0,0,0,0,0,0,0,0,0,0,0,
New Mexico,Otero,35035,0,0,0,0,0,0,0,0,0,0,0,0,
New Mexico,Quay,35037,1,38,43,5,42,0,0,0,25,33,54,21.90909091,
New Mexico,Rio Arriba,35039,1,11,9,9,8,6,5,0,0,0,0,4.454545455,
New Mexico,Roosevelt,35041,60,38,4,48,4,5,3,6,24,19,63,24.90909091,
New Mexico,Sandoval,35043,0,0,0,0,0,0,0,0,0,0,0,0,
New Mexico,San Juan,35045,0,2,2,2,2,1,1,2,1,0,1,1.272727273,
New Mexico,San Miguel,35047,0,0,0,0,0,0,0,0,0,0,0,0,
New Mexico,Santa Fe,35049,1,1,1,0,0,0,0,0,0,0,0,0.272727273,
New Mexico,Sierra,35051,0,0,0,0,0,0,0,0,0,0,0,0,
New Mexico,Socorro,35053,0,0,0,0,0,0,0,0,0,0,0,0,
New Mexico,Taos,35055,0,2,2,2,2,0,0,0,0,0,0,0.727272727,
New Mexico,Torrance,35057,8,18,18,26,13,26,24,0,0,0,0,12.09090909,
New Mexico,Union,35059,0,9,10,13,6,1,0,0,1,17,40,8.818181818,
New Mexico,Valencia,35061,0,0,0,0,0,0,0,0,0,0,0,0,
New York,Albany,36001,11,58,55,24,23,0,0,0,0,0,0,15.54545455,
New York,Allegany,36003,25,183,190,173,0,11,3,0,0,0,19,54.90909091,
New York,Bronx,36005,0,0,0,0,0,0,0,0,0,0,0,0,
New York,Broome,36007,10,60,59,27,0,0,0,0,0,0,72,20.72727273,
New York,Cattaraugus,36009,5,245,246,226,148,4,0,0,0,4,9,80.63636364,
New York,Cayuga,36011,57,259,268,238,0,32,2,1,0,0,4,78.27272727,
New York,Chautauqua,36013,33,156,137,161,0,2,0,0,0,1,24,46.72727273,
New York,Chemung,36015,11,58,59,40,0,0,0,0,0,0,1,15.36363636,
New York,Chenango,36017,43,126,114,111,47,0,0,0,0,0,1,40.18181818,
New York,Clinton,36019,11,132,22,1,0,108,25,0,0,0,397,63.27272727,
New York,Columbia,36021,9,70,67,20,0,0,0,0,0,0,8,15.81818182,
New York,Cortland,36023,24,143,140,57,21,0,0,0,0,0,0,35,
New York,Delaware,36025,7,118,115,112,1,0,0,0,0,0,17,33.63636364,
New York,Dutchess,36027,1,50,47,18,0,0,0,0,0,0,2,10.72727273,
New York,Erie,36029,19,185,181,128,124,109,107,0,0,0,0,77.54545455,
New York,Essex,36031,3,26,22,2,0,6,0,0,0,24,53,12.36363636,
New York,Franklin,36033,10,98,104,29,0,84,19,0,0,0,314,59.81818182,
New York,Fulton,36035,5,19,42,43,15,0,0,0,0,0,0,11.27272727,
New York,Genesee,36037,23,246,241,185,0,23,5,0,0,0,0,65.72727273,
New York,Greene,36039,5,18,36,14,11,1,0,0,0,0,0,7.727272727,
New York,Hamilton,36041,0,0,0,0,0,0,0,0,0,0,0,0,
New York,Herkimer,36043,7,148,139,124,38,0,0,0,0,0,1,41.54545455,
New York,Jefferson,36045,8,205,191,68,0,43,0,0,0,0,157,61.09090909,
New York,Kings,36047,0,0,0,0,0,0,0,0,0,0,0,0,
New York,Lewis,36049,24,137,146,29,0,0,0,0,0,0,30,33.27272727,
New York,Livingston,36051,13,228,227,184,0,2,3,0,0,0,0,59.72727273,
New York,Madison,36053,34,148,168,74,91,29,43,0,0,0,4,53.72727273,
New York,Monroe,36055,24,80,76,89,56,1,0,0,0,0,0,29.63636364,
New York,Montgomery,36057,29,183,97,106,88,27,0,0,2,0,0,48.36363636,
New York,Nassau,36059,0,0,0,0,0,0,0,0,0,0,0,0,
New York,New York,36061,0,0,0,0,0,0,0,0,0,0,0,0,
New York,Niagara,36063,4,155,157,122,88,10,3,0,0,0,1,49.09090909,
New York,Oneida,36065,38,213,210,130,0,0,0,0,0,0,118,64.45454545,
New York,Onondaga,36067,82,203,176,122,0,2,26,0,0,0,0,55.54545455,
New York,Ontario,36069,5,229,237,202,0,19,75,0,0,0,2,69.90909091,
New York,Orange,36071,12,100,19,13,0,0,0,0,0,0,2,13.27272727,
New York,Orleans,36073,19,238,234,175,0,0,0,0,0,3,2,61,
New York,Oswego,36075,10,107,100,102,39,0,0,0,0,0,0,32.54545455,
New York,Otsego,36077,27,145,137,137,56,1,0,0,0,0,3,46,
New York,Putnam,36079,0,0,0,0,0,0,0,0,0,0,0,0,
New York,Queens,36081,0,0,0,0,0,0,0,0,0,0,0,0,
New York,Rensselaer,36083,14,53,108,43,40,0,0,0,0,1,9,24.36363636,
New York,Richmond,36085,0,0,0,0,0,0,0,0,0,0,0,0,
New York,Rockland,36087,0,0,0,0,0,0,0,0,0,0,0,0,
New York,St. Lawrence,36089,1,139,134,134,9,24,12,0,0,0,1,41.27272727,
New York,Saratoga,36091,8,37,30,25,24,1,0,0,0,0,3,11.63636364,
New York,Schenectady,36093,0,9,8,6,5,0,0,0,4,0,0,2.909090909,
New York,Schoharie,36095,6,117,112,37,36,1,0,0,0,0,0,28.09090909,
New York,Schuyler,36097,3,22,22,16,14,0,0,0,0,0,7,7.636363636,
New York,Seneca,36099,5,109,106,105,47,2,5,1,0,0,9,35.36363636,
New York,Steuben,36101,50,331,327,250,230,2,49,0,0,0,22,114.6363636,
New York,Suffolk,36103,0,6,6,5,0,0,0,0,0,0,0,1.545454545,
New York,Sullivan,36105,2,24,24,2,0,0,0,0,0,0,0,4.727272727,
New York,Tioga,36107,30,121,117,68,0,0,0,0,0,0,0,30.54545455,
New York,Tompkins,36109,20,105,99,60,82,6,0,6,0,0,25,36.63636364,
New York,Ulster,36111,0,22,21,22,0,3,0,0,0,1,5,6.727272727,
New York,Warren,36113,0,1,1,0,0,0,0,0,0,0,0,0.181818182,
New York,Washington,36115,12,215,213,214,9,2,0,0,0,0,5,60.90909091,
New York,Wayne,36117,18,133,130,118,37,5,8,0,0,0,0,40.81818182,
New York,Westchester,36119,0,0,0,0,0,0,0,0,0,0,0,0,
New York,Wyoming,36121,26,225,216,114,127,1,8,0,0,1,1,65.36363636,
New York,Yates,36123,18,86,84,70,0,0,3,0,0,0,0,23.72727273,
North Carolina,Alamance,37001,0,57,53,47,50,60,0,0,0,0,174,40.09090909,
North Carolina,Alexander,37003,0,24,22,18,29,23,0,0,0,0,153,24.45454545,
North Carolina,Alleghany,37005,0,18,15,0,0,1,0,0,0,0,35,6.272727273,
North Carolina,Anson,37007,6,114,104,93,1,79,5,0,0,0,221,56.63636364,
North Carolina,Ashe,37009,0,3,3,0,0,0,0,0,0,0,1,0.636363636,
North Carolina,Avery,37011,0,1,1,1,0,0,0,0,0,0,0,0.272727273,
North Carolina,Beaufort,37013,49,238,233,197,219,213,47,1,0,2,1550,249.9090909,
North Carolina,Bertie,37015,240,267,259,140,197,194,177,0,0,0,1137,237.3636364,
North Carolina,Bladen,37017,154,207,212,127,194,212,203,0,0,0,1335,240.3636364,
North Carolina,Brunswick,37019,5,46,46,28,37,2,0,3,0,0,294,41.90909091,
North Carolina,Buncombe,37021,0,18,19,0,0,0,0,0,0,0,23,5.454545455,
North Carolina,Burke,37023,5,22,23,7,3,11,0,0,0,0,10,7.363636364,
North Carolina,Cabarrus,37025,4,46,49,37,0,29,15,0,0,0,40,20,
North Carolina,Caldwell,37027,1,16,15,12,0,1,0,0,0,0,37,7.454545455,
North Carolina,Camden,37029,73,162,161,149,1,20,0,0,0,0,211,70.63636364,
North Carolina,Carteret,37031,5,23,21,22,23,20,21,12,0,0,123,24.54545455,
North Carolina,Caswell,37033,3,106,112,105,92,100,0,0,0,40,178,66.90909091,
North Carolina,Catawba,37035,13,41,40,3,1,53,0,1,0,0,162,28.54545455,
North Carolina,Chatham,37037,1,63,78,56,33,57,33,40,0,27,138,47.81818182,
North Carolina,Cherokee,37039,0,22,21,23,23,5,0,0,0,0,36,11.81818182,
North Carolina,Chowan,37041,91,111,99,60,83,71,0,0,0,0,467,89.27272727,
North Carolina,Clay,37043,0,12,13,12,4,1,0,0,0,0,28,6.363636364,
North Carolina,Cleveland,37045,0,104,100,76,0,76,19,0,0,0,245,56.36363636,
North Carolina,Columbus,37047,292,391,352,240,286,301,298,2,0,0,2901,460.2727273,
North Carolina,Craven,37049,19,141,132,0,132,111,119,0,0,94,1081,166.2727273,
North Carolina,Cumberland,37051,34,152,121,125,120,129,12,0,0,0,544,112.4545455,
North Carolina,Currituck,37053,39,97,94,91,80,3,5,0,0,0,1,37.27272727,
North Carolina,Dare,37055,3,3,5,4,4,4,4,0,0,0,0,2.454545455,
North Carolina,Davidson,37057,3,75,77,29,71,64,0,0,0,0,275,54,
North Carolina,Davie,37059,5,34,32,7,32,26,0,0,0,0,163,27.18181818,
North Carolina,Duplin,37061,38,370,292,383,357,356,12,0,56,34,2274,379.2727273,
North Carolina,Durham,37063,0,25,21,7,20,15,10,2,0,0,10,10,
North Carolina,Edgecombe,37065,139,212,188,184,186,171,170,0,0,0,1218,224.3636364,
North Carolina,Forsyth,37067,4,54,55,26,52,45,0,0,0,0,175,37.36363636,
North Carolina,Franklin,37069,19,155,130,127,118,139,124,4,0,2,615,130.2727273,
North Carolina,Gaston,37071,0,18,16,9,9,35,1,0,0,0,105,17.54545455,
North Carolina,Gates,37073,76,83,83,58,76,61,62,0,0,0,548,95.18181818,
North Carolina,Graham,37075,0,5,5,5,0,0,0,0,0,0,0,1.363636364,
North Carolina,Granville,37077,1,150,142,122,115,125,118,134,0,0,278,107.7272727,
North Carolina,Greene,37079,35,261,235,183,211,230,22,0,0,0,1201,216.1818182,
North Carolina,Guilford,37081,33,80,93,35,78,97,0,0,0,0,462,79.81818182,
North Carolina,Halifax,37083,142,157,141,127,107,136,117,0,0,0,785,155.6363636,
North Carolina,Harnett,37085,89,192,201,156,187,44,12,0,0,0,69,86.36363636,
North Carolina,Haywood,37087,0,0,13,0,13,0,0,0,0,0,41,6.090909091,
North Carolina,Henderson,37089,1,13,13,13,14,0,0,0,0,0,6,5.454545455,
North Carolina,Hertford,37091,89,104,99,5,0,42,43,0,0,0,303,62.27272727,
North Carolina,Hoke,37093,1,81,76,4,51,36,2,0,0,0,111,32.90909091,
North Carolina,Hyde,37095,48,195,208,163,198,76,58,0,0,0,35,89.18181818,
North Carolina,Iredell,37097,60,91,91,12,89,110,0,0,0,0,563,92.36363636,
North Carolina,Jackson,37099,0,11,8,5,0,0,0,0,0,0,10,3.090909091,
North Carolina,Johnston,37101,42,414,372,320,334,355,121,0,296,142,2113,409.9090909,
North Carolina,Jones,37103,22,117,112,83,99,100,7,0,0,0,695,112.2727273,
North Carolina,Lee,37105,0,44,36,37,26,46,35,2,0,2,360,53.45454545,
North Carolina,Lenoir,37107,25,282,287,230,273,289,256,0,3,2,1303,268.1818182,
North Carolina,Lincoln,37109,1,25,23,18,0,58,3,0,0,0,184,28.36363636,
North Carolina,McDowell,37111,5,6,5,4,3,1,0,0,0,0,0,2.181818182,
North Carolina,Macon,37113,0,15,13,21,18,0,0,0,0,0,5,6.545454545,
North Carolina,Madison,37115,0,7,8,8,0,1,0,0,0,0,9,3,
North Carolina,Martin,37117,305,293,261,162,215,237,9,0,0,0,772,204.9090909,
North Carolina,Mecklenburg,37119,0,6,6,3,5,7,5,0,0,0,11,3.909090909,
North Carolina,Mitchell,37121,0,1,1,2,0,1,0,0,0,0,11,1.454545455,
North Carolina,Montgomery,37123,0,12,9,11,0,13,1,0,3,0,64,10.27272727,
North Carolina,Moore,37125,0,39,36,36,36,42,35,0,35,41,172,42.90909091,
North Carolina,Nash,37127,66,201,197,149,186,191,31,0,0,0,1113,194,
North Carolina,New Hanover,37129,0,3,6,0,3,2,0,0,0,0,15,2.636363636,
North Carolina,Northampton,37131,235,253,250,203,126,190,150,1,0,1,744,195.7272727,
North Carolina,Onslow,37133,16,113,103,68,88,98,76,0,0,0,744,118.7272727,
North Carolina,Orange,37135,0,126,120,105,40,90,0,0,0,0,244,65.90909091,
North Carolina,Pamlico,37137,1,60,58,49,56,42,1,0,0,1,358,56.90909091,
North Carolina,Pasquotank,37139,75,223,217,210,203,23,11,0,0,0,329,117.3636364,
North Carolina,Pender,37141,40,83,77,44,64,77,6,0,0,0,621,92,
North Carolina,Perquimans,37143,108,191,185,140,172,15,3,0,0,2,523,121.7272727,
North Carolina,Person,37145,0,92,92,91,79,91,1,0,0,0,361,73.36363636,
North Carolina,Pitt,37147,167,310,288,238,245,278,246,0,0,0,1765,321.5454545,
North Carolina,Polk,37149,4,21,20,19,6,5,0,0,0,0,1,6.909090909,
North Carolina,Randolph,37151,8,106,112,58,93,7,2,0,1,1,352,67.27272727,
North Carolina,Richmond,37153,3,79,76,73,37,27,66,0,2,5,155,47.54545455,
North Carolina,Robeson,37155,165,526,433,389,445,449,13,0,0,0,3124,504,
North Carolina,Rockingham,37157,9,136,110,122,102,107,1,0,0,0,281,78.90909091,
North Carolina,Rowan,37159,2,109,110,39,97,93,4,0,0,0,310,69.45454545,
North Carolina,Rutherford,37161,2,41,35,26,0,14,0,0,0,0,41,14.45454545,
North Carolina,Sampson,37163,63,545,394,73,458,478,184,0,2,0,2423,420,
North Carolina,Scotland,37165,27,59,55,37,45,51,33,0,0,0,231,48.90909091,
North Carolina,Stanly,37167,90,327,282,276,309,120,5,0,0,0,304,155.7272727,
North Carolina,Stokes,37169,5,156,149,62,91,76,0,0,0,0,225,69.45454545,
North Carolina,Surry,37171,26,233,232,210,0,97,0,0,0,0,492,117.2727273,
North Carolina,Swain,37173,3,9,8,7,0,0,0,0,0,0,6,3,
North Carolina,Transylvania,37175,0,2,12,2,7,0,0,0,0,0,4,2.454545455,
North Carolina,Tyrrell,37177,3,83,75,65,1,11,9,0,0,0,48,26.81818182,
North Carolina,Union,37179,2,199,178,161,154,93,1,0,0,0,1363,195.5454545,
North Carolina,Vance,37181,3,63,62,53,38,72,8,5,0,1,212,47,
North Carolina,Wake,37183,4,121,112,98,81,135,4,0,0,3,484,94.72727273,
North Carolina,Warren,37185,7,129,120,111,83,98,96,91,0,74,281,99.09090909,
North Carolina,Washington,37187,75,168,161,128,145,48,8,0,0,0,667,127.2727273,
North Carolina,Watauga,37189,0,49,50,0,0,0,0,0,0,0,5,9.454545455,
North Carolina,Wayne,37191,37,429,419,293,373,379,101,0,2,49,2315,399.7272727,
North Carolina,Wilkes,37193,8,23,32,13,16,24,0,0,0,0,83,18.09090909,
North Carolina,Wilson,37195,40,222,184,170,190,191,76,0,7,0,1289,215.3636364,
North Carolina,Yadkin,37197,6,181,186,178,0,1,0,0,0,0,309,78.27272727,
North Carolina,Yancey,37199,4,10,10,8,0,0,0,0,0,0,0,2.909090909,
North Dakota,Adams,38001,84,196,297,308,308,124,149,140,0,1,251,168.9090909,
North Dakota,Barnes,38003,85,566,461,550,13,507,109,34,0,0,199,229.4545455,
North Dakota,Benson,38005,264,402,334,354,356,382,0,136,0,120,159,227.9090909,
North Dakota,Billings,38007,16,99,106,106,8,51,45,83,0,0,276,71.81818182,
North Dakota,Bottineau,38009,492,654,585,632,407,197,2,46,0,0,721,339.6363636,
North Dakota,Bowman,38011,52,120,239,251,140,109,137,171,2,0,570,162.8181818,
North Dakota,Burke,38013,243,138,311,309,130,28,12,19,0,0,467,150.6363636,
North Dakota,Burleigh,38015,105,424,403,443,187,18,7,214,0,1,1,163.9090909,
North Dakota,Cass,38017,73,766,533,745,604,695,84,4,0,0,294,345.2727273,
North Dakota,Cavalier,38019,443,390,333,376,14,376,3,63,0,73,929,272.7272727,
North Dakota,Dickey,38021,49,360,258,277,279,320,10,73,0,0,1026,241.0909091,
North Dakota,Divide,38023,158,162,374,300,60,13,16,40,0,0,317,130.9090909,
North Dakota,Dunn,38025,62,251,244,266,279,78,83,192,0,0,34,135.3636364,
North Dakota,Eddy,38027,107,250,209,228,175,168,27,131,0,30,149,134,
North Dakota,Emmons,38029,28,473,428,449,212,93,10,393,3,6,8,191.1818182,
North Dakota,Foster,38031,61,277,205,254,9,81,15,36,0,4,147,99,
North Dakota,Golden Valley,38033,41,154,156,161,164,52,18,116,9,0,593,133.0909091,
North Dakota,Grand Forks,38035,90,527,510,480,10,454,53,49,0,6,362,231,
North Dakota,Grant,38037,71,334,310,347,289,73,130,267,0,2,11,166.7272727,
North Dakota,Griggs,38039,63,345,302,296,22,280,62,72,0,0,47,135.3636364,
North Dakota,Hettinger,38041,297,185,404,405,226,95,130,139,0,0,172,186.6363636,
North Dakota,Kidder,38043,73,318,264,317,143,53,145,297,79,119,283,190.0909091,
North Dakota,LaMoure,38045,69,437,323,466,358,510,109,174,0,0,1345,344.6363636,
North Dakota,Logan,38047,90,312,296,330,17,61,184,309,7,20,27,150.2727273,
North Dakota,McHenry,38049,362,638,540,658,463,231,17,391,0,0,35,303.1818182,
North Dakota,McIntosh,38051,27,347,326,338,14,41,41,339,0,0,2,134.0909091,
North Dakota,McKenzie,38053,49,126,113,121,80,46,33,67,3,43,81,69.27272727,
North Dakota,McLean,38055,413,675,630,625,437,195,43,369,3,0,39,311.7272727,
North Dakota,Mercer,38057,100,195,254,252,252,170,12,237,0,0,0,133.8181818,
North Dakota,Morton,38059,58,404,459,504,61,160,156,366,0,0,0,197.0909091,
North Dakota,Mountrail,38061,303,369,339,359,182,39,5,51,0,0,116,160.2727273,
North Dakota,Nelson,38063,187,443,421,409,409,353,11,62,0,13,245,232.0909091,
North Dakota,Oliver,38065,59,184,182,204,76,57,39,160,0,0,0,87.36363636,
North Dakota,Pembina,38067,87,327,304,294,378,329,0,73,0,3,21,165.0909091,
North Dakota,Pierce,38069,347,493,402,457,363,333,14,363,0,7,322,281.9090909,
North Dakota,Ramsey,38071,286,406,386,404,346,331,0,11,0,3,326,227.1818182,
North Dakota,Ransom,38073,53,340,246,262,6,321,66,4,0,0,843,194.6363636,
North Dakota,Renville,38075,503,408,399,407,132,113,0,22,0,0,502,226,
North Dakota,Richland,38077,104,775,546,3,82,617,100,5,0,0,2474,427.8181818,
North Dakota,Rolette,38079,320,326,286,309,0,144,14,28,0,39,162,148,
North Dakota,Sargent,38081,45,391,270,31,32,72,6,20,0,0,1288,195.9090909,
North Dakota,Sheridan,38083,204,332,437,328,67,107,3,237,0,0,340,186.8181818,
North Dakota,Sioux,38085,12,90,116,128,104,64,77,88,3,58,2,67.45454545,
North Dakota,Slope,38087,64,118,180,176,60,48,80,131,0,0,138,90.45454545,
North Dakota,Stark,38089,127,285,474,485,167,137,177,266,0,0,97,201.3636364,
North Dakota,Steele,38091,83,343,275,288,297,279,30,21,0,0,7,147.5454545,
North Dakota,Stutsman,38093,48,656,480,504,505,639,168,57,3,49,340,313.5454545,
North Dakota,Towner,38095,350,339,314,127,301,273,14,25,0,80,728,231.9090909,
North Dakota,Traill,38097,55,435,349,1,362,374,44,1,0,0,97,156.1818182,
North Dakota,Walsh,38099,261,467,405,1,9,361,8,107,0,22,409,186.3636364,
North Dakota,Ward,38101,612,674,615,636,257,177,16,277,1,0,13,298,
North Dakota,Wells,38103,128,457,412,376,379,365,6,163,0,2,323,237.3636364,
North Dakota,Williams,38105,78,295,290,297,290,6,12,85,24,33,142,141.0909091,
Ohio,Adams,39001,40,483,507,232,4,265,153,4,3,3,962,241.4545455,
Ohio,Allen,39003,58,866,839,819,2,112,68,0,0,0,2494,478,
Ohio,Ashland,39005,21,417,408,370,277,117,120,10,6,5,938,244.4545455,
Ohio,Ashtabula,39007,7,197,104,113,135,23,25,5,1,1,9,56.36363636,
Ohio,Athens,39009,5,68,70,59,68,8,3,4,1,1,118,36.81818182,
Ohio,Auglaize,39011,87,807,793,786,9,690,157,1,4,10,2534,534.3636364,
Ohio,Belmont,39013,0,16,13,13,14,12,1,0,0,0,12,7.363636364,
Ohio,Brown,39015,29,600,581,568,0,452,188,1,1,2,1912,394,
Ohio,Butler,39017,14,313,307,188,192,257,87,0,0,0,9,124.2727273,
Ohio,Carroll,39019,5,106,107,94,0,13,1,11,0,0,373,64.54545455,
Ohio,Champaign,39021,88,644,646,395,4,681,168,1,3,3,1759,399.2727273,
Ohio,Clark,39023,35,384,401,0,0,384,22,0,0,0,1125,213.7272727,
Ohio,Clermont,39025,19,216,221,89,0,133,35,0,0,0,1197,173.6363636,
Ohio,Clinton,39027,59,583,561,535,342,134,5,1,0,0,1227,313.3636364,
Ohio,Columbiana,39029,21,296,285,260,5,218,0,5,4,6,722,165.6363636,
Ohio,Coshocton,39031,14,275,272,208,133,144,4,2,0,0,24,97.81818182,
Ohio,Crawford,39033,24,557,555,551,0,466,213,0,0,0,2122,408,
Ohio,Cuyahoga,39035,0,2,3,1,0,0,0,0,0,0,5,1,
Ohio,Darke,39037,107,1298,1269,1225,8,1174,5,0,6,3,3528,783.9090909,
Ohio,Defiance,39039,43,914,880,886,3,148,163,0,1,3,2730,524.6363636,
Ohio,Delaware,39041,65,310,300,4,0,281,36,1,1,0,1317,210.4545455,
Ohio,Erie,39043,19,199,194,186,0,159,20,4,0,0,78,78.09090909,
Ohio,Fairfield,39045,49,519,507,332,316,52,40,7,4,4,1874,336.7272727,
Ohio,Fayette,39047,35,456,455,252,238,370,41,0,0,1,1316,287.6363636,
Ohio,Franklin,39049,42,179,160,144,3,140,0,1,2,4,413,98.90909091,
Ohio,Fulton,39051,15,516,513,511,347,92,88,0,1,1,1620,336.7272727,
Ohio,Gallia,39053,10,91,81,23,30,35,1,5,0,0,152,38.90909091,
Ohio,Geauga,39055,4,38,37,24,19,4,0,1,0,0,1,11.63636364,
Ohio,Greene,39057,9,483,462,428,2,389,3,0,0,0,1441,292.4545455,
Ohio,Guernsey,39059,1,106,102,103,2,0,2,0,0,0,3,29,
Ohio,Hamilton,39061,9,46,42,39,35,24,16,2,0,0,0,19.36363636,
Ohio,Hancock,39063,93,1007,977,947,1,779,492,1,1,1,3021,665.4545455,
Ohio,Hardin,39065,63,645,636,619,0,301,89,0,0,0,196,231.7272727,
Ohio,Harrison,39067,4,25,23,12,2,0,0,2,3,3,116,17.27272727,
Ohio,Henry,39069,102,1198,1168,1136,0,182,186,0,0,0,2991,633,
Ohio,Highland,39071,32,781,771,761,408,415,161,0,0,3,1774,464.1818182,
Ohio,Hocking,39073,5,47,42,40,42,5,4,0,1,0,45,21,
Ohio,Holmes,39075,26,174,173,96,0,97,79,7,0,0,425,97.90909091,
Ohio,Huron,39077,6,470,465,453,0,395,54,10,1,1,1748,327.5454545,
Ohio,Jackson,39079,9,133,127,61,57,30,6,0,0,0,134,50.63636364,
Ohio,Jefferson,39081,2,34,36,19,1,0,1,1,2,2,112,19.09090909,
Ohio,Knox,39083,32,430,413,374,0,30,0,2,0,0,30,119.1818182,
Ohio,Lake,39085,2,9,9,8,5,7,0,0,0,0,0,3.636363636,
Ohio,Lawrence,39087,4,49,46,9,15,2,0,0,0,0,48,15.72727273,
Ohio,Licking,39089,40,433,405,359,0,53,35,1,0,1,80,127.9090909,
Ohio,Logan,39091,59,556,534,518,5,430,22,1,3,3,1821,359.2727273,
Ohio,Lorain,39093,37,296,301,298,3,42,0,1,3,3,536,138.1818182,
Ohio,East Lucas,39094,15,78,72,84,0,7,4,0,0,0,302,51.09090909,
Ohio,West Lucas,39095,4,213,205,197,0,114,33,0,0,0,535,118.2727273,
Ohio,Madison,39097,61,568,557,522,331,508,14,0,0,0,1303,351.2727273,
Ohio,Mahoning,39099,8,166,169,163,2,149,1,0,0,0,492,104.5454545,
Ohio,Marion,39101,75,473,454,454,0,324,131,0,0,0,1427,303.4545455,
Ohio,Medina,39103,19,195,189,188,1,22,0,0,1,1,836,132,
Ohio,Meigs,39105,10,35,32,17,10,17,2,4,0,0,96,20.27272727,
Ohio,Mercer,39107,125,1085,1064,1039,3,1004,315,0,0,1,3226,714.7272727,
Ohio,Miami,39109,78,954,914,384,1,728,126,1,1,1,2314,500.1818182,
Ohio,Monroe,39111,0,9,8,9,0,0,1,0,0,0,0,2.454545455,
Ohio,Montgomery,39113,34,379,360,356,3,337,0,0,2,3,3,134.2727273,
Ohio,Morgan,39115,4,63,60,40,15,2,1,0,0,0,96,25.54545455,
Ohio,Morrow,39117,69,360,336,350,0,344,168,5,0,0,1466,281.6363636,
Ohio,Muskingum,39119,3,216,211,10,118,3,2,1,1,3,523,99.18181818,
Ohio,Noble,39121,0,12,13,12,0,0,0,0,0,0,1,3.454545455,
Ohio,Ottawa,39123,14,528,497,517,1,300,2,1,1,1,1203,278.6363636,
Ohio,Paulding,39125,11,1026,965,974,0,150,170,0,0,0,2075,488.2727273,
Ohio,Perry,39127,19,107,113,1,89,6,10,0,0,0,484,75.36363636,
Ohio,Pickaway,39129,95,565,522,461,335,458,20,4,0,2,1873,394.0909091,
Ohio,Pike,39131,0,70,83,75,33,39,1,0,0,0,295,54.18181818,
Ohio,Portage,39133,5,120,124,124,0,4,0,11,0,0,7,35.90909091,
Ohio,Preble,39135,19,661,643,369,4,609,140,2,3,4,25,225.3636364,
Ohio,Putnam,39137,221,1408,1371,1354,0,417,410,1,0,0,3146,757.0909091,
Ohio,Richland,39139,37,249,240,220,0,74,4,1,0,0,775,145.4545455,
Ohio,Ross,39141,60,442,418,334,132,93,47,0,0,0,1058,234.9090909,
Ohio,Sandusky,39143,57,651,645,643,0,79,56,4,0,0,1522,332.4545455,
Ohio,Scioto,39145,3,79,89,51,70,0,0,0,0,0,358,59.09090909,
Ohio,Seneca,39147,115,927,925,874,1,28,19,5,0,0,2490,489.4545455,
Ohio,Shelby,39149,75,770,746,536,0,789,124,0,0,0,1948,453.4545455,
Ohio,Stark,39151,6,235,223,187,3,73,0,9,1,1,23,69.18181818,
Ohio,Summit,39153,1,20,13,16,0,1,1,1,0,0,0,4.818181818,
Ohio,Trumbull,39155,9,246,234,199,0,103,23,10,0,0,583,127.9090909,
Ohio,Tuscarawas,39157,11,213,210,130,2,9,0,7,1,2,439,93.09090909,
Ohio,Union,39159,47,543,539,5,2,272,60,2,1,2,1528,272.8181818,
Ohio,Van Wert,39161,54,1219,1190,1175,4,1034,303,0,0,2,3628,782.6363636,
Ohio,Vinton,39163,5,54,47,3,44,17,2,0,0,0,1,15.72727273,
Ohio,Warren,39165,17,226,221,222,120,166,25,0,0,0,737,157.6363636,
Ohio,Washington,39167,7,154,150,86,82,7,0,3,0,0,360,77.18181818,
Ohio,Wayne,39169,23,415,403,384,240,15,3,2,2,2,83,142.9090909,
Ohio,Williams,39171,21,526,529,493,384,154,169,0,0,0,1630,355.0909091,
Ohio,Wood,39173,120,1331,1281,1251,0,123,6,0,0,0,4018,739.0909091,
Ohio,Wyandot,39175,32,583,568,561,3,506,172,2,3,3,1831,387.6363636,
Oklahoma,Adair,40001,0,12,10,1,12,2,0,0,0,0,0,3.363636364,
Oklahoma,Alfalfa,40003,34,731,697,104,708,14,3,0,573,628,42,321.2727273,
Oklahoma,Atoka,40005,11,2,3,2,0,4,0,0,0,0,0,2,
Oklahoma,Beaver,40007,31,378,88,350,202,4,10,0,290,491,375,201.7272727,
Oklahoma,Beckham,40009,93,571,74,555,630,19,37,0,386,445,441,295.5454545,
Oklahoma,Blaine,40011,393,744,124,704,719,4,1,0,56,625,3,306.6363636,
Oklahoma,Bryan,40013,47,117,112,107,24,63,63,0,0,0,164,63.36363636,
Oklahoma,Caddo,40015,372,376,375,412,183,107,11,1,59,61,93,186.3636364,
Oklahoma,Canadian,40017,54,470,460,469,52,0,0,0,38,451,66,187.2727273,
Oklahoma,Carter,40019,5,24,26,9,1,3,1,0,0,6,9,7.636363636,
Oklahoma,Cherokee,40021,0,13,12,4,11,4,0,0,0,0,0,4,
Oklahoma,Choctaw,40023,1,1,1,0,1,1,0,0,1,1,1,0.727272727,
Oklahoma,Cimarron,40025,23,150,143,144,408,101,43,199,424,414,805,259.4545455,
Oklahoma,Cleveland,40027,2,17,17,8,7,2,0,0,4,0,17,6.727272727,
Oklahoma,Coal,40029,0,4,4,4,2,3,0,0,0,0,1,1.636363636,
Oklahoma,Comanche,40031,30,224,208,201,67,14,51,0,18,45,79,85.18181818,
Oklahoma,Cotton,40033,18,46,187,200,95,30,44,0,63,71,62,74.18181818,
Oklahoma,Craig,40035,11,300,293,267,302,83,76,102,133,3,202,161.0909091,
Oklahoma,Creek,40037,1,2,4,2,0,2,0,0,2,0,4,1.545454545,
Oklahoma,Custer,40039,57,165,150,150,590,3,6,0,111,157,40,129.9090909,
Oklahoma,Delaware,40041,0,73,76,73,51,11,0,0,7,0,8,27.18181818,
Oklahoma,Dewey,40043,31,649,139,171,624,11,62,0,390,559,195,257.3636364,
Oklahoma,Ellis,40045,50,441,164,413,392,7,1,0,26,252,174,174.5454545,
Oklahoma,Garfield,40047,231,1056,964,157,975,8,4,0,92,839,124,404.5454545,
Oklahoma,Garvin,40049,9,27,25,26,12,0,0,0,1,3,3,9.636363636,
Oklahoma,Grady,40051,42,345,344,344,76,11,2,12,72,87,155,135.4545455,
Oklahoma,Grant,40053,74,1067,995,341,1010,71,8,3,308,981,226,462.1818182,
Oklahoma,Greer,40055,80,73,51,20,145,56,65,0,287,327,162,115.0909091,
Oklahoma,Harmon,40057,68,85,18,84,274,2,3,0,338,298,326,136,
Oklahoma,Harper,40059,6,51,47,281,284,2,6,0,137,225,15,95.81818182,
Oklahoma,Haskell,40061,0,21,11,15,37,25,0,0,2,0,23,12.18181818,
Oklahoma,Hughes,40063,45,95,65,36,81,0,0,0,0,0,2,29.45454545,
Oklahoma,Jackson,40065,62,66,14,15,277,34,46,0,410,170,165,114.4545455,
Oklahoma,Jefferson,40067,6,3,3,3,0,0,0,0,1,0,0,1.454545455,
Oklahoma,Johnston,40069,10,4,4,3,0,2,0,0,0,0,3,2.363636364,
Oklahoma,Kay,40071,160,859,750,816,339,189,1,109,254,535,540,413.8181818,
Oklahoma,Kingfisher,40073,26,793,787,790,765,3,2,0,28,568,15,343.3636364,
Oklahoma,Kiowa,40075,81,474,102,446,539,103,110,1,426,335,540,287,
Oklahoma,Latimer,40077,0,0,0,0,0,0,0,0,0,0,0,0,
Oklahoma,Le Flore,40079,5,58,43,16,72,93,3,13,59,1,91,41.27272727,
Oklahoma,Lincoln,40081,48,109,171,81,144,14,30,0,18,0,70,62.27272727,
Oklahoma,Logan,40083,55,277,245,251,21,23,0,2,33,212,20,103.5454545,
Oklahoma,Love,40085,24,35,36,11,2,1,0,0,0,0,5,10.36363636,
Oklahoma,McClain,40087,7,75,73,73,26,1,0,0,4,5,20,25.81818182,
Oklahoma,McCurtain,40089,6,18,18,3,19,6,0,9,9,13,33,12.18181818,
Oklahoma,McIntosh,40091,10,4,3,5,7,2,1,1,1,0,2,3.272727273,
Oklahoma,Major,40093,114,669,128,116,636,26,166,0,86,453,417,255.5454545,
Oklahoma,Marshall,40095,13,18,16,18,3,1,2,0,0,0,15,7.818181818,
Oklahoma,Mayes,40097,3,108,125,125,90,7,0,93,106,0,160,74.27272727,
Oklahoma,Murray,40099,0,4,4,2,2,0,0,0,0,0,0,1.090909091,
Oklahoma,Muskogee,40101,6,255,199,176,128,107,85,4,50,0,135,104.0909091,
Oklahoma,Noble,40103,33,459,479,477,473,22,0,3,32,122,59,196.2727273,
Oklahoma,Nowata,40105,7,103,85,61,56,37,34,6,20,22,23,41.27272727,
Oklahoma,Okfuskee,40107,8,24,22,22,8,0,0,0,1,0,8,8.454545455,
Oklahoma,Oklahoma,40109,7,45,28,38,17,5,0,0,19,2,12,15.72727273,
Oklahoma,Okmulgee,40111,8,106,34,62,44,89,91,0,2,0,20,41.45454545,
Oklahoma,Osage,40113,5,112,125,49,86,31,2,14,31,48,83,53.27272727,
Oklahoma,Ottawa,40115,1,271,264,262,167,150,81,5,150,121,293,160.4545455,
Oklahoma,Pawnee,40117,1,84,97,62,58,6,0,19,38,24,25,37.63636364,
Oklahoma,Payne,40119,50,174,156,159,36,0,1,1,10,1,21,55.36363636,
Oklahoma,Pittsburg,40121,17,2,2,0,2,1,0,0,0,0,0,2.181818182,
Oklahoma,Pontotoc,40123,6,43,42,4,0,21,0,0,11,0,19,13.27272727,
Oklahoma,Pottawatomie,40125,18,15,14,6,6,2,2,0,5,0,14,7.454545455,
Oklahoma,Pushmataha,40127,0,0,0,0,0,0,0,0,0,0,0,0,
Oklahoma,Roger Mills,40129,25,49,104,109,281,18,21,9,226,56,478,125.0909091,
Oklahoma,Rogers,40131,1,77,60,48,40,32,0,1,15,0,36,28.18181818,
Oklahoma,Seminole,40133,1,33,28,30,3,0,0,0,0,0,0,8.636363636,
Oklahoma,Sequoyah,40135,3,71,75,67,73,54,0,0,3,0,0,31.45454545,
Oklahoma,Stephens,40137,11,7,8,3,2,0,0,0,1,0,0,2.909090909,
Oklahoma,Texas,40139,28,450,368,607,518,135,135,2,371,481,926,365.5454545,
Oklahoma,Tillman,40141,131,9,30,34,411,35,50,0,129,256,58,103.9090909,
Oklahoma,Tulsa,40143,0,25,31,6,21,24,0,0,8,0,25,12.72727273,
Oklahoma,Wagoner,40145,0,219,200,196,6,222,18,5,209,4,78,105.1818182,
Oklahoma,Washington,40147,7,64,51,35,20,21,19,1,10,0,28,23.27272727,
Oklahoma,Washita,40149,112,527,132,544,719,48,108,0,629,415,337,324.6363636,
Oklahoma,Woods,40151,186,420,77,54,409,3,6,0,323,370,79,175.1818182,
Oklahoma,Woodward,40153,26,476,449,148,452,1,34,0,86,42,751,224.0909091,
Oregon,Baker,41001,2,35,34,32,20,5,0,5,0,3,5,12.81818182,
Oregon,Benton,41003,0,1,1,1,1,0,0,1,0,0,0,0.454545455,
Oregon,Clackamas,41005,1,20,17,12,11,9,6,2,0,0,4,7.454545455,
Oregon,Clatsop,41007,0,0,0,0,0,0,0,0,0,0,0,0,
Oregon,Columbia,41009,0,2,1,0,0,0,1,1,0,2,0,0.636363636,
Oregon,Coos,41011,0,0,0,0,0,0,0,0,0,0,0,0,
Oregon,Crook,41013,1,7,4,4,4,1,3,2,3,2,8,3.545454545,
Oregon,Curry,41015,0,0,0,0,0,0,0,0,0,0,0,0,
Oregon,Deschutes,41017,0,2,2,2,2,0,0,1,2,0,0,1,
Oregon,Douglas,41019,0,0,0,0,0,0,0,0,0,0,0,0,
Oregon,Gilliam,41021,25,201,181,3,39,0,0,17,0,118,0,53.09090909,
Oregon,Grant,41023,0,0,0,0,0,0,0,0,0,0,0,0,
Oregon,Harney,41025,0,43,37,36,35,36,35,34,33,40,10,30.81818182,
Oregon,Hood River,41027,0,0,0,0,0,0,0,0,0,0,0,0,
Oregon,Jackson,41029,5,3,9,8,3,0,0,0,0,0,0,2.545454545,
Oregon,Jefferson,41031,8,38,36,34,21,11,15,9,23,26,119,30.90909091,
Oregon,Josephine,41033,0,0,0,0,0,0,0,0,0,0,0,0,
Oregon,Klamath,41035,2,30,27,22,23,16,20,13,11,9,8,16.45454545,
Oregon,Lake,41037,10,41,41,39,13,0,41,41,0,35,26,26.09090909,
Oregon,Lane,41039,0,3,3,3,0,0,0,0,0,0,0,0.818181818,
Oregon,Lincoln,41041,0,0,0,0,0,0,0,0,0,0,0,0,
Oregon,Linn,41043,0,6,5,5,4,3,0,0,0,0,2,2.272727273,
Oregon,Malheur,41045,30,179,168,166,116,82,81,76,0,82,111,99.18181818,
Oregon,Marion,41047,2,73,70,70,72,2,2,1,0,0,9,27.36363636,
Oregon,Morrow,41049,23,342,332,66,70,2,2,43,2,96,11,89.90909091,
Oregon,Multnomah,41051,0,2,1,1,2,0,0,0,0,0,0,0.545454545,
Oregon,Polk,41053,4,44,44,35,33,15,15,6,0,0,11,18.81818182,
Oregon,Sherman,41055,17,335,339,339,0,0,0,1,0,135,0,106,
Oregon,Tillamook,41057,0,0,0,0,0,0,0,0,0,0,0,0,
Oregon,Umatilla,41059,163,991,997,268,49,2,7,24,4,478,56,276.2727273,
Oregon,Union,41061,23,251,277,270,192,0,3,1,5,190,470,152.9090909,
Oregon,Wallowa,41063,31,172,79,166,117,5,0,10,0,49,76,64.09090909,
Oregon,Wasco,41065,6,216,212,221,0,22,20,26,0,57,0,70.90909091,
Oregon,Washington,41067,15,172,162,159,148,62,129,24,0,1,13,80.45454545,
Oregon,Wheeler,41069,3,7,8,7,0,0,0,1,2,2,5,3.181818182,
Oregon,Yamhill,41071,21,159,135,134,125,41,45,8,0,0,40,64.36363636,
Pennsylvania,Adams,42001,0,131,124,100,128,129,11,0,0,0,508,102.8181818,
Pennsylvania,Allegheny,42003,0,4,4,2,2,3,3,0,0,2,9,2.636363636,
Pennsylvania,Armstrong,42005,3,107,104,113,84,44,14,0,0,0,216,62.27272727,
Pennsylvania,Beaver,42007,5,30,26,1,20,14,15,0,0,0,90,18.27272727,
Pennsylvania,Bedford,42009,9,130,119,85,80,1,15,0,0,0,412,77.36363636,
Pennsylvania,Berks,42011,0,249,238,71,203,170,0,0,0,0,765,154.1818182,
Pennsylvania,Blair,42013,1,85,82,27,46,12,72,0,0,0,223,49.81818182,
Pennsylvania,Bradford,42015,60,172,163,28,161,161,10,0,0,73,25,77.54545455,
Pennsylvania,Bucks,42017,17,59,52,29,55,54,0,0,0,0,441,64.27272727,
Pennsylvania,Butler,42019,5,119,118,81,82,106,1,0,0,0,205,65.18181818,
Pennsylvania,Cambria,42021,5,123,119,55,101,9,65,0,0,0,358,75.90909091,
Pennsylvania,Cameron,42023,0,5,5,5,3,1,0,0,0,0,0,1.727272727,
Pennsylvania,Carbon,42025,2,49,44,41,38,31,0,0,0,0,91,26.90909091,
Pennsylvania,Centre,42027,3,164,159,132,88,52,137,0,0,0,194,84.45454545,
Pennsylvania,Chester,42029,24,112,102,65,81,1,0,0,0,0,329,64.90909091,
Pennsylvania,Clarion,42031,9,116,109,24,12,76,76,0,0,0,1,38.45454545,
Pennsylvania,Clearfield,42033,2,60,56,39,56,2,7,0,0,0,182,36.72727273,
Pennsylvania,Clinton,42035,1,47,44,6,19,16,38,0,0,0,0,15.54545455,
Pennsylvania,Columbia,42037,21,143,125,98,119,79,126,2,0,0,1,64.90909091,
Pennsylvania,Crawford,42039,46,183,110,136,56,28,49,0,0,0,2,55.45454545,
Pennsylvania,Cumberland,42041,5,233,234,177,193,131,7,0,0,0,580,141.8181818,
Pennsylvania,Dauphin,42043,2,90,100,47,54,66,83,0,0,0,8,40.90909091,
Pennsylvania,Delaware,42045,0,6,7,3,4,0,0,0,0,0,15,3.181818182,
Pennsylvania,Elk,42047,0,10,10,10,9,1,0,0,0,0,10,4.545454545,
Pennsylvania,Erie,42049,11,104,98,73,3,19,1,0,0,0,319,57.09090909,
Pennsylvania,Fayette,42051,6,120,115,76,71,32,2,0,0,0,203,56.81818182,
Pennsylvania,Forest,42053,1,7,5,6,0,1,0,0,0,0,0,1.818181818,
Pennsylvania,Franklin,42055,7,240,211,89,96,74,0,0,0,0,619,121.4545455,
Pennsylvania,Fulton,42057,2,48,43,25,27,0,5,0,0,0,201,31.90909091,
Pennsylvania,Greene,42059,1,9,8,5,4,0,0,0,0,0,0,2.454545455,
Pennsylvania,Huntingdon,42061,4,146,137,52,137,46,128,0,0,0,159,73.54545455,
Pennsylvania,Indiana,42063,6,162,155,121,132,103,104,0,0,0,388,106.4545455,
Pennsylvania,Jefferson,42065,5,61,57,49,3,2,0,0,0,0,164,31,
Pennsylvania,Juniata,42067,6,92,86,16,53,61,82,0,1,0,0,36.09090909,
Pennsylvania,Lackawanna,42069,2,25,27,10,24,4,0,0,0,0,6,8.909090909,
Pennsylvania,Lancaster,42071,0,322,309,10,238,89,1,0,0,0,822,162.8181818,
Pennsylvania,Lawrence,42073,12,124,123,111,61,107,0,0,0,0,3,49.18181818,
Pennsylvania,Lebanon,42075,0,93,98,44,92,36,0,0,0,0,240,54.81818182,
Pennsylvania,Lehigh,42077,10,65,61,51,57,65,1,0,0,0,518,75.27272727,
Pennsylvania,Luzerne,42079,1,67,69,62,68,40,2,0,0,0,115,38.54545455,
Pennsylvania,Lycoming,42081,0,210,203,112,155,3,4,0,0,0,0,62.45454545,
Pennsylvania,McKean,42083,5,27,29,29,10,3,0,0,0,1,20,11.27272727,
Pennsylvania,Mercer,42085,32,289,276,273,206,181,0,0,0,0,532,162.6363636,
Pennsylvania,Mifflin,42087,0,45,45,0,54,24,67,0,0,0,0,21.36363636,
Pennsylvania,Monroe,42089,0,27,25,22,21,19,0,0,0,0,116,20.90909091,
Pennsylvania,Montgomery,42091,18,52,36,34,37,34,33,0,0,0,117,32.81818182,
Pennsylvania,Montour,42093,5,60,54,45,49,51,54,33,0,0,0,31.90909091,
Pennsylvania,Northampton,42095,1,78,74,71,77,59,0,0,0,0,503,78.45454545,
Pennsylvania,Northumberland,42097,15,127,143,65,124,72,15,1,1,0,0,51.18181818,
Pennsylvania,Perry,42099,2,96,105,82,58,92,95,0,0,0,232,69.27272727,
Pennsylvania,Philadelphia,42101,0,0,0,0,0,0,0,0,0,0,0,0,
Pennsylvania,Pike,42103,0,2,2,2,2,0,0,0,0,0,2,0.909090909,
Pennsylvania,Potter,42105,4,54,54,32,24,1,0,0,0,0,2,15.54545455,
Pennsylvania,Schuylkill,42107,34,179,172,135,156,142,1,0,0,0,49,78.90909091,
Pennsylvania,Snyder,42109,5,81,74,64,1,19,32,0,56,0,0,30.18181818,
Pennsylvania,Somerset,42111,6,115,105,105,109,0,0,0,0,0,227,60.63636364,
Pennsylvania,Sullivan,42113,8,23,21,24,10,9,15,0,12,14,1,12.45454545,
Pennsylvania,Susquehanna,42115,0,37,38,16,38,38,0,0,0,0,0,15.18181818,
Pennsylvania,Tioga,42117,4,82,86,59,78,14,6,0,0,0,0,29.90909091,
Pennsylvania,Union,42119,0,46,47,39,47,22,47,0,1,0,0,22.63636364,
Pennsylvania,Venango,42121,4,53,0,18,12,43,2,0,0,0,23,14.09090909,
Pennsylvania,Warren,42123,1,42,6,10,0,5,0,0,0,0,1,5.909090909,
Pennsylvania,Washington,42125,3,51,47,45,31,1,5,0,0,0,15,18,
Pennsylvania,Wayne,42127,0,34,34,1,35,28,0,0,0,0,0,12,
Pennsylvania,Westmoreland,42129,5,106,101,69,76,45,0,0,0,0,368,70,
Pennsylvania,Wyoming,42131,0,18,24,14,26,18,6,0,0,0,0,9.636363636,
Pennsylvania,York,42133,49,290,251,87,241,5,2,0,0,0,1797,247.4545455,
Rhode Island,Bristol,44001,0,1,1,0,0,0,1,0,0,0,0,0.272727273,
Rhode Island,Kent,44003,0,2,3,1,0,0,3,0,0,0,0,0.818181818,
Rhode Island,Newport,44005,0,3,5,0,0,0,5,0,0,0,0,1.181818182,
Rhode Island,Providence,44007,0,4,4,0,0,0,4,0,0,0,0,1.090909091,
Rhode Island,Washington,44009,0,5,6,0,0,0,0,0,0,0,0,1,
South Carolina,Abbeville,45001,0,26,21,19,3,9,0,0,0,0,6,7.636363636,
South Carolina,Aiken,45003,22,76,65,59,44,68,60,0,55,38,173,60,
South Carolina,Allendale,45005,26,136,130,100,75,79,52,0,0,0,172,70,
South Carolina,Anderson,45007,5,91,92,91,8,43,13,0,0,0,123,42.36363636,
South Carolina,Bamberg,45009,113,152,136,76,57,134,59,0,0,0,314,94.63636364,
South Carolina,Barnwell,45011,99,150,154,107,44,87,14,0,2,0,315,88.36363636,
South Carolina,Beaufort,45013,0,2,2,0,0,3,3,0,2,0,2,1.272727273,
South Carolina,Berkeley,45015,16,33,25,15,34,24,18,0,22,0,121,28,
South Carolina,Calhoun,45017,89,165,156,42,92,149,0,0,3,0,403,99.90909091,
South Carolina,Charleston,45019,0,1,1,0,0,2,1,0,0,0,4,0.818181818,
South Carolina,Cherokee,45021,0,23,22,17,4,14,0,0,0,0,22,9.272727273,
South Carolina,Chester,45023,2,19,18,15,12,19,0,0,0,1,59,13.18181818,
South Carolina,Chesterfield,45025,19,126,116,65,47,66,0,0,0,0,334,70.27272727,
South Carolina,Clarendon,45027,55,167,166,133,123,150,8,0,0,0,1345,195.1818182,
South Carolina,Colleton,45029,46,133,100,64,57,103,54,0,0,0,355,82.90909091,
South Carolina,Darlington,45031,56,145,109,106,118,158,90,0,0,0,1086,169.8181818,
South Carolina,Dillon,45033,44,215,165,192,167,183,39,0,0,0,798,163.9090909,
South Carolina,Dorchester,45035,72,129,128,71,1,117,10,0,5,0,580,101.1818182,
South Carolina,Edgefield,45037,2,9,4,5,2,12,0,0,0,0,38,6.545454545,
South Carolina,Fairfield,45039,0,1,1,1,0,3,0,0,0,0,5,1,
South Carolina,Florence,45041,68,179,166,123,162,169,80,21,20,0,1535,229.3636364,
South Carolina,Georgetown,45043,33,111,86,14,57,64,57,0,0,0,255,61.54545455,
South Carolina,Greenville,45045,0,16,12,10,3,3,1,0,0,0,4,4.454545455,
South Carolina,Greenwood,45047,0,9,8,8,1,4,0,0,5,0,6,3.727272727,
South Carolina,Hampton,45049,231,208,180,125,1,148,46,0,7,0,532,134.3636364,
South Carolina,Horry,45051,197,335,253,225,253,210,162,0,0,0,1980,328.6363636,
South Carolina,Jasper,45053,9,30,30,13,0,27,12,0,26,0,33,16.36363636,
South Carolina,Kershaw,45055,10,41,38,27,18,24,12,0,0,0,72,22,
South Carolina,Lancaster,45057,0,18,17,14,10,11,0,0,0,13,28,10.09090909,
South Carolina,Laurens,45059,0,39,36,31,0,11,12,0,9,0,19,14.27272727,
South Carolina,Lee,45061,62,123,120,99,90,137,24,0,0,0,828,134.8181818,
South Carolina,Lexington,45063,32,98,88,10,47,85,4,0,51,0,148,51.18181818,
South Carolina,McCormick,45065,0,1,1,1,0,4,0,0,1,0,1,0.818181818,
South Carolina,Marion,45067,60,118,128,113,103,120,44,0,0,0,643,120.8181818,
South Carolina,Marlboro,45069,53,134,113,110,88,106,0,0,0,0,646,113.6363636,
South Carolina,Newberry,45071,16,53,51,30,0,23,0,0,0,0,107,25.45454545,
South Carolina,Oconee,45073,0,13,12,11,4,8,1,0,0,0,9,5.272727273,
South Carolina,Orangeburg,45075,132,196,200,93,56,186,17,0,0,0,1180,187.2727273,
South Carolina,Pickens,45077,0,4,4,4,2,1,1,0,0,0,0,1.454545455,
South Carolina,Richland,45079,9,25,27,19,27,36,2,0,0,0,142,26.09090909,
South Carolina,Saluda,45081,3,46,36,35,10,34,0,0,0,0,92,23.27272727,
South Carolina,Spartanburg,45083,3,29,27,18,2,15,0,0,0,0,54,13.45454545,
South Carolina,Sumter,45085,51,138,130,89,89,109,32,0,0,0,727,124.0909091,
South Carolina,Union,45087,0,7,7,5,0,1,0,0,0,0,2,2,
South Carolina,Williamsburg,45089,62,209,205,152,162,189,23,0,3,0,1284,208.0909091,
South Carolina,York,45091,1,28,26,25,21,35,1,0,0,34,77,22.54545455,
South Dakota,Aurora,46003,35,449,441,301,0,111,1,122,0,250,856,233.2727273,
South Dakota,Beadle,46005,10,646,653,649,361,440,23,48,0,362,127,301.7272727,
South Dakota,Bennett,46007,0,41,27,16,6,10,5,10,42,4,63,20.36363636,
South Dakota,Bon Homme,46009,81,746,718,706,201,328,9,19,470,252,1271,436.4545455,
South Dakota,Brookings,46011,48,794,445,252,368,571,219,72,0,12,130,264.6363636,
South Dakota,Brown,46013,23,862,388,866,813,108,1,209,0,21,103,308.5454545,
South Dakota,Brule,46015,15,351,350,334,80,247,0,153,0,273,88,171.9090909,
South Dakota,Buffalo,46017,5,66,65,69,58,18,0,22,0,55,4,32.90909091,
South Dakota,Butte,46019,4,160,194,196,84,36,40,149,37,1,188,99,
South Dakota,Campbell,46021,59,240,225,249,176,30,18,187,7,2,4,108.8181818,
South Dakota,Charles Mix,46023,131,841,824,820,280,349,0,35,2,537,203,365.6363636,
South Dakota,Clark,46025,81,206,414,532,385,451,71,35,0,372,1530,370.6363636,
South Dakota,Clay,46027,66,143,575,565,564,319,4,86,10,65,1421,347.0909091,
South Dakota,Codington,46029,73,510,506,384,346,440,5,19,0,12,1335,330,
South Dakota,Corson,46031,7,170,224,249,101,131,105,115,15,17,5,103.5454545,
South Dakota,Custer,46033,2,4,1,8,4,0,0,4,0,7,18,4.363636364,
South Dakota,Davison,46035,150,455,462,452,87,79,6,61,1,180,1038,270.0909091,
South Dakota,Day,46037,54,513,517,417,11,44,5,51,0,9,63,153.0909091,
South Dakota,Deuel,46039,42,578,464,470,426,473,138,18,0,0,98,246.0909091,
South Dakota,Dewey,46041,27,140,184,172,42,71,143,162,75,164,4,107.6363636,
South Dakota,Douglas,46043,4,519,524,520,222,192,73,63,7,291,1192,327.9090909,
South Dakota,Edmunds,46045,74,122,467,483,481,59,1,425,0,0,172,207.6363636,
South Dakota,Fall River,46047,16,46,48,46,5,4,39,4,7,7,57,25.36363636,
South Dakota,Faulk,46049,42,276,289,301,307,99,9,66,0,5,26,129.0909091,
South Dakota,Grant,46051,71,374,388,487,400,365,32,0,0,0,1073,290,
South Dakota,Gregory,46053,79,576,571,557,141,365,12,32,141,19,444,267,
South Dakota,Haakon,46055,15,109,109,118,94,26,19,49,55,9,33,57.81818182,
South Dakota,Hamlin,46057,26,401,242,242,221,333,106,19,0,22,1176,253.4545455,
South Dakota,Hand,46059,91,270,588,400,257,58,17,98,0,223,426,220.7272727,
South Dakota,Hanson,46061,25,370,381,47,48,162,2,56,1,85,949,193.2727273,
South Dakota,Harding,46063,3,76,77,78,13,19,21,60,4,0,94,40.45454545,
South Dakota,Hughes,46065,45,252,257,265,220,21,9,84,0,148,311,146.5454545,
South Dakota,Hutchinson,46067,111,949,928,945,246,247,33,25,447,210,2137,570.7272727,
South Dakota,Hyde,46069,42,203,398,242,167,50,0,18,0,24,313,132.4545455,
South Dakota,Jackson,46071,9,62,50,73,36,8,9,18,12,0,32,28.09090909,
South Dakota,Jerauld,46073,45,144,225,227,108,84,0,18,0,220,12,98.45454545,
South Dakota,Jones,46075,15,166,156,163,40,2,5,54,10,0,322,84.81818182,
South Dakota,Kingsbury,46077,101,589,369,374,362,506,268,45,0,321,1880,437.7272727,
South Dakota,Lake,46079,34,595,616,36,211,452,30,24,0,157,228,216.6363636,
South Dakota,Lawrence,46081,3,10,21,26,7,2,2,17,2,0,10,9.090909091,
South Dakota,Lincoln,46083,50,827,831,80,779,513,2,6,0,35,1722,440.4545455,
South Dakota,Lyman,46085,7,295,309,313,134,41,0,119,11,3,834,187.8181818,
South Dakota,McCook,46087,35,631,629,118,183,355,11,106,12,59,1176,301.3636364,
South Dakota,McPherson,46089,4,374,295,370,373,107,39,315,0,0,2,170.8181818,
South Dakota,Marshall,46091,18,393,254,251,0,297,29,0,0,0,978,201.8181818,
South Dakota,Meade,46093,12,142,147,154,15,7,9,17,24,0,46,52.09090909,
South Dakota,Mellette,46095,10,149,159,153,40,24,16,64,48,5,168,76,
South Dakota,Miner,46097,53,424,390,206,123,342,1,32,0,100,50,156.4545455,
South Dakota,Minnehaha,46099,38,921,914,27,257,605,13,19,0,87,52,266.6363636,
South Dakota,Moody,46101,13,564,158,185,224,431,158,15,0,5,1356,282.6363636,
South Dakota,Pennington,46103,1,36,30,42,12,0,0,0,0,1,13,12.27272727,
South Dakota,Perkins,46105,34,218,409,405,35,10,5,70,23,5,221,130.4545455,
South Dakota,Potter,46107,86,240,276,276,217,144,23,103,6,29,287,153.3636364,
South Dakota,Roberts,46109,14,727,504,500,510,99,29,2,0,0,2315,427.2727273,
South Dakota,Sanborn,46111,36,347,185,210,152,234,93,67,0,240,813,216.0909091,
South Dakota,Shannon,46113,2,3,7,5,8,1,1,2,7,16,43,8.636363636,
South Dakota,Spink,46115,42,740,757,774,487,267,22,73,0,380,294,348.7272727,
South Dakota,Stanley,46117,8,121,93,130,79,16,15,85,86,52,27,64.72727273,
South Dakota,Sully,46119,2,333,333,348,352,38,19,44,5,234,73,161.9090909,
South Dakota,Todd,46121,20,116,103,107,81,38,5,48,57,23,138,66.90909091,
South Dakota,Tripp,46123,64,678,685,686,55,227,24,504,521,5,1538,453.3636364,
South Dakota,Turner,46125,143,911,902,879,850,424,38,23,57,146,1890,569.3636364,
South Dakota,Union,46127,14,645,643,90,608,482,32,8,0,48,1642,382.9090909,
South Dakota,Walworth,46129,9,94,251,260,25,112,1,127,0,0,251,102.7272727,
South Dakota,Yankton,46135,36,736,717,715,686,418,13,144,457,162,247,393.7272727,
South Dakota,Ziebach,46137,11,155,156,174,108,23,30,107,37,45,20,78.72727273,
Tennessee,Anderson,47001,0,0,4,0,0,0,0,0,0,0,0,0.363636364,
Tennessee,Bedford,47003,0,175,160,143,152,88,15,0,0,0,247,89.09090909,
Tennessee,Benton,47005,19,121,199,72,70,75,0,0,0,0,328,80.36363636,
Tennessee,Bledsoe,47007,2,63,66,25,51,16,9,0,0,0,72,27.63636364,
Tennessee,Blount,47009,0,22,42,26,18,22,0,0,12,20,68,20.90909091,
Tennessee,Bradley,47011,0,39,39,38,9,9,9,0,0,1,55,18.09090909,
Tennessee,Campbell,47013,0,0,9,0,0,0,0,0,0,0,0,0.818181818,
Tennessee,Cannon,47015,0,71,60,4,30,54,0,0,0,0,146,33.18181818,
Tennessee,Carroll,47017,2,514,521,235,434,302,30,0,0,0,1511,322.6363636,
Tennessee,Carter,47019,0,12,11,3,3,0,0,0,0,0,21,4.545454545,
Tennessee,Cheatham,47021,8,9,22,16,12,0,3,0,0,0,45,10.45454545,
Tennessee,Chester,47023,5,234,229,168,181,101,7,0,0,0,428,123,
Tennessee,Claiborne,47025,0,4,16,11,0,0,0,0,0,0,3,3.090909091,
Tennessee,Clay,47027,1,77,68,77,44,36,38,0,0,0,60,36.45454545,
Tennessee,Cocke,47029,3,4,7,2,0,2,0,0,0,0,7,2.272727273,
Tennessee,Coffee,47031,4,267,246,137,135,149,17,0,0,0,595,140.9090909,
Tennessee,Crockett,47033,5,540,498,358,73,364,3,0,10,0,1067,265.2727273,
Tennessee,Cumberland,47035,0,47,50,24,21,7,9,0,0,0,45,18.45454545,
Tennessee,Davidson,47037,0,2,3,2,2,2,1,0,0,2,3,1.545454545,
Tennessee,Decatur,47039,4,71,110,133,112,60,5,0,0,0,269,69.45454545,
Tennessee,DeKalb,47041,0,59,64,65,44,31,0,0,0,0,89,32,
Tennessee,Dickson,47043,0,28,70,61,27,12,6,0,0,0,84,26.18181818,
Tennessee,Dyer,47045,33,1061,975,761,747,937,3,0,0,0,1888,582.2727273,
Tennessee,Fayette,47047,10,471,531,248,243,388,5,0,1,0,1182,279.9090909,
Tennessee,Fentress,47049,0,12,101,92,14,11,9,0,0,0,52,26.45454545,
Tennessee,Franklin,47051,0,229,265,142,145,165,48,0,0,0,774,160.7272727,
Tennessee,Gibson,47053,18,1088,1114,747,1046,13,15,0,0,0,2469,591.8181818,
Tennessee,Giles,47055,14,216,200,93,96,68,0,0,0,0,328,92.27272727,
Tennessee,Grainger,47057,0,19,19,16,8,5,0,0,0,0,4,6.454545455,
Tennessee,Greene,47059,7,71,149,73,53,28,0,0,0,0,90,42.81818182,
Tennessee,Grundy,47061,0,34,32,25,22,1,3,0,0,0,77,17.63636364,
Tennessee,Hamblen,47063,3,25,31,25,20,16,10,0,0,0,26,14.18181818,
Tennessee,Hamilton,47065,0,16,17,15,3,2,0,0,0,0,20,6.636363636,
Tennessee,Hancock,47067,0,1,4,4,1,0,0,0,0,0,0,0.909090909,
Tennessee,Hardeman,47069,2,281,377,200,273,16,3,0,1,0,720,170.2727273,
Tennessee,Hardin,47071,11,344,343,196,299,21,14,0,0,0,683,173.7272727,
Tennessee,Hawkins,47073,0,60,46,45,3,4,0,0,0,0,13,15.54545455,
Tennessee,Haywood,47075,3,490,456,296,90,470,41,0,275,0,1560,334.6363636,
Tennessee,Henderson,47077,9,306,399,248,354,231,18,0,0,0,1154,247.1818182,
Tennessee,Henry,47079,36,525,523,308,297,241,11,0,0,0,1104,276.8181818,
Tennessee,Hickman,47081,0,56,79,50,56,34,18,27,54,0,178,50.18181818,
Tennessee,Houston,47083,1,16,20,17,16,0,0,0,0,0,1,6.454545455,
Tennessee,Humphreys,47085,1,29,38,38,33,23,4,0,0,0,120,26,
Tennessee,Jackson,47087,0,19,33,37,18,13,13,0,0,28,34,17.72727273,
Tennessee,Jefferson,47089,0,6,24,16,22,9,0,0,0,0,23,9.090909091,
Tennessee,Johnson,47091,0,24,25,24,1,5,0,0,0,0,33,10.18181818,
Tennessee,Knox,47093,0,21,15,6,5,3,0,0,0,0,0,4.545454545,
Tennessee,Lake,47095,40,149,130,93,97,139,3,0,0,0,524,106.8181818,
Tennessee,Lauderdale,47097,21,546,581,400,384,465,31,0,17,4,1556,364.0909091,
Tennessee,Lawrence,47099,2,329,321,245,288,192,48,0,0,0,451,170.5454545,
Tennessee,Lewis,47101,1,12,15,12,10,4,4,0,0,0,20,7.090909091,
Tennessee,Lincoln,47103,2,164,180,126,26,5,0,0,0,0,724,111.5454545,
Tennessee,Loudon,47105,1,31,30,27,24,25,33,0,0,1,55,20.63636364,
Tennessee,McMinn,47107,0,94,106,86,49,32,2,0,0,0,259,57.09090909,
Tennessee,McNairy,47109,6,501,506,372,375,219,4,0,0,0,779,251.0909091,
Tennessee,Macon,47111,3,109,139,7,5,86,67,0,0,0,195,55.54545455,
Tennessee,Madison,47113,2,733,855,672,147,74,5,0,9,0,1552,368.0909091,
Tennessee,Marion,47115,0,18,19,10,19,17,0,0,0,0,51,12.18181818,
Tennessee,Marshall,47117,1,145,136,114,112,11,9,0,2,0,161,62.81818182,
Tennessee,Maury,47119,0,130,144,45,122,88,14,0,109,0,301,86.63636364,
Tennessee,Meigs,47121,0,49,43,32,15,11,0,0,0,0,68,19.81818182,
Tennessee,Monroe,47123,1,38,54,37,8,25,2,0,0,0,95,23.63636364,
Tennessee,Montgomery,47125,84,164,145,76,25,18,14,0,0,0,451,88.81818182,
Tennessee,Moore,47127,0,1,1,0,1,5,0,0,0,0,3,1,
Tennessee,Morgan,47129,0,15,14,2,2,1,1,0,0,0,7,3.818181818,
Tennessee,Obion,47131,21,762,790,178,549,99,78,0,0,0,2158,421.3636364,
Tennessee,Overton,47133,111,149,141,130,65,44,34,0,0,0,262,85.09090909,
Tennessee,Perry,47135,0,62,68,39,41,29,10,0,0,0,106,32.27272727,
Tennessee,Pickett,47137,0,68,63,54,23,18,17,0,0,0,123,33.27272727,
Tennessee,Polk,47139,0,23,21,20,10,11,1,0,0,2,56,13.09090909,
Tennessee,Putnam,47141,0,32,29,22,10,5,3,0,0,0,31,12,
Tennessee,Rhea,47143,4,31,29,26,15,8,0,0,0,0,63,16,
Tennessee,Roane,47145,0,0,4,4,0,0,0,0,0,0,0,0.727272727,
Tennessee,Robertson,47147,24,492,487,290,284,360,97,0,0,0,1032,278.7272727,
Tennessee,Rutherford,47149,0,71,68,47,41,44,2,0,0,0,144,37.90909091,
Tennessee,Scott,47151,0,6,4,0,0,0,0,0,0,0,2,1.090909091,
Tennessee,Sequatchie,47153,2,10,15,16,13,9,2,0,0,0,26,8.454545455,
Tennessee,Sevier,47155,0,4,6,5,2,1,0,0,0,0,5,2.090909091,
Tennessee,Shelby,47157,22,155,129,86,78,150,8,0,0,3,455,98.72727273,
Tennessee,Smith,47159,0,21,60,62,25,38,1,0,0,0,108,28.63636364,
Tennessee,Stewart,47161,2,36,32,15,27,0,0,4,0,0,83,18.09090909,
Tennessee,Sullivan,47163,0,1,24,25,1,2,0,0,0,0,2,5,
Tennessee,Sumner,47165,1,137,188,117,180,155,5,0,0,0,423,109.6363636,
Tennessee,Tipton,47167,12,391,399,187,193,414,4,0,0,0,1332,266.5454545,
Tennessee,Trousdale,47169,0,18,23,15,10,23,11,0,0,0,29,11.72727273,
Tennessee,Unicoi,47171,0,0,0,0,0,0,0,0,0,0,0,0,
Tennessee,Union,47173,0,1,2,2,0,0,0,0,0,0,1,0.545454545,
Tennessee,Van Buren,47175,0,18,17,3,3,0,0,0,0,0,4,4.090909091,
Tennessee,Warren,47177,0,90,161,92,34,123,7,0,0,0,233,67.27272727,
Tennessee,Washington,47179,1,16,108,20,5,15,0,0,0,0,74,21.72727273,
Tennessee,Wayne,47181,1,48,69,45,53,26,12,0,0,0,30,25.81818182,
Tennessee,Weakley,47183,80,924,894,402,800,636,10,0,0,0,2832,598,
Tennessee,White,47185,0,2,42,1,41,34,2,0,0,0,39,14.63636364,
Tennessee,Williamson,47187,0,58,74,49,60,47,25,0,34,0,59,36.90909091,
Tennessee,Wilson,47189,0,2,5,5,0,10,0,0,0,0,50,6.545454545,
Texas,Anderson,48001,0,0,0,0,0,0,0,0,0,0,0,0,
Texas,Andrews,48003,24,7,9,10,7,0,0,3,2,18,64,13.09090909,
Texas,Angelina,48005,0,0,0,0,0,0,0,0,0,0,0,0,
Texas,Aransas,48007,0,0,0,0,0,0,0,4,5,2,6,1.545454545,
Texas,Archer,48009,1,2,2,2,10,4,4,1,97,13,16,13.81818182,
Texas,Armstrong,48011,0,14,17,14,24,2,2,0,51,92,108,29.45454545,
Texas,Atascosa,48013,55,2,2,1,9,0,0,0,2,3,7,7.363636364,
Texas,Austin,48015,42,5,2,1,2,1,1,0,1,12,54,11,
Texas,Bailey,48017,75,241,213,0,349,81,12,48,303,326,921,233.5454545,
Texas,Bandera,48019,0,0,0,0,0,0,0,0,0,0,0,0,
Texas,Bastrop,48021,7,4,3,3,1,0,0,0,7,6,2,3,
Texas,Baylor,48023,8,1,1,1,93,49,49,20,135,83,101,49.18181818,
Texas,Bee,48025,0,0,1,1,8,0,85,27,125,79,342,60.72727273,
Texas,Bell,48027,0,22,23,13,61,0,0,0,13,79,712,83.90909091,
Texas,Bexar,48029,5,0,0,0,2,0,0,0,0,0,0,0.636363636,
Texas,Blanco,48031,0,1,1,0,1,0,0,0,0,0,0,0.272727273,
Texas,Borden,48033,2,0,0,0,92,0,0,0,67,28,199,35.27272727,
Texas,Bosque,48035,0,3,2,1,2,0,0,0,1,0,2,1,
Texas,Bowie,48037,13,32,33,9,36,28,9,15,26,32,61,26.72727273,
Texas,Brazoria,48039,159,26,20,24,14,0,0,0,5,16,100,33.09090909,
Texas,Brazos,48041,0,6,4,0,7,2,0,0,16,2,15,4.727272727,
Texas,Brewster,48043,0,0,0,0,0,0,0,0,0,0,0,0,
Texas,Briscoe,48045,37,82,84,14,76,6,4,26,184,228,323,96.72727273,
Texas,Brooks,48047,0,0,0,0,0,0,0,0,1,0,0,0.090909091,
Texas,Brown,48049,37,36,13,8,30,4,0,0,21,0,277,38.72727273,
Texas,Burleson,48051,0,5,6,3,11,4,0,0,22,9,49,9.909090909,
Texas,Burnet,48053,0,0,0,0,0,0,0,0,0,0,0,0,
Texas,Caldwell,48055,0,3,4,2,9,0,0,0,11,10,0,3.545454545,
Texas,Calhoun,48057,60,63,46,51,3,0,0,6,3,15,40,26.09090909,
Texas,Callahan,48059,10,47,174,166,31,0,0,0,41,29,90,53.45454545,
Texas,Cameron,48061,0,4,2,7,178,73,111,57,30,12,1310,162.1818182,
Texas,Camp,48063,0,0,0,0,0,0,0,0,0,0,0,0,
Texas,Carson,48065,23,151,140,145,31,3,0,0,82,164,463,109.2727273,
Texas,Cass,48067,0,0,0,0,0,0,0,0,0,0,0,0,
Texas,Castro,48069,16,515,467,507,47,115,8,64,262,381,1345,338.8181818,
Texas,Chambers,48071,130,1,1,3,0,0,0,0,0,0,0,12.27272727,
Texas,Cherokee,48073,1,0,0,0,0,0,0,0,0,0,0,0.090909091,
Texas,Childress,48075,47,0,0,0,0,0,0,0,123,69,38,25.18181818,
Texas,Clay,48077,0,53,53,53,20,41,41,0,48,51,92,41.09090909,
Texas,Cochran,48079,149,105,79,116,106,8,5,36,220,216,914,177.6363636,
Texas,Coke,48081,0,0,0,0,5,0,0,0,15,5,34,5.363636364,
Texas,Coleman,48083,6,22,22,14,112,9,9,1,113,40,283,57.36363636,
Texas,Collin,48085,0,98,98,70,58,9,12,0,3,2,55,36.81818182,
Texas,Collingsworth,48087,348,0,0,0,5,0,0,0,83,114,111,60.09090909,
Texas,Colorado,48089,301,15,11,9,1,1,0,3,15,15,40,37.36363636,
Texas,Comal,48091,0,0,0,0,0,0,0,0,0,0,0,0,
Texas,Comanche,48093,139,78,70,68,24,7,6,1,25,25,37,43.63636364,
Texas,Concho,48095,0,6,9,4,129,1,2,18,315,201,232,83.36363636,
Texas,Cooke,48097,6,45,49,50,30,5,0,3,1,0,18,18.81818182,
Texas,Coryell,48099,0,40,44,41,17,0,0,0,28,33,178,34.63636364,
Texas,Cottle,48101,8,0,0,0,161,0,1,2,79,22,292,51.36363636,
Texas,Crane,48103,0,0,0,0,0,0,0,0,0,0,0,0,
Texas,Crockett,48105,0,0,0,0,0,0,0,0,0,0,0,0,
Texas,Crosby,48107,57,98,98,35,297,19,16,43,253,287,595,163.4545455,
Texas,Culberson,48109,0,3,0,1,0,0,0,0,0,2,0,0.545454545,
Texas,Dallam,48111,34,158,133,133,147,19,5,23,63,75,66,77.81818182,
Texas,Dallas,48113,0,17,15,4,13,15,0,2,2,1,63,12,
Texas,Dawson,48115,364,36,27,30,1205,6,16,6,362,337,898,298.8181818,
Texas,Deaf Smith,48117,10,210,177,23,48,8,5,8,347,372,800,182.5454545,
Texas,Delta,48119,0,40,41,28,40,28,14,1,17,0,71,25.45454545,
Texas,Denton,48121,12,78,74,61,33,1,0,0,1,5,41,27.81818182,
Texas,DeWitt,48123,4,7,6,0,6,1,1,0,16,4,48,8.454545455,
Texas,Dickens,48125,16,13,15,4,14,2,2,0,181,190,335,70.18181818,
Texas,Dimmit,48127,0,0,0,0,0,0,0,0,0,0,0,0,
Texas,Donley,48129,63,13,14,9,2,0,0,0,14,26,21,14.72727273,
Texas,Duval,48131,0,0,0,0,0,0,0,0,3,1,0,0.363636364,
Texas,Eastland,48133,69,15,5,3,5,0,0,0,0,0,72,15.36363636,
Texas,Ector,48135,0,0,0,0,0,0,0,0,0,0,0,0,
Texas,Edwards,48137,0,0,0,0,0,0,0,0,0,0,0,0,
Texas,Ellis,48139,0,369,356,84,386,284,0,9,216,237,1422,305.7272727,
Texas,El Paso,48141,21,27,5,19,0,0,0,0,0,1,4,7,
Texas,Erath,48143,17,0,0,0,0,0,0,0,0,0,1,1.636363636,
Texas,Falls,48145,0,26,25,15,30,1,1,0,60,61,391,55.45454545,
Texas,Fannin,48147,30,60,50,29,49,16,10,1,39,0,776,96.36363636,
Texas,Fayette,48149,27,0,0,0,0,0,0,0,0,0,0,2.454545455,
Texas,Fisher,48151,11,4,6,3,575,0,2,10,406,362,574,177.5454545,
Texas,Floyd,48153,51,407,398,40,379,12,8,217,532,614,1296,359.4545455,
Texas,Foard,48155,9,0,13,13,71,2,4,0,140,89,227,51.63636364,
Texas,Fort Bend,48157,63,131,121,0,132,0,0,0,258,247,543,135.9090909,
Texas,Franklin,48159,0,0,0,0,0,0,0,0,0,0,0,0,
Texas,Freestone,48161,0,0,0,0,0,0,0,0,0,0,0,0,
Texas,Frio,48163,30,24,15,20,12,5,12,9,5,6,17,14.09090909,
Texas,Gaines,48165,417,77,71,39,123,0,0,11,39,213,828,165.2727273,
Texas,Galveston,48167,17,0,0,0,0,0,0,0,0,0,0,1.545454545,
Texas,Garza,48169,2,9,12,1,193,1,1,5,134,101,206,60.45454545,
Texas,Gillespie,48171,0,17,16,18,15,0,0,0,0,1,4,6.454545455,
Texas,Glasscock,48173,13,0,7,7,329,0,0,4,199,274,407,112.7272727,
Texas,Goliad,48175,0,7,0,0,5,0,9,1,17,4,21,5.818181818,
Texas,Gonzales,48177,3,3,3,3,3,1,0,0,3,0,29,4.363636364,
Texas,Gray,48179,12,78,68,65,77,10,3,0,41,118,76,49.81818182,
Texas,Grayson,48181,16,35,29,25,39,5,2,0,2,4,145,27.45454545,
Texas,Gregg,48183,0,0,0,0,0,0,0,0,0,0,0,0,
Texas,Grimes,48185,0,0,0,0,0,0,0,0,0,0,0,0,
Texas,Guadalupe,48187,4,2,3,2,2,0,0,0,47,10,21,8.272727273,
Texas,Hale,48189,47,988,874,35,968,0,5,0,330,602,1840,517.1818182,
Texas,Hall,48191,207,0,0,0,0,0,0,2,93,93,81,43.27272727,
Texas,Hamilton,48193,3,80,85,83,47,32,1,6,72,29,62,45.45454545,
Texas,Hansford,48195,30,229,201,212,62,6,1,1,97,231,561,148.2727273,
Texas,Hardeman,48197,12,3,1,3,5,0,0,0,71,36,17,13.45454545,
Texas,Hardin,48199,5,0,0,0,0,0,0,0,0,0,0,0.454545455,
Texas,Harris,48201,54,2,2,0,3,0,0,0,1,0,1,5.727272727,
Texas,Harrison,48203,0,0,0,0,0,0,0,0,0,0,0,0,
Texas,Hartley,48205,8,118,106,93,49,0,3,4,18,30,35,42.18181818,
Texas,Haskell,48207,111,91,83,76,765,0,1,3,539,531,778,270.7272727,
Texas,Hays,48209,2,14,15,2,14,0,0,0,12,11,0,6.363636364,
Texas,Hemphill,48211,3,7,2,1,3,1,1,0,3,2,0,2.090909091,
Texas,Henderson,48213,0,0,0,0,0,0,0,0,0,0,0,0,
Texas,Hidalgo,48215,21,38,4,13,26,17,22,68,7,14,348,52.54545455,
Texas,Hill,48217,15,622,603,313,728,83,0,1,303,216,610,317.6363636,
Texas,Hockley,48219,200,207,128,99,599,38,24,27,443,493,1794,368.3636364,
Texas,Hood,48221,0,0,0,0,0,0,0,0,0,0,1,0.090909091,
Texas,Hopkins,48223,2,21,16,17,11,9,6,0,0,0,22,9.454545455,
Texas,Houston,48225,4,0,0,0,0,0,0,0,0,0,0,0.363636364,
Texas,Howard,48227,4,2,1,0,609,2,13,1,121,38,406,108.8181818,
Texas,Hudspeth,48229,3,7,2,4,0,0,0,0,0,2,27,4.090909091,
Texas,Hunt,48231,0,45,44,41,36,16,18,0,21,10,183,37.63636364,
Texas,Hutchinson,48233,0,7,6,3,9,5,0,0,9,16,19,6.727272727,
Texas,Irion,48235,0,0,0,0,0,0,0,0,0,0,0,0,
Texas,Jack,48237,0,3,10,8,1,1,1,0,4,3,18,4.454545455,
Texas,Jackson,48239,240,108,22,1,33,2,0,2,27,80,202,65.18181818,
Texas,Jasper,48241,0,0,0,0,0,0,0,0,0,0,0,0,
Texas,Jeff Davis,48243,0,0,0,0,0,0,0,0,0,0,0,0,
Texas,Jefferson,48245,235,0,0,0,0,0,0,0,0,0,0,21.36363636,
Texas,Jim Hogg,48247,0,0,0,0,0,0,0,0,0,0,0,0,
Texas,Jim Wells,48249,0,0,0,0,1,0,48,45,148,97,1,30.90909091,
Texas,Johnson,48251,10,21,29,3,28,14,0,0,41,5,115,24.18181818,
Texas,Jones,48253,14,62,63,65,677,1,23,5,568,445,526,222.6363636,
Texas,Karnes,48255,8,7,8,9,11,2,1,0,31,3,138,19.81818182,
Texas,Kaufman,48257,0,13,9,0,10,3,1,0,7,3,26,6.545454545,
Texas,Kendall,48259,0,1,1,1,1,0,0,1,1,0,10,1.454545455,
Texas,Kenedy,48261,0,0,0,0,0,0,0,0,0,0,0,0,
Texas,Kent,48263,2,1,1,2,27,0,0,0,56,53,149,26.45454545,
Texas,Kerr,48265,0,0,0,0,0,0,0,0,0,0,0,0,
Texas,Kimble,48267,0,0,0,0,0,0,0,0,0,0,0,0,
Texas,King,48269,1,0,0,0,22,0,0,0,9,1,51,7.636363636,
Texas,Kinney,48271,1,2,2,1,1,0,0,1,1,0,0,0.818181818,
Texas,Kleberg,48273,0,0,0,0,0,0,0,9,52,67,209,30.63636364,
Texas,Knox,48275,10,16,4,1,190,4,6,0,196,149,322,81.63636364,
Texas,Lamar,48277,17,135,105,60,139,28,69,0,84,2,327,87.81818182,
Texas,Lamb,48279,81,667,600,40,858,8,15,13,355,559,2097,481.1818182,
Texas,Lampasas,48281,0,0,0,0,0,0,0,0,2,0,0,0.181818182,
Texas,La Salle,48283,6,0,0,0,0,0,0,0,0,0,0,0.545454545,
Texas,Lavaca,48285,18,14,15,5,11,2,0,0,0,0,0,5.909090909,
Texas,Lee,48287,65,0,0,0,0,0,0,0,0,0,0,5.909090909,
Texas,Leon,48289,0,0,0,0,0,0,0,0,0,0,0,0,
Texas,Liberty,48291,128,5,5,2,5,0,1,4,0,3,3,14.18181818,
Texas,Limestone,48293,3,46,46,14,36,0,2,0,17,13,71,22.54545455,
Texas,Lipscomb,48295,0,29,22,17,36,10,0,0,15,22,27,16.18181818,
Texas,Live Oak,48297,2,0,0,2,2,0,19,5,47,30,117,20.36363636,
Texas,Llano,48299,0,0,0,0,0,0,0,0,0,0,1,0.090909091,
Texas,Loving,48301,0,0,0,0,0,0,0,0,0,0,0,0,
Texas,Lubbock,48303,189,266,217,218,801,22,30,1,435,659,1152,362.7272727,
Texas,Lynn,48305,86,46,46,46,740,0,2,30,493,669,1441,327.1818182,
Texas,McCulloch,48307,1,5,5,2,35,2,2,0,110,100,128,35.45454545,
Texas,McLennan,48309,6,279,276,245,243,9,14,0,78,67,613,166.3636364,
Texas,McMullen,48311,0,0,0,0,0,0,0,0,1,0,1,0.181818182,
Texas,Madison,48313,0,0,0,0,0,0,0,0,0,0,0,0,
Texas,Marion,48315,0,0,0,0,0,0,0,0,0,0,0,0,
Texas,Martin,48317,34,0,0,0,695,0,2,0,263,180,354,138.9090909,
Texas,Mason,48319,2,1,1,0,0,0,0,0,0,0,61,5.909090909,
Texas,Matagorda,48321,272,126,115,59,16,1,0,0,62,102,355,100.7272727,
Texas,Maverick,48323,0,0,0,0,0,0,0,0,0,0,0,0,
Texas,Medina,48325,17,81,81,3,60,11,10,27,32,22,74,38,
Texas,Menard,48327,0,0,0,0,1,0,0,0,19,18,15,4.818181818,
Texas,Midland,48329,0,0,0,0,13,0,0,2,6,13,14,4.363636364,
Texas,Milam,48331,3,15,15,13,22,0,0,0,99,100,379,58.72727273,
Texas,Mills,48333,1,1,1,0,0,0,0,0,48,0,15,6,
Texas,Mitchell,48335,0,2,2,2,294,1,6,1,122,124,221,70.45454545,
Texas,Montague,48337,4,3,3,0,0,0,0,0,0,0,0,0.909090909,
Texas,Montgomery,48339,0,0,0,0,0,0,0,0,0,0,0,0,
Texas,Moore,48341,9,216,160,80,64,3,0,4,31,78,210,77.72727273,
Texas,Morris,48343,0,0,0,0,0,0,0,0,0,0,0,0,
Texas,Motley,48345,49,3,2,2,2,0,0,0,48,65,129,27.27272727,
Texas,Nacogdoches,48347,0,0,0,0,0,0,0,0,0,0,0,0,
Texas,Navarro,48349,0,111,121,28,165,6,0,0,96,67,312,82.36363636,
Texas,Newton,48351,0,0,0,0,0,0,0,0,0,0,0,0,
Texas,Nolan,48353,0,5,5,6,332,0,3,0,231,200,114,81.45454545,
Texas,Nueces,48355,1,0,0,0,0,0,2,0,483,416,1690,235.6363636,
Texas,Ochiltree,48357,52,194,76,161,184,11,5,1,171,339,385,143.5454545,
Texas,Oldham,48359,2,10,10,22,17,1,1,0,63,74,125,29.54545455,
Texas,Orange,48361,3,0,0,0,0,0,0,0,0,0,0,0.272727273,
Texas,Palo Pinto,48363,0,0,0,0,0,0,0,0,1,0,3,0.363636364,
Texas,Panola,48365,1,0,0,0,0,0,0,0,0,0,0,0.090909091,
Texas,Parker,48367,0,0,0,0,0,0,0,0,0,0,3,0.272727273,
Texas,Parmer,48369,44,554,507,519,29,346,27,55,363,426,932,345.6363636,
Texas,Pecos,48371,2,0,0,0,4,0,0,0,0,0,24,2.727272727,
Texas,Polk,48373,0,0,0,0,0,0,0,0,0,0,0,0,
Texas,Potter,48375,0,0,0,0,1,0,0,0,14,30,29,6.727272727,
Texas,Presidio,48377,0,0,0,0,0,0,0,0,0,0,0,0,
Texas,Rains,48379,0,1,1,1,0,0,0,0,0,0,1,0.363636364,
Texas,Randall,48381,3,36,14,38,16,0,0,4,64,275,387,76.09090909,
Texas,Reagan,48383,0,0,0,0,140,0,0,6,100,112,167,47.72727273,
Texas,Real,48385,0,0,0,0,0,0,0,0,0,0,0,0,
Texas,Red River,48387,7,48,47,39,44,3,4,14,19,32,67,29.45454545,
Texas,Reeves,48389,0,0,2,0,0,0,0,0,0,0,0,0.181818182,
Texas,Refugio,48391,5,3,1,3,1,0,0,1,95,1,385,45,
Texas,Roberts,48393,0,7,7,7,8,0,0,0,6,21,9,5.909090909,
Texas,Robertson,48395,0,1,1,1,1,2,1,0,23,4,12,4.181818182,
Texas,Rockwall,48397,0,11,7,6,6,0,0,0,2,0,16,4.363636364,
Texas,Runnels,48399,4,17,14,0,355,10,6,35,407,411,472,157.3636364,
Texas,Rusk,48401,0,0,0,0,0,0,0,0,0,0,0,0,
Texas,Sabine,48403,0,0,0,0,0,0,0,0,0,0,0,0,
Texas,San Augustine,48405,0,0,0,0,0,0,0,0,0,0,0,0,
Texas,San Jacinto,48407,0,0,0,0,0,0,0,0,0,0,0,0,
Texas,San Patricio,48409,0,20,15,0,355,0,0,15,803,796,1944,358.9090909,
Texas,San Saba,48411,5,0,0,0,0,0,0,2,66,1,3,7,
Texas,Schleicher,48413,0,0,0,0,31,0,1,0,20,23,70,13.18181818,
Texas,Scurry,48415,0,4,4,6,399,0,11,5,205,195,543,124.7272727,
Texas,Shackelford,48417,7,47,21,47,73,0,0,0,71,50,67,34.81818182,
Texas,Shelby,48419,0,0,0,0,0,0,0,0,0,0,0,0,
Texas,Sherman,48421,10,237,210,78,246,39,11,15,91,137,217,117.3636364,
Texas,Smith,48423,0,0,0,0,0,0,0,0,0,0,0,0,
Texas,Somervell,48425,0,0,0,0,0,0,0,0,0,0,1,0.090909091,
Texas,Starr,48427,1,1,0,3,19,2,1,7,3,16,30,7.545454545,
Texas,Stephens,48429,5,88,90,42,100,12,0,0,28,29,49,40.27272727,
Texas,Sterling,48431,0,0,0,0,0,0,0,0,6,0,4,0.909090909,
Texas,Stonewall,48433,18,18,17,19,131,0,1,0,105,123,247,61.72727273,
Texas,Sutton,48435,0,0,0,0,0,0,0,0,0,0,0,0,
Texas,Swisher,48437,50,371,326,322,284,2,2,57,502,494,1446,350.5454545,
Texas,Tarrant,48439,0,4,3,0,3,0,0,0,1,0,10,1.909090909,
Texas,Taylor,48441,6,81,75,113,228,14,2,5,319,228,259,120.9090909,
Texas,Terrell,48443,0,0,0,0,0,0,0,0,0,0,0,0,
Texas,Terry,48445,502,111,82,2,578,5,6,71,321,384,861,265.7272727,
Texas,Throckmorton,48447,7,7,0,0,59,0,0,0,107,57,137,34,
Texas,Titus,48449,0,0,0,0,0,0,0,0,0,0,0,0,
Texas,Tom Green,48451,1,84,87,1,289,5,11,46,421,417,825,198.8181818,
Texas,Travis,48453,0,25,26,17,27,0,0,0,38,29,0,14.72727273,
Texas,Trinity,48455,0,0,0,0,0,0,0,0,0,0,0,0,
Texas,Tyler,48457,0,0,0,0,0,0,0,0,0,0,0,0,
Texas,Upshur,48459,0,0,0,0,0,0,0,0,0,0,0,0,
Texas,Upton,48461,0,0,0,0,38,0,0,1,16,19,30,9.454545455,
Texas,Uvalde,48463,9,41,34,15,31,0,2,4,4,7,103,22.72727273,
Texas,Val Verde,48465,0,0,0,0,0,0,0,0,0,0,0,0,
Texas,Van Zandt,48467,0,0,0,0,0,0,0,0,0,0,0,0,
Texas,Victoria,48469,40,87,9,0,14,35,0,13,24,29,5,23.27272727,
Texas,Walker,48471,0,0,0,0,0,0,0,0,0,0,0,0,
Texas,Waller,48473,32,3,2,0,0,0,0,0,0,0,6,3.909090909,
Texas,Ward,48475,0,0,0,0,0,0,0,0,0,0,0,0,
Texas,Washington,48477,0,0,0,0,0,0,0,0,0,0,1,0.090909091,
Texas,Webb,48479,0,0,0,0,0,2,0,0,1,0,0,0.272727273,
Texas,Wharton,48481,443,304,515,181,243,6,0,0,231,109,1781,346.6363636,
Texas,Wheeler,48483,26,8,11,1,14,0,0,0,24,1,49,12.18181818,
Texas,Wichita,48485,39,5,4,5,78,43,47,2,61,53,72,37.18181818,
Texas,Wilbarger,48487,102,24,1,20,462,1,11,4,180,95,29,84.45454545,
Texas,Willacy,48489,0,20,18,0,445,12,20,298,4,0,1425,203.8181818,
Texas,Williamson,48491,1,133,123,85,174,9,7,0,229,247,628,148.7272727,
Texas,Wilson,48493,62,37,11,8,23,0,23,0,39,0,98,27.36363636,
Texas,Winkler,48495,0,0,0,0,0,0,0,0,0,0,0,0,
Texas,Wise,48497,14,4,4,0,4,0,0,0,1,4,2,3,
Texas,Wood,48499,0,0,0,0,0,0,0,0,0,0,1,0.090909091,
Texas,Yoakum,48501,243,74,81,82,74,4,4,18,63,101,152,81.45454545,
Texas,Young,48503,6,3,3,2,19,6,4,1,99,30,57,20.90909091,
Texas,Zapata,48505,0,0,0,0,0,0,0,0,0,0,0,0,
Texas,Zavala,48507,1,4,0,5,4,1,0,0,0,0,3,1.636363636,
Utah,Beaver,49001,15,58,57,5,4,0,0,0,0,0,0,12.63636364,
Utah,Box Elder,49003,7,234,219,189,17,0,0,0,38,184,115,91.18181818,
Utah,Cache,49005,2,9,9,1,0,0,0,0,0,1,0,2,
Utah,Carbon,49007,5,10,7,0,0,0,0,0,0,0,0,2,
Utah,Daggett,49009,0,0,0,0,0,0,0,0,0,0,0,0,
Utah,Davis,49011,1,5,5,0,0,0,0,0,0,0,0,1,
Utah,Duchesne,49013,11,38,45,0,0,0,0,0,0,0,0,8.545454545,
Utah,Emery,49015,19,67,66,0,0,0,0,0,0,0,0,13.81818182,
Utah,Garfield,49017,0,0,0,0,0,0,0,0,0,0,0,0,
Utah,Grand,49019,0,0,0,0,0,0,0,0,0,0,0,0,
Utah,Iron,49021,5,31,32,2,3,0,0,0,0,0,0,6.636363636,
Utah,Juab,49023,1,40,39,1,1,0,0,0,0,0,0,7.454545455,
Utah,Kane,49025,0,0,0,0,0,0,0,0,0,0,0,0,
Utah,Millard,49027,2,157,155,7,7,7,1,0,0,0,6,31.09090909,
Utah,Morgan,49029,3,4,5,0,0,0,0,0,0,0,0,1.090909091,
Utah,Piute,49031,1,7,8,0,0,0,0,0,0,0,0,1.454545455,
Utah,Rich,49033,0,0,0,0,0,0,0,0,0,0,0,0,
Utah,Salt Lake,49035,0,0,0,0,0,0,0,0,0,0,0,0,
Utah,San Juan,49037,0,11,18,42,35,0,0,0,0,0,0,9.636363636,
Utah,Sanpete,49039,0,87,85,34,33,4,0,0,0,0,64,27.90909091,
Utah,Sevier,49041,11,73,70,8,7,0,0,0,0,0,0,15.36363636,
Utah,Summit,49043,0,0,0,0,0,0,0,0,0,0,0,0,
Utah,Tooele,49045,0,7,6,1,1,2,0,0,0,0,0,1.545454545,
Utah,Uintah,49047,5,30,34,0,0,0,0,0,0,0,0,6.272727273,
Utah,Utah,49049,6,75,69,2,1,0,0,0,0,0,0,13.90909091,
Utah,Wasatch,49051,0,0,0,0,0,0,0,0,0,0,0,0,
Utah,Washington,49053,0,6,6,3,3,0,0,0,0,0,0,1.636363636,
Utah,Wayne,49055,0,31,32,1,2,0,0,0,0,0,0,6,
Utah,Weber,49057,5,19,16,0,0,0,0,0,0,0,0,3.636363636,
Vermont,Addison,50001,0,143,44,143,35,1,1,0,0,0,7,34,
Vermont,Bennington,50003,0,6,5,6,6,0,0,0,0,0,42,5.909090909,
Vermont,Caledonia,50005,1,39,1,1,1,0,0,0,0,0,161,18.54545455,
Vermont,Chittenden,50007,3,47,42,44,5,0,0,0,0,26,97,24,
Vermont,Essex,50009,0,13,13,1,2,0,0,0,0,0,33,5.636363636,
Vermont,Franklin,50011,5,157,8,141,2,0,0,0,0,0,374,62.45454545,
Vermont,Grand Isle,50013,0,30,32,13,11,0,0,0,0,0,0,7.818181818,
Vermont,Lamoille,50015,1,29,0,2,2,0,0,0,0,0,0,3.090909091,
Vermont,Orange,50017,4,47,42,2,2,0,0,0,0,0,0,8.818181818,
Vermont,Orleans,50019,0,34,6,29,2,0,0,0,0,0,0,6.454545455,
Vermont,Rutland,50021,0,92,88,88,1,0,0,0,0,0,126,35.90909091,
Vermont,Washington,50023,2,15,13,12,1,0,0,0,0,0,82,11.36363636,
Vermont,Windham,50025,6,24,25,1,1,0,0,0,0,0,35,8.363636364,
Vermont,Windsor,50027,1,32,33,0,0,0,0,0,0,0,0,6,
Virginia,Accomack,51001,0,69,76,72,10,69,70,0,1,0,768,103.1818182,
Virginia,Albemarle,51003,6,15,18,5,3,16,2,0,0,0,18,7.545454545,
Virginia,Alleghany,51005,0,2,1,1,4,0,0,0,0,0,12,1.818181818,
Virginia,Amelia,51007,0,58,60,4,6,91,97,0,0,0,284,54.54545455,
Virginia,Amherst,51009,0,0,2,0,1,2,1,0,0,0,6,1.090909091,
Virginia,Appomattox,51011,0,18,17,17,15,13,3,1,0,0,54,12.54545455,
Virginia,Arlington,51013,0,0,0,0,0,0,0,0,0,0,0,0,
Virginia,Augusta,51015,0,38,38,39,20,25,26,50,0,57,199,44.72727273,
Virginia,Bath,51017,0,0,0,0,0,0,0,0,0,0,0,0,
Virginia,Bedford,51019,0,9,60,53,0,72,81,0,0,0,250,47.72727273,
Virginia,Bland,51021,3,11,39,37,37,47,0,0,0,0,9,16.63636364,
Virginia,Botetourt,51023,0,15,50,46,15,15,0,0,0,0,0,12.81818182,
Virginia,Brunswick,51025,18,173,169,158,149,135,130,0,0,0,301,112.0909091,
Virginia,Buchanan,51027,0,0,2,0,1,0,0,0,0,0,1,0.363636364,
Virginia,Buckingham,51029,12,3,36,31,8,9,28,0,1,0,35,14.81818182,
Virginia,Campbell,51031,0,62,61,54,51,54,29,30,0,0,127,42.54545455,
Virginia,Caroline,51033,4,42,47,26,35,58,56,0,0,0,502,70,
Virginia,Carroll,51035,0,2,24,2,28,24,0,0,0,0,62,12.90909091,
Virginia,Charles City,51036,1,13,13,13,10,14,8,0,0,0,148,20,
Virginia,Charlotte,51037,11,82,100,51,32,43,59,0,0,0,153,48.27272727,
Virginia,Chesterfield,51041,1,14,19,0,0,18,0,0,1,0,41,8.545454545,
Virginia,Clarke,51043,0,5,7,6,20,15,18,0,0,11,30,10.18181818,
Virginia,Craig,51045,0,5,15,4,18,1,17,0,0,0,40,9.090909091,
Virginia,Culpeper,51047,3,54,63,63,66,62,31,0,0,27,143,46.54545455,
Virginia,Cumberland,51049,4,5,8,25,22,12,4,0,0,0,58,12.54545455,
Virginia,Dickenson,51051,0,0,0,0,0,0,0,0,0,0,0,0,
Virginia,Dinwiddie,51053,46,122,118,137,114,119,103,0,0,0,359,101.6363636,
Virginia,Essex,51057,0,50,48,48,26,54,49,0,0,0,572,77,
Virginia,Fairfax,51059,0,0,0,0,0,0,0,0,0,0,0,0,
Virginia,Fauquier,51061,1,32,46,46,47,37,1,0,0,1,226,39.72727273,
Virginia,Floyd,51063,0,3,4,4,3,6,1,0,0,0,69,8.181818182,
Virginia,Fluvanna,51065,2,0,8,8,2,1,11,0,0,0,16,4.363636364,
Virginia,Franklin,51067,1,20,4,106,107,113,115,0,0,0,208,61.27272727,
Virginia,Frederick,51069,0,6,11,7,7,4,0,0,0,8,39,7.454545455,
Virginia,Giles,51071,0,0,0,0,0,1,1,0,0,0,8,0.909090909,
Virginia,Gloucester,51073,8,36,36,35,8,8,2,0,0,0,243,34.18181818,
Virginia,Goochland,51075,6,5,4,20,13,5,8,0,0,0,102,14.81818182,
Virginia,Grayson,51077,0,2,36,2,35,38,0,0,0,0,0,10.27272727,
Virginia,Greene,51079,0,10,24,10,10,20,11,0,0,0,27,10.18181818,
Virginia,Greensville,51081,66,75,71,66,57,70,22,0,0,0,449,79.63636364,
Virginia,Halifax,51083,12,64,77,68,68,33,61,0,0,0,73,41.45454545,
Virginia,Hanover,51085,9,60,56,53,53,65,58,0,0,0,467,74.63636364,
Virginia,Henrico,51087,0,14,16,16,8,21,7,0,0,0,71,13.90909091,
Virginia,Henry,51089,0,7,3,0,20,21,1,0,0,0,15,6.090909091,
Virginia,Highland,51091,0,1,1,1,1,0,0,0,0,0,2,0.545454545,
Virginia,Isle of Wight,51093,150,146,142,105,41,44,20,0,0,0,401,95.36363636,
Virginia,James City,51095,1,7,6,7,3,4,4,0,0,0,22,4.909090909,
Virginia,King and Queen,51097,7,47,52,54,27,52,23,0,0,0,518,70.90909091,
Virginia,King George,51099,2,26,22,24,28,20,19,0,0,0,88,20.81818182,
Virginia,King William,51101,4,45,46,45,17,15,13,0,0,0,306,44.63636364,
Virginia,Lancaster,51103,6,43,44,10,41,41,5,0,0,0,269,41.72727273,
Virginia,Lee,51105,0,55,46,38,40,8,0,0,0,0,4,17.36363636,
Virginia,Loudoun,51107,0,18,20,22,21,1,0,0,0,4,40,11.45454545,
Virginia,Louisa,51109,12,27,16,45,14,37,58,0,0,0,135,31.27272727,
Virginia,Lunenburg,51111,0,50,47,47,22,37,37,0,0,0,47,26.09090909,
Virginia,Madison,51113,1,71,73,71,73,47,49,0,0,0,145,48.18181818,
Virginia,Mathews,51115,0,10,11,11,1,8,2,0,0,0,80,11.18181818,
Virginia,Mecklenburg,51117,0,80,84,85,83,59,54,1,0,30,204,61.81818182,
Virginia,Middlesex,51119,4,26,26,27,10,19,5,0,0,0,239,32.36363636,
Virginia,Montgomery,51121,1,6,12,13,5,37,11,0,0,0,65,13.63636364,
Virginia,Nelson,51125,2,0,6,0,0,5,0,0,0,0,8,1.909090909,
Virginia,New Kent,51127,8,20,18,21,14,16,14,0,0,0,124,21.36363636,
Virginia,Northampton,51131,2,54,58,48,23,55,49,0,50,0,342,61.90909091,
Virginia,Northumberland,51133,8,67,61,11,61,10,5,0,0,0,530,68.45454545,
Virginia,Nottoway,51135,3,27,55,50,21,27,36,0,0,0,109,29.81818182,
Virginia,Orange,51137,8,50,67,59,38,46,42,0,1,3,135,40.81818182,
Virginia,Page,51139,0,30,31,18,19,29,11,0,0,26,81,22.27272727,
Virginia,Patrick,51141,4,31,33,0,25,54,0,0,0,0,161,28,
Virginia,Pittsylvania,51143,0,135,123,74,68,121,4,0,0,0,47,52,
Virginia,Powhatan,51145,0,11,24,25,6,25,21,0,0,0,71,16.63636364,
Virginia,Prince Edward,51147,1,50,43,108,45,24,79,0,0,0,117,42.45454545,
Virginia,Prince George,51149,26,50,58,55,42,47,15,0,0,0,130,38.45454545,
Virginia,Prince William,51153,0,13,10,7,4,0,1,0,0,0,39,6.727272727,
Virginia,Pulaski,51155,0,2,3,2,4,21,2,0,0,0,0,3.090909091,
Virginia,Rappahannock,51157,0,3,5,3,2,2,1,4,0,1,6,2.454545455,
Virginia,Richmond,51159,3,105,101,99,23,88,5,0,0,0,482,82.36363636,
Virginia,Roanoke,51161,1,2,10,2,2,0,0,0,0,0,18,3.181818182,
Virginia,Rockbridge,51163,1,18,26,24,16,16,7,0,0,0,96,18.54545455,
Virginia,Rockingham,51165,0,141,139,120,124,31,38,0,0,136,397,102.3636364,
Virginia,Russell,51167,0,0,23,0,0,0,0,0,0,0,15,3.454545455,
Virginia,Scott,51169,0,99,99,0,0,0,0,0,0,0,0,18,
Virginia,Shenandoah,51171,0,54,46,65,29,26,1,0,0,25,180,38.72727273,
Virginia,Smyth,51173,0,46,44,2,2,36,0,0,0,0,63,17.54545455,
Virginia,Southampton,51175,275,257,277,155,167,160,63,0,0,0,462,165.0909091,
Virginia,Spotsylvania,51177,1,21,24,21,9,22,21,0,1,0,90,19.09090909,
Virginia,Stafford,51179,0,10,8,2,4,7,8,0,0,0,37,6.909090909,
Virginia,Surry,51181,60,70,67,67,64,10,3,0,0,0,282,56.63636364,
Virginia,Sussex,51183,102,124,125,116,97,106,81,0,0,0,421,106.5454545,
Virginia,Tazewell,51185,3,0,12,0,9,0,0,0,0,0,9,3,
Virginia,Warren,51187,0,2,3,4,1,0,0,0,0,0,1,1,
Virginia,Washington,51191,0,59,60,15,54,66,8,0,0,0,102,33.09090909,
Virginia,Westmoreland,51193,0,81,79,13,16,84,0,0,0,0,478,68.27272727,
Virginia,Wise,51195,0,0,1,0,1,0,0,0,0,0,0,0.181818182,
Virginia,Wythe,51197,4,36,105,99,32,35,5,0,0,0,18,30.36363636,
Virginia,York,51199,0,1,1,1,0,1,0,0,0,0,1,0.454545455,
Virginia,Alexandria,51510,0,0,0,0,0,0,0,0,0,0,0,0,
Virginia,Bedford,51515,0,0,0,0,0,0,0,0,0,0,0,0,
Virginia,Bristol,51520,0,0,0,0,0,0,0,0,0,0,0,0,
Virginia,Buena Vista,51530,0,0,0,0,0,0,0,0,0,0,0,0,
Virginia,Charlottesville,51540,0,0,0,0,0,0,0,0,0,0,0,0,
Virginia,Chesapeake,51550,3,112,117,9,96,26,35,0,0,0,135,48.45454545,
Virginia,Colonial Heights,51570,0,0,0,0,0,0,0,0,0,0,0,0,
Virginia,Covington,51580,0,0,0,0,0,0,0,0,0,0,0,0,
Virginia,Danville,51590,0,0,0,0,0,0,0,0,0,0,0,0,
Virginia,Emporia,51595,0,0,0,0,0,0,0,0,0,0,0,0,
Virginia,Fairfax,51600,0,0,0,0,0,0,0,0,0,0,0,0,
Virginia,Falls Church,51610,0,0,0,0,0,0,0,0,0,0,0,0,
Virginia,Franklin,51620,0,0,0,0,0,0,0,0,0,0,0,0,
Virginia,Fredericksburg,51630,0,0,0,0,0,0,0,0,0,0,0,0,
Virginia,Galax,51640,0,0,0,0,0,0,0,0,0,0,0,0,
Virginia,Hampton,51650,0,0,0,0,0,0,0,0,0,0,0,0,
Virginia,Harrisonburg,51660,0,0,0,0,0,0,0,0,0,0,0,0,
Virginia,Hopewell,51670,0,0,0,0,0,0,0,0,0,0,0,0,
Virginia,Lexington,51678,0,0,0,0,0,0,0,0,0,0,0,0,
Virginia,Lynchburg,51680,0,0,0,0,0,0,0,0,0,0,0,0,
Virginia,Manassas,51683,0,0,0,0,0,0,0,0,0,0,0,0,
Virginia,Manassas Park,51685,0,0,0,0,0,0,0,0,0,0,0,0,
Virginia,Martinsville,51690,0,0,0,0,0,0,0,0,0,0,0,0,
Virginia,Newport News,51700,0,0,0,0,0,0,0,0,0,0,0,0,
Virginia,Norfolk,51710,0,0,0,0,0,0,0,0,0,0,0,0,
Virginia,Norton,51720,0,0,0,0,0,0,0,0,0,0,0,0,
Virginia,Petersburg,51730,0,0,0,0,0,0,0,0,0,0,0,0,
Virginia,Poquoson,51735,0,0,0,0,0,0,0,0,0,0,0,0,
Virginia,Portsmouth,51740,0,0,0,0,0,0,0,0,0,0,0,0,
Virginia,Radford,51750,0,0,0,0,0,0,0,0,0,0,0,0,
Virginia,Richmond,51760,0,0,0,0,0,0,0,0,0,0,0,0,
Virginia,Roanoke,51770,0,0,0,0,0,0,0,0,0,0,0,0,
Virginia,Salem,51775,0,0,0,0,0,0,0,0,0,0,0,0,
Virginia,Staunton,51790,0,0,0,0,0,0,0,0,0,0,0,0,
Virginia,Suffolk,51800,144,195,207,133,126,105,102,0,0,0,597,146.2727273,
Virginia,Virginia Beach,51810,5,35,33,26,39,14,3,0,0,0,3,14.36363636,
Virginia,Waynesboro,51820,0,0,0,0,0,0,0,0,0,0,0,0,
Virginia,Williamsburg,51830,0,0,0,0,0,0,0,0,0,0,0,0,
Virginia,Winchester,51840,0,0,0,0,0,0,0,0,0,0,0,0,
Washington,Adams,53001,138,925,962,31,2,0,0,40,0,780,1453,393.7272727,
Washington,Asotin,53003,4,109,111,13,0,0,0,8,1,10,153,37.18181818,
Washington,Benton,53005,14,151,140,245,0,1,0,53,0,1,0,55,
Washington,Chelan,53007,0,1,1,1,1,0,0,0,0,0,0,0.363636364,
Washington,Clallam,53009,0,0,0,0,0,0,0,0,0,0,0,0,
Washington,Clark,53011,0,0,0,0,0,0,0,0,5,0,6,1,
Washington,Columbia,53013,90,337,328,328,3,16,0,11,3,3,576,154.0909091,
Washington,Cowlitz,53015,0,0,0,0,0,0,0,0,2,0,0,0.181818182,
Washington,Douglas,53017,24,743,723,25,0,0,49,409,0,13,1353,303.5454545,
Washington,Ferry,53019,7,8,8,4,0,1,0,2,0,1,3,3.090909091,
Washington,Franklin,53021,51,258,258,57,34,2,0,2,0,158,269,99,
Washington,Garfield,53023,47,300,284,172,0,0,0,31,0,9,71,83.09090909,
Washington,Grant,53025,59,420,404,65,66,3,0,42,0,28,70,105.1818182,
Washington,Grays Harbor,53027,0,0,0,0,0,0,0,0,0,0,0,0,
Washington,Island,53029,4,5,4,4,3,0,0,0,0,0,0,1.818181818,
Washington,Jefferson,53031,0,0,0,0,0,0,0,0,0,0,0,0,
Washington,King,53033,0,0,0,0,0,0,0,0,0,0,0,0,
Washington,Kitsap,53035,0,0,0,0,0,0,0,0,0,0,0,0,
Washington,Kittitas,53037,0,10,10,3,9,0,0,0,1,0,3,3.272727273,
Washington,Klickitat,53039,3,262,262,261,1,0,11,1,2,0,0,73,
Washington,Lewis,53041,0,0,0,0,0,0,0,0,0,0,0,0,
Washington,Lincoln,53043,135,1693,1671,1669,12,78,0,121,0,19,2154,686.5454545,
Washington,Mason,53045,0,0,0,0,0,0,0,0,0,0,0,0,
Washington,Okanogan,53047,13,50,48,44,19,0,0,3,0,0,10,17,
Washington,Pacific,53049,0,0,0,0,0,0,0,0,0,0,0,0,
Washington,Pend Oreille,53051,0,0,0,0,0,0,0,0,0,0,0,0,
Washington,Pierce,53053,0,0,0,0,0,0,0,0,0,0,0,0,
Washington,San Juan,53055,0,0,0,0,0,0,0,0,0,0,0,0,
Washington,Skagit,53057,4,10,9,5,5,0,0,0,0,1,0,3.090909091,
Washington,Skamania,53059,0,0,0,0,0,0,0,0,0,0,0,0,
Washington,Snohomish,53061,3,2,3,3,3,0,0,0,0,0,0,1.272727273,
Washington,Spokane,53063,118,787,759,543,306,40,0,63,9,10,1374,364.4545455,
Washington,Stevens,53065,6,28,27,7,0,0,0,4,0,0,5,7,
Washington,Thurston,53067,0,0,0,0,0,0,0,0,0,0,0,0,
Washington,Wahkiakum,53069,0,0,0,0,0,0,0,0,1,0,0,0.090909091,
Washington,Walla Walla,53071,121,661,640,141,157,0,0,7,3,127,702,232.6363636,
Washington,Whatcom,53073,1,2,1,1,0,0,0,0,2,0,5,1.090909091,
Washington,Whitman,53075,235,1686,1714,1675,498,46,0,33,290,10,2717,809.4545455,
Washington,Yakima,53077,43,110,102,83,32,1,0,6,0,0,4,34.63636364,
West Virginia,Barbour,54001,0,7,7,3,0,0,0,0,0,0,3,1.818181818,
West Virginia,Berkeley,54003,0,87,84,49,43,4,0,0,0,35,65,33.36363636,
West Virginia,Boone,54005,0,0,0,0,0,0,0,0,0,0,1,0.090909091,
West Virginia,Braxton,54007,0,3,3,0,0,0,0,0,0,0,0,0.545454545,
West Virginia,Brooke,54009,0,3,3,2,1,0,0,0,0,0,7,1.454545455,
West Virginia,Cabell,54011,0,5,6,1,0,2,0,0,0,0,3,1.545454545,
West Virginia,Calhoun,54013,0,2,2,0,0,0,0,0,0,0,0,0.363636364,
West Virginia,Clay,54015,0,0,0,0,0,0,0,0,0,0,0,0,
West Virginia,Doddridge,54017,0,0,0,0,0,0,0,0,0,0,0,0,
West Virginia,Fayette,54019,0,2,2,1,1,0,0,0,0,0,2,0.727272727,
West Virginia,Gilmer,54021,0,1,1,0,0,0,0,0,0,0,0,0.181818182,
West Virginia,Grant,54023,2,27,27,7,5,7,0,0,0,1,42,10.72727273,
West Virginia,Greenbrier,54025,0,39,77,80,7,0,0,0,0,0,128,30.09090909,
West Virginia,Hampshire,54027,0,64,66,37,23,19,0,0,0,1,59,24.45454545,
West Virginia,Hancock,54029,0,0,0,0,0,0,0,0,0,0,4,0.363636364,
West Virginia,Hardy,54031,0,61,60,17,60,5,0,0,0,63,97,33,
West Virginia,Harrison,54033,0,9,9,1,0,0,0,0,0,0,0,1.727272727,
West Virginia,Jackson,54035,0,18,17,2,5,1,0,0,0,0,50,8.454545455,
West Virginia,Jefferson,54037,1,111,112,79,94,8,9,0,0,9,223,58.72727273,
West Virginia,Kanawha,54039,0,4,6,0,0,0,0,0,0,0,4,1.272727273,
West Virginia,Lewis,54041,1,4,4,0,0,0,0,0,0,0,0,0.818181818,
West Virginia,Lincoln,54043,0,11,13,2,1,0,0,0,0,0,10,3.363636364,
West Virginia,Logan,54045,0,2,2,0,0,0,0,0,0,0,1,0.454545455,
West Virginia,McDowell,54047,0,0,0,0,0,0,0,0,0,0,0,0,
West Virginia,Marion,54049,0,3,3,1,0,0,0,0,0,0,4,1,
West Virginia,Marshall,54051,0,2,2,0,0,0,0,0,0,0,5,0.818181818,
West Virginia,Mason,54053,14,75,73,11,45,59,0,0,0,0,131,37.09090909,
West Virginia,Mercer,54055,0,2,2,0,2,0,0,0,0,0,3,0.818181818,
West Virginia,Mineral,54057,0,36,34,14,33,4,0,0,0,0,35,14.18181818,
West Virginia,Mingo,54059,0,0,0,0,0,0,0,0,0,0,0,0,
West Virginia,Monongalia,54061,0,5,5,3,1,0,0,0,0,0,9,2.090909091,
West Virginia,Monroe,54063,0,90,89,91,3,0,0,0,0,0,107,34.54545455,
West Virginia,Morgan,54065,0,16,16,15,11,0,0,0,0,0,0,5.272727273,
West Virginia,Nicholas,54067,2,4,3,0,0,0,0,0,0,0,0,0.818181818,
West Virginia,Ohio,54069,0,6,7,3,1,0,0,0,0,0,29,4.181818182,
West Virginia,Pendleton,54071,0,13,40,40,4,5,0,0,0,3,63,15.27272727,
West Virginia,Pleasants,54073,0,2,2,0,0,0,0,0,0,0,0,0.363636364,
West Virginia,Pocahontas,54075,5,50,46,45,9,10,0,0,0,0,90,23.18181818,
West Virginia,Preston,54077,1,55,53,54,51,49,1,0,0,0,109,33.90909091,
West Virginia,Putnam,54079,0,15,17,1,1,0,0,0,0,0,18,4.727272727,
West Virginia,Raleigh,54081,0,1,1,1,0,0,0,0,0,0,3,0.545454545,
West Virginia,Randolph,54083,1,26,25,18,0,0,0,0,0,0,28,8.909090909,
West Virginia,Ritchie,54085,1,6,6,1,0,0,0,0,0,0,0,1.272727273,
West Virginia,Roane,54087,0,2,3,0,0,0,0,0,0,0,0,0.454545455,
West Virginia,Summers,54089,0,13,12,1,2,0,0,0,0,0,11,3.545454545,
West Virginia,Taylor,54091,0,4,4,0,0,0,0,0,0,0,5,1.181818182,
West Virginia,Tucker,54093,0,8,7,5,0,0,0,0,0,0,8,2.545454545,
West Virginia,Tyler,54095,1,5,4,0,1,0,0,0,0,0,5,1.454545455,
West Virginia,Upshur,54097,0,6,7,0,0,0,0,0,0,0,0,1.181818182,
West Virginia,Wayne,54099,0,7,7,0,1,1,0,0,0,0,7,2.090909091,
West Virginia,Webster,54101,0,2,1,1,0,0,0,0,0,0,0,0.363636364,
West Virginia,Wetzel,54103,0,0,0,0,0,0,0,0,0,0,0,0,
West Virginia,Wirt,54105,0,1,1,0,0,0,0,0,0,0,0,0.181818182,
West Virginia,Wood,54107,0,10,12,4,9,0,0,0,0,0,4,3.545454545,
West Virginia,Wyoming,54109,0,0,0,0,0,0,0,0,0,0,0,0,
Wisconsin,Adams,55001,18,114,84,75,115,3,2,0,0,19,303,66.63636364,
Wisconsin,Ashland,55003,0,6,28,34,17,7,8,0,0,0,72,15.63636364,
Wisconsin,Barron,55005,43,629,379,376,237,301,7,0,0,5,1792,342.6363636,
Wisconsin,Bayfield,55007,1,35,38,39,27,6,5,0,0,0,66,19.72727273,
Wisconsin,Brown,55009,95,299,300,345,88,306,251,0,0,0,2063,340.6363636,
Wisconsin,Buffalo,55011,56,486,495,88,333,178,16,0,0,0,859,228.2727273,
Wisconsin,Burnett,55013,25,21,97,90,93,66,2,0,0,35,522,86.45454545,
Wisconsin,Calumet,55015,16,399,307,367,51,238,2,0,0,0,974,214,
Wisconsin,Chippewa,55017,30,573,409,416,290,296,10,0,0,0,830,259.4545455,
Wisconsin,Clark,55019,10,533,360,367,379,364,135,0,0,0,982,284.5454545,
Wisconsin,Columbia,55021,9,628,406,396,372,211,1,0,0,0,2014,367,
Wisconsin,Crawford,55023,10,414,400,301,0,5,0,0,0,0,1239,215.3636364,
Wisconsin,Dane,55025,136,1097,1122,933,653,44,0,0,0,0,3242,657,
Wisconsin,Dodge,55027,64,779,780,596,375,522,0,0,0,0,2673,526.2727273,
Wisconsin,Door,55029,1,240,49,50,151,138,0,0,0,0,893,138.3636364,
Wisconsin,Douglas,55031,0,9,5,5,4,0,0,0,0,0,0,2.090909091,
Wisconsin,Dunn,55033,33,606,453,4,402,398,5,0,0,0,2323,384,
Wisconsin,Eau Claire,55035,33,450,435,256,186,306,69,0,0,0,675,219.0909091,
Wisconsin,Florence,55037,1,10,10,10,6,7,0,0,0,0,10,4.909090909,
Wisconsin,Fond du Lac,55039,55,616,665,497,4,426,0,0,0,0,2275,412.5454545,
Wisconsin,Forest,55041,0,6,6,6,5,6,0,0,0,0,0,2.636363636,
Wisconsin,Grant,55043,15,1194,835,831,799,409,0,0,0,0,1754,530.6363636,
Wisconsin,Green,55045,81,737,503,615,398,382,5,0,0,0,1013,339.4545455,
Wisconsin,Green Lake,55047,73,276,265,229,137,144,3,0,0,0,742,169.9090909,
Wisconsin,Iowa,55049,63,729,712,489,102,460,2,0,0,0,755,301.0909091,
Wisconsin,Iron,55051,0,6,3,5,3,0,0,0,0,0,4,1.909090909,
Wisconsin,Jackson,55053,22,383,277,275,270,230,1,0,0,0,1393,259.1818182,
Wisconsin,Jefferson,55055,45,624,461,564,251,392,66,0,0,0,1950,395.7272727,
Wisconsin,Juneau,55057,12,337,178,279,271,214,3,0,0,3,727,184,
Wisconsin,Kenosha,55059,19,171,165,153,72,157,18,0,0,0,498,113.9090909,
Wisconsin,Kewaunee,55061,7,355,350,176,3,335,24,0,0,0,1128,216.1818182,
Wisconsin,La Crosse,55063,7,318,330,270,264,158,6,0,0,0,415,160.7272727,
Wisconsin,Lafayette,55065,177,670,634,358,369,333,0,0,0,0,899,312.7272727,
Wisconsin,Langlade,55067,35,114,88,86,59,84,33,0,0,35,71,55,
Wisconsin,Lincoln,55069,17,71,47,65,23,58,37,0,0,0,292,55.45454545,
Wisconsin,Manitowoc,55071,14,593,601,476,174,453,134,0,0,0,1699,376.7272727,
Wisconsin,Marathon,55073,54,670,487,467,429,640,238,3,0,3,2322,483,
Wisconsin,Marinette,55075,14,230,222,217,1,150,121,0,0,0,986,176.4545455,
Wisconsin,Marquette,55077,25,134,95,86,100,19,0,0,0,0,584,94.81818182,
Wisconsin,Menominee,55078,0,1,1,1,0,1,0,0,0,0,0,0.363636364,
Wisconsin,Milwaukee,55079,2,24,23,23,10,6,0,0,0,0,43,11.90909091,
Wisconsin,Monroe,55081,23,623,448,497,271,399,0,0,0,0,1657,356.1818182,
Wisconsin,Oconto,55083,15,463,461,452,183,240,9,0,0,0,1901,338.5454545,
Wisconsin,Oneida,55085,3,3,7,9,2,8,6,0,0,1,22,5.545454545,
Wisconsin,Outagamie,55087,28,591,372,373,85,502,9,0,0,0,1535,317.7272727,
Wisconsin,Ozaukee,55089,2,137,120,121,27,120,10,0,0,0,494,93.72727273,
Wisconsin,Pepin,55091,16,287,270,192,1,30,0,0,0,0,610,127.8181818,
Wisconsin,Pierce,55093,43,598,414,424,7,6,4,0,0,0,1547,276.6363636,
Wisconsin,Polk,55095,25,516,330,110,391,415,0,0,0,288,1839,355.8181818,
Wisconsin,Portage,55097,38,400,313,287,482,409,3,0,0,112,254,208.9090909,
Wisconsin,Price,55099,1,56,53,52,20,24,21,7,0,0,128,32.90909091,
Wisconsin,Racine,55101,35,268,262,241,119,233,91,0,0,0,811,187.2727273,
Wisconsin,Richland,55103,17,440,419,274,335,281,7,0,0,0,1424,290.6363636,
Wisconsin,Rock,55105,60,762,754,664,214,236,9,0,0,0,2341,458.1818182,
Wisconsin,Rusk,55107,19,204,128,138,96,57,7,1,0,0,426,97.81818182,
Wisconsin,St. Croix,55109,21,624,607,201,3,31,0,19,0,10,980,226.9090909,
Wisconsin,Sauk,55111,31,638,391,523,139,246,16,0,0,0,1830,346.7272727,
Wisconsin,Sawyer,55113,4,26,20,20,4,4,1,0,0,0,43,11.09090909,
Wisconsin,Shawano,55115,11,669,656,531,409,358,5,0,0,0,530,288.0909091,
Wisconsin,Sheboygan,55117,23,419,407,312,88,305,11,0,0,0,1446,273.7272727,
Wisconsin,Taylor,55119,62,332,244,319,135,251,151,47,0,0,968,228.0909091,
Wisconsin,Trempealeau,55121,46,611,588,379,386,51,2,0,0,0,2156,383.5454545,
Wisconsin,Vernon,55123,4,691,520,515,9,470,0,0,0,0,1472,334.6363636,
Wisconsin,Vilas,55125,0,1,1,1,0,0,1,0,0,0,4,0.727272727,
Wisconsin,Walworth,55127,31,516,507,507,4,420,88,0,0,0,1416,317.1818182,
Wisconsin,Washburn,55129,8,77,83,75,41,8,1,0,0,75,345,64.81818182,
Wisconsin,Washington,55131,27,217,175,230,225,222,0,0,0,0,1035,193.7272727,
Wisconsin,Waukesha,55133,51,201,174,163,122,75,56,0,0,0,790,148.3636364,
Wisconsin,Waupaca,55135,32,523,516,307,300,287,0,0,0,0,1674,330.8181818,
Wisconsin,Waushara,55137,11,91,69,56,51,59,2,0,0,0,249,53.45454545,
Wisconsin,Winnebago,55139,17,458,451,327,0,370,21,0,0,0,1443,280.6363636,
Wisconsin,Wood,55141,12,377,234,367,216,328,29,0,0,0,901,224,
Wyoming,Albany,56001,0,0,0,0,0,0,0,0,0,0,0,0,
Wyoming,Big Horn,56003,2,96,8,88,3,0,0,1,0,0,0,18,
Wyoming,Campbell,56005,0,0,0,0,0,0,0,0,0,0,0,0,
Wyoming,Carbon,56007,0,1,1,1,0,1,1,0,0,0,0,0.454545455,
Wyoming,Converse,56009,0,16,14,0,1,5,0,0,0,0,0,3.272727273,
Wyoming,Crook,56011,0,16,16,18,16,14,28,2,4,5,28,13.36363636,
Wyoming,Fremont,56013,0,4,3,4,0,0,0,0,0,0,0,1,
Wyoming,Goshen,56015,59,105,339,77,4,160,6,8,57,44,222,98.27272727,
Wyoming,Hot Springs,56017,0,1,1,0,0,0,0,0,0,0,0,0.181818182,
Wyoming,Johnson,56019,2,3,3,1,0,0,0,0,0,0,0,0.818181818,
Wyoming,Laramie,56021,10,83,108,57,22,0,10,2,26,2,146,42.36363636,
Wyoming,Lincoln,56023,1,0,0,0,8,0,0,0,0,0,0,0.818181818,
Wyoming,Natrona,56025,1,12,11,11,4,8,1,0,8,0,6,5.636363636,
Wyoming,Niobrara,56027,1,4,5,5,5,31,32,32,30,0,21,15.09090909,
Wyoming,Park,56029,3,27,37,4,0,20,12,10,14,5,36,15.27272727,
Wyoming,Platte,56031,5,59,61,26,1,4,14,0,6,0,21,17.90909091,
Wyoming,Sheridan,56033,0,0,0,0,0,0,0,0,0,0,0,0,
Wyoming,Sublette,56035,0,0,0,0,0,0,0,0,0,0,0,0,
Wyoming,Sweetwater,56037,0,0,0,0,0,0,0,0,0,0,0,0,
Wyoming,Teton,56039,0,0,0,0,0,0,0,0,0,0,0,0,
Wyoming,Uinta,56041,0,0,0,0,0,0,0,0,0,0,0,0,
Wyoming,Washakie,56043,4,17,0,0,0,0,0,0,0,0,41,5.636363636,
Wyoming,Weston,56045,3,34,38,36,1,4,19,7,5,5,5,14.27272727,
American Samoa,Eastern,60010,0,0,0,0,0,0,0,0,0,0,0,0,
American Samoa,Manu'a,60020,0,0,0,0,0,0,0,0,0,0,0,0,
American Samoa,Rose Island,60030,0,0,0,0,0,0,0,0,0,0,0,0,
American Samoa,Swains Island,60040,0,0,0,0,0,0,0,0,0,0,0,0,
American Samoa,Western,60050,0,0,0,0,0,0,0,0,0,0,0,0,
Guam,Guam,66010,0,0,0,0,0,0,0,0,0,0,0,0,
,Northern Islands,85,0,0,0,0,0,0,0,0,0,0,0,0,
#N/A,Rota,100,0,0,0,0,0,0,0,0,0,0,0,0,
#N/A,Saipan,110,0,0,0,0,0,0,0,0,0,0,0,0,
#N/A,Tinian,120,0,0,0,0,0,0,0,0,0,0,0,0,
Puerto Rico,Adjuntas,72001,0,0,0,0,0,0,0,0,0,0,0,0,
Puerto Rico,Aguada,72003,0,0,0,0,0,0,0,0,0,0,0,0,
Puerto Rico,Aguadilla,72005,0,0,0,0,0,0,0,0,0,0,0,0,
Puerto Rico,Aguas Buenas,72007,0,0,0,0,0,0,0,0,0,0,0,0,
Puerto Rico,Aibonito,72009,0,0,0,0,0,0,0,0,0,0,0,0,
Puerto Rico,Anasco,72011,0,0,0,0,0,0,0,0,0,0,0,0,
Puerto Rico,Arecibo,72013,0,0,0,0,0,0,0,0,0,0,0,0,
Puerto Rico,Arroyo,72015,0,0,0,0,0,0,0,0,0,0,0,0,
Puerto Rico,Barceloneta,72017,0,0,0,0,0,0,0,0,0,0,0,0,
Puerto Rico,Barranquitas,72019,0,0,0,0,0,0,0,0,0,0,0,0,
Puerto Rico,Bayamon,72021,0,0,0,0,0,0,0,0,0,0,0,0,
Puerto Rico,Cabo Rojo,72023,0,0,0,0,0,0,0,0,0,0,0,0,
Puerto Rico,Caguas,72025,0,0,0,0,0,0,0,0,0,0,0,0,
Puerto Rico,Camuy,72027,0,0,0,0,0,0,0,0,0,0,0,0,
Puerto Rico,Canovanas,72029,0,0,0,0,0,0,0,0,0,0,0,0,
Puerto Rico,Carolina,72031,0,0,0,0,0,0,0,0,0,0,0,0,
Puerto Rico,Catano,72033,0,0,0,0,0,0,0,0,0,0,0,0,
Puerto Rico,Cayey,72035,0,0,0,0,0,0,0,0,0,0,0,0,
Puerto Rico,Ceiba,72037,0,0,0,0,0,0,0,0,0,0,0,0,
Puerto Rico,Ciales,72039,0,0,0,0,0,0,0,0,0,0,0,0,
Puerto Rico,Cidra,72041,0,0,0,0,0,0,0,0,0,0,0,0,
Puerto Rico,Coamo,72043,0,0,0,0,0,0,0,0,0,0,0,0,
Puerto Rico,Comerio,72045,0,0,0,0,0,0,0,0,0,0,0,0,
Puerto Rico,Corozal,72047,0,0,0,0,0,0,0,0,0,0,0,0,
Puerto Rico,Culebra,72049,0,0,0,0,0,0,0,0,0,0,0,0,
Puerto Rico,Dorado,72051,0,0,0,0,0,0,0,0,0,0,0,0,
Puerto Rico,Fajardo,72053,0,0,0,0,0,0,0,0,0,0,0,0,
Puerto Rico,Florida,72054,0,0,0,0,0,0,0,0,0,0,0,0,
Puerto Rico,Guanica,72055,0,0,0,0,0,0,0,0,0,0,0,0,
Puerto Rico,Guayama,72057,0,0,0,0,0,0,0,0,0,0,0,0,
Puerto Rico,Guayanilla,72059,0,0,0,0,0,0,0,0,0,0,0,0,
Puerto Rico,Guaynabo,72061,0,0,0,0,0,0,0,0,0,0,0,0,
Puerto Rico,Gurabo,72063,0,0,0,0,0,0,0,0,0,0,0,0,
Puerto Rico,Hatillo,72065,0,0,0,0,0,0,0,0,0,0,0,0,
Puerto Rico,Hormigueros,72067,0,0,0,0,0,0,0,0,0,0,0,0,
Puerto Rico,Humacao,72069,0,0,0,0,0,0,0,0,0,0,0,0,
Puerto Rico,Isabela,72071,0,0,0,0,0,0,0,0,0,0,0,0,
Puerto Rico,Jayuya,72073,0,0,0,0,0,0,0,0,0,0,0,0,
Puerto Rico,Juana Diaz,72075,0,0,0,0,0,0,0,0,0,0,0,0,
Puerto Rico,Juncos,72077,0,0,0,0,0,0,0,0,0,0,0,0,
Puerto Rico,Lajas,72079,0,0,0,0,0,0,0,0,0,0,0,0,
Puerto Rico,Lares,72081,0,0,0,0,0,0,0,0,0,0,0,0,
Puerto Rico,Las Marias,72083,0,0,0,0,0,0,0,0,0,0,0,0,
Puerto Rico,Las Piedras,72085,0,0,0,0,0,0,0,0,0,0,0,0,
Puerto Rico,Loiza,72087,0,0,0,0,0,0,0,0,0,0,0,0,
Puerto Rico,Luquillo,72089,0,0,0,0,0,0,0,0,0,0,0,0,
Puerto Rico,Manati,72091,0,0,0,0,0,0,0,0,0,0,0,0,
Puerto Rico,Maricao,72093,0,0,0,0,0,0,0,0,0,0,0,0,
Puerto Rico,Maunabo,72095,0,0,0,0,0,0,0,0,0,0,0,0,
Puerto Rico,Mayaguez,72097,0,0,0,0,0,0,0,0,0,0,0,0,
Puerto Rico,Moca,72099,0,0,0,0,0,0,0,0,0,0,0,0,
Puerto Rico,Morovis,72101,0,0,0,0,0,0,0,0,0,0,0,0,
Puerto Rico,Naguabo,72103,0,0,0,0,0,0,0,0,0,0,0,0,
Puerto Rico,Naranjito,72105,0,0,0,0,0,0,0,0,0,0,0,0,
Puerto Rico,Orocovis,72107,0,0,0,0,0,0,0,0,0,0,0,0,
Puerto Rico,Patillas,72109,0,0,0,0,0,0,0,0,0,0,0,0,
Puerto Rico,Penuelas,72111,0,0,0,0,0,0,0,0,0,0,0,0,
Puerto Rico,Ponce,72113,0,0,0,0,0,0,0,0,0,0,0,0,
Puerto Rico,Quebradillas,72115,0,0,0,0,0,0,0,0,0,0,0,0,
Puerto Rico,Rincon,72117,0,0,0,0,0,0,0,0,0,0,0,0,
Puerto Rico,Rio Grande,72119,0,0,0,0,0,0,0,0,0,0,0,0,
Puerto Rico,Sabana Grande,72121,0,0,0,0,0,0,0,0,0,0,0,0,
Puerto Rico,Salinas,72123,0,0,0,0,0,0,0,0,0,0,0,0,
Puerto Rico,San German,72125,0,0,0,0,0,0,0,0,0,0,0,0,
Puerto Rico,San Juan,72127,0,0,0,0,0,0,0,0,0,0,0,0,
Puerto Rico,San Lorenzo,72129,0,0,0,0,0,0,0,0,0,0,0,0,
Puerto Rico,San Sebastian,72131,0,0,0,0,0,0,0,0,0,0,0,0,
Puerto Rico,Santa Isabel,72133,0,0,0,0,0,0,0,0,0,0,0,0,
Puerto Rico,Toa Alta,72135,0,0,0,0,0,0,0,0,0,0,0,0,
Puerto Rico,Toa Baja,72137,0,0,0,0,0,0,0,0,0,0,0,0,
Puerto Rico,Trujillo Alto,72139,0,0,0,0,0,0,0,0,0,0,0,0,
Puerto Rico,Utuado,72141,0,0,0,0,0,0,0,0,0,0,0,0,
Puerto Rico,Vega Alta,72143,0,0,0,0,0,0,0,0,0,0,0,0,
Puerto Rico,Vega Baja,72145,0,0,0,0,0,0,0,0,0,0,0,0,
Puerto Rico,Vieques,72147,0,0,0,0,0,0,0,0,0,0,0,0,
Puerto Rico,Villalba,72149,0,0,0,0,0,0,0,0,0,0,0,0,
Puerto Rico,Yabucoa,72151,0,0,0,0,0,0,0,0,0,0,0,0,
Puerto Rico,Yauco,72153,0,0,0,0,0,0,0,0,0,0,0,0,
#N/A,Midway Islands,300,0,0,0,0,0,0,0,0,0,0,0,0,
Virgin Islands,St. Croix,78010,0,0,0,0,0,0,0,0,0,0,0,0,
Virgin Islands,St. John,78020,0,0,0,0,0,0,0,0,0,0,0,0,
Virgin Islands,St. Thomas,78030,0,0,0,0,0,0,0,0,0,0,0,0,
Alaska,Fairbanks,2001,0,0,0,0,0,0,0,0,0,0,0,0,
Alaska,Delta,2002,0,0,0,0,0,0,0,0,0,0,0,0,
Alaska,Homer,2003,0,0,0,0,0,0,0,0,0,0,0,0,
Alaska,Palmer,2005,0,0,0,0,0,0,0,0,0,0,0,0,
Florida,"Dade,Monroe",12025,0,0,0,0,0,0,0,0,0,0,0,0
Guam,Guam,14001,0,0,0,0,0,0,0,0,0,0,0,0,
American Samoa,American Samoa,60001,0,0,0,0,0,0,0,0,0,0,0,0,
Nevada,Southeast Nye,32035,0,0,0,0,0,0,0,0,0,0,0,0,
,,,109434,683584,608941,373484,307328,327723,61677,24735,76030,116079,1006666,335971,
