State Name,State FIPS,County Name,County FIPS,FIPS,2014,2015,2016,2017,2018,2019,2020,2021,2022,2023,2024,2025,2014-2025 Average
Alabama,1,Autauga,1,1001,,,,,,2177.86,2126.38,3617.22,10151.88,8837,8860.74,7470.48,6177.365714
Alabama,1,Baldwin,3,1003,,,,,,0,253.43,9237.79,8791.99,9007.2,8553.92,8116.54,6280.124286
Alabama,1,Barbour,5,1005,,,,,,1546.88,1537.24,1563.93,5851.29,5365.99,4847.5,4991.91,3672.105714
Alabama,1,Bibb,7,1007,,,,,,0,0,0,0,0,0,0,0
Alabama,1,Blount,9,1009,,,,,,1117.85941,1180.99,1700.8,2062.14,1944.62,2128.52,2070.54,1743.638487
Alabama,1,Bullock,11,1011,,,,,,114.45,68.39,197.93,1223.71,1229.01,551.1,457.13,548.8171429
Alabama,1,Butler,13,1013,,,,,,792.42,788.88,310.07,866.75,866.75,866.75,847.56,762.74
Alabama,1,Calhoun,15,1015,,,,,,2028.57,1944.75,0,6602.71,6546.38,6571,6173.4,4266.687143
Alabama,1,Chambers,17,1017,,,,,,0,0,0,0,0,0,0,0
Alabama,1,Cherokee,19,1019,,,,,,179.87,179.87,1237.1,9844.66,9520.06,21348,18025.76,8619.331429
Alabama,1,Chilton,21,1021,,,,,,0,0,0,112.71,853.65,905.31,957.79,404.2085714
Alabama,1,Choctaw,23,1023,,,,,,0,0,0,0,0,0,0,0
Alabama,1,Clarke,25,1025,,,,,,0,0,0,0,0,0,0,0
Alabama,1,Clay,27,1027,,,,,,0,0,0,0,0,0,0,0
Alabama,1,Cleburne,29,1029,,,,,,0,0,0,0,0,0,0,0
Alabama,1,Coffee,31,1031,,,,,,3119.44,3078.76,2687.5,2779.94,2720.12,2702.78,2777.41,2837.992857
Alabama,1,Colbert,33,1033,,,,,,2360.4,2427.52,3940.09,10584.02,22709.33,24824.94,8311.25,10736.79286
Alabama,1,Conecuh,35,1035,,,,,,64.59,208.79,94.87,0,225.11,356.65,807.84,251.1214286
Alabama,1,Coosa,37,1037,,,,,,0,0,0,0,0,0,0,0
Alabama,1,Covington,39,1039,,,,,,855.57,838.56,821.89,818.92,815.07,760.65,687.95,799.8014286
Alabama,1,Crenshaw,41,1041,,,,,,437.06,533.44,184.81,1230.87,1171.76,1231.72,1188.28,853.9914286
Alabama,1,Cullman,43,1043,,,,,,3821.29,3806.16,3841.91,3657.93,4176.44,4232.6,4608.61,4020.705714
Alabama,1,Dale,45,1045,,,,,,996.45,1028.38,991.62,1125.07,1157.07,1155.27,1146.55,1085.772857
Alabama,1,Dallas,47,1047,,,,,,4477.68,4923.1,6169.29,12403.01,11698.62,9197.84,8756.1,8232.234286
Alabama,1,DeKalb,49,1049,,,,,,9438.51,9398.91,9177.13,11440.55,16537.13,15797.37,14167.21,12279.54429
Alabama,1,Elmore,51,1051,,,,,,1614.73,1586.25,2989.22,5464.92,10199.2,8337.6,10033.76,5746.525714
Alabama,1,Escambia,53,1053,,,,,,2290.07,2125.73,2173.66,2291.38,2281.13,2279.91,2214.09,2236.567143
Alabama,1,Etowah,55,1055,,,,,,1464.84,1457.44,399.02,1562.71,3749.14,4160.31,4233.5,2432.422857
Alabama,1,Fayette,57,1057,,,,,,396.68,453.01,1274.59,1274.31,1250.81,2013.4,2015.82,1239.802857
Alabama,1,Franklin,59,1059,,,,,,1651.91,1651.91,1927.91,3066.97,4706.3,4276.78,4085.53,3052.472857
Alabama,1,Geneva,61,1061,,,,,,8919.7,9080.12,9068.39,8689.29,8630.56,8049.57,7703.67,8591.614286
Alabama,1,Greene,63,1063,,,,,,59.12,59.12,44.12,44.12,45.12,45.12,44.12,48.69142857
Alabama,1,Hale,65,1065,,,,,,197.8,189.5,0,0,0,0,0,55.32857143
Alabama,1,Henry,67,1067,,,,,,2027.38,1939.83,1799.97,2005.55,2086.64,2125.95,2043.68,2004.142857
Alabama,1,Houston,69,1069,,,,,,2103.92,1947.85,1944.19,2050.54,2096.95,2074.41,2065.91,2040.538571
Alabama,1,Jackson,71,1071,,,,,,15957.21,17166.99,26615.77,33160.04,30590.18,35923.85,26692.89,26586.70429
Alabama,1,Jefferson,73,1073,,,,,,0,0,0,0,0,0,0,0
Alabama,1,Lamar,75,1075,,,,,,411.88,260.74,1269.6,1497.94,1856.67,2123.55,1023,1206.197143
Alabama,1,Lauderdale,77,1077,,,,,,7342.38,7281.17,9050.77,11210.37,18047.24,26444.4,22300.19,14525.21714
Alabama,1,Lawrence,79,1079,,,,,,5488.42,5499.29,4993.26,8764.16,23020.23,22186.22,17060.78,12430.33714
Alabama,1,Lee,81,1081,,,,,,94.89,98.31,166.72,166.72,164.37,77.93,89.4,122.62
Alabama,1,Limestone,83,1083,,,,,,29626.85948,30337.57284,31297.42,40345.62,52604.032,52695.38,65275.96,43168.97776
Alabama,1,Lowndes,85,1085,,,,,,454.81,366.96,631.41,1415.98,1512.11,1245.66,1458.11,1012.148571
Alabama,1,Macon,87,1087,,,,,,683.32,1096.01,1287.54,1258.91,2332.36,1516.79,1231.5,1343.775714
Alabama,1,Madison,89,1089,,,,,,16988.55,18327.62,33349.23,71775.82375,70024.74,64363.31,54905.21,47104.92625
Alabama,1,Marengo,91,1091,,,,,,0,0,0,0,0,0,0,0
Alabama,1,Marion,93,1093,,,,,,2185.26,2112.95,2188.22,2243.25,4556.51,4569.95,4583.41,3205.65
Alabama,1,Marshall,95,1095,,,,,,3130.89,3301.35,5303.98,8392.84,8389.17,8990.52,9380.13,6698.411429
Alabama,1,Mobile,97,1097,,,,,,0,0,0,0,0,0,888.77,126.9671429
Alabama,1,Monroe,99,1099,,,,,,0,0,0,46.4,21,0,0,9.628571429
Alabama,1,Montgomery,101,1101,,,,,,3128.8,3043.8,3991.65,5723.38,7725.95,6954.6,6832.99,5343.024286
Alabama,1,Morgan,103,1103,,,,,,6268.05,6133.31,6555.45,7787.57,11902.28,9625.64,9136.86,8201.308571
Alabama,1,Perry,105,1105,,,,,,2785.75,2297.3,3061.99,3519.4,3082.86,3717.19,3915.31,3197.114286
Alabama,1,Pickens,107,1107,,,,,,0,0,4797.88,2822.47,4891.85,5800.7,6203.66,3502.365714
Alabama,1,Pike,109,1109,,,,,,708.06,711.46,521.22,498.18,493.48,510.78,617.06,580.0342857
Alabama,1,Randolph,111,1111,,,,,,337.5,337.5,337.5,337.5,337.5,337.5,337.5,337.5
Alabama,1,Russell,113,1113,,,,,,798.16,780.78,1368.92,1559.47,1861.44,830.3,987.41,1169.497143
Alabama,1,St. Clair,115,1115,,,,,,0,0,0,0,0,0,0,0
Alabama,1,Shelby,117,1117,,,,,,122.21,122.21,0,3661.72,3644.64,3778.21,1180.55,1787.077143
Alabama,1,Sumter,119,1119,,,,,,0,0,0,263.92,251.92,0,0,73.69142857
Alabama,1,Talladega,121,1121,,,,,,2991.31,2880.19,0,15251.75,14375.96,15040.53,3472.69,7716.061429
Alabama,1,Tallapoosa,123,1123,,,,,,82.72,82.25,82.25,310.66,310.66,81.87,768.08,245.4985714
Alabama,1,Tuscaloosa,125,1125,,,,,,0,0,1656.8,2582.41,2385.01,2483.51,2569.36,1668.155714
Alabama,1,Walker,127,1127,,,,,,0,0,0,0,0,0,0,0
Alabama,1,Washington,129,1129,,,,,,408.49,458.78,96.55,122.05,113.83,92.9,93.5,198.0142857
Alabama,1,Wilcox,131,1131,,,,,,0,0,0,0,725.3,698.5,600.2,289.1428571
Alabama,1,Winston,133,1133,,,,,,70.25,70.25,0,70.25,70.25,0,83.33,52.04714286
Alaska,2,Aleutians East,13,2013,,,,,,0,0,0,0,0,0,0,0
Alaska,2,Aleutians West,16,2016,,,,,,0,0,0,0,0,0,0,0
Alaska,2,Anchorage,20,2020,,,,,,0,0,0,0,0,0,0,0
Alaska,2,Bethel,50,2050,,,,,,0,0,0,0,0,0,0,0
Alaska,2,Bristol Bay,60,2060,,,,,,0,0,0,0,0,0,0,0
Alaska,2,Denali,68,2068,,,,,,0,0,0,0,0,0,0,0
Alaska,2,Dillingham,70,2070,,,,,,0,0,0,0,0,0,0,0
Alaska,2,Fairbanks North Star,90,2090,,,,,,0,0,0,0,0,0,0,0
Alaska,2,Haines,100,2100,,,,,,0,0,0,0,0,0,0,0
Alaska,2,Juneau,110,2110,,,,,,0,0,0,0,0,0,0,0
Alaska,2,Kenai Peninsula,122,2122,,,,,,0,0,0,0,0,0,0,0
Alaska,2,Ketchikan Gateway,130,2130,,,,,,0,0,0,0,0,0,0,0
Alaska,2,Kodiak Island,150,2150,,,,,,0,0,0,0,0,0,0,0
Alaska,2,Lake and Peninsula,164,2164,,,,,,0,0,0,0,0,0,0,0
Alaska,2,Matanuska-Susitna,170,2170,,,,,,0,0,0,0,0,0,0,0
Alaska,2,Nome,180,2180,,,,,,0,0,0,0,0,0,0,0
Alaska,2,North Slope,185,2185,,,,,,0,0,0,0,0,0,0,0
Alaska,2,Northwest Arctic,188,2188,,,,,,0,0,0,0,0,0,0,0
Alaska,2,Prince of Wales-Outer Ketchikan,201,2201,,,,,,0,0,0,0,0,0,0,0
Alaska,2,Sitka,220,2220,,,,,,0,0,0,0,0,0,0,0
Alaska,2,Skagway-Hoonah-Angoon,232,2232,,,,,,0,0,0,0,0,0,0,0
Alaska,2,Southeast Fairbanks,240,2240,,,,,,0,0,0,0,0,0,0,0
Alaska,2,Valdez-Cordova,261,2261,,,,,,0,0,0,0,0,0,0,0
Alaska,2,Wade Hampton,270,2270,,,,,,0,0,0,0,0,0,0,0
Alaska,2,Wrangell-Petersburg,280,2280,,,,,,0,0,0,0,0,0,0,0
Alaska,2,Yakutat,282,2282,,,,,,0,0,0,0,0,0,0,0
Alaska,2,Yukon-Koyukuk,290,2290,,,,,,0,0,0,0,0,0,0,0
Arizona,4,Apache,1,4001,,,,,,0,0,0,0,0,0,0,0
Arizona,4,Cochise,3,4003,,,,,,0,0,0,0,0,0,0,0
Arizona,4,Coconino,5,4005,,,,,,0,0,0,0,0,0,0,0
Arizona,4,Gila,7,4007,,,,,,0,0,0,0,0,0,0,0
Arizona,4,Graham,9,4009,,,,,,0,0,0,0,0,0,0,0
Arizona,4,Greenlee,11,4011,,,,,,0,0,0,0,0,0,0,0
Arizona,4,La Paz,12,4012,,,,,,735.1,572.56,270.83,270.03,270.03,381.47,187.53,383.9357143
Arizona,4,Maricopa,13,4013,,,,,,0,0,0,0,0,0,0,0
Arizona,4,Mohave,15,4015,,,,,,0,0,0,0,0,0,0,0
Arizona,4,Navajo,17,4017,,,,,,0,0,0,0,0,0,0,0
Arizona,4,Pima,19,4019,,,,,,0,0,0,0,0,0,0,0
Arizona,4,Pinal,21,4021,,,,,,0,0,0,0,0,0,0,0
Arizona,4,Santa Cruz,23,4023,,,,,,0,0,0,0,0,0,0,0
Arizona,4,Yavapai,25,4025,,,,,,0,0,0,0,0,0,0,0
Arizona,4,Yuma,27,4027,,,,,,0,0.6,0.6,33.7,33.1,33.1,33.1,19.17142857
Arkansas,5,Arkansas,1,5001,,,,,,130067.68,122903.46,183250.94,189658.87,190473.39,189384.28,200565.43,172329.15
Arkansas,5,Ashley,3,5003,,,,,,16115.5,16143.89,17752.15,22780.85,33199.99,38590.04,39966.27,26364.09857
Arkansas,5,Baxter,5,5005,,,,,,0,0,0,0,0,0,0,0
Arkansas,5,Benton,7,5007,,,,,,0,0,0,0,0,0,0,0
Arkansas,5,Boone,9,5009,,,,,,0,0,0,0,0,0,0,0
Arkansas,5,Bradley,11,5011,,,,,,0,0,0,0,0,0,0,0
Arkansas,5,Calhoun,13,5013,,,,,,0,0,0,0,0,0,0,0
Arkansas,5,Carroll,15,5015,,,,,,0,0,0,0,0,0,0,0
Arkansas,5,Chicot,17,5017,,,,,,35226.91,34959.58,50834.33,32830.68,37671.74,82573.14,93310,52486.62571
Arkansas,5,Clark,19,5019,,,,,,1668.79,1668.79,1841.71,2496.19,1936.54,3094.43,0,1815.207143
Arkansas,5,Clay,21,5021,,,,,,120376.2,120213.32,118711.4,122157.64,122733.8,123021.19,125106.36,121759.9871
Arkansas,5,Cleburne,23,5023,,,,,,0,0,0,0,0,0,0,0
Arkansas,5,Cleveland,25,5025,,,,,,0,0,0,0,0,0,0,0
Arkansas,5,Columbia,27,5027,,,,,,0,0,0,0,0,0,0,0
Arkansas,5,Conway,29,5029,,,,,,22688.45,22723.84,22108.06,21824.9,20307.23,19560.33,19756,21281.25857
Arkansas,5,Craighead,31,5031,,,,,,78525.58,77946.7,74615.04,76335.5725,76777.01,77476.78,76402.51,76868.45607
Arkansas,5,Crawford,33,5033,,,,,,13230.94,13322.51,13266.01,11872.92,10488.23,11646.99,11083.3,12130.12857
Arkansas,5,Crittenden,35,5035,,,,,,157882.11,157985.9125,159200.91,200459.04,200026.58,195652.05,198587.26,181399.1232
Arkansas,5,Cross,37,5037,,,,,,147392.56,147870.87,145347.25,148344.25,148580.5,150936.45,147505.27,147996.7357
Arkansas,5,Dallas,39,5039,,,,,,0,0,0,0,0,0,0,0
Arkansas,5,Desha,41,5041,,,,,,12317.79,12598.48,65233.48,16924.21,18001.32,90686.79,95828.15,44512.88857
Arkansas,5,Drew,43,5043,,,,,,3791.18,3905.68,13387.2,5317.18,4579.91,24164.54,26685.16,11690.12143
Arkansas,5,Faulkner,45,5045,,,,,,6910.87,6902.17,6790.15,6686.17,6576.93,6547.53,6419.14,6690.422857
Arkansas,5,Franklin,47,5047,,,,,,2417.69,2379.79,2300.68,2300.68,2300.68,2450.97,2053.17,2314.808571
Arkansas,5,Fulton,49,5049,,,,,,107.68,107.68,107.68,106.88,106.88,185.4,202.9,132.1571429
Arkansas,5,Garland,51,5051,,,,,,0,0,0,0,0,0,0,0
Arkansas,5,Grant,53,5053,,,,,,0,0,0,0,0,0,0,0
Arkansas,5,Greene,55,5055,,,,,,73084.72909,73523.85,66079.88,73813.77,75127.68,74783.13,76838.93,73321.70987
Arkansas,5,Hempstead,57,5057,,,,,,0,0,0,0,0,0,0,0
Arkansas,5,Hot Spring,59,5059,,,,,,0,0,0,0,0,0,0,0
Arkansas,5,Howard,61,5061,,,,,,47.1,47.1,47.1,47.1,0,133.78,0,46.02571429
Arkansas,5,Independence,63,5063,,,,,,21848.48,21572.51,21655.6,20441.1,20491.47,22708.11,21829.81,21506.72571
Arkansas,5,Izard,65,5065,,,,,,100.6,100.6,121.02,121.02,121.02,293.1,293.1,164.3514286
Arkansas,5,Jackson,67,5067,,,,,,111111.59,111052.99,71679.43,110957.04,109867.88,109832.76,101077.82,103654.2157
Arkansas,5,Jefferson,69,5069,,,,,,66605.68,66076.81,72744.84,80937.92,79908.02,79039.89,90138.37,76493.07571
Arkansas,5,Johnson,71,5071,,,,,,4530.56,4530.56,4530.56,4451.76,4358.36,4413.46,3836.06,4378.76
Arkansas,5,Lafayette,73,5073,,,,,,12194.04,12097.46,14508.43,15394.97,15776.49,20509.13,16604.18,15297.81429
Arkansas,5,Lawrence,75,5075,,,,,,64196.04509,64196.3,64570.7,67952.87,67980.05,68376.34,68363.43,66519.39073
Arkansas,5,Lee,77,5077,,,,,,110069.09,109777.82,113813.58,131987.35,138619.62,129349.13,114330.68,121135.3243
Arkansas,5,Lincoln,79,5079,,,,,,15426.4,15363.65,17223.79,13635.78,17684.75,41526.99,52468.49,24761.40714
Arkansas,5,Little River,81,5081,,,,,,5401.76,5417.66,13116.05,11462.91,11819.51,11585.53,8439.27,9606.098571
Arkansas,5,Logan,83,5083,,,,,,5374.06,5374.06,5262.17,5131.77,5129.97,5359.37,5142.77,5253.452857
Arkansas,5,Lonoke,85,5085,,,,,,96830.29,96643.26,90239.6,93257.22,96497.89,96742.49,107918.16,96875.55857
Arkansas,5,Madison,87,5087,,,,,,0,0,0,0,0,0,0,0
Arkansas,5,Marion,89,5089,,,,,,0,0,0,0,0,0,0,0
Arkansas,5,Miller,91,5091,,,,,,5649.41,5472.04,4997.34,11231.75,10620.04,31571.98,25248.87,13541.63286
Arkansas,5,Mississippi,93,5093,,,,,,187557,186160.96,157996.7,166156.46,171040.96,181936.41,185366.6823,176602.1675
Arkansas,5,Monroe,95,5095,,,,,,69933.7,70262.38,72156.57,73304.87,76605.12,76144.89,73318.86,73103.77
Arkansas,5,Montgomery,97,5097,,,,,,0,0,0,0,0,0,0,0
Arkansas,5,Nevada,99,5099,,,,,,0,0,0,0,0,0,0,0
Arkansas,5,Newton,101,5101,,,,,,0,0,0,0,0,0,0,0
Arkansas,5,Ouachita,103,5103,,,,,,0,0,0,0,0,0,0,0
Arkansas,5,Perry,105,5105,,,,,,3514.61,3300.5,3494.16,3354.96,3349.45,2782.12,2557.11,3193.272857
Arkansas,5,Phillips,107,5107,,,,,,120506.27,119862.94,122705.66,131604.8,145388.53,131880.44,128515.11,128637.6786
Arkansas,5,Pike,109,5109,,,,,,186.98,186.98,189.21,231.91,218.81,232.82,108.21,193.56
Arkansas,5,Poinsett,111,5111,,,,,,120126.83,120236.73,114859.61,119968.99,119918.2,121841.56,121820.48,119824.6286
Arkansas,5,Polk,113,5113,,,,,,0,0,0,0,0,0,0,0
Arkansas,5,Pope,115,5115,,,,,,7525.28,7622.98,8935.93,8778.43,8760.24,8736.67,8365.2,8389.247143
Arkansas,5,Prairie,117,5117,,,,,,112012.92,111688.64,112787.35,113801.37,115504.79,117987.67,121408.9,115027.3771
Arkansas,5,Pulaski,119,5119,,,,,,20790.15,21383.97,17362.17,20718.71,20845.85,20680.07,20845.75,20375.23857
Arkansas,5,Randolph,121,5121,,,,,,39521.02,39595.47,43518.91,44044.21,44163.05,44163.05,43982.97,42712.66857
Arkansas,5,St. Francis,123,5123,,,,,,154082.08,154215.99,152445.2,155650.76,157747.54,155990.34,159578.01,155672.8457
Arkansas,5,Saline,125,5125,,,,,,0,0,0,0,0,0,0,0
Arkansas,5,Scott,127,5127,,,,,,0,0,0,0,0,0,0,0
Arkansas,5,Searcy,129,5129,,,,,,0,0,0,0,0,0,0,0
Arkansas,5,Sebastian,131,5131,,,,,,2896.73,2896.73,2896.73,2896.73,2436.78,2949.53,2745.67,2816.985714
Arkansas,5,Sevier,133,5133,,,,,,0,0,0,0,0,0,0,0
Arkansas,5,Sharp,135,5135,,,,,,310.3,218.7,368.9,255.3,319.7,464.1,472.4,344.2
Arkansas,5,Stone,137,5137,,,,,,0,0,0,0,0,0,0,0
Arkansas,5,Union,139,5139,,,,,,0,0,0,0,0,0,0,0
Arkansas,5,Van Buren,141,5141,,,,,,0,0,0,0,0,0,0,0
Arkansas,5,Washington,143,5143,,,,,,0,0,0,0,0,0,0,0
Arkansas,5,White,145,5145,,,,,,28619.12,28937.6,27786.8,27342.88,26827.81,28780.67,28180.32,28067.88571
Arkansas,5,Woodruff,147,5147,,,,,,115318.37,115085.05,104644.78,113434.58,113345.36,112959.59,111720.57,112358.3286
Arkansas,5,Yell,149,5149,,,,,,7840.77,7725.47,8374.51,8547.01,8233.79,8762.36,7483.97,8138.268571
California,6,Alameda,1,6001,,,,,,635.6,0,0,0,0,0,0,90.8
California,6,Alpine,3,6003,,,,,,0,0,0,0,0,0,0,0
California,6,Amador,5,6005,,,,,,0,0,0,0,0,0,0,0
California,6,Butte,7,6007,,,,,,29449.81,29250.76,20676.48,29072.46,28153.18,33428.25,40088.93,30017.12429
California,6,Calaveras,9,6009,,,,,,0,0,0,0,0,0,0,0
California,6,Colusa,11,6011,,,,,,8351.83,5611.79,3728.41,10253.64,11401.73,10663.49,6626.79,8091.097143
California,6,Contra Costa,13,6013,,,,,,0,0,0,0,0,0,0,0
California,6,Del Norte,15,6015,,,,,,0,0,0,0,0,0,0,0
California,6,El Dorado,17,6017,,,,,,0,0,0,0,0,0,0,0
California,6,Fresno,19,6019,,,,,,7648.5,7136.66,5390.74,2797.1,1416.53,1216.24,1785.71,3913.068571
California,6,Glenn,21,6021,,,,,,13732.44,13160.25,10289.41,15201.43,12834.08,11183.78,10794.64,12456.57571
California,6,Humboldt,23,6023,,,,,,0,0,0,0,0,0,0,0
California,6,Imperial,25,6025,,,,,,0,0,0,0,0,0,0,0
California,6,Inyo,27,6027,,,,,,0,0,0,0,0,0,0,0
California,6,Kern,29,6029,,,,,,0,0,0,0,0,0,0,0
California,6,Kings,31,6031,,,,,,0,0,0,0,0,0,0,0
California,6,Lake,33,6033,,,,,,0,0,0,0,0,0,0,0
California,6,Lassen,35,6035,,,,,,0,0,0,0,0,0,0,0
California,6,Los Angeles,37,6037,,,,,,0,0,0,0,0,0,0,0
California,6,Madera,39,6039,,,,,,0,0,0,0,0,0,0,0
California,6,Marin,41,6041,,,,,,1416.8,1657.45,1657.45,1599.05,0,0,0,904.3928571
California,6,Mariposa,43,6043,,,,,,0,0,0,0,0,0,0,0
California,6,Mendocino,45,6045,,,,,,0,0,0,0,0,0,0,0
California,6,Merced,47,6047,,,,,,14637.54,15796.92,9677.59,13897.56,14653.6,14231.42,13034.13,13704.10857
California,6,Modoc,49,6049,,,,,,0,0,0,0,0,0,0,0
California,6,Mono,51,6051,,,,,,0,0,0,0,0,0,0,0
California,6,Monterey,53,6053,,,,,,4728.11,4518.81,4635.11,4635.11,4247.21,4247.21,4601.21,4516.11
California,6,Napa,55,6055,,,,,,0,0,0,0,0,0,0,0
California,6,Nevada,57,6057,,,,,,0,0,0,0,0,0,0,0
California,6,Orange,59,6059,,,,,,0,0,0,0,0,0,0,0
California,6,Placer,61,6061,,,,,,5647.52,4946.72,5015.12,5323.52,3954.44,2638.92,7653.68,5025.702857
California,6,Plumas,63,6063,,,,,,0,0,0,0,0,0,0,0
California,6,Riverside,65,6065,,,,,,0,6228.3,112.97,0,0,0,0,905.8957143
California,6,Sacramento,67,6067,,,,,,3723.88,5658.17,6567.37,7689.01,8168.71,6614.34,8599.95,6717.347143
California,6,San Benito,69,6069,,,,,,0,0,0,0,0,0,0,0
California,6,San Bernardino,71,6071,,,,,,0,0,0,0,0,0,0,0
California,6,San Diego,73,6073,,,,,,0,0,0,0,0,0,0,0
California,6,San Francisco,75,6075,,,,,,0,0,0,0,0,0,0,0
California,6,San Joaquin,77,6077,,,,,,983.37,1162.5,2800.2,2572.42,2972.55,22334.8,1553.67,4911.358571
California,6,San Luis Obispo,79,6079,,,,,,0,0,0,0,0,0,0,0
California,6,San Mateo,81,6081,,,,,,0,0,0,0,0,0,0,0
California,6,Santa Barbara,83,6083,,,,,,0,0,0,0,0,0,0,0
California,6,Santa Clara,85,6085,,,,,,0,0,0,0,0,0,0,0
California,6,Santa Cruz,87,6087,,,,,,0,0,0,0,0,0,0,0
California,6,Shasta,89,6089,,,,,,0,0,0,0,0,0,0,0
California,6,Sierra,91,6091,,,,,,0,0,0,0,0,0,0,0
California,6,Siskiyou,93,6093,,,,,,1510.36,595.65,0,0,0,0,0,300.8585714
California,6,Solano,95,6095,,,,,,0,192.5,324.9,4098.9,0,171.51,0,683.9728571
California,6,Sonoma,97,6097,,,,,,4233.38,2954.88,4233.38,3744.78,2466.28,0,1742.13,2767.832857
California,6,Stanislaus,99,6099,,,,,,0,0,0,0,0,0,0,0
California,6,Sutter,101,6101,,,,,,62763.37,53575.67,56691.21,48811.25,48443.58,51266.97,52248.69125,53400.10589
California,6,Tehama,103,6103,,,,,,447.82,447.82,366.72,447.82,447.82,404.72,0,366.1028571
California,6,Trinity,105,6105,,,,,,0,0,0,0,0,0,0,0
California,6,Tulare,107,6107,,,,,,13439.42,13188.12,12551.25,12316.99,11582.02,11484.2,7171.14,11676.16286
California,6,Tuolumne,109,6109,,,,,,0,0,0,0,0,0,0,0
California,6,Ventura,111,6111,,,,,,0,0,0,0,0,0,0,0
California,6,Yolo,113,6113,,,,,,2712.93,4639.52,695.72,2606.73,1929.83,676.7,5584.4,2692.261429
California,6,Yuba,115,6115,,,,,,14565.11,14199.36,13020.46,13298.46,13377.54,11484.72,15613.09,13651.24857
Colorado,8,Adams,1,8001,,,,,,18205.01,19272.21,14590.98,46065.95749,59194.06,63002.56986,57653.50042,39712.04111
Colorado,8,Alamosa,3,8003,,,,,,908.02,908.02,720.85,892.95,790.39,933.55,824.19,853.9957143
Colorado,8,Arapahoe,5,8005,,,,,,13900.74,13665.04,13076.96,32785.97,34739.47,44185.61702,37497.55927,27121.62233
Colorado,8,Archuleta,7,8007,,,,,,0,0,0,0,0,0,0,0
Colorado,8,Baca,9,8009,,,,,,10433.18032,10830.57,35051.87,163642.03,145399.79,66184.95,75841.69,72483.44005
Colorado,8,Bent,11,8011,,,,,,6489.79,6495.61,20778.59,21429.41,20190.72,12098.27,23056.52,15791.27286
Colorado,8,Boulder,13,8013,,,,,,2403.44,2545.74,2545.74,2496.87799,4010.04,5376.83,5657.93,3576.656856
Colorado,8,Broomfield,14,8014,,,,,,0,0,0,0,0,0,0,0
Colorado,8,Chaffee,15,8015,,,,,,0,0,0,0,0,0,0,0
Colorado,8,Cheyenne,17,8017,,,,,,32855.62,32855.62,90914.98,130363.8,143280.5,128521.69,153284.46,101725.2386
Colorado,8,Clear Creek,19,8019,,,,,,0,0,0,0,0,0,0,0
Colorado,8,Conejos,21,8021,,,,,,3060.23,3060.23,3043.6,2886.32,2783.88,2815.32,2881.16,2932.962857
Colorado,8,Costilla,23,8023,,,,,,107.52,85.52,107.52,85.52,85.52,85.52,116.82,96.27714286
Colorado,8,Crowley,25,8025,,,,,,2517.61,3425.59,2366.41,2259.92,3593.16,2359.23,2406.82,2704.105714
Colorado,8,Custer,27,8027,,,,,,0,0,0,0,0,0,0,0
Colorado,8,Delta,29,8029,,,,,,2842.01,2910.07,3616.03,3632.5,3058.16,3683.48,4750.94,3499.027143
Colorado,8,Denver,31,8031,,,,,,0,0,0,0,0,0,0,0
Colorado,8,Dolores,33,8033,,,,,,3763.62,3453.28,4472.26,3734.48,3436.87,3488.24,5704.82,4007.652857
Colorado,8,Douglas,35,8035,,,,,,0,0,0,0,0,0,0,0
Colorado,8,Eagle,37,8037,,,,,,0,0,0,0,0,0,0,0
Colorado,8,Elbert,39,8039,,,,,,3936.68,4333.12,5094.59,5044.8,9086.63,6178.4,9110.757,6112.139571
Colorado,8,El Paso,41,8041,,,,,,347.43,47.87,827.13,0,500.6,0,500.6,317.6614286
Colorado,8,Fremont,43,8043,,,,,,0,0,0,0,0,0,0,0
Colorado,8,Garfield,45,8045,,,,,,40.59,146.01,168.11,149.71,153.61,174.53,36.94,124.2142857
Colorado,8,Gilpin,47,8047,,,,,,0,0,0,0,0,0,0,0
Colorado,8,Grand,49,8049,,,,,,0,0,0,0,0,0,0,0
Colorado,8,Gunnison,51,8051,,,,,,0,0,0,0,0,0,0,0
Colorado,8,Hinsdale,53,8053,,,,,,0,0,0,0,0,0,0,0
Colorado,8,Huerfano,55,8055,,,,,,0,0,0,0,0,0,0,0
Colorado,8,Jackson,57,8057,,,,,,0,0,0,0,0,0,0,0
Colorado,8,Jefferson,59,8059,,,,,,0,0,0,0,0,0,0,0
Colorado,8,Kiowa,61,8061,,,,,,3586.64,3824.27842,117138.61,230557.08,212547.9,97212.03117,161548.98,118059.3599
Colorado,8,Kit Carson,63,8063,,,,,,25625.26,24204.93,206740.47,291122.16,390451.2052,300003.37,306666.06,220687.6365
Colorado,8,Lake,65,8065,,,,,,0,0,0,0,0,0,0,0
Colorado,8,La Plata,67,8067,,,,,,1963.95,1723.05,3522.98426,5337.56,6186.5,6320.8,5636.96,4384.543466
Colorado,8,Larimer,69,8069,,,,,,2935.49,2694.89,2910.44,6637.394,10408.74,9980.52179,10536.4,6586.26797
Colorado,8,Las Animas,71,8071,,,,,,2144.28,2144.28,0,0,245.59,245.58,2508.32,1041.15
Colorado,8,Lincoln,73,8073,,,,,,5341.2,3791.27,20878.19,58095.53,46885.05,50428.81,68236.14168,36236.59881
Colorado,8,Logan,75,8075,,,,,,51212.62,51502.13,66200.21,77312.75,106922.84,85355.67048,85383.33,74841.36435
Colorado,8,Mesa,77,8077,,,,,,1677.91,1597.21,1298.21,1032.15,945.74,866.34,746.82,1166.34
Colorado,8,Mineral,79,8079,,,,,,0,0,0,0,0,0,0,0
Colorado,8,Moffat,81,8081,,,,,,546,559.4,776.6,924.6,592.3,945.9,823.1,738.2714286
Colorado,8,Montezuma,83,8083,,,,,,2111.73,2475.09,2122.83,3445.32,7240.99,9117.37,11321.12,5404.921429
Colorado,8,Montrose,85,8085,,,,,,690.44,643.04,791.24,742.75,807.85,901.28,2213.87,970.0671429
Colorado,8,Morgan,87,8087,,,,,,37864.62,37683.47,59836.73,78279.63,88388.81,80682.75523,80140.71,66125.24646
Colorado,8,Otero,89,8089,,,,,,25484.48,25290.3,22779.59,24540.33,28049.33,23413.07,23702.69,24751.39857
Colorado,8,Ouray,91,8091,,,,,,0,0,0,0,0,0,0,0
Colorado,8,Park,93,8093,,,,,,0,0,0,0,0,0,0,0
Colorado,8,Phillips,95,8095,,,,,,25022.31,24981.04,80424.4,163503.71,176495.86,156365.96,179302.25,115156.5043
Colorado,8,Pitkin,97,8097,,,,,,0,0,0,0,0,0,0,0
Colorado,8,Prowers,99,8099,,,,,,13941.79,15346.04,65890.51,96699.36755,113311.23,62113.86897,80542.9278,63977.96205
Colorado,8,Pueblo,101,8101,,,,,,9693.56,8424.44,7600.5,8161.5,8898.89,9566.03,8927.79,8753.244286
Colorado,8,Rio Blanco,103,8103,,,,,,0,0,0,0,0,0,0,0
Colorado,8,Rio Grande,105,8105,,,,,,3306.26,2846.19,2420.17,4115.22,6419.92,3847.27,2529.12,3640.592857
Colorado,8,Routt,107,8107,,,,,,169.09,502.39,463.59,601.96,484.07,157.7,440.734,402.7905714
Colorado,8,Saguache,109,8109,,,,,,6105.56,6085.76,5971.76,6918.28,7329.03,4543.66,2984.3,5705.478571
Colorado,8,San Juan,111,8111,,,,,,0,0,0,0,0,0,0,0
Colorado,8,San Miguel,113,8113,,,,,,315.55,0,315.55,315.55,0,315.55,0,180.3142857
Colorado,8,Sedgwick,115,8115,,,,,,5909.77,5909.77,29795.56,57658.19,76811.68,69256.8,76224.89,45938.09429
Colorado,8,Summit,117,8117,,,,,,0,0,0,0,0,0,0,0
Colorado,8,Teller,119,8119,,,,,,0,0,0,0,0,0,0,0
Colorado,8,Washington,121,8121,,,,,,39062.64,37614.05192,65115.73,145783.4933,198514.3173,143760.3919,150299.8019,111450.0609
Colorado,8,Weld,123,8123,,,,,,23007.62,28596.17359,45711.54,105444.7038,127700.5995,112926.6733,106310.6314,78528.27738
Colorado,8,Yuma,125,8125,,,,,,49159.23,49286.22,108090,131277.6684,157189.38,142506.5419,178717.67,116603.8158
Connecticut,9,Fairfield,1,9001,,,,,,0,0,0,0,0,0,0,0
Connecticut,9,Hartford,3,9003,,,,,,977.83,929.25,1162.46,1179.96,1129.04,1372.69,867.25,1088.354286
Connecticut,9,Litchfield,5,9005,,,,,,442.96,464.16,591.26,535.34,568.01,922.3,2614.51,876.9342857
Connecticut,9,Middlesex,7,9007,,,,,,376.2,376.2,365.85,351.75,218.15,326.92,299.23,330.6142857
Connecticut,9,New Haven,9,9009,,,,,,672.61,707.81,880.42,828.52,795.42,847.95,876.72,801.35
Connecticut,9,New London,11,9011,,,,,,2421.29,2542.82,2885.06,3023.52,3103.82,3096.53,3048.72,2874.537143
Connecticut,9,Tolland,13,9013,,,,,,3431.25,3265.41,3576.55,3288.97,3365.86,2787.21,2529.22,3177.781429
Connecticut,9,Windham,15,9015,,,,,,2570.3,2456.92,2395.09,2648.56,2800.96,2624.36,3107.76,2657.707143
Delaware,10,Kent,1,10001,,,,,,29699.02,28087.44,73871.78,84118.1248,84435.63973,79734.00417,85740.44962,66526.6369
Delaware,10,New Castle,3,10003,,,,,,13703.89,12462.1,27224.62,28628.3626,27220.87731,24710.91427,26238.09174,22884.12227
Delaware,10,Sussex,5,10005,,,,,,100454.38,95771.9305,143150.783,139392.5432,142183.5621,144509.7637,141947.5368,129630.0713
District Of Columbia,11,District of Columbia,1,11001,,,,,,0,0,0,0,0,0,0,0
Florida,12,Alachua,1,12001,,,,,,3221.28,3062.02,3208.28,3120.58,3022.54,2648.47,2586.93,2981.442857
Florida,12,Baker,3,12003,,,,,,0,0,0,0,0,0,0,0
Florida,12,Bay,5,12005,,,,,,0,0,0,0,0,0,0,0
Florida,12,Bradford,7,12007,,,,,,0,0,0,0,0,0,0,0
Florida,12,Brevard,9,12009,,,,,,0,0,0,0,0,0,0,0
Florida,12,Broward,11,12011,,,,,,0,0,0,0,0,0,0,0
Florida,12,Calhoun,13,12013,,,,,,3464.14,3207.21,2923.35,3163.59,2854.08,2861.48,2846.97,3045.831429
Florida,12,Charlotte,15,12015,,,,,,0,0,0,0,0,0,0,0
Florida,12,Citrus,17,12017,,,,,,0,0,0,0,0,0,0,0
Florida,12,Clay,19,12019,,,,,,0,0,0,0,0,0,0,0
Florida,12,Collier,21,12021,,,,,,0,0,0,0,0,0,0,0
Florida,12,Columbia,23,12023,,,,,,0,0,2789.82,0,1409.81,3667.92,3177.22,1577.824286
Florida,12,DeSoto,27,12027,,,,,,0,0,0,0,0,0,0,0
Florida,12,Dixie,29,12029,,,,,,0,0,0,0,0,0,0,0
Florida,12,Duval,31,12031,,,,,,0,0,0,0,0,0,0,0
Florida,12,Escambia,33,12033,,,,,,5525.95,4589.73,5536.29,5373.37,5503.05,5546.1,5709.63,5397.731429
Florida,12,Flagler,35,12035,,,,,,0,0,0,0,0,0,0,0
Florida,12,Franklin,37,12037,,,,,,0,0,0,0,0,0,0,0
Florida,12,Gadsden,39,12039,,,,,,524.82,545,541.22,541.92,547.97,277.65,627.15,515.1042857
Florida,12,Gilchrist,41,12041,,,,,,352.32,352.32,352.32,352.32,337.72,335.65,99.1,311.6785714
Florida,12,Glades,43,12043,,,,,,0,0,0,0,0,0,0,0
Florida,12,Gulf,45,12045,,,,,,0,0,0,0,0,0,0,0
Florida,12,Hamilton,47,12047,,,,,,3670.21,3662.28,4246.07,4257.56,4231.16,4250.81,3761.79,4011.411429
Florida,12,Hardee,49,12049,,,,,,0,0,0,0,0,0,0,0
Florida,12,Hendry,51,12051,,,,,,0,0,0,0,0,0,0,0
Florida,12,Hernando,53,12053,,,,,,0,0,0,0,0,0,0,0
Florida,12,Highlands,55,12055,,,,,,0,0,0,0,0,0,0,0
Florida,12,Hillsborough,57,12057,,,,,,0,0,0,0,0,0,0,0
Florida,12,Holmes,59,12059,,,,,,3416.44,3410.54,1591.99,496,3176.59,3152.14,3315.69,2651.341429
Florida,12,Indian River,61,12061,,,,,,0,0,0,0,0,0,0,0
Florida,12,Jackson,63,12063,,,,,,4941.45,4741.51,4913.65,4789.64,14248.11,12789.14,9867.62,8041.588571
Florida,12,Jefferson,65,12065,,,,,,3976.29,4105.05,3936.6,3638.72,3630.52,3476.63,3246.83,3715.805714
Florida,12,Lafayette,67,12067,,,,,,1889.32,2201.99,2450.87,2477.59,2467.09,2496.99,2601.29,2369.305714
Florida,12,Lake,69,12069,,,,,,0,0,0,0,0,0,0,0
Florida,12,Lee,71,12071,,,,,,0,0,0,0,0,0,0,0
Florida,12,Leon,73,12073,,,,,,0,0,0,0,0,0,0,0
Florida,12,Levy,75,12075,,,,,,0,0,0,0,0,0,0,0
Florida,12,Liberty,77,12077,,,,,,0,0,0,0,0,0,0,0
Florida,12,Madison,79,12079,,,,,,3762.98,4275.61,4107.07,4134.55,4313.73,4317.51,3984.3,4127.964286
Florida,12,Manatee,81,12081,,,,,,0,0,0,0,0,0,0,0
Florida,12,Marion,83,12083,,,,,,0,0,0,0,0,0,0,0
Florida,12,Martin,85,12085,,,,,,0,0,0,0,0,0,0,0
Florida,12,Miami-Dade,86,12086,,,,,,0,0,0,0,0,0,0,0
Florida,12,Monroe,87,12087,,,,,,0,0,0,0,0,0,0,0
Florida,12,Nassau,89,12089,,,,,,0,0,342.09,0,0,0,0,48.87
Florida,12,Okaloosa,91,12091,,,,,,1106.71,1255.25,1238.53,1204.99,1214.43,1042.48,917.68,1140.01
Florida,12,Okeechobee,93,12093,,,,,,0,0,0,0,0,0,0,0
Florida,12,Orange,95,12095,,,,,,0,0,0,0,0,0,0,0
Florida,12,Osceola,97,12097,,,,,,0,0,0,0,0,0,0,0
Florida,12,Palm Beach,99,12099,,,,,,0,0,0,0,0,0,0,0
Florida,12,Pasco,101,12101,,,,,,0,0,0,0,0,0,0,0
Florida,12,Pinellas,103,12103,,,,,,0,0,0,0,0,0,0,0
Florida,12,Polk,105,12105,,,,,,0,0,0,0,0,0,0,0
Florida,12,Putnam,107,12107,,,,,,859.5,859.5,0,0,0,0,0,245.5714286
Florida,12,St. Johns,109,12109,,,,,,0,0,0,0,0,0,0,0
Florida,12,St. Lucie,111,12111,,,,,,0,0,0,0,0,0,0,0
Florida,12,Santa Rosa,113,12113,,,,,,814.93,814.96,825.14,750.34,714.58,703.41,750.01,767.6242857
Florida,12,Sarasota,115,12115,,,,,,0,0,0,0,0,0,0,0
Florida,12,Seminole,117,12117,,,,,,0,0,0,0,0,0,0,0
Florida,12,Sumter,119,12119,,,,,,0,0,0,0,0,0,0,0
Florida,12,Suwannee,121,12121,,,,,,2913.7,3217.25,3426.17,3469.49,3558.58,4159.85,4017.03,3537.438571
Florida,12,Taylor,123,12123,,,,,,0,0,0,0,0,0,0,0
Florida,12,Union,125,12125,,,,,,0,0,0,0,92,303.84,252.4,92.60571429
Florida,12,Volusia,127,12127,,,,,,0,0,0,0,0,0,0,0
Florida,12,Wakulla,129,12129,,,,,,0,0,0,0,0,0,0,0
Florida,12,Walton,131,12131,,,,,,2654.38,2651.83,2514.35,2471.64,2245.01,2141.07,2086.79,2395.01
Florida,12,Washington,133,12133,,,,,,2232.37,2213.78,1452.59,1294.59,2219.1,2373.04,2238.77,2003.462857
Georgia,13,Appling,1,13001,,,,,,1601.11,1470.747404,3832.0005,3814.02,3718.52,3565.8,3455.37,3065.366843
Georgia,13,Atkinson,3,13003,,,,,,3945.27,3913.95,3353.91,3860.46,3882.83,3843.03,3501.78,3757.318571
Georgia,13,Bacon,5,13005,,,,,,5724.27,5263.57,4761.74,5363.4,4134.54,4329.96,4470.9,4864.054286
Georgia,13,Baker,7,13007,,,,,,1580.24,1586.24,1278.6,3736.83,3903.73,5625.06,6732.68,3491.911429
Georgia,13,Baldwin,9,13009,,,,,,300.55,300.55,0,0,0,0,0,85.87142857
Georgia,13,Banks,11,13011,,,,,,92.99,92.99,123.19,114.99,123.19,98.59,0,92.27714286
Georgia,13,Barrow,13,13013,,,,,,34.54,34.54,34.54,41.91,41.91,41.91,19.54,35.55571429
Georgia,13,Bartow,15,13015,,,,,,3198.18,3217.51,2970.1,6180.62,5275.36088,5938.58,3427.98,4315.47584
Georgia,13,Ben Hill,17,13017,,,,,,1841,1728.7,1432.58,1720.86,2115.55,2447.06,2210.14,1927.984286
Georgia,13,Berrien,19,13019,,,,,,333.03,331.83,256.47,2830.11,4187.03,7675.51,2486.2,2585.74
Georgia,13,Bibb,21,13021,,,,,,0,0,0,0,0,0,0,0
Georgia,13,Bleckley,23,13023,,,,,,5739.88,5640.08,3190.97,3321.36,3621.51,3307.47,2598.26,3917.075714
Georgia,13,Brantley,25,13025,,,,,,770.8,763.82,776.72,777.86,720.38,702.74,672.74,740.7228571
Georgia,13,Brooks,27,13027,,,,,,114.43,114.43,204.23,2076.13,2038.6,2012.65,2247.03,1258.214286
Georgia,13,Bryan,29,13029,,,,,,957.49,943.65,923.15,763.01,180.37,692.58,758.37,745.5171429
Georgia,13,Bulloch,31,13031,,,,,,18289.35,18268.27,17097.13,16777.16,17015.92,16313.03,19204.27,17566.44714
Georgia,13,Burke,33,13033,,,,,,3770.71,4259.52,6847.82,8183.29,7622.49,10652.24,4441.02,6539.584286
Georgia,13,Butts,35,13035,,,,,,0,0,0,0,0,0,0,0
Georgia,13,Calhoun,37,13037,,,,,,368.64,375.77,245.64,20593.73,22560.53,22413.1,22711.13,12752.64857
Georgia,13,Camden,39,13039,,,,,,0,0,0,0,0,0,0,0
Georgia,13,Candler,43,13043,,,,,,6191.29,6006.43,5950.53,5596.29,5456.1,5298.32,5624.68,5731.948571
Georgia,13,Carroll,45,13045,,,,,,0,0,0,0,0,0,0,0
Georgia,13,Catoosa,47,13047,,,,,,0,0,0,0,40.26,218.16,510.42,109.8342857
Georgia,13,Charlton,49,13049,,,,,,0,0,0,0,0,0,0,0
Georgia,13,Chatham,51,13051,,,,,,0,0,0,0,0,0,0,0
Georgia,13,Chattahoochee,53,13053,,,,,,0,0,0,0,0,0,0,0
Georgia,13,Chattooga,55,13055,,,,,,0,241.38,614.94,1033.44,1415.97,2487.54,1855.6,1092.695714
Georgia,13,Cherokee,57,13057,,,,,,0,0,0,0,0,0,0,0
Georgia,13,Clarke,59,13059,,,,,,251.15,251.15,0,0,212.55,238.47,338.38,184.5285714
Georgia,13,Clay,61,13061,,,,,,0,0,0,632.87,947.73,1129.65,1607.44,616.8128571
Georgia,13,Clayton,63,13063,,,,,,0,0,0,0,0,0,0,0
Georgia,13,Clinch,65,13065,,,,,,0,0,0,0,0,57.7,57.7,16.48571429
Georgia,13,Cobb,67,13067,,,,,,0,0,0,0,0,0,0,0
Georgia,13,Coffee,69,13069,,,,,,12420.30104,12105.18,10642.75,12030.09,12116.65,11532.63,10868.85,11673.77872
Georgia,13,Colquitt,71,13071,,,,,,65.48,95.25,132.88,8352.98,14310.87,20218.78,1627.8,6400.577143
Georgia,13,Columbia,73,13073,,,,,,0,0,0,0,0,0,0,0
Georgia,13,Cook,75,13075,,,,,,347.5,351.22,354.91,3412.02,4159.87,10818.03,997.14,2920.098571
Georgia,13,Coweta,77,13077,,,,,,0,0,0,0,0,0,0,0
Georgia,13,Crawford,79,13079,,,,,,460.05,261.38,253.95,253.95,259.76,259.76,259.76,286.9442857
Georgia,13,Crisp,81,13081,,,,,,0,0,0,0,0,0,0,0
Georgia,13,Dade,83,13083,,,,,,0,0,0,0,0,0,0,0
Georgia,13,Dawson,85,13085,,,,,,0,0,0,0,0,0,0,0
Georgia,13,Decatur,87,13087,,,,,,4222.02,4311.63,4810.05,10487.57,11235.68,11088.99,14112.49,8609.775714
Georgia,13,DeKalb,89,13089,,,,,,0,0,0,0,0,0,0,0
Georgia,13,Dodge,91,13091,,,,,,7194.75,6538.19,7138.62,5083.9,5687.98,5006.35,3363.43,5716.174286
Georgia,13,Dooly,93,13093,,,,,,189.37,206.72,836.21,2854.79,1684.45,1620.27,2310.46,1386.038571
Georgia,13,Dougherty,95,13095,,,,,,627.65,624.7,331.83,3272.33,2609.15,3534.28,3628.24,2089.74
Georgia,13,Douglas,97,13097,,,,,,0,0,0,0,0,0,0,0
Georgia,13,Early,99,13099,,,,,,10357.26,10246.35,8821.22,11491.98,11655.8,11485.11,12939.77,10999.64143
Georgia,13,Echols,101,13101,,,,,,471.5,467.8,487.98,471.5,544.59,544.59,502.08,498.5771429
Georgia,13,Effingham,103,13103,,,,,,6218.44,6278.15,5877.91,5284.69,5854.8,5604.9,5250.21,5767.014286
Georgia,13,Elbert,105,13105,,,,,,54.2,54.2,0,117.5,54.2,0,0,40.01428571
Georgia,13,Emanuel,107,13107,,,,,,2637.04,2635.3,2554.37,2583.68,2633.07,2661.87,3066.95,2681.754286
Georgia,13,Evans,109,13109,,,,,,2677.06,2607.24,2565.25,2515.66,2462.85,2353.93,2906.49,2584.068571
Georgia,13,Fannin,111,13111,,,,,,41.78,41.78,41.78,0,31.68,0,0,22.43142857
Georgia,13,Fayette,113,13113,,,,,,0,0,0,0,0,0,0,0
Georgia,13,Floyd,115,13115,,,,,,0,421.5,1367.92,1781.54,2559.77,5508.56,6045.94,2526.461429
Georgia,13,Forsyth,117,13117,,,,,,0,0,0,0,0,0,0,0
Georgia,13,Franklin,119,13119,,,,,,1494.14,1512.57,1081.73,882.23,1018.98,1082.23,585.76,1093.948571
Georgia,13,Fulton,121,13121,,,,,,0,0,0,0,0,0,0,0
Georgia,13,Gilmer,123,13123,,,,,,127.7,163.3,118.5,118.5,234.11,245.11,237.41,177.8042857
Georgia,13,Glascock,125,13125,,,,,,0,64.1,62.8,380.71,382.01,499.15,372.37,251.5914286
Georgia,13,Glynn,127,13127,,,,,,0,0,0,0,0,0,0,0
Georgia,13,Gordon,129,13129,,,,,,3765.61,3862.19,4106.68,6810.38,5658.0284,6333.48,6098.6,5233.566914
Georgia,13,Grady,131,13131,,,,,,0,536.83,393.17,14722.13,14249.89,16014.1,11734.01,8235.732857
Georgia,13,Greene,133,13133,,,,,,214.36,190.54,45.79,238.96,107.99,232.46,126.52,165.2314286
Georgia,13,Gwinnett,135,13135,,,,,,0,0,0,0,0,0,0,0
Georgia,13,Habersham,137,13137,,,,,,0,0,0,0,0,0,0,0
Georgia,13,Hall,139,13139,,,,,,342.02,349.42,357.22,343.22,492.22,501.22,702.62,441.1342857
Georgia,13,Hancock,141,13141,,,,,,0,0,0,1108.4,1108.4,0,0,316.6857143
Georgia,13,Haralson,143,13143,,,,,,0,0,0,0,0,0,0,0
Georgia,13,Harris,145,13145,,,,,,0,0,0,0,0,0,0,0
Georgia,13,Hart,147,13147,,,,,,5517.32,4795.57,5169.13,4496.09,4541.22,4137.28,3542.16,4599.824286
Georgia,13,Heard,149,13149,,,,,,0,0,0,0,0,0,0,0
Georgia,13,Henry,151,13151,,,,,,0,0,0,0,0,0,0,0
Georgia,13,Houston,153,13153,,,,,,770.45,685.25,642.55,670.65,817.43,723.17,3142.7,1064.6
Georgia,13,Irwin,155,13155,,,,,,3768.46,3791.14,4197.46,5249.31,6431.89,7045.86,5742.4,5175.217143
Georgia,13,Jackson,157,13157,,,,,,310.4,259.4,338.86,338.23,338.23,269.33,271.43,303.6971429
Georgia,13,Jasper,159,13159,,,,,,0,0,0,0,67.82,67.82,412.59,78.31857143
Georgia,13,Jeff Davis,161,13161,,,,,,733.39,763.58,3221.69,3132.02,3001.18,3218.82,2811.3,2411.711429
Georgia,13,Jefferson,163,13163,,,,,,7485.47,8244.47,8969.82,15043.38,17523.97,23058.53,18826.28,14164.56
Georgia,13,Jenkins,165,13165,,,,,,5958.13,6300.66,6446.29,6335.73,7082.77,5984.44,5192.02,6185.72
Georgia,13,Johnson,167,13167,,,,,,7123.16,7195.08,6968.76,5618.52,6722.29,4704.29,2646.89,5854.141429
Georgia,13,Jones,169,13169,,,,,,0,0,0,0,0,0,0,0
Georgia,13,Lamar,171,13171,,,,,,302.52,351.95,0,0,0,0,0,93.49571429
Georgia,13,Lanier,173,13173,,,,,,325.32,322.6,348.15,380.26,1832.97,920.01,1422.75,793.1514286
Georgia,13,Laurens,175,13175,,,,,,2266.87,2374.42,2139.04,2488.19,2560.47,2283.52,2469.92,2368.918571
Georgia,13,Lee,177,13177,,,,,,3771.93,3771.393905,103.32,1540.15,1448.59,670.76,16590.32,3985.209129
Georgia,13,Liberty,179,13179,,,,,,0,4.3,0,0,0,0,0,0.614285714
Georgia,13,Lincoln,181,13181,,,,,,0,0,94.29,94.29,82.34,81.54,0,50.35142857
Georgia,13,Long,183,13183,,,,,,715.57,786.66,993.26,932.24,719.32,559.62,559.62,752.3271429
Georgia,13,Lowndes,185,13185,,,,,,3003.77,2943.33,3252.29,2927.16,3345.65,4389.48,2955.1,3259.54
Georgia,13,Lumpkin,187,13187,,,,,,0,0,0,0,0,0,411.04,58.72
Georgia,13,McDuffie,189,13189,,,,,,0,0,0,0,0,0,0,0
Georgia,13,McIntosh,191,13191,,,,,,0,0,0,0,0,0,0,0
Georgia,13,Macon,193,13193,,,,,,36.75,379.29,363.66,295,280.23,315.53,11295.11,1852.224286
Georgia,13,Madison,195,13195,,,,,,418.9,373.5,625.1,471.58,590.02,367.69,369.79,459.5114286
Georgia,13,Marion,197,13197,,,,,,0,0,0,0,0,0,0,0
Georgia,13,Meriwether,199,13199,,,,,,0,0,0,0,0,0,0,0
Georgia,13,Miller,201,13201,,,,,,1544.2,1545.25,1370.88,2205.52,1912.16,2103.28,3776.94,2065.461429
Georgia,13,Mitchell,205,13205,,,,,,17116.22,17175.94,16292,8217.56,8679.71,12519.79,10658.05,12951.32429
Georgia,13,Monroe,207,13207,,,,,,435,0,0,0,0,0,0,62.14285714
Georgia,13,Montgomery,209,13209,,,,,,2784.62,2514.6,829.82,1688.39,1810.88,1379.92,1690.29,1814.074286
Georgia,13,Morgan,211,13211,,,,,,852.91,948.69,1225.11,1877.41,1614.86,1339.98,1616.03,1353.57
Georgia,13,Murray,213,13213,,,,,,605.05,594.24,1848.77,2412.5725,2193.35,2966.95701,2435.9226,1865.266016
Georgia,13,Muscogee,215,13215,,,,,,0,0,0,0,0,0,0,0
Georgia,13,Newton,217,13217,,,,,,696.32,831.55,830.93,483.53,770.04,64.04,442.63,588.4342857
Georgia,13,Oconee,219,13219,,,,,,1523.27,1520.33,1424.03,1376.4,1288.9,1157.99,1154.94,1349.408571
Georgia,13,Oglethorpe,221,13221,,,,,,348.71,348.71,540.98,494.33,494.33,359.74,322.31,415.5871429
Georgia,13,Paulding,223,13223,,,,,,0,0,0,0,0,0,0,0
Georgia,13,Peach,225,13225,,,,,,1175.12,1175.92,1225.27,1239.05,1376.51,1354.72,2417.21,1423.4
Georgia,13,Pickens,227,13227,,,,,,0,0,0,0,0,0,0,0
Georgia,13,Pierce,229,13229,,,,,,8257.72,8383.19,7873.21,8263.56,7485.34,7341.29,6172.43,7682.391429
Georgia,13,Pike,231,13231,,,,,,0,0,0,0,0,0,0,0
Georgia,13,Polk,233,13233,,,,,,0,0,0,99.86,94.17616,1905.6,2435.64,647.8965943
Georgia,13,Pulaski,235,13235,,,,,,1531.6,1801.3,1643.59,3051.16,2708.15,2316.69,1713.62,2109.444286
Georgia,13,Putnam,237,13237,,,,,,0,0,0,0,0,0,0,0
Georgia,13,Quitman,239,13239,,,,,,0,45.8,0,0,0,42.99,0,12.68428571
Georgia,13,Rabun,241,13241,,,,,,0,0,0,0,0,0,176.4,25.2
Georgia,13,Randolph,243,13243,,,,,,43.47,220.75,63.77,7514.14,8957.7,8339.6,5545.6,4383.575714
Georgia,13,Richmond,245,13245,,,,,,0,0,0,0,0,28,28,8
Georgia,13,Rockdale,247,13247,,,,,,0,0,0,0,0,0,0,0
Georgia,13,Schley,249,13249,,,,,,118.1,140,140,135.36,135.36,190.7,632.28,213.1142857
Georgia,13,Screven,251,13251,,,,,,10698.57,10485.17,10249.36,11124.89,10329.67,10433.24,15681.15,11286.00714
Georgia,13,Seminole,253,13253,,,,,,157.27,164.72,258.77,2591.9,3402.6,4344.56,7447.6,2623.917143
Georgia,13,Spalding,255,13255,,,,,,0,0,0,0,0,0,0,0
Georgia,13,Stephens,257,13257,,,,,,0,0,0,0,0,0,0,0
Georgia,13,Stewart,259,13259,,,,,,225.5,292.73,269.95,665.7,643.18,635.16,572.83,472.15
Georgia,13,Sumter,261,13261,,,,,,1257.31,1443.31,1438.22,5200.79,4440.84,5773.91,15849.71,5057.727143
Georgia,13,Talbot,263,13263,,,,,,0,0,0,0,0,0,0,0
Georgia,13,Taliaferro,265,13265,,,,,,0,0,0,0,0,0,0,0
Georgia,13,Tattnall,267,13267,,,,,,9488.655206,8156.68,8975.89,9481.56,9989.5,9353.81,9493.41,9277.072172
Georgia,13,Taylor,269,13269,,,,,,93.37,615.97,608.3,570.3,536.92,660.85,3037.83,874.7914286
Georgia,13,Telfair,271,13271,,,,,,1094.58,1274.47,912.12,789.95,1181.69,1249.82,1208.17,1101.542857
Georgia,13,Terrell,273,13273,,,,,,3227.12,3221.86,2974.08,7451.69,5954.6,5120.49,4041.4,4570.177143
Georgia,13,Thomas,275,13275,,,,,,26.7,96.74,187.9,8190.29,3631.22,6864.02,3273.5,3181.481429
Georgia,13,Tift,277,13277,,,,,,2529.39,2546.13,2512.43,5972.99,4876.7,7704.01,3295.7,4205.335714
Georgia,13,Toombs,279,13279,,,,,,3047.22,2007.12,1322.18,3024.19,5347.89,4533.99,5091.83,3482.06
Georgia,13,Towns,281,13281,,,,,,0,0,0,0,0,0,0,0
Georgia,13,Treutlen,283,13283,,,,,,273.41,493.55,146.73,248.11,292.18,204.04,244.11,271.7328571
Georgia,13,Troup,285,13285,,,,,,0,0,0,0,0,0,0,0
Georgia,13,Turner,287,13287,,,,,,7.94,8.74,0,341.68,68.99,454.75,500.03,197.4471429
Georgia,13,Twiggs,289,13289,,,,,,755.31,741.11,509.93,524.32,517.42,530.88,663.41,606.0542857
Georgia,13,Union,291,13291,,,,,,0,0,82.17,82.17,130.15,130.15,130.15,79.25571429
Georgia,13,Upson,293,13293,,,,,,0,0,0,0,0,0,0,0
Georgia,13,Walker,295,13295,,,,,,118.06,838.04,200.56,926.36,1098.79,3028.44,2927.69,1305.42
Georgia,13,Walton,297,13297,,,,,,2787.46,2718.99,2524.69,2566.6,2525.725,2490.47,2158.55,2538.926429
Georgia,13,Ware,299,13299,,,,,,3909.71,3810.5,3725.33,3966.17,3585.12,3065.42,3005.45,3581.1
Georgia,13,Warren,301,13301,,,,,,1157.91,1143.53,1217.72,534.47,534.47,563.17,993.42,877.8128571
Georgia,13,Washington,303,13303,,,,,,8295.58,8393.43,8206.8,6985.59,6270.26,6048.42,5397.92,7085.428571
Georgia,13,Wayne,305,13305,,,,,,5003.31,5216.63,5328.81,4989.81,4838.84,4688.1,4381.35,4920.978571
Georgia,13,Webster,307,13307,,,,,,368.59,849.72,274.83,808.06,887.11,511.05,1125.67,689.29
Georgia,13,Wheeler,309,13309,,,,,,3802.84,3452.17,2849.87,3001.02,3161.76,3510.32,3178.27,3279.464286
Georgia,13,White,311,13311,,,,,,0,0,0,0,251.94,723.59,948.26,274.8271429
Georgia,13,Whitfield,313,13313,,,,,,0,0,176.61,591.91,615.55,513.65,498.96,342.3828571
Georgia,13,Wilcox,315,13315,,,,,,808.71,876.93,857.83,2656.8,2780.6,2869.71,2647.42,1928.285714
Georgia,13,Wilkes,317,13317,,,,,,1980.88,1838.29,2056.12,1957.36,1955.4,1945.24,1916.02,1949.901429
Georgia,13,Wilkinson,319,13319,,,,,,0,0,0,0,0,0,0,0
Georgia,13,Worth,321,13321,,,,,,12.1,362.86,619.45,1258.81,3387.11,3452.74,6123.38,2173.778571
Hawaii,15,Hawaii,1,15001,,,,,,0,0,0,0,0,0,0,0
Hawaii,15,Honolulu,3,15003,,,,,,0,0,0,0,0,0,0,0
Hawaii,15,Kalawao,5,15005,,,,,,0,0,0,0,0,0,0,0
Hawaii,15,Kauai,7,15007,,,,,,0,0,0,0,0,0,0,0
Hawaii,15,Maui,9,15009,,,,,,0,0,0,0,0,0,0,0
Idaho,16,Ada,1,16001,,,,,,1056.9,1026.93,646.43,1274.68,790.29,191.98,1151.82,877.0042857
Idaho,16,Adams,3,16003,,,,,,0,0,0,0,0,0,0,0
Idaho,16,Bannock,5,16005,,,,,,0,0,0,0,2541.15,1338.19,2960.83,977.1671429
Idaho,16,Bear Lake,7,16007,,,,,,0,0,0,0,757.6,0,347.2,157.8285714
Idaho,16,Benewah,9,16009,,,,,,2408.29,2363.68,6990.01,37763.26,44076.22,40304.49,43367.43,25324.76857
Idaho,16,Bingham,11,16011,,,,,,2356.66,2356.66,2356.66,2345.16,2384.15,2345.16,2318.16,2351.801429
Idaho,16,Blaine,13,16013,,,,,,0,0,0,0,191.9,0,0,27.41428571
Idaho,16,Boise,15,16015,,,,,,0,0,0,0,0,0,0,0
Idaho,16,Bonner,17,16017,,,,,,0,0,0,0,0,0,0,0
Idaho,16,Bonneville,19,16019,,,,,,15084.63,14719.13,12141.48,16154.85,17984.8435,16516.83,16547.89,15592.80764
Idaho,16,Boundary,21,16021,,,,,,0,0,0,0,0,0,0,0
Idaho,16,Butte,23,16023,,,,,,0,0,0,0,0,0,0,0
Idaho,16,Camas,25,16025,,,,,,1135.3,1135.3,1099.8,1099.8,1099.8,1632.69,2379.92,1368.944286
Idaho,16,Canyon,27,16027,,,,,,741.15,1474.72,1389.71,1791.15,1564.16,1393.58,1181.51,1362.282857
Idaho,16,Caribou,29,16029,,,,,,0,249.27,211.77,174.09,57073.94,4378.79,9398.43,10212.32714
Idaho,16,Cassia,31,16031,,,,,,12396.74,12396.74,10696.41,12381.42,11236.37,13010.53,19815.99,13133.45714
Idaho,16,Clark,33,16033,,,,,,950.3,897.4,950.3,950.3,950.3,624.1,624.1,849.5428571
Idaho,16,Clearwater,35,16035,,,,,,1136.61,1140.47,1136.61,12020.28,11912.57,9159.03,14728.13,7319.1
Idaho,16,Custer,37,16037,,,,,,0,0,0,0,0,0,0,0
Idaho,16,Elmore,39,16039,,,,,,3062.09,3236.05,3393.7,3233.08,3195.1,3164.44,2757.8,3148.894286
Idaho,16,Franklin,41,16041,,,,,,3086.84,3247.51,3096.26,3175.37,20444.29,21116.01,25367.01,11361.89857
Idaho,16,Fremont,43,16043,,,,,,0,0,0,0,0,0,0,0
Idaho,16,Gem,45,16045,,,,,,5380.59,5376.19,5561.17,5359.86,5401.4,5441.84,5161.82,5383.267143
Idaho,16,Gooding,47,16047,,,,,,0,0,0,0,0,0,3915.85,559.4071429
Idaho,16,Idaho,49,16049,,,,,,138.7,139.26,3646.61,29668.34,83405.97,76702.81,72144.73,37978.06
Idaho,16,Jefferson,51,16051,,,,,,6256.68,6291.58,5636.68,5959.44369,6218.52404,6929.3,6708.85,6285.86539
Idaho,16,Jerome,53,16053,,,,,,4566.71,4621.46,4573.48,5243.39,4893.22,5120.73,5210.39,4889.911429
Idaho,16,Kootenai,55,16055,,,,,,4698.15,4701.74,3763.42,16356.62,20447.58,19261.93,20292.11,12788.79286
Idaho,16,Latah,57,16057,,,,,,1431.18,1935.84,2670.21,99853.77,129629.65,100039.29,129528.71,66441.23571
Idaho,16,Lemhi,59,16059,,,,,,397.4,397.4,397.4,397.4,397.4,397.4,397.4,397.4
Idaho,16,Lewis,61,16061,,,,,,0,0,0,81568.38,85564.98,92403.2,97150.56,50955.30286
Idaho,16,Lincoln,63,16063,,,,,,2892.58,3650.58,3620.18,2077.38,2278.82,1710.86,2257.91,2641.187143
Idaho,16,Madison,65,16065,,,,,,0,0,0,0,0,170.85,170.85,48.81428571
Idaho,16,Minidoka,67,16067,,,,,,0,0,0,0,0,0,0,0
Idaho,16,Nez Perce,69,16069,,,,,,1508.4,1508.4,1908.42,91044.37,110346.5,115552.6,114884.21,62393.27143
Idaho,16,Oneida,71,16071,,,,,,0,0,0,6061.01,11830.51,11534.26,14308.01,6247.684286
Idaho,16,Owyhee,73,16073,,,,,,1964.6,2553.01,802.51,675.98,792.26,519.96,274.28,1083.228571
Idaho,16,Payette,75,16075,,,,,,936.93,1054.89,1320.1,1336.24,1225.4,1626.4,1206.7,1243.808571
Idaho,16,Power,77,16077,,,,,,0,0,0,0,0,0,0,0
Idaho,16,Shoshone,79,16079,,,,,,0,0,0,0,0,0,0,0
Idaho,16,Teton,81,16081,,,,,,0,0,0,0,0,0,0,0
Idaho,16,Twin Falls,83,16083,,,,,,1315.95,3462.26,2068.65,3150.76,3214,3020.84,3008.34,2748.685714
Idaho,16,Valley,85,16085,,,,,,0,0,0,0,0,0,0,0
Idaho,16,Washington,87,16087,,,,,,811.26,840.92,842.82,458.15,319.29,420.09,782.89,639.3457143
Illinois,17,Adams,1,17001,,,,,,100690.37,101355.9923,150179.95,197368.9009,199082.57,224800.31,240412.9965,173413.0128
Illinois,17,Alexander,3,17003,,,,,,21879.32,21129.31,29928.71,33646.77,34011.28,36999.51,37877.1347,30781.71924
Illinois,17,Bond,5,17005,,,,,,51853.01,52066.92,61404.27,68659.04,71156.07029,81671.4,100458.85,69609.93718
Illinois,17,Boone,7,17007,,,,,,28103.82,27203.96,34981.76,56602.99,53580.76,91343.66,100709.26,56075.17286
Illinois,17,Brown,9,17009,,,,,,22222.94,22014.00749,39561.59,38835.63,36505.59471,42513.05,58880.03,37218.97746
Illinois,17,Bureau,11,17011,,,,,,120366.21,121004.37,268181.17,236700.74,253380.38,364084.37,327058.93,241539.4529
Illinois,17,Calhoun,13,17013,,,,,,11793.2,12112.95,18596.63,19864.09,20170.54,22340.10536,26902.35274,18825.69544
Illinois,17,Carroll,15,17015,,,,,,15378.79,15183.61,34814.54,43078.88,59045.14,128398.08,127215.85,60444.98429
Illinois,17,Cass,17,17017,,,,,,43468.92,43576.74,51402.59,66455.82,62654.59,114729.41,128696.99,72997.86571
Illinois,17,Champaign,19,17019,,,,,,220270.17,218314.83,304431.3626,306037.5377,284630.16,437214.9885,483341.1186,322034.3096
Illinois,17,Christian,21,17021,,,,,,156829.31,156366.73,198978.56,199910.12,205010.57,272923.0987,322037.4227,216007.9731
Illinois,17,Clark,23,17023,,,,,,89887.93,89756.29,100057.79,102346.88,98396.32,145048.08,171126.36,113802.8071
Illinois,17,Clay,25,17025,,,,,,112467.71,112421.79,118972.06,127457.39,134593.96,148925.3814,160753.7205,130798.8588
Illinois,17,Clinton,27,17027,,,,,,68619.33,68847.69,95223.85,102081.35,103956.1,126895.47,150825.4,102349.8843
Illinois,17,Coles,29,17029,,,,,,108571.43,107621.87,138025.93,119924.93,114224.16,134174.03,215180.5033,133960.4076
Illinois,17,Cook,31,17031,,,,,,1279.44,1312.93,2814.15,3505.39,3167.83,4959.06,6046.36,3297.88
Illinois,17,Crawford,33,17033,,,,,,77251.77,77819.09,107544.38,97603.89,103206.47,141734.8,156416.57,108796.71
Illinois,17,Cumberland,35,17035,,,,,,62892.62,62149.61,80470.06,79070.94,80220.40022,109689.1912,128016.5463,86072.76681
Illinois,17,DeKalb,37,17037,,,,,,64689.31,64451.47,106627.21,127372.11,128078.55,266711.73,275484.16,147630.6486
Illinois,17,De Witt,39,17039,,,,,,83870.48,83610.68,93861.16,95832.81,90553.7,157301.2174,178401.4701,111918.7882
Illinois,17,Douglas,41,17041,,,,,,90720.23,89501.39,108960.67,98638.31159,84322.19,176540.0216,204618.5,121900.1876
Illinois,17,DuPage,43,17043,,,,,,733.85,729.25,1364.55,2238.82,2140.64,2885.89,2875.43,1852.632857
Illinois,17,Edgar,45,17045,,,,,,143802.51,143846.23,169782.03,175234.1888,167532.7618,222875.5689,267724.918,184399.7439
Illinois,17,Edwards,47,17047,,,,,,39676.35,39360.5,40356.65,45637.31,46708.41,66962.62,85519.2765,52031.58807
Illinois,17,Effingham,49,17049,,,,,,77656.4,77938.58,102422.06,114357.5782,127277.4306,145360.28,158740.7106,114821.8628
Illinois,17,Fayette,51,17051,,,,,,122159.99,123248.37,149662.8,151349.6734,153643.22,173736.7,191498.15,152185.5576
Illinois,17,Ford,53,17053,,,,,,111668.18,110839.68,143647.14,156175.69,159342.35,202181.55,233273.88,159589.7814
Illinois,17,Franklin,55,17055,,,,,,84521.8,82634.04,86018.94,79420.96652,75979.30384,84393.44,98997.28,84566.53862
Illinois,17,Fulton,57,17057,,,,,,92686.3,93084.54,100852.92,125839.29,132478.0453,167964.49,197355.95,130037.3622
Illinois,17,Gallatin,59,17059,,,,,,106138.67,104527,65983.38,83159.89,74346.815,104106.49,132053.4435,95759.38407
Illinois,17,Greene,61,17061,,,,,,64161.93,63631.85,90321.53,91444.57345,96509.95,138827.46,174518.8,102773.7276
Illinois,17,Grundy,63,17063,,,,,,147597.45,147746.52,133927.55,136149.98,131214.57,168249.63,176749.745,148805.0636
Illinois,17,Hamilton,65,17065,,,,,,69086.35,68956.81,72043.23,92702.48,95034.46053,116984.6412,155512.645,95760.08809
Illinois,17,Hancock,67,17067,,,,,,123942.41,124867.44,181657.93,218357.42,219770.6653,229191.2085,266347.72,194876.3991
Illinois,17,Hardin,69,17069,,,,,,1936.07,1952.87,1810.18,2814.48,3878.93,4741.85,5552.92,3241.042857
Illinois,17,Henderson,71,17071,,,,,,34680.92,34744,49654.28,58826.95,70730.49,97436.51,114176.7,65749.97857
Illinois,17,Henry,73,17073,,,,,,81491.99,81788.91,217794.17,218741.26,250871.05,327089.48,324982.22,214679.8686
Illinois,17,Iroquois,75,17075,,,,,,348073.17,347781.57,389086.87,450652.45,464861.86,529870.68,554008.9206,440619.3601
Illinois,17,Jackson,77,17077,,,,,,78600.00675,78588.16,84718.46,89779.47805,88016.46833,89227.63229,94645.06833,86225.03911
Illinois,17,Jasper,79,17079,,,,,,86535.5,86188.5,137565,143292.7174,154376.1406,193958.7172,204804.5072,143817.2975
Illinois,17,Jefferson,81,17081,,,,,,83774.13,83297.22,92391.9,95918.36,95143.17,107234.25,122460.03,97174.15143
Illinois,17,Jersey,83,17083,,,,,,37406.42,38063.26,44117.7,47424.6,45430.23,56848.06,74578.32686,49124.08527
Illinois,17,Jo Daviess,85,17085,,,,,,18666.31,18785.34,31829.96,30037.5,35342.99,85995.48,106605.33,46751.84429
Illinois,17,Johnson,87,17087,,,,,,15403.68,15853.81,16945.87,17954.81218,18720.12768,19807.24,21776.24066,18065.96865
Illinois,17,Kane,89,17089,,,,,,26983.92,27121.75,40349.06,49360.69,46851.58,102609.34,105185.81,56923.16429
Illinois,17,Kankakee,91,17091,,,,,,98495.2,98833.16,183560.75,215077.44,213045.15,242971.566,259352.4751,187333.6773
Illinois,17,Kendall,93,17093,,,,,,34547.36,34634.86,44895.92,53474.99,59489.63,112735,117265.9562,65291.95946
Illinois,17,Knox,95,17095,,,,,,75558.47,75265.54,148533.62,121953.45,132450.89,202208.45,223743.36,139959.1114
Illinois,17,Lake,97,17097,,,,,,8918.3,8546.43,8953.51,10572.33,10208,12108.18,12817.84,10303.51286
Illinois,17,LaSalle,99,17099,,,,,,194333.7,194439.47,251798.44,265922.76,266076.55,433491.29,468475.34,296362.5071
Illinois,17,Lawrence,101,17101,,,,,,63398.28,63268.93,89465.25,77391.46,95227.67,133639.54,149828.38,96031.35857
Illinois,17,Lee,103,17103,,,,,,100015.14,99917.12,159161.25,174172.23,189534.36,295761.8328,300182.07,188392.0004
Illinois,17,Livingston,105,17105,,,,,,230955.04,229885.92,278898.63,297576.23,318790.57,440002.6,484223.88,325761.8386
Illinois,17,Logan,107,17107,,,,,,105829.86,105907.69,126570.29,168108.23,190206.36,269945.2791,302955.53,181360.4627
Illinois,17,McDonough,109,17109,,,,,,85657.89,85582.7,127849.51,155960.12,170900.1,187678.63,207189.74,145831.2414
Illinois,17,McHenry,111,17111,,,,,,29389.03,30057.53,37515.01,65567.63,67177.495,113403.88,122618.91,66532.78357
Illinois,17,McLean,113,17113,,,,,,239476.6,239322.34,274399.78,290883.88,284864.96,472418.05,546903.52,335467.0186
Illinois,17,Macon,115,17115,,,,,,107640.44,108093.93,124474.11,128557.05,128154.79,222489.8403,239843.96,151322.0172
Illinois,17,Macoupin,117,17117,,,,,,99556.86,100672.28,164662.2,168364.09,168082.72,246380.13,277745.8,175066.2971
Illinois,17,Madison,119,17119,,,,,,116593.78,116652.97,119556.51,128339.9899,134511.3853,156893.6501,174021.3276,135224.2304
Illinois,17,Marion,121,17121,,,,,,81009.54,81558.7974,92592.51,103290.69,107072.53,117721.64,145037.72,104040.4896
Illinois,17,Marshall,123,17123,,,,,,62227.97,61938.53143,76191.71,79608.1,77033.76,136702.66,144233.86,91133.79878
Illinois,17,Mason,125,17125,,,,,,91195.03,91157.98,92865.25,98461.55,119342.79,166067.17,189002.29,121156.0086
Illinois,17,Massac,127,17127,,,,,,28451.76,28528.3,33657.45,36426.27,36669.46,38228.58,49286.82,35892.66286
Illinois,17,Menard,129,17129,,,,,,53485.51,53424.51,68536.99,93016.34,91813.64,111761.24,118327.09,84337.90286
Illinois,17,Mercer,131,17131,,,,,,59860.66,59274.35,100631.32,92394.05,98272.62,178263.29,195960.69,112093.8543
Illinois,17,Monroe,133,17133,,,,,,55709.33,55726.99,99477.12227,99895.63252,101241.2086,114636.72,145599.8411,96040.97778
Illinois,17,Montgomery,135,17135,,,,,,119973.59,119394.2029,140483.86,140344.25,146304.4677,205444.6012,268477.6371,162917.5156
Illinois,17,Morgan,137,17137,,,,,,82107.89,80265.03,105924.68,110286.33,113675.91,194309.41,213896.01,128637.8943
Illinois,17,Moultrie,139,17139,,,,,,65917.92,64443.08,90098.42,86213.67,79242.98,128026.33,148493.28,94633.66857
Illinois,17,Ogle,141,17141,,,,,,64648.7,64534.35,86728.24,117589.56,126701.98,259798.34,266505.54,140929.53
Illinois,17,Peoria,143,17143,,,,,,65043.41,64440.1,61341.54,50496.96,46488.59,77787.94,90061.18,65094.24571
Illinois,17,Perry,145,17145,,,,,,86663.21,86124.22,85533.37,89997.8217,88047.8651,96127.5333,114432.4708,92418.07013
Illinois,17,Piatt,147,17147,,,,,,89529.44,88725.47776,103144.31,94180.46695,97009.2341,205530.9825,228644.993,129537.8435
Illinois,17,Pike,149,17149,,,,,,89492.86,90902.31447,112965.4,130232.1308,151204.38,175239.4953,214376.1937,137773.2535
Illinois,17,Pope,151,17151,,,,,,11702.7,11772.88,13494.04,14743.71,15217.00723,14800.43,20082.22,14544.71246
Illinois,17,Pulaski,153,17153,,,,,,31585.96,31329.73,27124.8,32385.84,32406.3,41822.12,45289.26,34563.43
Illinois,17,Putnam,155,17155,,,,,,22481.36,22302.94,32494.61,30822.69,29496.01,41936.76,43215.6,31821.42429
Illinois,17,Randolph,157,17157,,,,,,64123.87,63805.89365,94022.97,111884.9607,123206.5678,137333.2855,166792.5703,108738.5883
Illinois,17,Richland,159,17159,,,,,,63719.83,63163.28,86228.69,96103.97,99737.39,127528.7176,147812.8026,97756.3829
Illinois,17,Rock Island,161,17161,,,,,,25457.46,26002.34,46901.02,54044.02,61088.56,85872.27,95355.94,56388.80143
Illinois,17,St. Clair,163,17163,,,,,,107125.51,107166.93,125254.44,128485.57,129521.03,161261.19,186467.85,135040.36
Illinois,17,Saline,165,17165,,,,,,75705.68,73666.57,77369.11,80718.33,81967.98704,87896.38,90397.09218,81103.02132
Illinois,17,Sangamon,167,17167,,,,,,117394.62,114033.11,168324.58,185701.95,186725.765,290357.8309,313288.57,196546.6323
Illinois,17,Schuyler,169,17169,,,,,,42368.43,40339.24278,57500.71,55152.08,57578.48756,84877.19749,103719.26,63076.48683
Illinois,17,Scott,171,17171,,,,,,28328.56,28116.92,44860.71,58503.36,58510.67,77407.99,90680.48,55201.24143
Illinois,17,Shelby,173,17173,,,,,,146017.2,146150.32,161826.03,170444.47,192796.28,264820.8846,306059.7081,198302.1275
Illinois,17,Stark,175,17175,,,,,,41529.51,41434.93,82964.91,72627.18,78760.67,121845.68,112478.65,78805.93286
Illinois,17,Stephenson,177,17177,,,,,,55123.63,54536.27,95581.53,93860.86,102794.71,171900.312,197781.62,110225.5617
Illinois,17,Tazewell,179,17179,,,,,,73768.7,73691.33,86216.53,99916.92,103173.03,189219.67,211952.59,119705.5386
Illinois,17,Union,181,17181,,,,,,25081.98,26046.68,26278.63,30277.91,30556.91,31670.05,34591.07083,29214.74726
Illinois,17,Vermilion,183,17183,,,,,,195210.64,195389.32,298594.9,285407.57,268633.47,336645.26,376101.809,279426.1384
Illinois,17,Wabash,185,17185,,,,,,35990.23,36211.55,50628.89,47724.97,58439.37,79362.72,94897.04,57607.82429
Illinois,17,Warren,187,17187,,,,,,76390.86,76563.6,114580.89,122784.3,123658.4,182840.46,220600.1959,131059.8151
Illinois,17,Washington,189,17189,,,,,,125891.41,125730.28,159477.59,192638.35,192593.99,215712.74,248903.4,180135.3943
Illinois,17,Wayne,191,17191,,,,,,109209.05,109358.73,119114.44,132535.79,131116.74,173349.29,245960.85,145806.4129
Illinois,17,White,193,17193,,,,,,86470.53,86573.78,100754.85,161786.57,166010.95,176403.996,201453,139921.9537
Illinois,17,Whiteside,195,17195,,,,,,45986.63,46036.8,99617.28,97109.01,150694.63,225097.7306,239633.28,129167.9087
Illinois,17,Will,197,17197,,,,,,52336.16884,52208.2865,110078.89,115129.4,119980.727,131230.98,145690.12,103807.796
Illinois,17,Williamson,199,17199,,,,,,32110.85,32362.22,34530.13,34711.5058,32474.19305,35019.6,39827.98,34433.78269
Illinois,17,Winnebago,201,17201,,,,,,33903.2,34502.59,59981.66,74233.78,71969.34,108673.3515,115240.24,71214.88021
Illinois,17,Woodford,203,17203,,,,,,99002.42,99054.35,110769.27,110641.32,109346.05,174407.06,204870.3,129727.2529
Indiana,18,Adams,1,18001,,,,,,72375.63,72390.2276,73741.77,74178.49,73155.12,99453.13,115869.95,83023.47394
Indiana,18,Allen,3,18003,,,,,,79549.66,79993.39,76281.16,83344.44363,73247.19,132641.0181,146506.714,95937.65368
Indiana,18,Bartholomew,5,18005,,,,,,86494.13,86235.07,115742.11,111031.6566,103935.0602,117813.25,117575.8272,105546.7291
Indiana,18,Benton,7,18007,,,,,,91112.03,91097.73,110810.42,145615.39,157626.45,198897.21,206069.874,143032.7291
Indiana,18,Blackford,9,18009,,,,,,31158.91,31150.44,29809.09,37622.85648,37869.96,48072.05,56273.58,38850.98378
Indiana,18,Boone,11,18011,,,,,,52686.54,49617.4,73465.8,67920.71,58606.46,83634.37069,136686.79,74659.72438
Indiana,18,Brown,13,18013,,,,,,359.84,1501.39,2508.07,2735.52,2718.33,2852.02,3368.38,2291.935714
Indiana,18,Carroll,15,18015,,,,,,64581.13,60821.22,84611.06,92686.47,92157.97,114451.95,120640.86,89992.95143
Indiana,18,Cass,17,18017,,,,,,67088.87,66740.27,100178.9034,112731.9034,89852.75,123018.89,153740.09,101907.3824
Indiana,18,Clark,19,18019,,,,,,18279.39,18485.88714,24841.82,23597.724,26302.17062,34128.4,33694.14,25618.50454
Indiana,18,Clay,21,18021,,,,,,36642.7,36573.37,50585.94,51164.15,52003.7,64788.30472,85293.06711,53864.46169
Indiana,18,Clinton,23,18023,,,,,,42499.12,41917.52,109992.8,132941.23,128550.45,150777.69,167989.49,110666.9
Indiana,18,Crawford,25,18025,,,,,,2375.31,2579.1,4164.78,4662.91,4436.86959,5420.15,5623.52,4180.377084
Indiana,18,Daviess,27,18027,,,,,,19624.25,19282.56,33808.12,32253.18,32203.9,42065.28,119490.95,42675.46286
Indiana,18,Dearborn,29,18029,,,,,,11686.17,11422.01,14182.37,13981.18,14249.51,14441.68958,14359.65,13474.65423
Indiana,18,Decatur,31,18031,,,,,,51252.15,51208.97,70584.89,69732.69,71079.42,95265.84,114557.07,74811.57571
Indiana,18,DeKalb,33,18033,,,,,,36997.09,37494.2,36699.74,40002.56103,38474.66986,63865.46345,87336.34,48695.72348
Indiana,18,Delaware,35,18035,,,,,,69258.19,68244.28,78893.01,86726.06794,94388.645,110641.91,122377.79,90075.69899
Indiana,18,Dubois,37,18037,,,,,,39423.27,39396.43,45549.15,43842.97,50060.94,69216.18,78167.88,52236.68857
Indiana,18,Elkhart,39,18039,,,,,,23490.15,23146.8812,29999.03,34668.44,38774.59,43845.62,60245,36309.95874
Indiana,18,Fayette,41,18041,,,,,,24971.13,24963.29,32481.06,35713.31,35491.22,45222.01,53669.27,36073.04143
Indiana,18,Floyd,43,18043,,,,,,2456.3,2459.84,3030.26,2789.87,2758.69,3071.63,4063.02,2947.087143
Indiana,18,Fountain,45,18045,,,,,,62198.05,61800.83,72714.65,96942.85,93138.4084,137897.4084,142341.4847,95290.52593
Indiana,18,Franklin,47,18047,,,,,,45822.18,45837.73,49176.22,53827.58,52958.49,55190.58,58347.54,51594.33143
Indiana,18,Fulton,49,18049,,,,,,46958.58,46565.14,84685.92,98656.39,90560.82,121527.28,134176.36,89018.64143
Indiana,18,Gibson,51,18051,,,,,,36176.02,36575.7,83114.34,51820.095,96249.47687,157553.03,178947.39,91490.86455
Indiana,18,Grant,53,18053,,,,,,79370.55,78813.42,90830.95,95852.82,91373.77,122941.6694,158236.05,102488.4613
Indiana,18,Greene,55,18055,,,,,,32273.8,32317.76,46029.96,37183.01,36872.84,48777.18152,72053.17972,43643.96161
Indiana,18,Hamilton,57,18057,,,,,,38804.18,38136.82,52176.83,48498.12,46761.63,56581.665,74216.7,50739.42071
Indiana,18,Hancock,59,18059,,,,,,72003.74,69788.92,68881.68,71191.37862,72511.33759,97769.41,107664.4516,79972.98826
Indiana,18,Harrison,61,18061,,,,,,37805.82,37835.42,34656.04,34665.21,34667.32,39700.96,42560.6,37413.05286
Indiana,18,Hendricks,63,18063,,,,,,54295.67,54344.95,70432.57,62893.59,61057.63,75569.19,95748.1178,67763.10254
Indiana,18,Henry,65,18065,,,,,,129979.89,129240.65,134140.27,139890.88,141804.8798,149485.27,151392.0798,139419.1314
Indiana,18,Howard,67,18067,,,,,,50070.77,50103.4,64133.91,70241.66,66403.11,87820.02,104579.2,70478.86714
Indiana,18,Huntington,69,18069,,,,,,57219.02,57274.19,76019.83,67337.36,66963.1,102724.8,136733.98,80610.32571
Indiana,18,Jackson,71,18071,,,,,,112520.75,111736.6989,112149.25,114160.7167,112810.4561,122857.18,123870.01,115729.2945
Indiana,18,Jasper,73,18073,,,,,,80634.39,79214.945,126967.94,193177.48,202511.22,222208.36,233238.47,162564.6864
Indiana,18,Jay,75,18075,,,,,,91090.67,91097.51,98765.42,107873.2722,104365.71,119064.12,133227.95,106497.8075
Indiana,18,Jefferson,77,18077,,,,,,43440.11,43017.45,47806.12,47712.35,47651.26,48937.84,47856.44662,46631.6538
Indiana,18,Jennings,79,18079,,,,,,71482.26,71223.07,79217.2,78910.87,73532.06952,77089.76612,76401.04701,75408.04038
Indiana,18,Johnson,81,18081,,,,,,28458.59,27953.17,45983.36,56253.79,61744.36,71721.475,75652.675,52538.20286
Indiana,18,Knox,83,18083,,,,,,64587.62,64357.7692,121751.39,104709.0461,127230.86,182306.22,213784.51,125532.4879
Indiana,18,Kosciusko,85,18085,,,,,,52636.52,52065.82,65417.55,77377.95543,80962.76355,117308.6676,135987.82,83108.15665
Indiana,18,LaGrange,87,18087,,,,,,18477.38,18656.89,42255.56,47422.9,39779.72,55679.93235,62724.89,40713.89605
Indiana,18,Lake,89,18089,,,,,,26529.8,26211.27,56520.64,65381.9,64315.88,75214.595,81396.655,56510.10571
Indiana,18,LaPorte,91,18091,,,,,,36094.07,36152.31304,89098.009,108601.4,103090.65,139086.3386,157300.2269,95631.85822
Indiana,18,Lawrence,93,18093,,,,,,28719.09,29128.22,30429.94,28652.09,28681.12,30635.81,33904.14,30021.48714
Indiana,18,Madison,95,18095,,,,,,76090.31,75240.95,91965.87,82738.52,85704.5,129528.425,157182.57,99778.735
Indiana,18,Marion,97,18097,,,,,,4705.66,4769.71,5713.96,8228.36,8223.61,10194.05,9916.64,7393.141429
Indiana,18,Marshall,99,18099,,,,,,27255.26,27208.56415,65920.38,75836.1105,75039.37,88825.06,106036.91,66588.80781
Indiana,18,Martin,101,18101,,,,,,7507.57,7664.75,8832.08,6636.88,9258.45,14789.68,20171.02,10694.34714
Indiana,18,Miami,103,18103,,,,,,67054.63,65607.37,91244.48,103162.1253,101931.4154,118218.9054,131412.3554,96947.32594
Indiana,18,Monroe,105,18105,,,,,,4053.36,3794.52,5688.17,5571.05,6450.88,7826.13,8363.44,5963.935714
Indiana,18,Montgomery,107,18107,,,,,,62553.5,62366.25,83350.39,77318.15,74911.36,150281.12,188652.7,99919.06714
Indiana,18,Morgan,109,18109,,,,,,32069.98,31791.15,43702.93,42626.28,42523.07,53933.89,65102.92,44535.74571
Indiana,18,Newton,111,18111,,,,,,52684.03,51215.47,95542.91,138797.77,150563.49,157692.2613,164198.87,115813.543
Indiana,18,Noble,113,18113,,,,,,45683.97,46373.08,58361.91589,57326.37515,56718.133,80125.083,84717.48,61329.43386
Indiana,18,Ohio,115,18115,,,,,,4513.53,4483.03,4875.31,4795.5,4859.17,4881.96,4619.72,4718.317143
Indiana,18,Orange,117,18117,,,,,,32747.46,32798.16,32560.21,33807.05,33889.09,35276.59,40885.99135,34566.36448
Indiana,18,Owen,119,18119,,,,,,13943.89,13732.08,17618.92,19585.63,20534.48,25263.37648,31599.16841,20325.36356
Indiana,18,Parke,121,18121,,,,,,45244.66,45214.82857,56865.87,61986.85235,68612.21295,85368.34282,99290.1,66083.26667
Indiana,18,Perry,123,18123,,,,,,8698.57,8326.22,10230.55,11472.96,13442.1,17153.72,19614.62,12705.53429
Indiana,18,Pike,125,18125,,,,,,17342.75,17290.96,28537.38,22939.71,23925.98004,43810.10628,61785.08,30804.56662
Indiana,18,Porter,127,18127,,,,,,29414.22,29269.37,60730.74,61755.35798,60883.99798,78176.21798,86140.65,58052.93628
Indiana,18,Posey,129,18129,,,,,,54244.44,54180.17,88630.47,83961.31,103314.74,146634.91,183923.19,102127.0329
Indiana,18,Pulaski,131,18131,,,,,,53053.24,52811.59,75791.61,99779.41,99476.21,133753.1243,154727.93,95627.58776
Indiana,18,Putnam,133,18133,,,,,,56965.09,57391.38,71385.91,70433.45,64094.3,89654.28,104519.23,73491.94857
Indiana,18,Randolph,135,18135,,,,,,113644.1,113415.06,132470.11,141721.64,151679.4,174498.22,195038.76,146066.7557
Indiana,18,Ripley,137,18137,,,,,,92590.43,92261.16,91985.04,93987.07,91403.78,93763.51,95685.61,93096.65714
Indiana,18,Rush,139,18139,,,,,,103906.2,100828.33,136923.86,136870.9,140700.99,172291.07,181433,138993.4786
Indiana,18,St. Joseph,141,18141,,,,,,21091.99,21323.00033,52912.25,68046.69,63796.9,74630.44,88715.12428,55788.05637
Indiana,18,Scott,143,18143,,,,,,21694.37,19665.54,22328.13,21080.76,21682.284,29715.51,30244.43,23773.00343
Indiana,18,Shelby,145,18145,,,,,,87421.93,84291.52,122261.31,128966.28,133946.3735,161960.28,164690.7,126219.7705
Indiana,18,Spencer,147,18147,,,,,,49067.98,45930.43,69725.27,70081.42,80261.73,92788.76,110811.76,74095.33571
Indiana,18,Starke,149,18149,,,,,,6164.3,6436.36,20627.09,36173.83,49580.46,49368.69,73556.12,34558.12143
Indiana,18,Steuben,151,18151,,,,,,20490.99,21002.95,38519.56,41386.64,34607.44,53886.447,60575.01,38638.43386
Indiana,18,Sullivan,153,18153,,,,,,24855.01,24946.56,40071.19,55165.96,49217.228,74202.75,103816.1,53182.114
Indiana,18,Switzerland,155,18155,,,,,,10196.19,10291.36,12709.9,12631.34,12251.99,12330.12,12255.41,11809.47286
Indiana,18,Tippecanoe,157,18157,,,,,,60026.95,59093.98,110093.41,112882.99,125115.83,142916.87,143381.1,107644.4471
Indiana,18,Tipton,159,18159,,,,,,59090.41,59642.94,84694.53,70841.92,77685.46,113924.08,124853.45,84390.39857
Indiana,18,Union,161,18161,,,,,,19269.78,18881.04,23222.14,25214.78,27154.93,41056.39,47791.95,28941.57286
Indiana,18,Vanderburgh,163,18163,,,,,,19809.67,18999.58,31306.66,20771.09,29743.59,51121.70038,58414.12,32880.91577
Indiana,18,Vermillion,165,18165,,,,,,28911.26,29007.18,29981.96,36805.20094,37990.25484,47482.4835,72961.35805,40448.52819
Indiana,18,Vigo,167,18167,,,,,,24740.57,24886.64,47790.95,40633.37,44269.83,56144.61,71704.74,44310.10143
Indiana,18,Wabash,169,18169,,,,,,53009.97,52987.22,68145.06,86348.06046,87134.87764,112302.2944,139766.1194,85670.51457
Indiana,18,Warren,171,18171,,,,,,75848.38,75720.22,85358.72,92365.76,97954.6,121785.96,132448.77,97354.63
Indiana,18,Warrick,173,18173,,,,,,16337.98,17143.93,61211.92,24969.29,41285.74,50084.23,69105.7,40019.82714
Indiana,18,Washington,175,18175,,,,,,53019.49,45914.35,55920.12,57621.62,51912.22,61120.26,73886.46,57056.36
Indiana,18,Wayne,177,18177,,,,,,52441.86,52172.44,59081.52,66839.61,66696.74,89543.25,115944.71,71817.16143
Indiana,18,Wells,179,18179,,,,,,72220.32,72292.34,83284.25,84014.90149,80072.896,139028.39,156235.9442,98164.14882
Indiana,18,White,181,18181,,,,,,111686.94,111755.4,163309.53,202918.23,201686.07,227379.38,234806.14,179077.3843
Indiana,18,Whitley,183,18183,,,,,,46233.19,44852.27,50660.7,52829.2966,51580.68599,66343.38032,92016.49,57788.00184
Iowa,19,Adair,1,19001,,,,,,85157.55,83064.42,124012.786,144735.344,158219.0343,162601.2429,182027.39,134259.681
Iowa,19,Adams,3,19003,,,,,,46354.65,46568.27,76931.3,92433.9138,89630.51,92206.86,116107.34,80033.2634
Iowa,19,Allamakee,5,19005,,,,,,20657.36,21263.64,48802.09,58587.4,75476.13034,111580.42,113395.5638,64251.80059
Iowa,19,Appanoose,7,19007,,,,,,30134.52,31723.79,40891.75,46525.08133,44203.29,43779.23,41322.72,39797.19733
Iowa,19,Audubon,9,19009,,,,,,63739.95,63746.55,159857.88,177813.18,176729.44,182569.11,183490.69,143992.4
Iowa,19,Benton,11,19011,,,,,,119322.28,118925.23,254381.81,323805.49,323892.0162,323431.9712,325193.2514,255564.5784
Iowa,19,Black Hawk,13,19013,,,,,,72724.33,72854.77,130976.8,170009.57,183338.56,212147.23,217758.66,151401.4171
Iowa,19,Boone,15,19015,,,,,,88517.03,89085.955,221693.52,215339.9247,225521.04,241038.5995,249895.735,190155.972
Iowa,19,Bremer,17,19017,,,,,,48558.59,48937.89,105068.25,114841.58,115789.47,162637.72,182155.66,111141.3086
Iowa,19,Buchanan,19,19019,,,,,,56309.67,56849.26,163542.3,236000.93,234928.4331,252180.5731,258585.6925,179770.9798
Iowa,19,Buena Vista,21,19021,,,,,,120518.45,120289.13,273905.36,284008.47,285496.76,288725.26,295104.78,238292.6014
Iowa,19,Butler,23,19023,,,,,,73933.72,74010.56,170917.13,182858.89,193420.53,233614.2,249943.12,168385.45
Iowa,19,Calhoun,25,19025,,,,,,112715.03,113227.39,255342.24,273193.5276,279337.446,289871.39,295031.51,231245.5048
Iowa,19,Carroll,27,19027,,,,,,93547.52,93861.62,188991.54,230342.18,246497.57,269310.44,275187.23,199676.8714
Iowa,19,Cass,29,19029,,,,,,81928.83,82773.01,180873.47,181918.24,182219.1183,201477.088,212052.17,160463.1323
Iowa,19,Cedar,31,19031,,,,,,57413.57,57519.67,104838.95,207340.23,207948.11,220392.8898,248079.77,157647.5985
Iowa,19,Cerro Gordo,33,19033,,,,,,69311.22,69436.88,172400.66,209864.78,221593.76,244843.94,255733.04,177597.7543
Iowa,19,Cherokee,35,19035,,,,,,106807.25,107108.71,199762.56,210362.56,209418.84,222863.15,243574.27,185699.62
Iowa,19,Chickasaw,37,19037,,,,,,56718.68,56557.05,161773.65,178847.29,196220.55,212264.68,218584.16,154423.7229
Iowa,19,Clarke,39,19039,,,,,,25824,26198.15,44034.21,44743.08,50045.14,47502.11925,54368.41,41816.44418
Iowa,19,Clay,41,19041,,,,,,108788.52,108369.7,247792.08,244323.31,238271.59,250847.23,258907.64,208185.7243
Iowa,19,Clayton,43,19043,,,,,,26455,26727.75,155671.37,179506.26,177587.3101,190988.8204,191747.7009,135526.3159
Iowa,19,Clinton,45,19045,,,,,,72557.82,72546.4178,200020.75,227450.79,227076.9434,261410.03,280268.02,191618.6816
Iowa,19,Crawford,47,19047,,,,,,117634.86,116283.3131,228553.16,272695.035,285097.4562,302868.0382,315011.1582,234020.4315
Iowa,19,Dallas,49,19049,,,,,,67919.93,67720.66,151687.01,167755.3712,161722.69,171987.3227,181515,138615.4263
Iowa,19,Davis,51,19051,,,,,,33717.74,34505.8,60514.9,73667.51785,69638.87,75345.08,72380.75,59967.23684
Iowa,19,Decatur,53,19053,,,,,,25422.21,25894.13,38955.75,41283.16,43060.4,47241.6278,49672.81392,38790.0131
Iowa,19,Delaware,55,19055,,,,,,32372.13,32376.21,131024.68,196906.4135,203660.2107,221091.5726,220607.4126,148291.2328
Iowa,19,Des Moines,57,19057,,,,,,51388.22,54081.79,89043.9,110509.16,111233.53,116991.02,116898.93,92878.07857
Iowa,19,Dickinson,59,19059,,,,,,77760.72,77619.43,158207.32,160010.49,159570.14,163146.38,168777.09,137870.2243
Iowa,19,Dubuque,61,19061,,,,,,19894.55,20080.86,77971.94,137846.35,152379.92,160640.034,160308.98,104160.3763
Iowa,19,Emmet,63,19063,,,,,,84257.92,85517.49,172562.46,181627.85,187650.43,188463.52,196097.77,156596.7771
Iowa,19,Fayette,65,19065,,,,,,84821.06,84944.03,186857.31,245539.92,262241.65,283784.57,286660.88,204978.4886
Iowa,19,Floyd,67,19067,,,,,,70669.48,70455.44619,92753.76,71289.16,169900.96,207976.67,219312.02,128908.2137
Iowa,19,Franklin,69,19069,,,,,,87528.12,89580.65,226290.63,249781.39,253803.18,283581.785,289500.24,211437.9993
Iowa,19,Fremont,71,19071,,,,,,88520.92,88902.19,142565.37,173314.1736,178004.25,186313.7392,190646.33,149752.4247
Iowa,19,Greene,73,19073,,,,,,109190.11,109363.79,228543.93,255223.28,254861.86,277174.92,282760.98,216731.2671
Iowa,19,Grundy,75,19075,,,,,,83006.26,83623,190726.82,209738.87,216529.76,239925.4,239531.82,180440.2757
Iowa,19,Guthrie,77,19077,,,,,,67807.07,67784.97,144483.46,176463.45,181408,190645.0545,193918.08,146072.8692
Iowa,19,Hamilton,79,19079,,,,,,97477.41,97370.32,256428.86,273705.57,278909.06,294447.03,297954.66,228041.8443
Iowa,19,Hancock,81,19081,,,,,,90496.42,95259.7326,202116.33,213622.19,221275.9175,241701.77,274737.7969,191315.7367
Iowa,19,Hardin,83,19083,,,,,,75899.71,75970.61,207776.31,223011.03,225311.22,258159.93,264776.01,190129.26
Iowa,19,Harrison,85,19085,,,,,,89489.22,90276.37,202966.84,274519.75,277944.64,279811.06,283102.92,214015.8286
Iowa,19,Henry,87,19087,,,,,,47589.86,47753.88,86400.15,110383.74,113604.83,118737.93,107579.176,90292.79514
Iowa,19,Howard,89,19089,,,,,,65524.52,65347.43,144091.47,188848.42,194598.42,196308.74,200132.29,150693.0414
Iowa,19,Humboldt,91,19091,,,,,,85921.9,86001.6,215006.65,222288.61,219694.6,224857.57,228011.62,183111.7929
Iowa,19,Ida,93,19093,,,,,,71252.14,71116.55,184293.61,185395.5841,179739.9985,198678.4041,204788.13,156466.3452
Iowa,19,Iowa,95,19095,,,,,,53312.73,53425.97,123133.96,192279.1,195398.21,192235.189,201134.15,144417.0441
Iowa,19,Jackson,97,19097,,,,,,45180.55,45063.0084,98785.03,110786.6,117442.6588,131587.09,151760.62,100086.5082
Iowa,19,Jasper,99,19099,,,,,,97832.58,97661.75,237299.49,247409.8,232947.93,239456.0933,261205.63,201973.3248
Iowa,19,Jefferson,101,19101,,,,,,42063.26,42537.93,87422.57,122105.18,120104.94,120164.52,116051.98,92921.48286
Iowa,19,Johnson,103,19103,,,,,,60698.14,60524.92,127048.39,170250.01,172440.26,148892.33,163861.98,129102.29
Iowa,19,Jones,105,19105,,,,,,38604.8,38743.69,94124.81,135487.74,150674.25,191978.71,200253.2,121409.6
Iowa,19,Keokuk,107,19107,,,,,,46183.43,46372.6,93966.15,131060.54,150559.79,154405.0239,153907.09,110922.0891
Iowa,19,Kossuth,109,19109,,,,,,183746.87,183439.64,455534.15,447081.19,455912.84,485259.12,500985.91,387422.8171
Iowa,19,Lee,111,19111,,,,,,47610.54,47539.64,73460.11,91246.21,91822.45,95333.72,93896.65,77272.76
Iowa,19,Linn,113,19113,,,,,,69259.79,71048.61,154142.93,205733.85,214699.66,221835.7,219356.37,165153.8443
Iowa,19,Louisa,115,19115,,,,,,48355.44,49569.68,86753.25,113882.88,119412.65,125262.284,122928.17,95166.33629
Iowa,19,Lucas,117,19117,,,,,,19710.1,20126.48,43727.84,49830.16,47658.17,47631.56962,46354.82,39291.30566
Iowa,19,Lyon,119,19119,,,,,,127048.14,126865.275,245730.44,261371.14,262402.79,276023.89,285441.88,226411.9364
Iowa,19,Madison,121,19121,,,,,,50010.76,51982.93,86936.27,108108.53,101670.79,109380.5586,107329.25,87917.01265
Iowa,19,Mahaska,123,19123,,,,,,63101.27,64151.38,161752.43,162643.4,173141.24,181135.54,181405.74,141047.2857
Iowa,19,Marion,125,19125,,,,,,47212.67,47809.66,101909.43,115816.92,123613.8,113085.29,113731.63,94739.91429
Iowa,19,Marshall,127,19127,,,,,,84088.75,84387.2,204499.36,236128.3224,237908.6835,249229.4137,249930.19,192310.2742
Iowa,19,Mills,129,19129,,,,,,68093.66,68708.27,143942.91,149676.47,154420.86,167186.87,170540.94,131795.7114
Iowa,19,Mitchell,131,19131,,,,,,63042.4999,63245.94,92654.84,119342.3,127706.28,184054.95,200627.92,121524.9614
Iowa,19,Monona,133,19133,,,,,,99774.86,100051.68,231773.43,271018.72,275167.8981,278953.19,283422.59,220023.1954
Iowa,19,Monroe,135,19135,,,,,,24921.85,26307.08,41710.89,40262.57,40088.42,36035.2,41170.05,35785.15143
Iowa,19,Montgomery,137,19137,,,,,,65799.87,65814,108527.56,129907.68,134332.42,146454.54,165901.9,116676.8529
Iowa,19,Muscatine,139,19139,,,,,,40078.01,40516.62,99850.33,115857.09,119990.53,141581.32,150303.28,101168.1686
Iowa,19,O'Brien,141,19141,,,,,,124034.47,123901.97,245807.85,262076.74,271599.25,282512.52,289315.83,228464.09
Iowa,19,Osceola,143,19143,,,,,,96888.41,96839.02,186502.15,194556.9,191941.75,196394.54,205848.64,166995.9157
Iowa,19,Page,145,19145,,,,,,91409.61,90828.7,130679.08,152458.911,144917.43,157296.87,164181.96,133110.3659
Iowa,19,Palo Alto,147,19147,,,,,,97668.48,97629.4,251963.98,253747.67,262835.42,269894.85,274878.64,215516.92
Iowa,19,Plymouth,149,19149,,,,,,143474.97,143876.43,365283.18,373131.61,371921.2,385397.21,397806.82,311555.9171
Iowa,19,Pocahontas,151,19151,,,,,,133565.85,133722.92,307257.07,307268.54,300978.26,308503.53,313683.9,257854.2957
Iowa,19,Polk,153,19153,,,,,,42880.58,43280.19,107477.65,116520.88,100850.72,107107.0728,112107.61,90032.1004
Iowa,19,E Pottawattamie,155,19155,,,,,,82540.55,81515.07,176931.05,183295.34,190517.78,200368.47,207752.23,160417.2129
Iowa,19,W Pottawattamie,156,19156,,,,,,63430.2,67235.05,135315.53,157552.31,165995.3,176059.85,181675.12,135323.3371
Iowa,19,Poweshiek,157,19157,,,,,,90429.49,90325.73815,192997.69,206134.58,209156.17,216173.986,222436.7,175379.1934
Iowa,19,Ringgold,159,19159,,,,,,42256.56,43382.19,76347.22,84794.77,88280.45,92296.55,95382.2324,74677.13891
Iowa,19,Sac,161,19161,,,,,,112033.52,112125.29,248946.93,272973.16,281447.64,287106.56,289626.46,229179.9371
Iowa,19,Scott,163,19163,,,,,,30812.81,28849.57,69087.54,86825.36,90663.39,129457.09,150465.56,83737.33143
Iowa,19,Shelby,165,19165,,,,,,90856.74,90678.54,238978.85,268997.74,274933.23,280582.16,282243.41,218181.5243
Iowa,19,Sioux,167,19167,,,,,,136342.02,135390.2,288782.06,322257.9299,335690.6,354528.24,365912.5596,276986.2299
Iowa,19,Story,169,19169,,,,,,96831.14,96887.74,216328.06,226633.49,227813.03,245087.57,255633.34,195030.6243
Iowa,19,Tama,171,19171,,,,,,101505.64,102701.99,231254.89,243939.0937,258707.4921,263506.5505,272874.8,210641.4938
Iowa,19,Taylor,173,19173,,,,,,51738.43,52472.72,95818.82,99399.648,112638.09,121904.67,131689.97,95094.62114
Iowa,19,Union,175,19175,,,,,,33210.34,34059.48,65893.88,73411.5706,81219.91,69940.0905,81607.5304,62763.25736
Iowa,19,Van Buren,177,19177,,,,,,35574.22,35912.43,67167.162,79245.66,79570.11,77252.62,77787.63,64644.26171
Iowa,19,Wapello,179,19179,,,,,,34962.84,35224,62830.06,85307.24,84372.91,83504.46,85243.29,67349.25714
Iowa,19,Warren,181,19181,,,,,,38938.56,39228.44,75598.36,82291.2,84460.46,95140.77031,102367.27,74003.58004
Iowa,19,Washington,183,19183,,,,,,52611.76,52354.11,125878.57,160426.4984,168702.16,168336.095,163348.13,127379.6176
Iowa,19,Wayne,185,19185,,,,,,45229.7,45711.95,79244.98,92269.28,85382.65,89032.2872,91354.16,75460.71531
Iowa,19,Webster,187,19187,,,,,,133223.1,134717.06,315999.79,321843.718,316452.54,320969.65,337476.0543,268668.8446
Iowa,19,Winnebago,189,19189,,,,,,62470.98,62467.46,152119.22,165085.78,170691.72,188958.28,194621.5,142344.9914
Iowa,19,Winneshiek,191,19191,,,,,,44496.09,44491.29,110972.45,129254.84,137039.08,184301.99,205469.48,122289.3171
Iowa,19,Woodbury,193,19193,,,,,,87113.1,87164.3,237039.02,269349.3123,253345.7467,296143.55,327932.9,222583.9899
Iowa,19,Worth,195,19195,,,,,,61908.61,63397.19,131111.53,128087.7,135673.96,185105.96,189446.81,127818.8229
Iowa,19,Wright,197,19197,,,,,,112892,112758.97,267068.73,278307.61,281652.16,295330.28,297878.74,235126.9271
Kansas,20,Allen,1,20001,,,,,,54249.33,55092.21,58191.79,64712.75,64014.82,68427.53,71800.62,62355.57857
Kansas,20,Anderson,3,20003,,,,,,84359.5,85050.36,91692.93,94013.49,91949.92,96865.21,108275.66,93172.43857
Kansas,20,Atchison,5,20005,,,,,,49039.21,46113.12,82338.59,88887.94,86947.16,89596.1,91456.83,76339.85
Kansas,20,Barber,7,20007,,,,,,23075.07,25575.49,23993.71,90793.91,126013.35,64104.67,91929.33,63640.79
Kansas,20,Barton,9,20009,,,,,,31973.68,32148.84,79738.4,152715.44,159081,108682.9483,137747.73,100298.2912
Kansas,20,Bourbon,11,20011,,,,,,28480.4,30373.16,30634.78,34680.92,38060.32,37280.98,37480.85,33855.91571
Kansas,20,Brown,13,20013,,,,,,118273.95,117009.46,180573.26,198306.71,201557.42,207797.46,213277.05,176685.0443
Kansas,20,Butler,15,20015,,,,,,58877.50031,59265.2,71545.63,76871.44,77818.14,80484.33,95527.74,74341.42576
Kansas,20,Chase,17,20017,,,,,,18115.16,18397.91,19256.6,20874.83,20242.84,19297.05,24616.45,20114.40571
Kansas,20,Chautauqua,19,20019,,,,,,10174.46,10072.63,9546.99,10194.72,10279.65,9564.11,13220.39,10436.13571
Kansas,20,Cherokee,21,20021,,,,,,125234.89,126579.08,151825.29,190494.88,193845.4,189702.33,166037.77,163388.52
Kansas,20,Cheyenne,23,20023,,,,,,6751.73,6549.17,72461.9,129772.98,140673.28,143515.58,146048.85,92253.35571
Kansas,20,Clark,25,20025,,,,,,4184.76,4310.35,10704.29,43423.63,82412.35,26981.42,65969.43,33998.03286
Kansas,20,Clay,27,20027,,,,,,107719.58,107588.55,144382.25,160440.86,163082.2,169420.82,172466.71,146442.9957
Kansas,20,Cloud,29,20029,,,,,,33920.6,34092.21,95690.93,218012.67,230158.87,173196.96,214423.18,142785.06
Kansas,20,Coffey,31,20031,,,,,,59104.54,59158.3,66953.9,68906.55,73130.05,73915.54,89553.38,70103.18
Kansas,20,Comanche,33,20033,,,,,,10431.64,10882.13,19299.27,37514.31,69818.45,36140.55,63680.46,35395.25857
Kansas,20,Cowley,35,20035,,,,,,60325.27,62551.88,105066.99,134382.3129,137592.68,138218.21,150177.62,112616.4233
Kansas,20,Crawford,37,20037,,,,,,78071.06,78280.23,79309.76,94787.74,131326.67,132456.49,126804.69,103005.2343
Kansas,20,Decatur,39,20039,,,,,,15318.06,15997.9,99245.88,152018.11,180362.43,150107.92,182074.7,113589.2857
Kansas,20,Dickinson,41,20041,,,,,,64523.71,64617.4,102587.6,193236.35,202745.34,172059.83,150906.38,135810.9443
Kansas,20,Doniphan,43,20043,,,,,,48214.98,45201.16,117553.81,116993,119511.41,126789.12,129935.23,100599.8157
Kansas,20,Douglas,45,20045,,,,,,23258.93,24359.35,29274.38,40577.82,40970.34,41976.13,43926.33,34906.18286
Kansas,20,Edwards,47,20047,,,,,,29756.82,29810.13,35775.28,78497.39,165261.43,90941.92,109260.89,77043.40857
Kansas,20,Elk,49,20049,,,,,,9526.1,9469.72,10752.67,11205.84,12505.84,12352.64,14038.23,11407.29143
Kansas,20,Ellis,51,20051,,,,,,589.38,1430.08,6555.57,15643.02,19316.2,8804.35,7857.71,8599.472857
Kansas,20,Ellsworth,53,20053,,,,,,13741.78,13790.7,28173.51,70236.35,85418.66,74993.34952,86065.63,53202.85422
Kansas,20,Finney,55,20055,,,,,,19409.34,20748.72,115842.53,230236.47,278023.99,122856.92,188832.59,139421.5086
Kansas,20,Ford,57,20057,,,,,,8417.91,8945.57,29828.74,64621.53,183109.42,81476.53,134225.25,72946.42143
Kansas,20,Franklin,59,20059,,,,,,70516.55,70632.53,77290.57,88255.91,86640.35,77999.61,90437.75,80253.32429
Kansas,20,Geary,61,20061,,,,,,14661.29,14532.68,22160.36,27485.88238,29225.9,26861.69,29671.67,23514.21034
Kansas,20,Gove,63,20063,,,,,,20870.93,19463.52,99717.67,162659.75,200505.57,143489.78,153931.25,114376.9243
Kansas,20,Graham,65,20065,,,,,,18331.17,19351.79,58947.21,133891.33,146842.11,129476.4,133252.18,91441.74143
Kansas,20,Grant,67,20067,,,,,,40657.23,41074.39,40236.84,65200.94,188401.48,143818.71,185642.88,100718.9243
Kansas,20,Gray,69,20069,,,,,,40149.11,40334.85,89125.62,176677.53,250760.75,202566.31,218412.71,145432.4114
Kansas,20,Greeley,71,20071,,,,,,21905.21,22515.9,96014.57,134797.2906,184985.94,117517.64,129328.18,101009.2472
Kansas,20,Greenwood,73,20073,,,,,,19748.95,19614.4,18742.97,17744.18,19415.79,17368.09,26378.53,19858.98714
Kansas,20,Hamilton,75,20075,,,,,,6642.86,7208.44,57972.86,108991.8167,129226.28,70661.04,84433.41,66448.10095
Kansas,20,Harper,77,20077,,,,,,20634.32,22265.34,65971.88,185068.56,233298.67,120247.12,191014.24,119785.7329
Kansas,20,Harvey,79,20079,,,,,,38719.63,38415.9,86946.59,169724.69,176639.65,173448.44,170318.33,122030.4614
Kansas,20,Haskell,81,20081,,,,,,5001.31,5362.11,75051.73,125814.13,189660.73,137349.61,171057.16,101328.1114
Kansas,20,Hodgeman,83,20083,,,,,,8979.3,9254.58,13401.93,34639.94,92429.01,47610.68,70160.35,39496.54143
Kansas,20,Jackson,85,20085,,,,,,56997.86,57368.32,62331.83,69082.44154,74977.74,74808.34,78365.93,67704.63736
Kansas,20,Jefferson,87,20087,,,,,,48058.35,47296.09,64395.59,71777.78,70470.43,73565.72,73819.31,64197.61
Kansas,20,Jewell,89,20089,,,,,,55545.42,55615.21,146783.89,222160.93,237376.96,203445.35,252780.81,167672.6529
Kansas,20,Johnson,91,20091,,,,,,14449.68,14028.49,17485.89,20957.28,19776.38,19411.68,20496.6,18086.57143
Kansas,20,Kearny,93,20093,,,,,,8364.42,8560.35,77033.18,136111.42,180044.4,72811.95,133885.1,88115.83143
Kansas,20,Kingman,95,20095,,,,,,28027.34,29280.53,54701.35,174067.89,202055.88,79957.92,98401.9,95213.25857
Kansas,20,Kiowa,97,20097,,,,,,35562.85,35944.15,64618.1,106618.87,128655.0304,94529.16,94556.07,80069.17577
Kansas,20,Labette,99,20099,,,,,,60016.76,58861.52,70433.33,78419.56,81379.7,85192.4,103357.02,76808.61286
Kansas,20,Lane,101,20101,,,,,,9773.07,10467.73,36616.91,90852.1,128332.61,54229.36,64851.85,56446.23286
Kansas,20,Leavenworth,103,20103,,,,,,23958.42,24290.36,32647.31,34555.55,36521.01,37127.03,37920.35,32431.43286
Kansas,20,Lincoln,105,20105,,,,,,23394.4,23302.43,46272.32,78984.08,127550.44,119512.61,137068.92,79440.74286
Kansas,20,Linn,107,20107,,,,,,22292.7,24021.23,26247.15,36067.51,40824.61,46792.13,47928.39,34881.96
Kansas,20,Logan,109,20109,,,,,,11300.07,11713.04,92902.69,160236.12,193657.22,158152.23,166027.39,113426.9657
Kansas,20,Lyon,111,20111,,,,,,75635.94,76587.32,78150.03,80320.79,78103.84,81223.56195,89936.16,79993.94885
Kansas,20,McPherson,113,20113,,,,,,49180.48,49231.27,91202.37,196227.45,215567.87,221529.99,234076.19,151002.2314
Kansas,20,Marion,115,20115,,,,,,63221.63,63795.38,105647.16,182819.83,192830.59,179738.63,173563,137373.7457
Kansas,20,Marshall,117,20117,,,,,,113406.07,111457.72,158403.8,274489.24,280675.1193,266138.43,270637.21,210743.9413
Kansas,20,Meade,119,20119,,,,,,15318.16,15334.56,40574.36,71651.19,210771.32,147591.14,183429.23,97809.99429
Kansas,20,Miami,121,20121,,,,,,26714.79,26521.17,33833.63,38801.75,41654.39,41481.4,45970.73,36425.40857
Kansas,20,Mitchell,123,20123,,,,,,41441.93,42078.04,107071.14,155815.81,216830.15,188392.15,218308.59,138562.5443
Kansas,20,Montgomery,125,20125,,,,,,48813.78,47629.25,54822.02,53599.7,68827.26,65498.01,76306.49,59356.64429
Kansas,20,Morris,127,20127,,,,,,33754.04,33813.09,41103.34,43552.96,47217.82,40847.9,60691.96,42997.30143
Kansas,20,Morton,129,20129,,,,,,12449.31,13386.08,32356.42,151591.98,156192.47,90537.57,113050.6,81366.34714
Kansas,20,Nemaha,131,20131,,,,,,116201.58,116107.93,134810.86,151415.73,154793.61,170003.56,191686.98,147860.0357
Kansas,20,Neosho,133,20133,,,,,,61154.52,61008.69,63250.77,72061.53,80159.19,77546.19,77103.69,70326.36857
Kansas,20,Ness,135,20135,,,,,,2203.98,2451.25,46315.35,109184.6187,142065.17,61793.18,77175.01,63026.93695
Kansas,20,Norton,137,20137,,,,,,27186.31,26971.14,122624.76,148478.5692,157779.15,143862.55,166356.47,113322.707
Kansas,20,Osage,139,20139,,,,,,82359.94,82371.61,84401.46,91683.68,91921.06,93118.77,97371.06,89032.51143
Kansas,20,Osborne,141,20141,,,,,,22721.07,22766.37,62880.4,119767.96,146727.2,80180.84,111678.41,80960.32143
Kansas,20,Ottawa,143,20143,,,,,,37304.12,38134.4,74446.82,144817.85,155475.31,136230.1,152660.64,105581.32
Kansas,20,Pawnee,145,20145,,,,,,39350.05,39267.76,60338.56,96310,132874.36,117313.12,144908.39,90051.74857
Kansas,20,Phillips,147,20147,,,,,,20267.65,20486.55,111396.06,136312.9592,161858.6,118451.55,154706.8,103354.3099
Kansas,20,Pottawatomie,149,20149,,,,,,40020.83,39869.46,44777.61,52213.47,57448.96,58580.92,65691.21,51228.92286
Kansas,20,Pratt,151,20151,,,,,,45658.98,46001.08,107454.84,207435.56,274231.48,197134.72,215350.89,156181.0786
Kansas,20,Rawlins,153,20153,,,,,,35917.87,36171.91,154538.94,197861.65,209806.8531,182714.44,189291.37,143757.5762
Kansas,20,Reno,155,20155,,,,,,73193.14,74182.4,117601.7,229800.96,252839.17,205271.6,247193.55,171440.36
Kansas,20,Republic,157,20157,,,,,,59637.91,59636.14,137503.31,198499.02,237487.88,232216.42,249079.93,167722.9443
Kansas,20,Rice,159,20159,,,,,,34600.52,34338.08,77004.79,135448.5964,185368.26,178404.1469,182116.65,118183.0062
Kansas,20,Riley,161,20161,,,,,,34668.02,34369.22,37374.62,48018.49,50022.03,50623.8,57352.36,44632.64857
Kansas,20,Rooks,163,20163,,,,,,9976.44,10134.35353,61615.81353,150956.8935,171612.3671,122089.1171,150675.85,96722.97639
Kansas,20,Rush,165,20165,,,,,,11299.98,11348.43,22724.54,42411.57,71099.64,51573.92,52120.22,37511.18571
Kansas,20,Russell,167,20167,,,,,,11686.9,11724.1,24289.69,74156.24,95438.32,53250.3,55773.52,46617.01
Kansas,20,Saline,169,20169,,,,,,43996.71,43521.34,70973.8715,146966.24,167487.48,131883.93,150046.84,107839.4874
Kansas,20,Scott,171,20171,,,,,,10924.21,13207.64,107602.87,152494.02,131821.78,92087.51,103558.1,87385.16143
Kansas,20,Sedgwick,173,20173,,,,,,57530.35,58700.31,115933.1,175588.57,182317.07,157805.185,178061.345,132276.5614
Kansas,20,Seward,175,20175,,,,,,19931.88,19496.66,42278.08,136820.47,159683.68,121819.62,139340.4,91338.68429
Kansas,20,Shawnee,177,20177,,,,,,37300.76,35781,46914.8,49809.54,54374.1,53706.61,56264.47,47735.89714
Kansas,20,Sheridan,179,20179,,,,,,29079.43,29084.44,146379.84,227755.21,232588.45,219914.76,230355.39,159308.2171
Kansas,20,Sherman,181,20181,,,,,,23034.83,23034.83,139073.83,212782.79,218995.33,187518.2886,197400.73,143120.0898
Kansas,20,Smith,183,20183,,,,,,44634.16,44764.75,121732.46,178902.93,186247.1,124384.76,153776.14,122063.1857
Kansas,20,Stafford,185,20185,,,,,,29732.52,31039.67,62721.77,146176.35,238768.65,148167.43,188391.72,120714.0157
Kansas,20,Stanton,187,20187,,,,,,31381.35,31551.92434,104730.6543,202088.1058,199938.4858,115929.28,174537.33,122879.59
Kansas,20,Stevens,189,20189,,,,,,35170.05,35043.57,77520.68,179689.9,228412.03,183750.77,222141.81,137389.83
Kansas,20,Sumner,191,20191,,,,,,68491.45,70809.58,161857.63,360919.92,412582.4,389415.66,416489.07,268652.2443
Kansas,20,Thomas,193,20193,,,,,,45565.71,45567.21,218210.05,282435.11,320802.3749,281565.2349,316692.04,215833.9614
Kansas,20,Trego,195,20195,,,,,,24622.55,24645.16,29504.35,51960.31,90016.93,51202.91,52832.69,46397.84286
Kansas,20,Wabaunsee,197,20197,,,,,,29613.25,29204.15,34952.32,36014.26,40177.47,41673.41,45535.8,36738.66571
Kansas,20,Wallace,199,20199,,,,,,18774.64,19005.94,70060.04,83524.11,92930.06,90064.01,91403.45,66537.46429
Kansas,20,Washington,201,20201,,,,,,94933.38,95125.54,138590.1,181763.64,235002.44,239789.65,250509.99,176530.6771
Kansas,20,Wichita,203,20203,,,,,,7628.41,7740.01,120351.15,181695.53,207799.51,90176.65,153305.48,109813.82
Kansas,20,Wilson,205,20205,,,,,,50793.46,50491.88,64043.58,81776.95,87852.25,91217.47,99564.08,75105.66714
Kansas,20,Woodson,207,20207,,,,,,26781.21,25632.46,37550.67,40024.24,42140.91,47389.44,53283.14,38971.72429
Kansas,20,Wyandotte,209,20209,,,,,,1520.28,1520.28,4176.82,4201.36,4491.33,4539.62,3788.85,3462.648571
Kentucky,21,Adair,1,21001,,,,,,3835.1,3845.61,4708.59,5226.86,4863.5,4869.73,5281.63,4661.574286
Kentucky,21,Allen,3,21003,,,,,,7167.69,7294.69,8062.23,8611.06,8147.54,13018.45,13445.98,9392.52
Kentucky,21,Anderson,5,21005,,,,,,274.5,311.38,654.71,672.4,612.19,909.75,788.47,603.3428571
Kentucky,21,Ballard,7,21007,,,,,,26153.88,26854.29,36345.35,67830.49,66345.93,71273.83,73467.14,52610.13
Kentucky,21,Barren,9,21009,,,,,,8005.85,8030.71,10304.97,10893.26,10322.74,11747.01,13481.29,10397.97571
Kentucky,21,Bath,11,21011,,,,,,1750,825.91,831.31,948.83,1022.83,1185.15,1075.82,1091.407143
Kentucky,21,Bell,13,21013,,,,,,0,0,0,0,0,0,0,0
Kentucky,21,Boone,15,21015,,,,,,3639.07,3026.64,3187.38,3098.94,2516.87,2384.12,2167.33,2860.05
Kentucky,21,Bourbon,17,21017,,,,,,6397.14,6145.2,7848.18,7793.63,7341.05,7665.12,8658.4,7406.96
Kentucky,21,Boyd,19,21019,,,,,,0,0,0,0,0,0,0,0
Kentucky,21,Boyle,21,21021,,,,,,471.03,526.15,1639.94,2705.06,2669.91,2068.2,2965.27,1863.651429
Kentucky,21,Bracken,23,21023,,,,,,264.34,298.91,521.79,704.63,1092.02,1629.66,1638.15,878.5
Kentucky,21,Breathitt,25,21025,,,,,,0,0,0,0,0,0,0,0
Kentucky,21,Breckinridge,27,21027,,,,,,38111.24,38024.7,39262.16,37217.65,39550.47,37585.93,41153.21,38700.76571
Kentucky,21,Bullitt,29,21029,,,,,,2495.88,2323.58,3676.1,3887.01,4724.04,3657.15,4098,3551.68
Kentucky,21,Butler,31,21031,,,,,,19936.52,20996.64,23449.17,27223.27,27720.96,29345.91,31189.08,25694.50714
Kentucky,21,Caldwell,33,21033,,,,,,15028.71,15482.82,27568.84,40843.04,35645.43,49691.36,52284.71,33792.13
Kentucky,21,Calloway,35,21035,,,,,,35723.77,35682.48,53492.67,90572.58,99840.12,47037.84,81072.24357,63345.95765
Kentucky,21,Campbell,37,21037,,,,,,0,0,0,0,0,0,0,0
Kentucky,21,Carlisle,39,21039,,,,,,19451.81,19485.66,35113.37,40967.84,36746.71,45881.36,55040.06,36098.11571
Kentucky,21,Carroll,41,21041,,,,,,1563.59,1531.78,1089.95,1035.13,976.57,1562.34,1861.09,1374.35
Kentucky,21,Carter,43,21043,,,,,,0,0,0,0,0,73.58,52.38,17.99428571
Kentucky,21,Casey,45,21045,,,,,,595.1,798.78,3195.35,4590.178714,7539.54,7099.45,8679.21,4642.515531
Kentucky,21,Christian,47,21047,,,,,,41723.23,42010.55,121481.86,134820.74,137706.41,146761.21,161315.74,112259.9629
Kentucky,21,Clark,49,21049,,,,,,660.22,660.22,451.1,1192.43,234.23,389.19,309.9,556.7557143
Kentucky,21,Clay,51,21051,,,,,,0,0,0,0,0,0,0,0
Kentucky,21,Clinton,53,21053,,,,,,1078.51,1149.89,1522.99,1541.39,1539.92,1526.83,1470.23,1404.251429
Kentucky,21,Crittenden,55,21055,,,,,,6695.04,6881.29,18157.97,17351.19,18150.17,22322.17,25722.96,16468.68429
Kentucky,21,Cumberland,57,21057,,,,,,969.07,1064.84,1371.04,1400.72,1374.04,1274.81,1057.15,1215.952857
Kentucky,21,Daviess,59,21059,,,,,,102501.4893,100610.08,120817.07,126606.95,126854.02,129362,128817.47,119367.0113
Kentucky,21,Edmonson,61,21061,,,,,,2625.71,2619.9,3887.93,5979.98,6178.42,7113.45,8639.36,5292.107143
Kentucky,21,Elliott,63,21063,,,,,,0,0,0,0,0,8.7,0,1.242857143
Kentucky,21,Estill,65,21065,,,,,,88.6,117.2,135,70.5,99.3,130.6,115.7,108.1285714
Kentucky,21,Fayette,67,21067,,,,,,1498.18,1716.02,2151.8,2760.74,1780.15,1706.71,2593.37,2029.567143
Kentucky,21,Fleming,69,21069,,,,,,421.86,1114.64,958.4,1421.38,1257.32,1136.75,1408.96,1102.758571
Kentucky,21,Floyd,71,21071,,,,,,0,0,0,0,0,0,0,0
Kentucky,21,Franklin,73,21073,,,,,,1298.23,1015.31,911.58,1201.02,1436.74,1325.32,1317.4,1215.085714
Kentucky,21,Fulton,75,21075,,,,,,40952.74,40314.88,55359.45198,83365.52,73001.9,75060.42,82208.42,64323.33314
Kentucky,21,Gallatin,77,21077,,,,,,844.83,1156.32,1118.98,1283.34,1160.33,1318.8,1662.01,1220.658571
Kentucky,21,Garrard,79,21079,,,,,,383.8,443.9,949.7,989.66,1309.55,1003.18,1226.92,900.9585714
Kentucky,21,Grant,81,21081,,,,,,650.57,542.05,709.85,642.57,430.92,356.64,558.37,555.8528571
Kentucky,21,Graves,83,21083,,,,,,49765.66,43798.19,71240.96,111619.64,129911.15,129646.7,146686,97524.04286
Kentucky,21,Grayson,85,21085,,,,,,16430.76,16693.97,16827.31,22042.14,23596.31,25175.65,26327.08,21013.31714
Kentucky,21,Green,87,21087,,,,,,2129.6,1675.02,3233.47,3839.74,5065.98,6171.28,6489.23,4086.331429
Kentucky,21,Greenup,89,21089,,,,,,315.24,606.66,736.16,1190.31,1338.31,1709.81,1349.31,1035.114286
Kentucky,21,Hancock,91,21091,,,,,,17857.11,17724.21,18061.7,17795.76,20037.33,19454.27,19897.77,18689.73571
Kentucky,21,Hardin,93,21093,,,,,,26584.99,26553.77,25751,30158.58,33067.44,40486.11,45214.11,32545.14286
Kentucky,21,Harlan,95,21095,,,,,,0,0,0,0,0,0,0,0
Kentucky,21,Harrison,97,21097,,,,,,5722.99,5765.68,5206.73,5319.34,4728.55,4688.99,6227.16,5379.92
Kentucky,21,Hart,99,21099,,,,,,3310.44,3802,3309.96,7382.9,5839.66,6867.11,7396.37,5415.491429
Kentucky,21,Henderson,101,21101,,,,,,49745.79,49947.39,120164.08,59407.84,84337.29,113359.76,149044.89,89429.57714
Kentucky,21,Henry,103,21103,,,,,,4730.39,4832.16,4016.74,3716.41,3391.18,3388.99,10414.5,4927.195714
Kentucky,21,Hickman,105,21105,,,,,,43668.42,42190.93,56398.76226,91489.27,59829.1,68142.08,89751.04,64495.65747
Kentucky,21,Hopkins,107,21107,,,,,,35886.24,36120.4,53305.27,49203.01,49115.68,51840.01,57136.36,47515.28143
Kentucky,21,Jackson,109,21109,,,,,,92.13,107.23,106.63,79.53,79.53,88.13,105.03,94.03
Kentucky,21,Jefferson,111,21111,,,,,,1006.22,579.78,1817.87,1176.24,1177.08,1365.31,1905.83,1289.761429
Kentucky,21,Jessamine,113,21113,,,,,,285.4,297.86,253.79,343.29,225.95,376.33,507.91,327.2185714
Kentucky,21,Johnson,115,21115,,,,,,0,0,0,0,0,0,0,0
Kentucky,21,Kenton,117,21117,,,,,,242.49,213.5,211.9,146.64,113.64,0,97.04,146.4585714
Kentucky,21,Knott,119,21119,,,,,,0,0,0,0,0,0,0,0
Kentucky,21,Knox,121,21121,,,,,,0,0,0,0,0,0,0,0
Kentucky,21,Larue,123,21123,,,,,,11357.29,11633.25,13950.01,15377.53,13060.94,20220.95,27937.55,16219.64571
Kentucky,21,Laurel,125,21125,,,,,,294,304.2,369.79,363.59,270.52,405.82,325.32,333.32
Kentucky,21,Lawrence,127,21127,,,,,,0,0,0,0,0,0,0,0
Kentucky,21,Lee,129,21129,,,,,,0,0,0,0,0,0,0,0
Kentucky,21,Leslie,131,21131,,,,,,0,0,0,0,0,0,0,0
Kentucky,21,Letcher,133,21133,,,,,,0,0,0,0,0,0,0,0
Kentucky,21,Lewis,135,21135,,,,,,995.05,784.91,1626.58,4590.66,4742.76,4355.85,4496.82,3084.661429
Kentucky,21,Lincoln,137,21137,,,,,,3344.55,3667.75,7053.68,8066.516326,8502.9,8326.35,8563.25,6789.285189
Kentucky,21,Livingston,139,21139,,,,,,11027.19,11144.11,24092.02,26570,25864.33,27639.5,30074.44,22344.51286
Kentucky,21,Logan,141,21141,,,,,,65294.63,65076.04,113964.9456,133999.64,127127.54,134047.35,154206.67,113388.1165
Kentucky,21,Lyon,143,21143,,,,,,2914.89,3510.58,7577.96,12779.42,11848.75,13687.15,13820.85,9448.514286
Kentucky,21,McCracken,145,21145,,,,,,14872.34,15011.02,17486.36,35060.95,36676.46,37384.23,36241.16,27533.21714
Kentucky,21,McCreary,147,21147,,,,,,48.17,45.9,45.9,45.9,45.9,0,45.9,39.66714286
Kentucky,21,McLean,149,21149,,,,,,50786.39,49644.28,72318.33,74747.16,77622.89,87020.86,93028.92,72166.97571
Kentucky,21,Madison,151,21151,,,,,,484.65,526.49,873.22,788.22,816.37,756.29,857.09,728.9042857
Kentucky,21,Magoffin,153,21153,,,,,,0,0,0,0,0,0,0,0
Kentucky,21,Marion,155,21155,,,,,,3790.53,3807.81,5659.36,5893.03,5349.93,5218.39,8839.01,5508.294286
Kentucky,21,Marshall,157,21157,,,,,,9727.88,9682.13,15007.21,22968.66,27006.21,27402.38,28607.51,20057.42571
Kentucky,21,Martin,159,21159,,,,,,0,0,0,0,0,0,0,0
Kentucky,21,Mason,161,21161,,,,,,1892.76,1774.05,3290.37,4470.63,8919.03,9806.25,9825.18,5711.181429
Kentucky,21,Meade,163,21163,,,,,,18246.45,18064.6,20032.44,20391.58,21912.89,24186.38,24660.15,21070.64143
Kentucky,21,Menifee,165,21165,,,,,,0,0,0,0,0,0,0,0
Kentucky,21,Mercer,167,21167,,,,,,209.91,477.85,2646.51,4431.71,3924.54,3299.49,4512.93,2786.134286
Kentucky,21,Metcalfe,169,21169,,,,,,1190.85,1203.75,1255.2,1577.19,1539.19,1663.66,1993.88,1489.102857
Kentucky,21,Monroe,171,21171,,,,,,1052.72,1084.13,1229.56,2784.22,3179.25,4436.1,5500.57,2752.364286
Kentucky,21,Montgomery,173,21173,,,,,,375.24,284.14,272.6,276.58,192.8,228.18,0,232.7914286
Kentucky,21,Morgan,175,21175,,,,,,0,0,0,0,0,0,0,0
Kentucky,21,Muhlenberg,177,21177,,,,,,10345.11,10468.71,20324.92,25112.6,24819.82,26105.43,29476.34,20950.41857
Kentucky,21,Nelson,179,21179,,,,,,7445.18,7368.48,18944.66,22840.39,18942.11,18691.67,24004.21,16890.95714
Kentucky,21,Nicholas,181,21181,,,,,,404.63,441.43,528.39,385.28,402.13,419.9,611.14,456.1285714
Kentucky,21,Ohio,183,21183,,,,,,50426.11,50458.83,51640.83,53127.44,53391.2,55857.74,55524.71,52918.12286
Kentucky,21,Oldham,185,21185,,,,,,2207.42,2123.33,1872.84,1383.35,2453.53,3560.86,6379.88,2854.458571
Kentucky,21,Owen,187,21187,,,,,,1844.01,1563.54,2269.43,1950.05,1420.29,1646.57,2408.26,1871.735714
Kentucky,21,Owsley,189,21189,,,,,,0,0,0,0,0,0,0,0
Kentucky,21,Pendleton,191,21191,,,,,,1356.06,1331.7,1189.78,1261.68,1314.68,1129.47,1598.27,1311.662857
Kentucky,21,Perry,193,21193,,,,,,0,0,0,0,0,0,0,0
Kentucky,21,Pike,195,21195,,,,,,0,0,0,0,0,0,0,0
Kentucky,21,Powell,197,21197,,,,,,565,436,1066.57,517.65,0,959.05,746.84,613.0157143
Kentucky,21,Pulaski,199,21199,,,,,,8194.35,8224.7,7957.51,8573.12,7509.37888,8557.682,8515.0023,8218.820454
Kentucky,21,Robertson,201,21201,,,,,,4.05,0,188.47,57.33,291.9,310.25,325.96,168.28
Kentucky,21,Rockcastle,203,21203,,,,,,409.17,409.17,580.32,418.84,306.59,485.47,615.18,460.6771429
Kentucky,21,Rowan,205,21205,,,,,,114.39,377.9,347.5,465.27,248.63,215.27,207.99,282.4214286
Kentucky,21,Russell,207,21207,,,,,,1821.71,1787.44,1857.14,2141.37,2240.24,2512.33,2724.48,2154.958571
Kentucky,21,Scott,209,21209,,,,,,575.17,672.79,1190.42,1340.98,1423.89,1192.61,580.28,996.5914286
Kentucky,21,Shelby,211,21211,,,,,,21680.87,18309.86,20600.8076,15647.18,12755.97,18197.14,30811.58,19714.77251
Kentucky,21,Simpson,213,21213,,,,,,55963.55,55816.23,77493.98,73926.91,67005.89,87610.24,101820.17,74233.85286
Kentucky,21,Spencer,215,21215,,,,,,7207.56,6197.81,6466.73,4558.07,5515.2,7438.56,8550.8,6562.104286
Kentucky,21,Taylor,217,21217,,,,,,4556.45,4561.05,9218.55,9770.9,9878.61,12093.66,12426.14,8929.337143
Kentucky,21,Todd,219,21219,,,,,,37506.40456,37484.97,90154.64,103608.77,103741.37,103115.12,108828.48,83491.39351
Kentucky,21,Trigg,221,21221,,,,,,11240.95,11266.05,33211.3,37162.22,30556.49,36946.66,42011.26,28913.56143
Kentucky,21,Trimble,223,21223,,,,,,2289.89,2166.57,2629.83,2429.47,2269.22,2732.63,4386.98,2700.655714
Kentucky,21,Union,225,21225,,,,,,30016.56,30011.37,88850.8,50965.68,66446.73,98818.66,126378.46,70212.60857
Kentucky,21,Warren,227,21227,,,,,,21921.09,22540.08,34649.48,44243.07,42993.91,51692.51,61347.06,39912.45714
Kentucky,21,Washington,229,21229,,,,,,2020.18,2219.23,3602,6445.92,5267.81,5059.08,6212.72,4403.848571
Kentucky,21,Wayne,231,21231,,,,,,3656.85,3533.08,4648.98,4421.12,4327.71,4120.99,4286.17,4142.128571
Kentucky,21,Webster,233,21233,,,,,,30422.3,30304.18,63295.56,47059.6,53264.53,61514.92,77134.7,51856.54143
Kentucky,21,Whitley,235,21235,,,,,,0,0,0,0,0,0,0,0
Kentucky,21,Wolfe,237,21237,,,,,,151.1,151.1,95,0,0,0,0,56.74285714
Kentucky,21,Woodford,239,21239,,,,,,477.4,428.04,656.62,1142.05,1430.75,1462.9,1496.39,1013.45
Louisiana,22,Acadia,1,22001,,,,,,41573.36,41700.25134,38871.45,41258.87134,41171.99134,40807.25426,40495.47038,40839.80695
Louisiana,22,Allen,3,22003,,,,,,3363.24,3369.74,3228.87,3201.3,3096.7,3104.39,3223.79,3226.861429
Louisiana,22,Ascension,5,22005,,,,,,0,0,0,0,0,0,0,0
Louisiana,22,Assumption,7,22007,,,,,,430.42,430.42,430.42,430.42,430.99,435.67,435.1,431.92
Louisiana,22,Avoyelles,9,22009,,,,,,56946.81,50007.1,57184.08,72553.74,70508.18,61263.07,66430.14,62127.58857
Louisiana,22,Beauregard,11,22011,,,,,,3552.53,3586.59,2603.2,2608.72,2585.91,2620.96,2615.74,2881.95
Louisiana,22,Bienville,13,22013,,,,,,0,0,0,0,0,0,0,0
Louisiana,22,Bossier,15,22015,,,,,,3037.26,2839.02,6951.92,6617.12,7474.45,4393,5900.62,5316.198571
Louisiana,22,Caddo,17,22017,,,,,,1659.07,1737.87,4849.73,5656.92,6621.26,6822.05,9341.64,5241.22
Louisiana,22,Calcasieu,19,22019,,,,,,2866.69,2894.32,2705.62,2778.86,2772.5,2614.37,2215.28,2692.52
Louisiana,22,Caldwell,21,22021,,,,,,2247.43,651.71,2512.93,2682.75,2183.92,4370.37,4082.46,2675.938571
Louisiana,22,Cameron,23,22023,,,,,,347.44,322.34,764.84,711.54,702.64,704.54,713.44,609.54
Louisiana,22,Catahoula,25,22025,,,,,,30730.5,27142.2,27975.18,89473.33,63835.78,63630.42,65524.45,52615.98
Louisiana,22,Claiborne,27,22027,,,,,,0,0,0,0,0,0,0,0
Louisiana,22,Concordia,29,22029,,,,,,47622.36,47718.6,34278.34,110004.76,91976.75,83452.68,84179.44334,71318.99048
Louisiana,22,De Soto,31,22031,,,,,,0,0,0,198.37,198.37,198.37,240.67,119.3971429
Louisiana,22,East Baton Rouge,33,22033,,,,,,0,0,352,352,0,0,0,100.5714286
Louisiana,22,East Carroll,35,22035,,,,,,45365.44,45376.97,43772.8,54967.11,54015.62,49404.7,61548.54,50635.88286
Louisiana,22,East Feliciana,37,22037,,,,,,0,0,0,0,0,0,0,0
Louisiana,22,Evangeline,39,22039,,,,,,21053.31,21115.67,21070.71,20735.95,20453.72,19693.54,19317.19,20491.44143
Louisiana,22,Franklin,41,22041,,,,,,9566.44,9998.14,16266.4,28173.27753,39338.55994,66609.4,41022.60398,30139.26021
Louisiana,22,Grant,43,22043,,,,,,2099.3,2162.8,2920.79,3635.79,3982.83,2996.23,3415.9,3030.52
Louisiana,22,Iberia,45,22045,,,,,,927.34,973.04,947.54,1024.04,945.24,980.7489,892.56,955.7869857
Louisiana,22,Iberville,47,22047,,,,,,1901.99,1904.19,1856.58,1765.78,1721.96,1766.56,1766.56,1811.945714
Louisiana,22,Jackson,49,22049,,,,,,0,0,0,0,0,0,0,0
Louisiana,22,Jefferson,51,22051,,,,,,0,0,0,0,0,0,0,0
Louisiana,22,Jefferson Davis,53,22053,,,,,,24248.74,24256.43,24906.47,24681.16,24037.76,23665.98,23328.74,24160.75429
Louisiana,22,Lafayette,55,22055,,,,,,3807.53,4703.77,3644.42,4394.12,4355.88,3547.32,4267.8,4102.977143
Louisiana,22,Lafourche,57,22057,,,,,,0,0,0,0,0,0,0,0
Louisiana,22,La Salle,59,22059,,,,,,16.71,16.71,16.71,309.09,0,0,0,51.31714286
Louisiana,22,Lincoln,61,22061,,,,,,0,0,0,0,0,0,0,0
Louisiana,22,Livingston,63,22063,,,,,,0,0,0,0,0,0,0,0
Louisiana,22,Madison,65,22065,,,,,,30197.47,30062.09,66926.03,83164.23,87328.59,84373.08,88161.05,67173.22
Louisiana,22,Morehouse,67,22067,,,,,,20250.11,20106.54538,20321.65,24864.46,22340.51,43514.58,32210.87,26229.81791
Louisiana,22,Natchitoches,69,22069,,,,,,11568.41,11519.88,18254.75,21369.15,22128.83,19979.67,18221.08,17577.39571
Louisiana,22,Orleans,71,22071,,,,,,0,0,0,0,0,0,0,0
Louisiana,22,Ouachita,73,22073,,,,,,2016.03,1898.56,2178.49,1380.01,1508.52,1797.54,1511.73,1755.84
Louisiana,22,Plaquemines,75,22075,,,,,,0,0,0,0,0,0,0,0
Louisiana,22,Pointe Coupee,77,22077,,,,,,17096.06,17044.736,49121.42,64540.80449,38172.41,72737.82,81165.47,48554.10293
Louisiana,22,Rapides,79,22079,,,,,,19018.31,18399.57,19782.9,21871.66,22147.82,21239.96,21597.97,20579.74143
Louisiana,22,Red River,81,22081,,,,,,6439.83,6500.63,6965.99,7399.82,7160.09,6944.06,8396.82,7115.32
Louisiana,22,Richland,83,22083,,,,,,3709.61,3705.61,4370.46,7902.25,11866.04,13100.02,19541.13,9170.731429
Louisiana,22,Sabine,85,22085,,,,,,0,0,0,0,0,0,0,0
Louisiana,22,St. Bernard,87,22087,,,,,,0,0,0,0,0,0,0,0
Louisiana,22,St. Charles,89,22089,,,,,,0,0,0,0,0,0,0,0
Louisiana,22,St. Helena,91,22091,,,,,,0,0,0,0,0,0,0,0
Louisiana,22,St. James,93,22093,,,,,,247.55,247.55,247.55,245.55,245.55,0,0,176.25
Louisiana,22,St. John the Baptist,95,22095,,,,,,0,0,0,0,0,0,0,0
Louisiana,22,St. Landry,97,22097,,,,,,59683.79,60707.17088,63859.28,64282.9811,62905.87456,63949.21607,62671.49,62579.9718
Louisiana,22,St. Martin,99,22099,,,,,,3135.07,3302.807172,3230.55,2297.98,1975.18,2249.33,2153.23,2620.592453
Louisiana,22,St. Mary,101,22101,,,,,,418.41,418.41,418.41,418.41,418.41,348.81,348.81,398.5242857
Louisiana,22,St. Tammany,103,22103,,,,,,0,0,0,0,0,0,0,0
Louisiana,22,Tangipahoa,105,22105,,,,,,0,0,0,0,0,0,0,0
Louisiana,22,Tensas,107,22107,,,,,,7525.75,7583.13,32465.11,47574.495,47295.57055,52113.47,56075.24414,35804.68138
Louisiana,22,Terrebonne,109,22109,,,,,,0,0,0,0,0,0,0,0
Louisiana,22,Union,111,22111,,,,,,0,0,0,0,0,0,0,0
Louisiana,22,Vermilion,113,22113,,,,,,7680.45,7649.93375,7308.08491,7526.31,7529.29,7640.52,7436.947534,7538.790885
Louisiana,22,Vernon,115,22115,,,,,,0,0,0,0,0,0,0,0
Louisiana,22,Washington,117,22117,,,,,,0,0,0,0,0,0,0,0
Louisiana,22,Webster,119,22119,,,,,,0,0,0,0,0,0,0,0
Louisiana,22,West Baton Rouge,121,22121,,,,,,2180.38,2710.58,3483.03,4191.47,3737.04,4062.38,4681.16,3578.005714
Louisiana,22,West Carroll,123,22123,,,,,,8080.2,8316.44,8955.99,8196.17,8683.55,10731.26,17651.87,10087.92571
Louisiana,22,West Feliciana,125,22125,,,,,,3607.7,3612.3,7291,7291,7905.9,8039.4,5635,6197.471429
Louisiana,22,Winn,127,22127,,,,,,0,0,0,0,107.52,0,0,15.36
Maine,23,Androscoggin,1,23001,,,,,,515.8,539.72,448.4,339.6,369.5,353.1,371.9,419.7171429
Maine,23,Houlton,2,23002,,,,,,4746.98,4586.81,4091.71,4581.31,4559.61,4556.13,4542.75,4523.614286
Maine,23,Aroostook,3,23003,,,,,,10118.53,10245.09,10447.9,9036.24,9400.39,8558.42,9032.22,9548.398571
Maine,23,Fort Kent,4,23004,,,,,,6325.68,6159.82,6173.53,6469.74,6297.67,6136.52,6138.57,6243.075714
Maine,23,Cumberland,5,23005,,,,,,335.4,335.4,330.6,328.75,319.25,258.45,402.95,330.1142857
Maine,23,Franklin,7,23007,,,,,,1576.73,1508.33,1481.53,1466.13,1359.49,1255.79,1111.52,1394.217143
Maine,23,Hancock,9,23009,,,,,,0,0,0,0,0,0,0,0
Maine,23,Kennebec,11,23011,,,,,,3500.48,3469.28,3327.08,3027.65,2892.22,2966.02,2622.52,3115.035714
Maine,23,Knox,13,23013,,,,,,34.4,34.4,34.4,34.4,34.4,0,0,24.57142857
Maine,23,Lincoln,15,23015,,,,,,50.7,50.7,50.7,50.7,50.7,50.7,50.7,50.7
Maine,23,Oxford,17,23017,,,,,,798.6,813.6,740.4,821.3,608.9,726.7,863.1,767.5142857
Maine,23,Penobscot,19,23019,,,,,,8281.81,8383.63,7763.47,7963.79,7941.75,8031.84,7728.97,8013.608571
Maine,23,Piscataquis,21,23021,,,,,,1236.01,1246.11,1100.4,1102.9,1266.62,1224.57,1144.6,1188.744286
Maine,23,Sagadahoc,23,23023,,,,,,0,0,0,0,0,0,0,0
Maine,23,Somerset,25,23025,,,,,,6884.63,6863.53,6615.94,6503.09,6088.28,6598.94,6254.96,6544.195714
Maine,23,Waldo,27,23027,,,,,,1928.2,1901.9,1844.9,1750.6,1665.5,1565.7,1054.7,1673.071429
Maine,23,Washington,29,23029,,,,,,0,0,0,0,0,0,0,0
Maine,23,York,31,23031,,,,,,713.5,692.1,622.6,676.8,675.8,647,679.4,672.4571429
Maryland,24,Allegany,1,24001,,,,,,801.91,790.41,760.5,729.59,746.15,0,0,546.9371429
Maryland,24,Anne Arundel,3,24003,,,,,,6124.85,6187.54,6021.63,5980.34,5911.4,5762.77,5309.67,5899.742857
Maryland,24,Baltimore,5,24005,,,,,,6466.82805,6872.89,16932.86,16604.6,15470.5,22337.99,23709.1881,15484.97945
Maryland,24,Calvert,9,24009,,,,,,4472.71,4281.28,4379.81,3534.18,3804.12,3633.044,3891.6608,3999.543543
Maryland,24,Caroline,11,24011,,,,,,74059.11,73940.52,77383.19,77523.45,75784.93,77585.66,79001.56,76468.34571
Maryland,24,Carroll,13,24013,,,,,,16879.62,17345.8401,21189.55,24036.48,25978.21,25397.05,31099.7022,23132.35033
Maryland,24,Cecil,15,24015,,,,,,25982.8,25950.39,20294.58,19056.57,23380.12,23774.11,36558.2992,24999.55274
Maryland,24,Charles,17,24017,,,,,,12193.54,11962.32,11713.31,11367.8792,11446.8814,11329.1214,10648.0414,11523.01334
Maryland,24,Dorchester,19,24019,,,,,,56469.93,56478.24,58977.89,63323.534,64615.92,65208.08,66342.57,61630.88057
Maryland,24,Frederick,21,24021,,,,,,20155.87,20293.59,20966.43,18944.31,18512.84,20897.33,21907.52,20239.69857
Maryland,24,Garrett,23,24023,,,,,,2655.1,2654.31,2788.8,2534.78,2644.89,2320.93,2435.69,2576.357143
Maryland,24,Harford,25,24025,,,,,,4656.39,5002.18,12754.08,11697.31,11591.71,12896.31,20076.68429,11239.23776
Maryland,24,Howard,27,24027,,,,,,2105.98,2105.98,2065.36,2200.41,1725.04,2078.1,2199.98,2068.692857
Maryland,24,Kent,29,24029,,,,,,71442.33,71465.57,72414.37,81886.66,93677.69,85807.64,92771.31,81352.22429
Maryland,24,Montgomery,31,24031,,,,,,8003.88,7788.1,9529.3,9484.44,9012.15,8948.83,8807.19,8796.27
Maryland,24,Prince George's,33,24033,,,,,,3782.57,3349.05,3475.8,3419.94,3442.12,3363.96,3177.45,3430.127143
Maryland,24,Queen Anne's,35,24035,,,,,,88111.3,87379.12,104008.876,103792.42,105934.03,103432.37,108682.58,100191.528
Maryland,24,St. Mary's,37,24037,,,,,,16353.07,16290.98,16247.53,17077.7,17121.26,16328.5739,15879.4079,16471.2174
Maryland,24,Somerset,39,24039,,,,,,14741.51,14527.59,18622.26,24276.17,28471.42,29089.67,29583.29,22758.84429
Maryland,24,Talbot,41,24041,,,,,,55403.92,53743.95,62235.41,64944.95,65724.43,69198.23,69566.17,62973.86571
Maryland,24,Washington,43,24043,,,,,,1648.23,1494.83,1774.55,18541.4,18858.11,23023.46,22906.09,12606.66714
Maryland,24,Wicomico,45,24045,,,,,,29840.86,29529.11,29574.97,39721.89,40705.07,43803.76,43287.91,36637.65286
Maryland,24,Worcester,47,24047,,,,,,50735.92,50011.64,51250.94,55101.24,54653.89,56619.47888,60400.28,54110.48413
Maryland,24,Baltimore,510,24510,,,,,,0,0,0,0,0,0,0,0
Massachusetts,25,Barnstable,1,25001,,,,,,0,0,0,0,0,0,0,0
Massachusetts,25,Berkshire,3,25003,,,,,,0,0,0,0,0,0,3271.82,467.4028571
Massachusetts,25,Bristol,5,25005,,,,,,0,0,0,1177.98,1293.54,1375.1548,1515.39,766.0092571
Massachusetts,25,Dukes,7,25007,,,,,,0,0,0,0,0,0,0,0
Massachusetts,25,Essex,9,25009,,,,,,0,0,0,0,0,0,0,0
Massachusetts,25,Franklin,11,25011,,,,,,0,0,0,2268.4,2260.38,2572.22,2390.56,1355.937143
Massachusetts,25,Hampden,13,25013,,,,,,0,131.3,231.6,549.2,326.4,0,500.81,248.4728571
Massachusetts,25,Hampshire,15,25015,,,,,,0,0,121.1,1587.39,521.4,1763.38,2728.78,960.2928571
Massachusetts,25,Middlesex,17,25017,,,,,,0,0,0,0,0,0,0,0
Massachusetts,25,Nantucket,19,25019,,,,,,0,0,0,0,0,0,0,0
Massachusetts,25,Norfolk,21,25021,,,,,,0,0,0,54.3,74.1,88.7,68.3,40.77142857
Massachusetts,25,Plymouth,23,25023,,,,,,0,0,0,0,0,0,0,0
Massachusetts,25,Suffolk,25,25025,,,,,,0,0,0,0,0,0,0,0
Massachusetts,25,Worcester,27,25027,,,,,,0,0,0,2458.93,2216.49,2219.19,2019.44,1273.435714
Michigan,26,Alcona,1,26001,,,,,,226.1,226.1,2309.74,2631.47,2400.6,2355.57,4808.09,2136.81
Michigan,26,Alger,3,26003,,,,,,0,0,0,0,0,0,0,0
Michigan,26,Allegan,5,26005,,,,,,34544.47,36033.3,30718.94,30314.79,60527.02,69434.24,69487.11,47294.26714
Michigan,26,Alpena,7,26007,,,,,,2009.96,2152.23,4173.21,4034.69,4844.15,5380.115,13705.75,5185.729286
Michigan,26,Antrim,9,26009,,,,,,1730.9,1750.5865,1664.39,1925.45,1850.7,1801.26,1859.17,1797.493786
Michigan,26,Arenac,11,26011,,,,,,7506.44,7520.91,25011.43,27562.4,27114.3,28132.7388,29609.48,21779.67126
Michigan,26,Baraga,13,26013,,,,,,531.04,504.92,491.12,462.72,456.72,436.04,421.54,472.0142857
Michigan,26,Barry,15,26015,,,,,,25752.77,26550.2,28621.59,34204.9,33610.45,43472.72,50880.09,34727.53143
Michigan,26,Bay,17,26017,,,,,,26191.56,26150.57,33695.44,79656.8,78420.14,77510.3,77811.49,57062.32857
Michigan,26,Benzie,19,26019,,,,,,302.5,389.6,413,366.21,366.21,366.21,421.61,375.0485714
Michigan,26,Berrien,21,26021,,,,,,30873.98,30511.85,48056.93,49518.07,44184.27,51346.36,61844.45,45190.84429
Michigan,26,Branch,23,26023,,,,,,78813.0297,79655.8262,82202.446,105374.29,105939.54,120647.27,126744.09,99910.92741
Michigan,26,Calhoun,25,26025,,,,,,48881.52334,49221.06531,57854.52,81011.18,71264.48,85984.43,119461.8,73382.71409
Michigan,26,Cass,27,26027,,,,,,41277.46,41644.49,87542.94,94785.96,92795.46,95057,97939.27,78720.36857
Michigan,26,Charlevoix,29,26029,,,,,,77.92,111.64,143.05,2616.18,2500.74,2487.61,2595.61,1504.678571
Michigan,26,Cheboygan,31,26031,,,,,,575.95,620.68,1264.16,1979.98,2105.52,2029.55,2107.69,1526.218571
Michigan,26,Chippewa,33,26033,,,,,,0,0,2805,2982.3,3231.65,3223.81,3297.06,2219.974286
Michigan,26,Clare,35,26035,,,,,,1068.06,1048.42,842.06,813.39,854.16,1021.61,4484.29,1447.427143
Michigan,26,Clinton,37,26037,,,,,,59256.05234,59088.23492,50343.29,74662.24536,81013.52925,107096.9006,103410.5,76410.1075
Michigan,26,Crawford,39,26039,,,,,,0,0,0,0,0,0,0,0
Michigan,26,Delta,41,26041,,,,,,2570.13,2816.22,2778.62,1813.53,1755.84,1740.99,2005.04,2211.481429
Michigan,26,Dickinson,43,26043,,,,,,1471.87,1445.37,1605.49,1520.62,1338.23,1344.7,1235.8,1423.154286
Michigan,26,Eaton,45,26045,,,,,,64542.04,64417.4,65053.18,70353.02,68651.68,92144.7,102117.6,75325.66
Michigan,26,Emmet,47,26047,,,,,,51.5,40.87,179.82,1340.15,1712.01,1615.04,1345.77,897.88
Michigan,26,Genesee,49,26049,,,,,,18444.3214,18599.16,38146.36,41289.34,40718.78,47722.18,55315.32,37176.49449
Michigan,26,Gladwin,51,26051,,,,,,3089.33,3148.71504,3331.16,3559.55,3479.32,4135.39,8796.56,4220.003577
Michigan,26,Gogebic,53,26053,,,,,,0,0,0,0,0,0,0,0
Michigan,26,Grand Traverse,55,26055,,,,,,3562.46,3925.45,5260.7,5315.882,4991.35,4568.18,6612.75,4890.967429
Michigan,26,Gratiot,57,26057,,,,,,44045.43,43770.44,48755.87,56172.87,58434.53,100157.77,122717.33,67722.03429
Michigan,26,Hillsdale,59,26059,,,,,,43812.09,43693.59,62933.75,82363.41,84820.69,101751.84,113000.83,76053.74286
Michigan,26,Houghton,61,26061,,,,,,1144.46,1095.31,1133.96,1108.4,1042.4,1011.76,978.12,1073.487143
Michigan,26,Huron,63,26063,,,,,,98612.15,98584.85,111006.86,154051.41,167676.73,179208.09,192912.36,143150.35
Michigan,26,Ingham,65,26065,,,,,,56155.66,56121.13739,63337.37,89068.13,83528.94,85657.64,86841.23,74387.1582
Michigan,26,Ionia,67,26067,,,,,,41715.04,41302.91,56662.55,65010.6,62691.71,101168.94,96089.24,66377.28429
Michigan,26,Iosco,69,26069,,,,,,1387.2,1388.37,8184.47,9952.75,9581.66,9533.12,10374.83,7200.342857
Michigan,26,Iron,71,26071,,,,,,162.5,157.2,182.1,187.4,0,102.4,102.4,127.7142857
Michigan,26,Isabella,73,26073,,,,,,37082.82,37434.59,40102.71,39219.8,41179.91,48668.91,61319.31,43572.57857
Michigan,26,Jackson,75,26075,,,,,,38732.37,39140.72,44451.48,53015.73,57213.2,70127.45,78732.55,54487.64286
Michigan,26,Kalamazoo,77,26077,,,,,,36272.6,35881.49,41580.29,55405.21764,58716.25404,72507.8154,74675.45,53577.01673
Michigan,26,Kalkaska,79,26079,,,,,,1286.23,1320.53,1384.6,1346.4,1316,1346.6,1401.86,1343.174286
Michigan,26,Kent,81,26081,,,,,,5984.74,6213.96,10745.57,10926.09583,10851.25,24915.26,30368.96,14286.54798
Michigan,26,Keweenaw,83,26083,,,,,,0,0,0,0,0,0,0,0
Michigan,26,Lake,85,26085,,,,,,222.27,222.27,222.27,227.67,228.8,227.67,0,192.9928571
Michigan,26,Lapeer,87,26087,,,,,,29515.671,29367.2,38222.28,43850.21,46785.45,51696.86,55652.64,42155.75871
Michigan,26,Leelanau,89,26089,,,,,,2843.07,2836.67,2670.74,2618.68,2616.64,2681.59,2881.57,2735.565714
Michigan,26,Lenawee,91,26091,,,,,,83285.65,82941.81,128055.61,160314.5441,152496.77,170162.1327,192318.79,138510.7581
Michigan,26,Livingston,93,26093,,,,,,14284.23056,13843.14,16147.62,22687.67,30655.3,30474.9,33442.52,23076.48294
Michigan,26,Luce,95,26095,,,,,,0,0,246.62,250.52,249.26,226.96,244.66,174.0028571
Michigan,26,Mackinac,97,26097,,,,,,0,0,726.52,988.66,1043.41,1055.61,1057.55,695.9642857
Michigan,26,Macomb,99,26099,,,,,,14219.44,13716.96,18320.21,18708.34,19777.89,20680.9,21956.49,18197.17571
Michigan,26,Manistee,101,26101,,,,,,235.79,285.56,283.46,378.29,302.53,501.16,642.63,375.6314286
Michigan,26,Marquette,103,26103,,,,,,0,0,0,0,0,0,0,0
Michigan,26,Mason,105,26105,,,,,,3396.36,3365.23,4074.11,6421.23,6148.33,7035.75,8336.26,5539.61
Michigan,26,Mecosta,107,26107,,,,,,4856.8,5368.31,4340.01,4271.1587,6490.94,10024.2287,11156.49,6643.991057
Michigan,26,Menominee,109,26109,,,,,,16339.99,16233.82,16460.74,16290.7,15432.28,16039.07,15495.47,16041.72429
Michigan,26,Midland,111,26111,,,,,,19105.67,19203.60342,17685.81,23831.65,25273.93,27806.02,29133.88,23148.65192
Michigan,26,Missaukee,113,26113,,,,,,5703.24,6337.85,6522.64,6822.22,6661.87,8845.78,12328.34,7603.134286
Michigan,26,Monroe,115,26115,,,,,,44539.0812,42790.30651,91490.55,123402.23,122929.98,120626.1,138410.41,97741.23682
Michigan,26,Montcalm,117,26117,,,,,,29498.25,30460.41,35026.15,35893.81,34082.47,49445.39,55540.07,38563.79286
Michigan,26,Montmorency,119,26119,,,,,,823.03,800.98,1394.28,1189.58,1264.43,1468.07,3245.62,1455.141429
Michigan,26,Muskegon,121,26121,,,,,,4310.49,4471.224844,6732.76,6118.01,6156.85,10285.52,12165.7,7177.222121
Michigan,26,Newaygo,123,26123,,,,,,3170.42,4006.34,4342.71,3654.60642,4192.7,8391.77,9046.37,5257.845203
Michigan,26,Oakland,125,26125,,,,,,1069.62,1113.99,2212.5,2151.72,3171.5,4046.12,4347.16,2587.515714
Michigan,26,Oceana,127,26127,,,,,,2276.82,2283.7,2711.98,3394.75,3040.78,4628.52,5399.44,3390.855714
Michigan,26,Ogemaw,129,26129,,,,,,1565.82,1551.23,15411.62,17284.94,17191.85,16888.22,17664.65,12508.33286
Michigan,26,Ontonagon,131,26131,,,,,,448.18,429.08,331.79,330.83,329.73,296.3,259.79,346.5285714
Michigan,26,Osceola,133,26133,,,,,,3763.39,4169.41,4438.85,4154.31,3997.64,5142.25,7115.69,4683.077143
Michigan,26,Oscoda,135,26135,,,,,,14.7,14.5,191.9,182.9,182.9,169.1,0,108
Michigan,26,Otsego,137,26137,,,,,,1113.03,1120.25,1103.65,1433.14,1287.34,1263.16,702.56,1146.161429
Michigan,26,Ottawa,139,26139,,,,,,8023.13,8353.115716,9281.31,11666.69,18545.008,21489.302,24230.03,14512.6551
Michigan,26,Presque Isle,141,26141,,,,,,2236.35,2322.5,4320.66,8892.39,9250.1,7955.19,9600.99,6368.311429
Michigan,26,Roscommon,143,26143,,,,,,0,0,0,0,0,0,0,0
Michigan,26,Saginaw,145,26145,,,,,,124915.98,121862.54,141267.6,154262.73,153223.74,161862.02,162628.59,145717.6
Michigan,26,St. Clair,147,26147,,,,,,39702.89,39189.42,51063.01,54615.19,53172.29,57364.26,59091.94,50599.85714
Michigan,26,St. Joseph,149,26149,,,,,,57981.93,57146.687,87215.66,108837.95,107171.47,113610.05,113167.61,92161.62243
Michigan,26,Sanilac,151,26151,,,,,,95924.67,97157.24,107253.1,116446.85,119062.81,131617.17,140828.52,115470.0514
Michigan,26,Schoolcraft,153,26153,,,,,,0,0,0,0,88.56,88.56,91.76,38.41142857
Michigan,26,Shiawassee,155,26155,,,,,,94594.87,94670.59957,85644.43,84179.86,90089.26978,101520.66,132152.87,97550.36562
Michigan,26,Tuscola,157,26157,,,,,,28650.32,28643.91,56698.85,87161.19146,87251.74,98501.86,106876.23,70540.58592
Michigan,26,Van Buren,159,26159,,,,,,25686.44,27282.101,31966.38,36280.66,32369.22,36011.21,39295.13,32698.73443
Michigan,26,Washtenaw,161,26161,,,,,,13966.73,13932.92,18077.01,35310.53,43213.1,46480.54,71194.77,34596.51429
Michigan,26,Wayne,163,26163,,,,,,451.71,612.54,1136.62,1562.85,1664.27,1255.14,1510.83,1170.565714
Michigan,26,Wexford,165,26165,,,,,,987.95,1600.66,1592.2,1571.7,1509.534,1737.84,2740.92,1677.257714
Minnesota,27,Aitkin,1,27001,,,,,,3043.8,3158.71,4875.31,4856.4,4667.45,4484.93,4346.61,4204.744286
Minnesota,27,Anoka,3,27003,,,,,,2349.4,2303.39,3655.36,3112.03,2717.53,4985.88,6206.72,3618.615714
Minnesota,27,Becker,5,27005,,,,,,87763.68,86677,114207.4,139262.47,147747.65,145047.85,152377.75,124726.2571
Minnesota,27,Beltrami,7,27007,,,,,,10636.54,10404.73,12225.45,21236.72,16973.7,22189.25,24372.83,16862.74571
Minnesota,27,Benton,9,27009,,,,,,59450.59,58190.29,66400.05194,73239.55333,76589.46,77074.98,78812.78,69965.38647
Minnesota,27,Big Stone,11,27011,,,,,,89791.91,90237.72,155813.75,157731.3636,163282.3938,173238.9,183838.25,144847.7553
Minnesota,27,Blue Earth,13,27013,,,,,,154747.92,154450.72,235575.87,267152.29,284737.46,302386.94,321316.28,245766.7829
Minnesota,27,Brown,15,27015,,,,,,123295.55,122734.04,217966.18,220842.31,230248.51,243567.11,260615.87,202752.7957
Minnesota,27,Carlton,17,27017,,,,,,217.27,247.55,247.55,247.55,109.6,0,784.1,264.8028571
Minnesota,27,Carver,19,27019,,,,,,33534.7,33204.72,55846.74,66066.27,65798.1777,71870.26,77687.4285,57715.47089
Minnesota,27,Cass,21,27021,,,,,,5866.29,6178.85,6370.5,7351.63,7966.64,7628.22,7389.8,6964.561429
Minnesota,27,Chippewa,23,27023,,,,,,113956.64,114070.6191,193243.16,223593.1,221293.3,229884.27,240337.61,190911.2427
Minnesota,27,Chisago,25,27025,,,,,,22594.46,22248.2,24414.91,32651.55,34811.89,37586.57,37772.14,30297.10286
Minnesota,27,Clay,27,27027,,,,,,179676.59,176568.29,238473.26,302972.833,311324.72,327223.01,349998.21,269462.4161
Minnesota,27,Clearwater,29,27029,,,,,,15124.73,15110.81,16537.73,19864.46,20031.95,20897.95,21648.38,18459.43
Minnesota,27,Cook,31,27031,,,,,,0,0,0,0,0,0,0,0
Minnesota,27,Cottonwood,33,27033,,,,,,309501.69,307567.24,305976,298088.23,297929.75,311883.53,310788.98,305962.2029
Minnesota,27,Crow Wing,35,27035,,,,,,8482.08,8434.67,9525.49,10199.52,9769.41,10683.39,12183.22,9896.825714
Minnesota,27,Dakota,37,27037,,,,,,37535.43,36699.7,59023.63,72919.86,67657.45,104867.99,118043.57,70963.94714
Minnesota,27,Dodge,39,27039,,,,,,68657.64,68558.31,112143.58,143534.68,142107.2,179664.11,186154.76,128688.6114
Minnesota,27,Douglas,41,27041,,,,,,70956.61,71496.34,79903.18,81579.49,85417.24,97669.33,111867.92,85555.73
Minnesota,27,Faribault,43,27043,,,,,,167321.52,167480.87,254928.57,302976.04,322698.32,341805.59,355486.53,273242.4914
Minnesota,27,Fillmore,45,27045,,,,,,62955.41,63483.34,131954.87,187457.27,208628.07,238884.95,249335.25,163242.7371
Minnesota,27,Freeborn,47,27047,,,,,,107324.63,105538.12,221512.71,239921.52,249812.41,296994.55,306647.2,218250.1629
Minnesota,27,Goodhue,49,27049,,,,,,71618.42,70190.89,99601.88,138643.1032,141247.79,206946.49,213332.89,134511.6376
Minnesota,27,Grant,51,27051,,,,,,92677.2,92660.92,131840.27,135202.85,173723.73,190810.52,220383.31,148185.5429
Minnesota,27,Hennepin,53,27053,,,,,,12397.39,11365.3,18035.81,18149.43693,16335.51,17909.7,18354.6,16078.24956
Minnesota,27,Houston,55,27055,,,,,,21050.72,21496.85,39556.17,47336.87,49700.06,57755.97,61103.21,42571.40714
Minnesota,27,Hubbard,57,27057,,,,,,3132.79,3092.65,4430.76,8690.3,8844.02,9853.48,9592.18,6805.168571
Minnesota,27,Isanti,59,27059,,,,,,22934.16,22567.99,35705.96,42718.32,43546.8,48058.61,48441.66,37710.5
Minnesota,27,Itasca,61,27061,,,,,,488.81,0,0,452.19,569.41,569.41,569.41,378.4614286
Minnesota,27,Jackson,63,27063,,,,,,348504.76,347893.05,336162.74,342772.4,344533.51,349679.04,354459.73,346286.4614
Minnesota,27,Kanabec,65,27065,,,,,,9742.46,9755.7,16635.33,17841.28,18902.24,16942.15,18889.59,15529.82143
Minnesota,27,Kandiyohi,67,27067,,,,,,113378.53,113009.59,170645.4,218854,226396.68,239208.26,251807.65,190471.4443
Minnesota,27,Kittson,69,27069,,,,,,123183.57,122970.19,157950.56,219683.96,227770.65,235416.91,265817.1,193256.1343
Minnesota,27,Koochiching,71,27071,,,,,,1973.11,1954.87,1709.17,1770.4,1464.53,4254.76,4143.63,2467.21
Minnesota,27,Lac qui Parle,73,27073,,,,,,138015.14,137878.1,245149.73,277008.69,285653.021,300729.09,326148.3024,244368.8676
Minnesota,27,Lake,75,27075,,,,,,0,0,0,0,0,0,0,0
Minnesota,27,Lake of the Woods,77,27077,,,,,,12490.59,12847.32,14496.91,26476.6,28609.22,28571.12,30437.11,21989.83857
Minnesota,27,Le Sueur,79,27079,,,,,,61744.19,59650.45,95457.43,115993.22,121180.47,142730.59,150057.54,106687.6986
Minnesota,27,Lincoln,81,27081,,,,,,104096.76,103691.56,163262.81,171990.18,183697.8,190802.05,196334.32,159125.0686
Minnesota,27,Lyon,83,27083,,,,,,106891.43,109608.09,236928.27,256439.21,273479.19,289589.32,303162.33,225156.8343
Minnesota,27,McLeod,85,27085,,,,,,73653.55,72845.62,133382.87,158435.59,164375.823,178963,180706.847,137480.4714
Minnesota,27,Mahnomen,87,27087,,,,,,46846.09,46709.99,88718.02,126177.14,128959.3,130107.64,130087.75,99657.99
Minnesota,27,Marshall,89,27089,,,,,,206117.93,196503.13,246955.38,442658.84,444142.83,468714.07,515439.69,360075.9814
Minnesota,27,Martin,91,27091,,,,,,180482.32,178331.65,318269.31,334973.62,335374.08,342333.17,356644.05,292344.0286
Minnesota,27,Meeker,93,27093,,,,,,102373.94,100751.66,157218.48,177128.28,180846.61,187600.43,197045.6475,157566.4354
Minnesota,27,Mille Lacs,95,27095,,,,,,21135.22,21328.68,24466.2,28380.85561,28478.42,30405.87,32520.95,26673.74223
Minnesota,27,Morrison,97,27097,,,,,,44533.55,44301.04,66078.9,90588.02,101834.67,111804.82,112656.93,81685.41857
Minnesota,27,Mower,99,27099,,,,,,118310.9,118292.65,227336.81,257477.21,272711.04,315083.85,327524.7,233819.5943
Minnesota,27,Murray,101,27101,,,,,,324339.76,324233.08,309051.15,316445.92,320823.4,324587.88,328128.9,321087.1557
Minnesota,27,Nicollet,103,27103,,,,,,79867.43,80024.82,141759.04,162327.35,171525.38,186011.5,188627.82,144306.1914
Minnesota,27,Nobles,105,27105,,,,,,362268.8,359004.17,357302.68,352447.98,357265.54,367498.33,368293.62,360583.0171
Minnesota,27,Norman,107,27107,,,,,,162797.58,157026.7,210953.33,302767.85,301568.93,314293.83,331570.75,254425.5671
Minnesota,27,Olmsted,109,27109,,,,,,43508.74,42583.03,99484.35,114539.6,114297.4,149062.5,157366.46,102977.44
Minnesota,27,East Otter Tail,111,27111,,,,,,61778.39,64532.47,63120.06,92435.02,98424.72,97959.89,104109.56,83194.30143
Minnesota,27,West Otter Tail,112,27112,,,,,,119748.86,119120.48,141651.67,144848.62,169282.5,176510.76,195379.42,152363.1871
Minnesota,27,Pennington,113,27113,,,,,,78460.05,76605.98,96958.99,179447.02,185234.55,182808.87,193990.58,141929.4343
Minnesota,27,Pine,115,27115,,,,,,9067.72,8534.94,12151.61,17472.65,18016.1,17803.21,21554.95,14943.02571
Minnesota,27,Pipestone,117,27117,,,,,,193414.53,193075.0467,169714.71,182901.46,186855.31,199372.57,197610.91,188992.0767
Minnesota,27,East Polk,119,27119,,,,,,54168.38,55437.72,69474.82,122430.59,128444.38,144831.37,155279.75,104295.2871
Minnesota,27,West Polk,120,27120,,,,,,168111.78,166864.35,224254.61,356814.03,390450.13,434304.31,467396.45,315456.5229
Minnesota,27,Pope,121,27121,,,,,,101020.92,99625.63,136562.57,147052.24,145319.79,167229.13,180499.14,139615.6314
Minnesota,27,Ramsey,123,27123,,,,,,0,0,0,0,0,0,0,0
Minnesota,27,Red Lake,125,27125,,,,,,53984.26,52713,67946.43,127427.8,137381.53,132019.88,134918.89,100913.1129
Minnesota,27,Redwood,127,27127,,,,,,225902.83,223942.79,312790.21,362860.31,372635.74,392934.78,415752.33,329545.57
Minnesota,27,Renville,129,27129,,,,,,183825.84,180023.14,314622.26,389207.11,401288.4516,424472.07,432177.03,332230.8431
Minnesota,27,Rice,131,27131,,,,,,51516.82,52238.44,80630.66,93710.92,92110.84,129341.21,135198.36,90678.17857
Minnesota,27,Rock,133,27133,,,,,,227763.5,226986.98,225987.22,219606.09,221927.88,229208.64,230686.09,226023.7714
Minnesota,27,Roseau,135,27135,,,,,,84984.74,86154.72,117851.74,224243.28,240245.97,248687.81,251344.45,179073.2443
Minnesota,27,North St. Louis,137,27137,,,,,,381.34,381.34,381.34,381.34,381.34,381.34,381.34,381.34
Minnesota,27,South St. Louis,138,27138,,,,,,0,0,0,0,0,0,0,0
Minnesota,27,Scott,139,27139,,,,,,22870.86,22319.87,38505.15,48341.72,49491.7282,53982.6,57551.14,41866.1526
Minnesota,27,Sherburne,141,27141,,,,,,12302.8,12090.64,15460.83,14138.95,15057.21,22789.82,34808.9,18092.73571
Minnesota,27,Sibley,143,27143,,,,,,102723.53,102082.97,196066.42,212117.66,226288.9,242816.14,244541.54,189519.5943
Minnesota,27,Stearns,145,27145,,,,,,109683.9,112159.68,189714.92,215538.87,225194.66,245732.71,252974.67,192999.9157
Minnesota,27,Steele,147,27147,,,,,,63192.52,58340.08,102506.58,102346.57,105528.42,161937.77,173274.52,109589.4943
Minnesota,27,Stevens,149,27149,,,,,,85921.54,85967.91,196997.9,225997.48,234375.31,238604.97,242726.18,187227.3271
Minnesota,27,Swift,151,27151,,,,,,114441.78,114903.62,209869.08,245069.45,252151.47,291635.64,311838.86,219987.1286
Minnesota,27,Todd,153,27153,,,,,,56170.54,56207.07,77218.34,80303.36,93512.63,102932.53,107465.76,81972.89
Minnesota,27,Traverse,155,27155,,,,,,104384.31,104228.51,203293.05,211647.09,236682.48,246365.81,269586.17,196598.2029
Minnesota,27,Wabasha,157,27157,,,,,,24587.08,24421.19,49785.78,86233.49,84635.93,109857.26,112830.05,70335.82571
Minnesota,27,Wadena,159,27159,,,,,,7219.71,11577.53,19334.68,22962.06,24422.1,24897.97,27846.46,19751.50143
Minnesota,27,Waseca,161,27161,,,,,,77080.93,73401.97,122453.52,143137.81,144054.74,175019.05,186888.97,131719.57
Minnesota,27,Washington,163,27163,,,,,,9757.36,9667.97,15603.13,17589.78175,18742.70092,23842.89,24151.72,17050.79324
Minnesota,27,Watonwan,165,27165,,,,,,130615.02,128597.11,197880.23,206525.15,198897.8,217869.63,221065.93,185921.5529
Minnesota,27,Wilkin,167,27167,,,,,,180308.84,180024.04,196649.16,232868.78,252851.26,285120.37,308959.81,233826.0371
Minnesota,27,Winona,169,27169,,,,,,15832.36,15887.75,41604.22,64021.12,73148.66,91501.45,99178.98,57310.64857
Minnesota,27,Wright,171,27171,,,,,,59528.35,57787.79,93958.56,114931.6922,111097.5007,122497.98,125029.39,97833.03756
Minnesota,27,Yellow Medicine,173,27173,,,,,,138050.5,138529.42,290572.81,313384.69,305901.64,327757.98,346608.18,265829.3171
Mississippi,28,Adams,1,28001,,,,,,1560.86,2723.66,3318.68,3484.78,2496.16,2496.16,2496.16,2653.78
Mississippi,28,Alcorn,3,28003,,,,,,6338.84,6900.47,6917.19,6909.4,7997.59,8049.54,15682.9125,8399.420357
Mississippi,28,Amite,5,28005,,,,,,692.71,964.31,539.53,903.01,892.03,873.43,826.61,813.09
Mississippi,28,Attala,7,28007,,,,,,1151.49,1145.42,1807.19,3122.34,3939.16,2813.23,2221.77,2314.371429
Mississippi,28,Benton,9,28009,,,,,,5395.58,5144.93,6110.43,9163.49,10522.28,12163.56,9010.12,8215.77
Mississippi,28,Bolivar,11,28011,,,,,,123903.6,123508.95,132216.89,145053.86,151617.2,156861.71,154123.22,141040.7757
Mississippi,28,Calhoun,13,28013,,,,,,11556.82,11901.3381,11584.7501,11812.28,18158.85,40966.53,19068.5,17864.1526
Mississippi,28,Carroll,15,28015,,,,,,2695.5,2989.36667,12540.99215,9387.93,11802.4,11563.83,10397.61,8768.232689
Mississippi,28,Chickasaw,17,28017,,,,,,13837.84,13572.2,22696.06,30690.61,32590.96,33653.99,25189.77,24604.49
Mississippi,28,Choctaw,19,28019,,,,,,70.2,50.6,68.07,264.43,961.47,1544.24,979.85,562.6942857
Mississippi,28,Claiborne,21,28021,,,,,,4405.51,4503.32,4396.32,4369.52,4415.82,3830.64,4126.06,4292.455714
Mississippi,28,Clarke,23,28023,,,,,,0,0,0,0,0,0,93.3,13.32857143
Mississippi,28,Clay,25,28025,,,,,,8536.11,8529.71,9467.12,17804.24,17745.5,17849.42,16909.96,13834.58
Mississippi,28,Coahoma,27,28027,,,,,,36891.16,36776.37,41818.94,67649.06,75318.11,84024.83,81198.81,60525.32571
Mississippi,28,Copiah,29,28029,,,,,,0,0,0,0,0,0,0,0
Mississippi,28,Covington,31,28031,,,,,,759.1,761.75,761.75,643.65,643.65,643.65,620.35,690.5571429
Mississippi,28,DeSoto,33,28033,,,,,,26747.07,25249.52,23945.45,30309.38,32661.71,34991.69,32279.84,29454.95143
Mississippi,28,Forrest,35,28035,,,,,,57.13,57.13,19.69,57.13,19.69,96.72,96.72,57.74428571
Mississippi,28,Franklin,37,28037,,,,,,15.91,12.4,12.4,12.4,0,0,0,7.587142857
Mississippi,28,George,39,28039,,,,,,0,0,0,0,0,0,0,0
Mississippi,28,Greene,41,28041,,,,,,0,0,0,0,0,0,0,0
Mississippi,28,Grenada,43,28043,,,,,,215.28,216.91,539.93,3148.3,3531.75,4802.19,4290.77,2392.161429
Mississippi,28,Hancock,45,28045,,,,,,0,0,0,0,0,0,0,0
Mississippi,28,Harrison,47,28047,,,,,,0,0,0,0,0,0,0,0
Mississippi,28,Hinds,49,28049,,,,,,8783.23,8808.03176,6759.96,8719.25,8380.46,9466.06,4285.15,7886.020251
Mississippi,28,Holmes,51,28051,,,,,,2399.82,2521.49,12880.455,33216.26,51774.15,25908.05,17683.55,20911.96786
Mississippi,28,Humphreys,53,28053,,,,,,12430.42,12450.16,20303.42,25254.52,29876.19,35510.99,30796.37,23803.15286
Mississippi,28,Issaquena,55,28055,,,,,,27249.74,27066.43,34151.32,34906.03,35321.96,34307.76,34153.13,32450.91
Mississippi,28,Itawamba,57,28057,,,,,,5475.26,5534.25,7400.56,7364.45,9221.36,10747.74,9744.4,7926.86
Mississippi,28,Jackson,59,28059,,,,,,0,0,0,0,0,0,0,0
Mississippi,28,Jasper,61,28061,,,,,,100.4,126.2,506.5,178.2,242.1,256.4,185.8,227.9428571
Mississippi,28,Jefferson,63,28063,,,,,,2460.62,2503.73,2903.26,2862.33,2905.65,2889.34,2865.14,2770.01
Mississippi,28,Jefferson Davis,65,28065,,,,,,0,91.58,0,112.79,0,0,0,29.19571429
Mississippi,28,Jones,67,28067,,,,,,905.2,930.3,908.4,879,876.5,705.23,705.23,844.2657143
Mississippi,28,Kemper,69,28069,,,,,,0,0,0,0,0,0,0,0
Mississippi,28,Lafayette,71,28071,,,,,,2444.38,2432.7,2008.49,3225.73,4064.81,5349.09,5215.39,3534.37
Mississippi,28,Lamar,73,28073,,,,,,0,0,0,0,0,0,0,0
Mississippi,28,Lauderdale,75,28075,,,,,,0,0,0,0,0,0,0,0
Mississippi,28,Lawrence,77,28077,,,,,,559.6,454.13,382.73,614.31,1584.93,1874.63,2031.93,1071.751429
Mississippi,28,Leake,79,28079,,,,,,477.9,486.4,486.4,486.4,486.4,486.4,411,474.4142857
Mississippi,28,Lee,81,28081,,,,,,26551.58,26850.95,29415.94,29825.65,41508.29,45074.16,40571.12,34256.81286
Mississippi,28,Leflore,83,28083,,,,,,11824.26,11788.14,58460.2,76264.15,70058.21,76918.77,65554.54,52981.18143
Mississippi,28,Lincoln,85,28085,,,,,,221.33,221.33,202.53,221.33,231.24,273.09,273.09,234.8485714
Mississippi,28,Lowndes,87,28087,,,,,,3787.37,3912.46,17794.31,24930.56,20414.64,26809.1,25086.05,17533.49857
Mississippi,28,Madison,89,28089,,,,,,2426.13,2451.48997,2379.36,2384.48,3481.63,2374.92,2373.47,2553.068567
Mississippi,28,Marion,91,28091,,,,,,0,0,0,0,0,0,1256.55,179.5071429
Mississippi,28,Marshall,93,28093,,,,,,8093.39282,8025.8133,8052.7,12734.4,13017.15,14348.48,12722.39,10999.18945
Mississippi,28,Monroe,95,28095,,,,,,22051.94,22078.69096,50424.01,52639.25,53876.3849,54495.24,42999.79,42652.18655
Mississippi,28,Montgomery,97,28097,,,,,,466.06,670.65,8903.27,4063.94,3015.122,4731.27,2808.9,3522.744571
Mississippi,28,Neshoba,99,28099,,,,,,0,0,0,0,0,0,0,0
Mississippi,28,Newton,101,28101,,,,,,522.7,558.67,631.27,876.09,458.72,869.79,885.74,686.14
Mississippi,28,Noxubee,103,28103,,,,,,4989.08,5612.96,43040.73,48625.3,48499.62,51382.95,50579.51,36104.30714
Mississippi,28,Oktibbeha,105,28105,,,,,,1150.53,1165.73,1413.81,1669.69,2579.9,2730.05,2232.79,1848.928571
Mississippi,28,Panola,107,28107,,,,,,16620.95,16629.4,15084.48,10066.68,9849.71,13146.9732,30174.65,15938.9776
Mississippi,28,Pearl River,109,28109,,,,,,0,0,0,0,0,0,0,0
Mississippi,28,Perry,111,28111,,,,,,0,0,0,0,0,84.92,105.42,27.19142857
Mississippi,28,Pike,113,28113,,,,,,0,0,0,0,0,0,0,0
Mississippi,28,Pontotoc,115,28115,,,,,,11777.41,11925.32,13689.272,14094.957,14003.132,15169.18,13409.17,13438.34871
Mississippi,28,Prentiss,117,28117,,,,,,10720.605,11836.55,12468.09,15766.95,12648.06,20388.08,21041.9009,14981.46227
Mississippi,28,Quitman,119,28119,,,,,,34629.01,34854.72,33733.66,40118.93,37479.84,40350.55,56109.61,39610.90286
Mississippi,28,Rankin,121,28121,,,,,,2132.21,2039.16,2447.46,2414.66,2236.26,2727.63,2718.49,2387.981429
Mississippi,28,Scott,123,28123,,,,,,1275.02,1275.02,1277.7,1279.31,1276.71,1224.47,1212.9,1260.161429
Mississippi,28,Sharkey,125,28125,,,,,,29060.32,29573.29,36392.56,38045.86,39049.26,40034.43,43114.69,36467.20143
Mississippi,28,Simpson,127,28127,,,,,,0,0,0,0,0,0,0,0
Mississippi,28,Smith,129,28129,,,,,,0,0,0,0,0,0,0,0
Mississippi,28,Stone,131,28131,,,,,,0,0,0,0,0,0,0,0
Mississippi,28,Sunflower,133,28133,,,,,,44604.24,44809.44,64283.62,76702.63,81651.84,89576.97,88641.33,70038.58143
Mississippi,28,Tallahatchie,135,28135,,,,,,8907.65,8979.99,18024.49,58277.5,58281.4,58241.93,61089.63,38828.94143
Mississippi,28,Tate,137,28137,,,,,,14493.17,14635.73,15711.95,18637.25,18715.02,19525.02,19611.43,17332.79571
Mississippi,28,Tippah,139,28139,,,,,,5016.96,5034.66,5674.56,5857.3,6019.08,6144.96,9712.2,6208.531429
Mississippi,28,Tishomingo,141,28141,,,,,,2093.73,2150.32,2166.91,2141.47,2343.5,2336.35,3942.3,2453.511429
Mississippi,28,Tunica,143,28143,,,,,,62141.1,61772.79,61487.03,64945.61,69863.82,72900.22,74673.14,66826.24429
Mississippi,28,Union,145,28145,,,,,,10300.74,10345.61,17847.105,23832.04,23917.36,21284.42,22332.11,18551.34071
Mississippi,28,Walthall,147,28147,,,,,,0,193.4,258.8,283.1,246.17,242.77,257.24,211.64
Mississippi,28,Warren,149,28149,,,,,,8987.22,8409.68,9784.58,10421.9,9590.82,9568.24,10921.13,9669.081429
Mississippi,28,Washington,151,28151,,,,,,73852.22,74197.91,95944.6,95851.93,96765.92,96916.37,100207.04,90533.71286
Mississippi,28,Wayne,153,28153,,,,,,0,0,0,0,0,0,0,0
Mississippi,28,Webster,155,28155,,,,,,430.91,549.33,1177.28,1905.99,2333.648,9369.3,2926.11,2670.366857
Mississippi,28,Wilkinson,157,28157,,,,,,0,318.31,0,213.64,309.54,415.71,415.71,238.9871429
Mississippi,28,Winston,159,28159,,,,,,217.1,198.6,217.1,217.1,196,1033,1012.94,441.6914286
Mississippi,28,Yalobusha,161,28161,,,,,,209.44,158.03,453.41,774.66,1132.27,5185.39,3992.58,1700.825714
Mississippi,28,Yazoo,163,28163,,,,,,6589.24,6248.46,12514.375,21060.19,25364.18,25077.56,27482.87,17762.41071
Missouri,29,Adair,1,29001,,,,,,24679.04,24574.82,26427.19,32566.56,33981.57,32592.6807,34085.7,29843.93724
Missouri,29,Andrew,3,29003,,,,,,84890.01,85040.94,84365.25,94131.055,93688.39,94222.01,95260.93,90228.36929
Missouri,29,Atchison,5,29005,,,,,,98094.86,97409.9,151271.55,182996.6,189361.72,189547.248,193762.95,157492.1183
Missouri,29,Audrain,7,29007,,,,,,105148.14,104396.48,114013.74,154163.45,217061.7666,201667.39,221496.09,159706.7224
Missouri,29,Barry,9,29009,,,,,,546.58,578.87,529.57,461.68,535.77,623.31,550.01,546.5414286
Missouri,29,Barton,11,29011,,,,,,57200.78,57259.44,60961.62,140437.5204,154954.45,155414.1,132204.13,108347.4343
Missouri,29,Bates,13,29013,,,,,,83154.37,83231.76,103458.6,162802.64,186888.87,190891.78,189241.23,142809.8929
Missouri,29,Benton,15,29015,,,,,,19452.67,18962.72,20450.74,22527.66,23631.63,24217.9402,26082.3,22189.38003
Missouri,29,Bollinger,17,29017,,,,,,16264.4,16248.85,16862.11,16396.94392,21623.17262,33395.96,38434.49,22746.56093
Missouri,29,Boone,19,29019,,,,,,19098.12,18923.01,23043.72,27862.76,28491.89,30850.95,34702.78,26139.03286
Missouri,29,Buchanan,21,29021,,,,,,48753.91,45714.91,61614.89,61313.18,63650.04,64407.2,68064.46,59074.08429
Missouri,29,Butler,23,29023,,,,,,73409.64,73301.36,73209.78,76098.84,79916.3,85113.38,84731.41,77968.67286
Missouri,29,Caldwell,25,29025,,,,,,31887.32,31811.79,40516.76,42068.66,73610.90102,70146.15,60093.45,50019.29015
Missouri,29,Callaway,27,29027,,,,,,29989.28,29977.6,41460.68,78508.67,81352.98,78837.505,80364.59,60070.18643
Missouri,29,Camden,29,29029,,,,,,0,0,0,0,0,0,0,0
Missouri,29,Cape Girardeau,31,29031,,,,,,32891.43,33366.47,36728.27,36088.57365,53563.83609,78540.76,84370.93,50792.89568
Missouri,29,Carroll,33,29033,,,,,,61563.02,61663.94,150840.99,178992.1436,192125.53,190268.1,182944,145485.3891
Missouri,29,Carter,35,29035,,,,,,0,0,0,0,0,0,0,0
Missouri,29,Cass,37,29037,,,,,,38470.63,39780.1918,66341.6,59925.74,63408.32,61418.01,62825.51,56024.28597
Missouri,29,Cedar,39,29039,,,,,,3406.41,3395.61,3333.19,3368.26,10460.34,10165.34,9049.38,6168.361429
Missouri,29,Chariton,41,29041,,,,,,118658.45,118737.67,130093.95,135493.05,137595.46,136863.27,139476.51,130988.3371
Missouri,29,Christian,43,29043,,,,,,0,0,0,0,0,1093,1339.35,347.4785714
Missouri,29,Clark,45,29045,,,,,,40099.96,40909.03,44132.67,54606.7,58822.78,60816.79,69535.33,52703.32286
Missouri,29,Clay,47,29047,,,,,,20698.41,19641.95848,23665.48,24030.42,23278.608,22906.93453,22340.27,22366.01157
Missouri,29,Clinton,49,29049,,,,,,60153.76,60067.13,62304.72,65124.3,57012.56356,57279.06,59062.75,60143.46908
Missouri,29,Cole,51,29051,,,,,,5705.04,5907.24,6305.4,7339.1322,6489.51,6392.07631,6128.22,6323.802644
Missouri,29,Cooper,53,29053,,,,,,34639.19,34659.34,48105.7,49365.51,60859.79,64897.8,57473.98,50000.18714
Missouri,29,Crawford,55,29055,,,,,,0,0,0,0,0,0,0,0
Missouri,29,Dade,57,29057,,,,,,17776.75,17523.75,16632.17,17400.1,48742.39,43581.44,40826.11,28926.10143
Missouri,29,Dallas,59,29059,,,,,,0,0,0,0,0,0,0,0
Missouri,29,Daviess,61,29061,,,,,,62504.2,62763.151,66293.95,71201.76644,76490.31,79414.93,81077.35,71392.23678
Missouri,29,DeKalb,63,29063,,,,,,62850.77,62561.68,67572.54,68496.43,67761.02755,69575.09,66851.27,66524.11536
Missouri,29,Dent,65,29065,,,,,,0,0,0,0,0,0,0,0
Missouri,29,Douglas,67,29067,,,,,,0,0,0,0,0,0,0,0
Missouri,29,Dunklin,69,29069,,,,,,55609.09,55758.08,59552.13,68448.05,75013.8,80543.88,87474.78,68914.25857
Missouri,29,Franklin,71,29071,,,,,,26478.22,26594.61,26224.12,28826.86,27927.11,30506.16,28107.93,27809.28714
Missouri,29,Gasconade,73,29073,,,,,,4758.84,4994.54,9043.43,9610,10311.58581,13120.07,14053.92785,9413.199094
Missouri,29,Gentry,75,29075,,,,,,69351.53,68978.67,68783.58,73957.33,72864.23,73263.27,74955.29,71736.27143
Missouri,29,Greene,77,29077,,,,,,65.22,163.83,163.83,143.65,166.73,3765.81,3824.55,1184.802857
Missouri,29,Grundy,79,29079,,,,,,38013.17,37961.67,37388.72,47485.6149,48824.93,48765.24,51655.03,44299.19641
Missouri,29,Harrison,81,29081,,,,,,65027.32,65063.4,74522.71,78903.9174,76080.9774,83399.67,87003.86,75714.55069
Missouri,29,Henry,83,29083,,,,,,36711.85,36774.62,35426.06,35174.53,34371.34,34355.88,34693.01,35358.18429
Missouri,29,Hickory,85,29085,,,,,,998.93,998.93,1178.21,1201.01,1160.51,1111.47,1615.63,1180.67
Missouri,29,Holt,87,29087,,,,,,72667.61,72702.97,115915.12,173515.69,174877.36,174938.75,179198.84,137688.0486
Missouri,29,Howard,89,29089,,,,,,39833.15,40038.67,51800.7,58447.74,63131.44,62048.79,65826.84,54446.76143
Missouri,29,Howell,91,29091,,,,,,0,0,0,0,0,0,0,0
Missouri,29,Iron,93,29093,,,,,,0,0,0,0,0,0,0,0
Missouri,29,Jackson,95,29095,,,,,,16713.69,16737.09864,39590.18,37412.46,39565.25,38623.11,38685.26,32475.29266
Missouri,29,Jasper,97,29097,,,,,,29886.58,29606.89,34143.62,49801.36,54065.33,56032.41,59932.97,44781.30857
Missouri,29,Jefferson,99,29099,,,,,,5733.01,5825.56,6210.7,6042.67,6779.69,7437.75,7113.59,6448.995714
Missouri,29,Johnson,101,29101,,,,,,40615.05,39881.74,44219.6,46487.49,48085.04,48159.33,50384.33,45404.65429
Missouri,29,Knox,103,29103,,,,,,49276.04,49684.28,47602.82,58197.06,62979.26,65372.42,73793.6,58129.35429
Missouri,29,Laclede,105,29105,,,,,,66.06,66.06,66.06,0,66.06,66.06,271.56,85.98
Missouri,29,Lafayette,107,29107,,,,,,68665.26,68560.49,107629.36,112256.713,114763.04,111954.88,139390.02,103317.109
Missouri,29,Lawrence,109,29109,,,,,,4283.78,4729.82,4305.59,4774.39,8216.68,9966.35,10371.35,6663.994286
Missouri,29,Lewis,111,29111,,,,,,43513.59,43150.36,48380.89,55262.87,65178.51,71813.3,76844.72,57734.89143
Missouri,29,Lincoln,113,29113,,,,,,30394.03,30603.72603,42576.26,48842.98283,47739.46984,47575.31778,44724.09,41779.41092
Missouri,29,Linn,115,29115,,,,,,50260.41,49848.59,58328.81,60833.07,62954,59730.41,61053.42,57572.67286
Missouri,29,Livingston,117,29117,,,,,,69129.3,69160.29,84662.85,103314.88,108072.66,96362.63,102305.01,90429.66
Missouri,29,McDonald,119,29119,,,,,,0,0,0,0,0,0,0,0
Missouri,29,Macon,121,29121,,,,,,70969.7,70498.3,81822.78,86871.3,90232.23,91400.91,95943.14,83962.62286
Missouri,29,Madison,123,29123,,,,,,145.18,145.18,145.18,145.18,145.18,145.18,237.2,158.3257143
Missouri,29,Maries,125,29125,,,,,,543.55,526.87,867.94,687.08,1137.78,1551.12,1901.45,1030.827143
Missouri,29,Marion,127,29127,,,,,,34099.97,34162.28,45675.56,53055.03,75969.65,88631.66,97883.62,61353.96714
Missouri,29,Mercer,129,29129,,,,,,14173.37,14285.76,25477.13,26216.19,25538.45,24115.17506,29622.68,22775.53644
Missouri,29,Miller,131,29131,,,,,,1929.75,2150.15,2089.85,2144.65,2212.95,2087.49035,1986.85,2085.955764
Missouri,29,Mississippi,133,29133,,,,,,112191.85,112186.25,124648.87,132461.7764,199495.4486,232642.91,249241.1,166124.0293
Missouri,29,Moniteau,135,29135,,,,,,3337.36,3335.46,13475.61705,17529.84705,21153,19350.51,17127.61,13615.62916
Missouri,29,Monroe,137,29137,,,,,,51457.12,51551.5,61674.07,71795.55,75090.64,80791.98,95778.66,69734.21714
Missouri,29,Montgomery,139,29139,,,,,,45563.83,45478.91,50820.9,108873.7778,115410.85,114416.1103,117147.56,85387.41973
Missouri,29,Morgan,141,29141,,,,,,4371.36,4545.42,6042.29,6520.34,8521.64,9875.05,10384.04,7180.02
Missouri,29,New Madrid,143,29143,,,,,,104068.01,104352.43,108467.27,118898.93,205606.69,223031.62,232037.2,156637.45
Missouri,29,Newton,145,29145,,,,,,1897.72,2328.42,2219.92,3492.06,3543.53,3670.75,3591.88,2963.468571
Missouri,29,Nodaway,147,29147,,,,,,169297.96,168239.52,172742.66,195529.88,197433.06,200755.94,204004.83,186857.6929
Missouri,29,Oregon,149,29149,,,,,,0,0,0,0,0,0,0,0
Missouri,29,Osage,151,29151,,,,,,8029.82,7767.91,9777.25,9553.89,10662.3205,12626.07,13555.28,10281.7915
Missouri,29,Ozark,153,29153,,,,,,0,0,0,0,0,0,0,0
Missouri,29,Pemiscot,155,29155,,,,,,101391.67,100007.92,106073.91,112711.0193,147879.75,154815.2255,166103.46,126997.565
Missouri,29,Perry,157,29157,,,,,,15891.21,16148.47,28031.42,36662.95,48567.11,58380.24,60609.76,37755.88
Missouri,29,Pettis,159,29159,,,,,,58341.11,58223.47,60080.12,59402.56,64271.75,67439.5108,69671.89,62490.05869
Missouri,29,Phelps,161,29161,,,,,,0,0,0,0,0,0,72.96,10.42285714
Missouri,29,Pike,163,29163,,,,,,39018.4,39765.22,69521.56,84055.37007,88251.13,83005.45,89711.08,70475.45858
Missouri,29,Platte,165,29165,,,,,,36103.46,32411.16,51257.32,51009.49,51146.37,51149.78,51158.28,46319.40857
Missouri,29,Polk,167,29167,,,,,,2617.28,2614.58,2586.91,2749.11,2745.35,3038.43,2987.13,2762.684286
Missouri,29,Pulaski,169,29169,,,,,,0,0,61.98,0,0,0,0,8.854285714
Missouri,29,Putnam,171,29171,,,,,,15683.32,16080.99,22075.54,23274.4,21247.09,24946.39,24380.8,21098.36143
Missouri,29,Ralls,173,29173,,,,,,48927.25,48858.21,63646.21,85077.99,88969.39,88991.67,88549.57,73288.61286
Missouri,29,Randolph,175,29175,,,,,,28032.79,27963.67,30229.16,31015.27,35302.02,37636.51,37902.85,32583.18143
Missouri,29,Ray,177,29177,,,,,,55492.52,55437.71,79615.39,86224,99134.5,92720.93,89761.43,79769.49714
Missouri,29,Reynolds,179,29179,,,,,,0,0,0,0,0,0,0,0
Missouri,29,Ripley,181,29181,,,,,,9452.63,9286.8,9391.55,9617.34,9902.13,9938.3,10228.63,9688.197143
Missouri,29,St. Charles,183,29183,,,,,,30319.75,30163.42,32074.94,33249.9,32823.5,30763.75,33668.21,31866.21
Missouri,29,St. Clair,185,29185,,,,,,11531.43,11397.95,11075.72,13342.63,14299.24,17833.14,21952.99,14490.44286
Missouri,29,Ste. Genevieve,193,29193,,,,,,9692.99,9656.6,20474.56,22435.65,26153.34,25891.73,28064.15,20338.43143
Missouri,29,St. Francois,187,29187,,,,,,542.66,568.09,691.19,691.89,584.27,417.79,760.09,607.9971429
Missouri,29,St. Louis,189,29189,,,,,,4308.51,4226.71,4863.01,4844.57,4599.03,4733.88,4724.92,4614.375714
Missouri,29,Saline,195,29195,,,,,,138225.61,139537.13,181889.99,187148.98,187751.09,196931.61,202279.86,176252.0386
Missouri,29,Schuyler,197,29197,,,,,,13299.46,12947.2,16917.88,17514.86,17123.92,17665.72,18985.77,16350.68714
Missouri,29,Scotland,199,29199,,,,,,40365.87,40742.31,47052.33,58194.95,57730.02,58891.64,66627.08,52800.6
Missouri,29,Scott,201,29201,,,,,,73810.71,74215.66,80366.07,83009.51,156190.42,192139.46,189073.14,121257.8529
Missouri,29,Shannon,203,29203,,,,,,0,0,0,0,0,0,0,0
Missouri,29,Shelby,205,29205,,,,,,60968.2,59928.09,65870.09,74675.9,76133.16,82189.76,86754.07,72359.89571
Missouri,29,Stoddard,207,29207,,,,,,120154.98,119839.09,128387.61,155126.0639,248195.72,282628.85,270308.43,189234.392
Missouri,29,Stone,209,29209,,,,,,0,0,0,0,0,38.55,38.55,11.01428571
Missouri,29,Sullivan,211,29211,,,,,,18646.69,18153.45,19207.14,20819.21,19299.39,20831.37,22398.51,19907.96571
Missouri,29,Taney,213,29213,,,,,,0,0,0,0,0,0,0,0
Missouri,29,Texas,215,29215,,,,,,243.28,243.28,243.28,260.88,260.88,260.88,174.51,240.9985714
Missouri,29,Vernon,217,29217,,,,,,45186.72,46185.21,48173.31,68603.57,78560.34,89447.18,107299.75,69065.15429
Missouri,29,Warren,219,29219,,,,,,17677.03,17592.52,22904.74,29680.21248,32269.05139,32991.01692,33808.39,26703.28011
Missouri,29,Washington,221,29221,,,,,,0,0,0,0,0,0,0,0
Missouri,29,Wayne,223,29223,,,,,,3976.57,3959.38,3490.66,3741.16,3788.48,4420.66,4699.34,4010.892857
Missouri,29,Webster,225,29225,,,,,,122.36,122.36,84.96,88.91,67.67,77.67,77.67,91.65714286
Missouri,29,Worth,227,29227,,,,,,28728.43,28635.05,29374.71,32324.44,33765.84,33742.38273,34460.88,31575.96182
Missouri,29,Wright,229,29229,,,,,,0,0,0,0,0,0,0,0
Missouri,29,St. Louis,510,29510,,,,,,0,0,0,0,0,0,0,0
Montana,30,Beaverhead,1,30001,,,,,,0,0,0,0,0,0,0,0
Montana,30,Big Horn,3,30003,,,,,,8866.24,8895.84,9186.9,41292.76,43353.15,33795.93,17980.53,23338.76429
Montana,30,Blaine,5,30005,,,,,,2127.1,2323.85,9338.51,127135.62,137644.19,142750.88,133275.42,79227.93857
Montana,30,Broadwater,7,30007,,,,,,0,0,0,0,0,1965.02,3741.52,815.22
Montana,30,Carbon,9,30009,,,,,,967.01,1911.29,2380.67,2550.06,2379.8,2565.64,1938.61,2099.011429
Montana,30,Carter,11,30011,,,,,,28956.76,28826.76,30621.7,30510.09,30744.2,33746.25,35899.28,31329.29143
Montana,30,Cascade,13,30013,,,,,,409.5,930.31,3360.96,156861.19,177366.56,137244.65,73229.89,78486.15143
Montana,30,Chouteau,15,30015,,,,,,0,0,61700.57,681500.45,612881.47,482156.33,169470.91,286815.6757
Montana,30,Custer,17,30017,,,,,,893.87,868.67,0,11471.15,13865.17,12132.45,8168.66,6771.424286
Montana,30,Daniels,19,30019,,,,,,10999.12,10948.59,43656.73,211537.07,229105.52,183176.98,158361.06,121112.1529
Montana,30,Dawson,21,30021,,,,,,4393.31,3381.61,45807.21,179703.08,180307.63,150131.43,126300.81,98575.01143
Montana,30,Deer Lodge,23,30023,,,,,,0,0,0,0,0,0,0,0
Montana,30,Fallon,25,30025,,,,,,27690.82,28220.92,28042.32,41166.41,42417.61,33225.36,44893.35,35093.82714
Montana,30,Fergus,27,30027,,,,,,0,0,9339.44,49023.19,78638.41,25430.23,3100.31,23647.36857
Montana,30,Flathead,29,30029,,,,,,0,330.02,0,0,0,0,371.9,100.2742857
Montana,30,Gallatin,31,30031,,,,,,1815.87,1828.08,1533.93,11126.75,6656.77,13274.3,12153.91,6912.801429
Montana,30,Garfield,33,30033,,,,,,39790.48,39332.03,10241.14,69850.34,76066,62389.45,70233.95,52557.62714
Montana,30,Glacier,35,30035,,,,,,4343.46,5470.89,5328.6,108893.26,126410.25,57274.3,49427.91,51021.23857
Montana,30,Golden Valley,37,30037,,,,,,4692.59,4546.29,2857.61,32515.9,39316.42,26342.86,8314.39,16940.86571
Montana,30,Granite,39,30039,,,,,,0,0,0,0,0,0,0,0
Montana,30,Hill,41,30041,,,,,,21454.93,21453.765,43181.59,249631.44,207031.62,203139.62,183128.3,132717.3236
Montana,30,Jefferson,43,30043,,,,,,0,0,0,0,0,0,0,0
Montana,30,Judith Basin,45,30045,,,,,,0,331.1,1028.2,27803.84,24939.92,27808.23,11227.59,13305.55429
Montana,30,Lake,47,30047,,,,,,1086.02,980.52,768.82,776.08,1105.18,520.06,0,748.0971429
Montana,30,Lewis and Clark,49,30049,,,,,,0,0,0,0,0,5594.15,5375.65,1567.114286
Montana,30,Liberty,51,30051,,,,,,734.96,908.36,10888.67,241452.03,231701.6115,223521.79,184709.49,127702.4159
Montana,30,Lincoln,53,30053,,,,,,0,0,0,0,0,0,0,0
Montana,30,McCone,55,30055,,,,,,6121.69,5679.79,23511.45,197139.4613,211792.0813,156743.12,138247.3,105604.9846
Montana,30,Madison,57,30057,,,,,,0,0,0,2117.89,2098.53,2129.25,2098.53,1206.314286
Montana,30,Meagher,59,30059,,,,,,0,0,0,6369.43,7212.81,0,0,1940.32
Montana,30,Mineral,61,30061,,,,,,0,0,0,0,0,0,0,0
Montana,30,Missoula,63,30063,,,,,,1032.8,1032.8,1169.28,849.2,2213.95,2036.21,1522.66,1408.128571
Montana,30,Musselshell,65,30065,,,,,,6315.66,5996.15,9056.34,26045.57,30709.13,25908,29985.28,19145.16143
Montana,30,Park,67,30067,,,,,,0,0,0,5146.31,6721.23,6728.17,7298.84,3699.221429
Montana,30,Petroleum,69,30069,,,,,,7971.22,0,0,9914.79,14333.51,8291.77,7876.94,6912.604286
Montana,30,Phillips,71,30071,,,,,,37530.88,37170.54,54814.42,109493.34,144374.23,181575.07,168959.25,104845.39
Montana,30,Pondera,73,30073,,,,,,0,926.2,1044.4,47070.43,79244.96,92744.75,106393.41,46774.87857
Montana,30,Powder River,75,30075,,,,,,0,0,0,0,0,0,0,0
Montana,30,Powell,77,30077,,,,,,0,0,0,0,0,0,0,0
Montana,30,Prairie,79,30079,,,,,,1799.73,1799.73,3140.48,20768.91,29901.27,29375.76,31450.19,16890.86714
Montana,30,Ravalli,81,30081,,,,,,0,0,0,3151.27,3057.93,2920.67,0,1304.267143
Montana,30,Richland,83,30083,,,,,,21370.89,21705.035,45558.35,119642.87,141959.0635,126947.35,121468.68,85521.74836
Montana,30,Roosevelt,85,30085,,,,,,3352.99,3722.19,50576.1,232215.965,247578.12,247551.05,219935.22,143561.6621
Montana,30,Rosebud,87,30087,,,,,,13407.76,13366.02,20105.03,27898.59,39255.99,33498.91,29889.32,25345.94571
Montana,30,Sanders,89,30089,,,,,,0,0,0,0,0,0,0,0
Montana,30,Sheridan,91,30091,,,,,,16403.62,16403.62,46017.17,137970.89,191191.45,177313.86,124006.29,101329.5571
Montana,30,Silver Bow,93,30093,,,,,,0,0,0,0,0,0,0,0
Montana,30,Stillwater,95,30095,,,,,,0,0,0,10747.02,15060.86,10545.61,8060.18,6344.81
Montana,30,Sweet Grass,97,30097,,,,,,0,0,20.7,0,0,1403.2,510.85,276.3928571
Montana,30,Teton,99,30099,,,,,,157.5,255.7,0,64350.1,112451.25,247991.85,226053.66,93037.15143
Montana,30,Toole,101,30101,,,,,,6614.7,6614.7,6696.8,77010.76,74755.2,52635.6,38342.96,37524.38857
Montana,30,Treasure,103,30103,,,,,,3371.73,3371.73,3175.23,5745.33,8833.35,12475.83,9128.31,6585.93
Montana,30,Valley,105,30105,,,,,,15434.92,16855.3,47354.76,436011.3923,432171.99,398253.48,261090.62,229596.066
Montana,30,Wheatland,107,30107,,,,,,0,0,3954.51,51154.37,54967.62,30691.77,19858.14,22946.63
Montana,30,Wibaux,109,30109,,,,,,3427.28,3932.5894,33856.05,50680.23,49309.08,51188.25,56939.72,35619.02849
Montana,30,Yellowstone,111,30111,,,,,,191.55,191.55,603.19,35415.94,38173.59,38989.18,31420.91,20712.27286
Nebraska,31,Adams,1,31001,,,,,,26202.7,26202.66,56387.65,76482.7,98538.72,136580.22,227205.25,92514.27143
Nebraska,31,Antelope,3,31003,,,,,,22422.26,22399.93,86868.54,103422.35,123242.43,204096.12,244680.3,115304.5614
Nebraska,31,Arthur,5,31005,,,,,,0,0,2913.2,2913.2,3615.9,4251.6,4281.46,2567.908571
Nebraska,31,Banner,7,31007,,,,,,0,0,5779.82,8655.59,26442.6,17606.79,30084.17,12652.71
Nebraska,31,Blaine,9,31009,,,,,,2251.47,2815.47,2854.87,3002.68,2578.3,3599.4,2950.34,2864.647143
Nebraska,31,Boone,11,31011,,,,,,28309.76,28417.91,77235.71,82192.48,86665.16,133892.52,176746.13,87637.09571
Nebraska,31,Box Butte,13,31013,,,,,,5108.6,5112.98,29892.28,35303.5,68411.6265,56245.19,94099.69,42024.83807
Nebraska,31,Boyd,15,31015,,,,,,27235.45,27297.59,47798.42,54223.27,52066.53,52282.45,55420.84,45189.22143
Nebraska,31,Brown,17,31017,,,,,,4619.27,6282.83,8284.1,16173.62,15451.59,40635.67,51477.12,20417.74286
Nebraska,31,Buffalo,19,31019,,,,,,25801.26,26193.14,151725.77,186294.31,200702.6,223001.43,254036.58,152536.4414
Nebraska,31,Burt,21,31021,,,,,,83528.62,83445.99,141244.89,164404.25,172124.05,183987.3,196361.5,146442.3714
Nebraska,31,Butler,23,31023,,,,,,29534.2,30112.2,74648.58,89243.37,95387.16,139403.53,182708.96,91576.85714
Nebraska,31,Cass,25,31025,,,,,,71602.67,71717.74,88149.87,121081.49,127295.65,152617.78,189441.5,117415.2429
Nebraska,31,Cedar,27,31027,,,,,,61556.33,61578.43,150799.29,176528.52,204002.3309,223449.13,236727.71,159234.5344
Nebraska,31,Chase,29,31029,,,,,,46138.43,46187.62,114071.37,129947.6,148250.89,162586.91,174251.49,117347.7586
Nebraska,31,Cherry,31,31031,,,,,,866.91,866.91,6627.61,6959.09,7417.04,10931.66,13364.7,6719.131429
Nebraska,31,Cheyenne,33,31033,,,,,,3232.93,3232.93,4318.26,21632.74,35408.47,15478.06,33817.24,16731.51857
Nebraska,31,Clay,35,31035,,,,,,23955.55,24035.56,47834.53,87415.29,101721.14,140497.05,220256.65,92245.11
Nebraska,31,Colfax,37,31037,,,,,,54306.41,54365.63,120867.61,132317.2,144939.79,160106.44,168739.01,119377.4414
Nebraska,31,Cuming,39,31039,,,,,,58414.8,58383.58,168927.46,192809.74,199020.55,218824.1,242593.77,162710.5714
Nebraska,31,Custer,41,31041,,,,,,49262.22,49837.76,88597.73,122768.95,131815.72,183011.53,226178.39,121638.9
Nebraska,31,Dakota,43,31043,,,,,,29813.02,29195.54,76673.79,81991.11,83908.43,93407.39,98823.87,70544.73571
Nebraska,31,Dawes,45,31045,,,,,,1790.56,1790.56,80.96,3243.25,3717.55,925.24,8176.03,2817.735714
Nebraska,31,Dawson,47,31047,,,,,,753.49,1261.22,6630.8,12144.22,13132.59,36615.51,75306.04,20834.83857
Nebraska,31,Deuel,49,31049,,,,,,1898.68,1919.78,15066.99,37537.61,55987.23,45599.49,51633.01,29948.97
Nebraska,31,Dixon,51,31051,,,,,,44826.19,44645.29,131966.22,144882.32,147730.59,169063.83,174318.61,122490.4357
Nebraska,31,Dodge,53,31053,,,,,,73642.17,74928.57,134596.88,146928.21,153047.31,173832.88,192588.56,135652.0829
Nebraska,31,Douglas,55,31055,,,,,,10935.67,11281.98,27837.2,27723.95,28686.69,28713.86,34800.49,24282.83429
Nebraska,31,Dundy,57,31057,,,,,,11189.31,10607,69450.88,85949.94,98739.76,95336.81,119461.5,70105.02857
Nebraska,31,Fillmore,59,31059,,,,,,9927.19,9990.85,35710.03,60070.28,92893.4,132285.35,252097.34,84710.63429
Nebraska,31,Franklin,61,31061,,,,,,15815.79,15841.99,56066.64,65784.11,69443.2,94705.93,112082.23,61391.41286
Nebraska,31,Frontier,63,31063,,,,,,12869.79,12802.36,86125.15,123880.95,128781.76,122259.64,151803.33,91217.56857
Nebraska,31,Furnas,65,31065,,,,,,18384.83,18397.41,133811.16,171403.0676,185811.64,180797.73,184784.45,127627.1839
Nebraska,31,Gage,67,31067,,,,,,89874.84,90248.86,181443.27,213501.96,227879.66,240658.22,276847.61,188636.3457
Nebraska,31,Garden,69,31069,,,,,,1641.07,1713.77,18290.87,39412.1,43503.43,26502.8,34810.71,23696.39286
Nebraska,31,Garfield,71,31071,,,,,,4720.94,4681.62,6229.38,8334.32,9691.55,13338.1,12892.61,8555.502857
Nebraska,31,Gosper,73,31073,,,,,,2706.93,3258.83,21877.13,33292.42,35607.81,41762.89,60584.11,28441.44571
Nebraska,31,Grant,75,31075,,,,,,0,0,0,0,0,0,0,0
Nebraska,31,Greeley,77,31077,,,,,,11884.61,11889.7,32190.52,41784.5,43704.51,62922.42,77271.79,40235.43571
Nebraska,31,Hall,79,31079,,,,,,9707.66,9494.3,34031.6,52511.88,64847.07,115452.72,167132.2,64739.63286
Nebraska,31,Hamilton,81,31081,,,,,,24173.39,24676.59,60259.09,95820.06,128914.33,171540.4,215411.91,102970.8243
Nebraska,31,Harlan,83,31083,,,,,,8959.54,8961.57,94825.12,128993.7996,136549.52,137843.19,148653.16,94969.41423
Nebraska,31,Hayes,85,31085,,,,,,978.23,1012.24,43364.66,90447.98,96556.07,99500.02,107749.03,62801.17571
Nebraska,31,Hitchcock,87,31087,,,,,,15452.96,15802.56,75538.72,117052.59,121867.37,123204.21,135374.58,86327.57
Nebraska,31,Holt,89,31089,,,,,,30214.48,31184.88,79356.15,89894.49,81547.51,143023.23,178806.08,90575.26
Nebraska,31,Hooker,91,31091,,,,,,0,0,0,0,0,0,0,0
Nebraska,31,Howard,93,31093,,,,,,13913.83,14242.77,46574.76,53816.39,60519.37,78645.77,109038.93,53821.68857
Nebraska,31,Jefferson,95,31095,,,,,,24814.75,24843.92,93446.97,112038.18,131070.04,153288.47,173364.06,101838.0557
Nebraska,31,Johnson,97,31097,,,,,,43531.37,43195.37,68852.78,91075.78,96152.43,101052.68,105560.73,78488.73429
Nebraska,31,Kearney,99,31099,,,,,,27018.61,27013.1,45616.42,57119.6,95737.72,128805.86,195808.14,82445.63571
Nebraska,31,Keith,101,31101,,,,,,4784.58,4908.34,16963.24,41246.23,64189.66,79940.7,118331.42,47194.88143
Nebraska,31,Keya Paha,103,31103,,,,,,2856.58,3347.49,5220.52,6052.96,13651.15,15957.3,19089.36,9453.622857
Nebraska,31,Kimball,105,31105,,,,,,110.24,196.24,2134.2,4911.86,11529.52,13241,37873.02,9999.44
Nebraska,31,Knox,107,31107,,,,,,32033.66,32103.27,139001.37,163869.01,166257.87,197672.33,212581.6103,134788.4458
Nebraska,31,Lancaster,109,31109,,,,,,79252.85,81327.98393,138101.57,160620,170069.9,188264.04,217067.84,147814.8834
Nebraska,31,Lincoln,111,31111,,,,,,8582.21,8696.69,50801.1,109001.41,116318.02,137021.26,184327.0553,87821.10647
Nebraska,31,Logan,113,31113,,,,,,0,0,12261.01,16147.13,15769.28,20661,23752.3,12655.81714
Nebraska,31,Loup,115,31115,,,,,,3110.17,3110.17,3526.87,5035.15,6842.91,7193.32,8289.22,5301.115714
Nebraska,31,McPherson,117,31117,,,,,,0,0,1839.08,3230.89,4589,5793.69,5520.16,2996.117143
Nebraska,31,Madison,119,31119,,,,,,25243.57,25411.96,131430.27,147037.23,153065.51,166374.5,201048.25,121373.0414
Nebraska,31,Merrick,121,31121,,,,,,14094.28,14157.68,37732.65,62876.28,68633.87,83593.37,131902.18,58998.61571
Nebraska,31,Morrill,123,31123,,,,,,9085.08,9044.65,18247.25,21274.94,24900.45,28519.92,37947.39,21288.52571
Nebraska,31,Nance,125,31125,,,,,,18086.53,17752.24,50904.74,61887,67339.76,79293.3,92539.63,55400.45714
Nebraska,31,Nemaha,127,31127,,,,,,37261.94,36365.94,66982.26,83485.84,91559.61,109010.48,135223.19,79984.18
Nebraska,31,Nuckolls,129,31129,,,,,,14943.55,15101.35,112660.73,142500.41,156909.99,174829.8,190845.29,115398.7314
Nebraska,31,Otoe,131,31131,,,,,,83461.09,83960.43,133797.99,143126.4424,154615.38,174078.12,225074.24,142587.6703
Nebraska,31,Pawnee,133,31133,,,,,,37605.15,37421.21,61193.73,101184.24,107084.9,108681.6,94996.59,78309.63143
Nebraska,31,Perkins,135,31135,,,,,,7278.99,7280.39,55768.98,103959.54,125797.32,115261.62,193623.3286,86995.73837
Nebraska,31,Phelps,137,31137,,,,,,11489.5,11493.2,25799.93,64782.69,67503.42,108963.9,143428.27,61922.98714
Nebraska,31,Pierce,139,31139,,,,,,29637.68,29693.1,85878.3,104142.33,123057.1,158434.1501,188300.18,102734.6914
Nebraska,31,Platte,141,31141,,,,,,65802.3,65277.48,180285.34,217011.6,228007.24,241013.1,270174.28,181081.62
Nebraska,31,Polk,143,31143,,,,,,36587.72,36301.13,92797.29,113060.59,127215.77,135610.79,164042,100802.1843
Nebraska,31,Red Willow,145,31145,,,,,,21491.5,21600.06,112213.7,145074.09,150710.84,161667.85,174073.92,112404.5657
Nebraska,31,Richardson,147,31147,,,,,,55619.22,55580.01,94845.31,132321.02,169493.41,174973.91,179222.26,123150.7343
Nebraska,31,Rock,149,31149,,,,,,3625.03,5135.79,8770.89,21297.96,18953.37,21598.61,29473.77,15550.77429
Nebraska,31,Saline,151,31151,,,,,,37087.78,37350.66,73317.22,104656.47,117654.42,145389.21,193459.38,101273.5914
Nebraska,31,Sarpy,153,31153,,,,,,23856.87,23596.3,32307.28,36069.09,37659.51,41291.06,43140.57,33988.66857
Nebraska,31,Saunders,155,31155,,,,,,86976.44,87038.92,115966.77,132093.02,136495.38,174835.47,267071.24,142925.32
Nebraska,31,Scotts Bluff,157,31157,,,,,,2008.77,2564.28,14057.56,14033.93,14602.81,29730.67,39534.43,16647.49286
Nebraska,31,Seward,159,31159,,,,,,36049.63,36138.33,64571.77,86587.11,96494.31,138714.32,204704.77,94751.46286
Nebraska,31,Sheridan,161,31161,,,,,,25508.67,24288.18,27722.81,27741.42,26976.39,29342.53,35070.59,28092.94143
Nebraska,31,Sherman,163,31163,,,,,,17717.18,18047.64,57760.96,70272.95,75494.04,81098.49,92093.01,58926.32429
Nebraska,31,Sioux,165,31165,,,,,,766.01,7.07,2863.59,2725.04,2197.93,8049.71,11676.17,4040.788571
Nebraska,31,Stanton,167,31167,,,,,,45260.46,45419.16,113650.77,127922.85,129486.91,134959.22,142760.44,105637.1157
Nebraska,31,Thayer,169,31169,,,,,,7897.7,7924.98,149916.34,196629.75,208730.8503,226795.6008,234116.3308,147430.2217
Nebraska,31,Thomas,171,31171,,,,,,0,0,0,0,0,0,376.9,53.84285714
Nebraska,31,Thurston,173,31173,,,,,,20995.71,21046.71,79715.33,89205.69,90406.01,114766,159233.48,82195.56143
Nebraska,31,Valley,175,31175,,,,,,17756.72,17823.26,40759.58,47346.29,55892.82,74718.16,87961.42,48894.03571
Nebraska,31,Washington,177,31177,,,,,,49447.64,49417.47,92669.64,100309.46,97778.05,110192.96,120896.57,88673.11286
Nebraska,31,Wayne,179,31179,,,,,,48244.49,48086.67,117129.74,142968.5,155550.17,171030.87,179210.72,123174.4514
Nebraska,31,Webster,181,31181,,,,,,25941.09,26644.13,56197.42,91515.55,106270.99,123303.28,137636.02,81072.64
Nebraska,31,Wheeler,183,31183,,,,,,7210.89,7004.88,12004.91,14113.99,18905.61,32712.82,39451.38,18772.06857
Nebraska,31,York,185,31185,,,,,,32637.58,33009.34,99593.89,117134.01,150725.84,200813.26,261312.53,127889.4929
Nevada,32,Churchill,1,32001,,,,,,99.71,99.71,94.31,94.31,94.31,92.41,92.41,95.31
Nevada,32,Clark,3,32003,,,,,,0,0,0,0,0,0,0,0
Nevada,32,Douglas,5,32005,,,,,,0,0,0,0,0,0,0,0
Nevada,32,Elko,7,32007,,,,,,0,0,0,0,0,0,0,0
Nevada,32,Esmeralda,9,32009,,,,,,0,0,0,0,0,0,0,0
Nevada,32,Eureka,11,32011,,,,,,0,0,0,0,0,0,0,0
Nevada,32,Humboldt,13,32013,,,,,,0,0,0,0,0,0,0,0
Nevada,32,Lander,15,32015,,,,,,0,0,0,0,0,0,0,0
Nevada,32,Lincoln,17,32017,,,,,,0,0,0,0,0,0,0,0
Nevada,32,Lyon,19,32019,,,,,,0,0,0,0,0,0,0,0
Nevada,32,Mineral,21,32021,,,,,,0,0,0,0,0,0,0,0
Nevada,32,Nye,23,32023,,,,,,0,0,0,0,0,0,0,0
Nevada,32,Pershing,27,32027,,,,,,0,195.21,0,0,0,0,172.1,52.47285714
Nevada,32,Storey,29,32029,,,,,,0,0,0,0,0,0,0,0
Nevada,32,Washoe,31,32031,,,,,,0,0,0,0,0,0,0,0
Nevada,32,White Pine,33,32033,,,,,,0,0,0,0,0,0,0,0
Nevada,32,Carson City,510,32510,,,,,,0,0,0,0,0,0,0,0
New Hampshire,33,Belknap,1,33001,,,,,,63.5,63.5,63.5,77,77,76.02,78.95,71.35285714
New Hampshire,33,Carroll,3,33003,,,,,,0,0,0,0,0,0,564.2,80.6
New Hampshire,33,Cheshire,5,33005,,,,,,1040.38,1080.86,0,0,404.624,418.824,418.824,480.5017143
New Hampshire,33,Coos,7,33007,,,,,,0,0,0,0,0,0,1493.03,213.29
New Hampshire,33,Grafton,9,33009,,,,,,0,0,3683.77,0,627.19,1764.31,1434.63,1072.842857
New Hampshire,33,Hillsborough,11,33011,,,,,,262.23,262.23,244.03,314.16,292.96,285.91,242.51,272.0042857
New Hampshire,33,Merrimack,13,33013,,,,,,1197.97,1197.97,1186.78,1169.88,1060.47,1134.95,1075.87,1146.27
New Hampshire,33,Rockingham,15,33015,,,,,,180.13,175.73,0,0,0,0,0,50.83714286
New Hampshire,33,Strafford,17,33017,,,,,,0,0,0,0,0,0,0,0
New Hampshire,33,Sullivan,19,33019,,,,,,2093.98,2049.04,1215.63455,1172.54455,1167.74455,1167.74455,1143.14455,1429.976107
New Jersey,34,Atlantic,1,34001,,,,,,0,0,0,0,0,0,36.37,5.195714286
New Jersey,34,Bergen,3,34003,,,,,,0,0,0,0,0,0,0,0
New Jersey,34,Burlington,5,34005,,,,,,21478.87,20447.94,20594.44,19619.31,19577.12,19814.74,19472.44,20143.55143
New Jersey,34,Camden,7,34007,,,,,,115.52,115.52,115.52,106.9,106.9,0,0,80.05142857
New Jersey,34,Cape May,9,34009,,,,,,0,0,0,0,0,0,0,0
New Jersey,34,Cumberland,11,34011,,,,,,10595.07,10393.43,9991.13,10034.86,9916.98,10370.16,10848.58,10307.17286
New Jersey,34,Essex,13,34013,,,,,,0,0,0,0,0,0,0,0
New Jersey,34,Gloucester,15,34015,,,,,,7980.59,7714.81,7642.97,7988.62,8662.06,8715.63,8740.33,8206.43
New Jersey,34,Hudson,17,34017,,,,,,0,0,0,0,0,0,0,0
New Jersey,34,Hunterdon,19,34019,,,,,,8266.69,7962.62,7744.45,7881.57,7279.02,7533.48,7814.46,7783.184286
New Jersey,34,Mercer,21,34021,,,,,,5194.79,4776.84,4851.13,4812.58,4556.89,4306.53,3973.54,4638.9
New Jersey,34,Middlesex,23,34023,,,,,,3525.47,3406.64,3793.8,3190.27,3259.87,3112.69,3170.74,3351.354286
New Jersey,34,Monmouth,25,34025,,,,,,5547.96,5391.23,4988.13,4780.23,4880.8,4689.83,4730.63,5001.258571
New Jersey,34,Morris,27,34027,,,,,,1141.57,1086.76,1102.34,1050.02142,1024.65,1092.65,1101.99,1085.711631
New Jersey,34,Ocean,29,34029,,,,,,647.55,647.55,547.15,736.31,743.41,743.41,697.11,680.3557143
New Jersey,34,Passaic,31,34031,,,,,,0,0,0,0,0,0,0,0
New Jersey,34,Salem,33,34033,,,,,,31659.44,31201.51,31517.52,31932.06,33607.58,33018.97,33980.97,32416.86429
New Jersey,34,Somerset,35,34035,,,,,,1757,1837.63,1761.4,1845.42,1292.59,1796.4,1733.61,1717.721429
New Jersey,34,Sussex,37,34037,,,,,,3510.14,3486.29,3244.2,3379.58,3318.26,2527.88,2654.78,3160.161429
New Jersey,34,Union,39,34039,,,,,,0,0,0,0,0,0,0,0
New Jersey,34,Warren,41,34041,,,,,,14295.26,14629.36,17306.73,17240.12822,17864.98,17606.54,17231.12,16596.3026
New Mexico,35,Bernalillo,1,35001,,,,,,0,0,0,0,0,0,0,0
New Mexico,35,Catron,3,35003,,,,,,0,0,0,0,0,0,0,0
New Mexico,35,Chaves,5,35005,,,,,,0,0,0,0,0,3365.72,3340.88,958.0857143
New Mexico,35,Cibola,6,35006,,,,,,0,0,0,0,0,0,0,0
New Mexico,35,Colfax,7,35007,,,,,,0,0,0,0,0,0,0,0
New Mexico,35,Curry,9,35009,,,,,,11763.1,10494.24414,39339.22,150319.05,177583.56,201751.42,94842.51,98013.30059
New Mexico,35,De Baca,11,35011,,,,,,0,0,0,0,0,0,0,0
New Mexico,35,Dona Ana,13,35013,,,,,,267.99,259.03,5919.14,4936.35,4590.16,4830.26,3867.06,3524.284286
New Mexico,35,Eddy,15,35015,,,,,,0,0,0,0,0,0,0,0
New Mexico,35,Grant,17,35017,,,,,,0,0,0,0,0,0,0,0
New Mexico,35,Guadalupe,19,35019,,,,,,0,0,0,0,0,0,0,0
New Mexico,35,Harding,21,35021,,,,,,0,0,0,0,504.7,0,0,72.1
New Mexico,35,Hidalgo,23,35023,,,,,,0,0,0,0,0,0,0,0
New Mexico,35,Lea,25,35025,,,,,,3219.36,3219.36,3382.61,3486.61,9070.03,23425.32,12441.01,8320.614286
New Mexico,35,Lincoln,27,35027,,,,,,0,0,0,0,0,0,0,0
New Mexico,35,Los Alamos,28,35028,,,,,,0,0,0,0,0,0,0,0
New Mexico,35,Luna,29,35029,,,,,,0,0,0,0,0,0,0,0
New Mexico,35,McKinley,31,35031,,,,,,0,0,0,0,0,0,0,0
New Mexico,35,Mora,33,35033,,,,,,0,0,0,0,0,0,0,0
New Mexico,35,Otero,35,35035,,,,,,0,0,0,0,0,0,0,0
New Mexico,35,Quay,37,35037,,,,,,33.9,0,0,22663.12,35707.76,29713.32,26616.03,16390.59
New Mexico,35,Rio Arriba,39,35039,,,,,,1221.43,1221.43,0,0,0,0,0,348.98
New Mexico,35,Roosevelt,41,35041,,,,,,1702.33,2378.28,2874.95,24875.22,33949.51,48771.24,21425.91,19425.34857
New Mexico,35,Sandoval,43,35043,,,,,,0,0,0,0,0,0,0,0
New Mexico,35,San Juan,45,35045,,,,,,6841.55,6841.55,31447.31,31457.58,0,0,0,10941.14143
New Mexico,35,San Miguel,47,35047,,,,,,0,0,0,0,0,0,0,0
New Mexico,35,Santa Fe,49,35049,,,,,,949.33,937.42,0,0,0,0,0,269.5357143
New Mexico,35,Sierra,51,35051,,,,,,0,0,0,0,0,0,0,0
New Mexico,35,Socorro,53,35053,,,,,,0,0,0,0,0,0,0,0
New Mexico,35,Taos,55,35055,,,,,,0,0,0,0,0,0,0,0
New Mexico,35,Torrance,57,35057,,,,,,1784.13,1784.13,0,0,0,0,0,509.7514286
New Mexico,35,Union,59,35059,,,,,,0,0,2629.4,12053.26,11637.72,19226.33,12949.3,8356.572857
New Mexico,35,Valencia,61,35061,,,,,,0,0,0,0,0,0,0,0
New York,36,Albany,1,36001,,,,,,1540.05,1489.95,2260.02,2084.19,1974.36,2058.85,2166.68,1939.157143
New York,36,Allegany,3,36003,,,,,,104.11,1039.92,1332.77,5621.3,5170.81,12535.47,12225.61,5432.855714
New York,36,Bronx,5,36005,,,,,,0,0,0,0,0,0,0,0
New York,36,Broome,7,36007,,,,,,0,0,0,0,841.27,1279.59,4469.87,941.5328571
New York,36,Cattaraugus,9,36009,,,,,,2744.14,2721.01,12561,19465.24,20034.07,20756.75,20312.86,14085.01
New York,36,Cayuga,11,36011,,,,,,18393.37,18203.03,42776.19893,47853.77871,49772.74,55736.14,62239.93,42139.31252
New York,36,Chautauqua,13,36013,,,,,,3753.99,4189.84,9609.74618,11540,12861.4,13937.21,8299.93,9170.302311
New York,36,Chemung,15,36015,,,,,,2637.4,2631.49,5381.4,5777.76,5672.79,5700.09,4684.43,4640.765714
New York,36,Chenango,17,36017,,,,,,0,116.62,49.42,48.32,66.76,1428.01,9447.65,1593.825714
New York,36,Clinton,19,36019,,,,,,13322.48,12640.17,19870.6,14526.81,14525.09,19407.14,19582.41,16267.81429
New York,36,Columbia,21,36021,,,,,,10229.3,10198.62,10511.46,10230.45,10582.3,10253.67,9606.64,10230.34857
New York,36,Cortland,23,36023,,,,,,379.14,753.67,357.14,357.14,443.52,5818.27,6906.34,2145.031429
New York,36,Delaware,25,36025,,,,,,214.56,207.91,172.66,187.56,163.69,286.18,5908.52,1020.154286
New York,36,Dutchess,27,36027,,,,,,468.3,468.3,391.2,1669.8,1538.45,1558.98,1721.88,1116.701429
New York,36,Erie,29,36029,,,,,,1884.64,2062.35,4087.37,4102.12,7729.6,12648.55,16610.79,7017.917143
New York,36,Essex,31,36031,,,,,,1423.28,1541.88,1590.15,1495.64,1362.54,1674.27,1636.08,1531.977143
New York,36,Franklin,33,36033,,,,,,12165.88,11591.98,12688.4,12520.05,12795.87,12621.34,11791.95,12310.78143
New York,36,Fulton,35,36035,,,,,,1343.66,1499.72,1870.64,1125.87,1547.62,1478.59,1703.39,1509.927143
New York,36,Genesee,37,36037,,,,,,37513.23,37866.9,32498.99,36337.91,37056.89,58039.63,64721.66,43433.60143
New York,36,Greene,39,36039,,,,,,1103.24,1213.24,1103.24,1085.24,1247.14,570.98,1171.95,1070.718571
New York,36,Hamilton,41,36041,,,,,,0,0,0,0,0,0,0,0
New York,36,Herkimer,43,36043,,,,,,423.99,538.19,3309.31,9468.06,9823.69,10373.25,10605.38,6363.124286
New York,36,Jefferson,45,36045,,,,,,3466.91,3807.63,3952.88,4168.13,3459.48,7871.42,32673.26,8485.672857
New York,36,Kings,47,36047,,,,,,0,0,0,0,0,0,0,0
New York,36,Lewis,49,36049,,,,,,0,0,25.6,43.61,52.08,660.97,11414.06,1742.331429
New York,36,Livingston,51,36051,,,,,,16208.98,15811.21,17668.44,34291.919,41576.35,68069.92,68416.52,37434.76271
New York,36,Madison,53,36053,,,,,,3346.51,4569.87,9003.2,10216.47,11075.83,13170.77,17144.23,9789.554286
New York,36,Monroe,55,36055,,,,,,7046.79,6984.06,13739.57,16836.55135,20670.17,32846.86,39160.74,19612.10591
New York,36,Montgomery,57,36057,,,,,,4703.42,5011.71,9871.2,11628.07,10076.46,13364.84,15122.34,9968.291429
New York,36,Nassau,59,36059,,,,,,0,0,0,0,0,0,0,0
New York,36,New York,61,36061,,,,,,0,0,0,0,0,0,0,0
New York,36,Niagara,63,36063,,,,,,9643.54,9534.93,10468.51,13592.66,16723.59,48382.37,51626.58,22853.16857
New York,36,Oneida,65,36065,,,,,,2645.25,2288.99,15321.71,21005.73,26451.83,26711.96,23723.75,16878.46
New York,36,Onondaga,67,36067,,,,,,10375.11,10865.91,19325.67,24172.91,22784.28,29582.28,40535.91,22520.29571
New York,36,Ontario,69,36069,,,,,,27982.59,27831.548,33541,43952.61,56649.1,63129.12,63748.12,45262.01257
New York,36,Orange,71,36071,,,,,,338.84,313.24,569.74,754.54,721.84,721.84,625.64,577.9542857
New York,36,Orleans,73,36073,,,,,,3618.36,3620.03,14881.59,52971.4,53522.33,61332.65,67240.44,36740.97143
New York,36,Oswego,75,36075,,,,,,1191.15,1157.87,3230.22,3797.23,4103.24,4071.88,4557.48,3158.438571
New York,36,Otsego,77,36077,,,,,,289.82,305.81,1126.07,2401.98,3422.46,4245.7,10316.41,3158.321429
New York,36,Putnam,79,36079,,,,,,0,0,0,0,0,0,0,0
New York,36,Queens,81,36081,,,,,,0,0,0,0,0,0,0,0
New York,36,Rensselaer,83,36083,,,,,,14131.98,13630.46,14278.398,13545.4353,13255.17,14258.29,14739.58,13977.04476
New York,36,Richmond,85,36085,,,,,,0,0,0,0,0,0,0,0
New York,36,Rockland,87,36087,,,,,,0,0,0,0,0,0,0,0
New York,36,St. Lawrence,89,36089,,,,,,6086.59,5176.99,7574.65,7844.35,8317.51,15629.81,16101.28,9533.025714
New York,36,Saratoga,91,36091,,,,,,4933.03,4849.91,4836.417,4286.03,4937.78,4871.96,4824.64,4791.395286
New York,36,Schenectady,93,36093,,,,,,181.52,240.12,353.72,324.69,146.16,272.08,480,285.47
New York,36,Schoharie,95,36095,,,,,,755.83,1057.47,2323.04,1807.75,1400.38,1697.57,6190.54,2176.082857
New York,36,Schuyler,97,36097,,,,,,81.05,76.78,1485.12,2778.02,3105.05,3320.2,1995.77,1834.57
New York,36,Seneca,99,36099,,,,,,1500.6,2165.61,22233.2,31697.03,36725.67,36273.39,38989.42,24226.41714
New York,36,Steuben,101,36101,,,,,,7343.25,8440.64,8256.68,9895.68,9010.14,12125.62,13827.94,9842.85
New York,36,Suffolk,103,36103,,,,,,0,0,0,0,0,31.84,264,42.26285714
New York,36,Sullivan,105,36105,,,,,,0,178.6,0,151.1,0,0,1390.91,245.8014286
New York,36,Tioga,107,36107,,,,,,6393.44,6329.84,9657.41,10065.85,10129.72,9846.483,10155.083,8939.689429
New York,36,Tompkins,109,36109,,,,,,2889.89,3225.8,2957.88,2877.45,3425.15,6022.18,7519.7,4131.15
New York,36,Ulster,111,36111,,,,,,692.36,687.16,662.16,625.46,618.26,618.26,692.36,656.5742857
New York,36,Warren,113,36113,,,,,,0,0,0,0,0,0,0,0
New York,36,Washington,115,36115,,,,,,25245.68,25139.5,27170.27,25521.89,26362.1,25308.31,26095.3,25834.72143
New York,36,Wayne,117,36117,,,,,,2887.86,3288.12,36769.37415,36436.92,33261.01,34156.32,34277.6,25868.17202
New York,36,Westchester,119,36119,,,,,,0,0,0,0,0,0,0,0
New York,36,Wyoming,121,36121,,,,,,1117.41,2286.98,2363.55,2451.85,5784.2,13579.13,33349.07738,8704.599626
New York,36,Yates,123,36123,,,,,,1320.28,1200.37,2014.37,2526.37,2649.88,2890.14,2625.83,2175.32
North Carolina,37,Alamance,1,37001,,,,,,5419.61,5147.49,5092.41,4589.52,3880.32,3640.06,3536.36,4472.252857
North Carolina,37,Alexander,3,37003,,,,,,2778.94,2562.14,2373.26,2693.14,2578.74,2583.5,2507.08,2582.4
North Carolina,37,Alleghany,5,37005,,,,,,839.99,940.49,883.09,799.71,796.17,763.57,859.19,840.3157143
North Carolina,37,Anson,7,37007,,,,,,14487.88,14342.2,13871.34,9122.16,9706.68,10819.31,10289.42,11805.57
North Carolina,37,Ashe,9,37009,,,,,,0,0,0,0,77.21,47.71,0,17.84571429
North Carolina,37,Avery,11,37011,,,,,,0,0,0,0,0,0,0,0
North Carolina,37,Beaufort,13,37013,,,,,,104528.15,103104.87,116573.12,117459.56,119867.59,116325.3,125988.61,114835.3143
North Carolina,37,Bertie,15,37015,,,,,,30935.96,30914.95,30777.5,32103.06,31905.89,31907.79,48493.83,33862.71143
North Carolina,37,Bladen,17,37017,,,,,,43472.54,43510.99,42116.2244,43701.1,44228.36,43947.73,37038.08,42573.57491
North Carolina,37,Brunswick,19,37019,,,,,,12112.81,11705.59,12257.11,11638.06,12003.63,8166.66,6717.81,10657.38143
North Carolina,37,Buncombe,21,37021,,,,,,382.7,389.38,350.48,405.48,560.55,487.75,487.25,437.6557143
North Carolina,37,Burke,23,37023,,,,,,877.78,879.14,1055.96,843.78,764.94,635.74,407.87,780.7442857
North Carolina,37,Cabarrus,25,37025,,,,,,5570.1609,5428,4498.72,1256.34,1258.99,1367.76,4109.93,3355.700129
North Carolina,37,Caldwell,27,37027,,,,,,753.82,810.03,751.29,747.53,811.08,724.23,506.31,729.1842857
North Carolina,37,Camden,29,37029,,,,,,17949.21,17962.64,26682.33,26759.28,27975.06,28344.95,36302.86,25996.61857
North Carolina,37,Carteret,31,37031,,,,,,34940.15,34967.43,36834.77,41775.78,5413.49,5456.66,5572.24,23565.78857
North Carolina,37,Caswell,33,37033,,,,,,5544.7,5501.84,5094.09,4800.49,4630.88,4496.82,4352.26,4917.297143
North Carolina,37,Catawba,35,37035,,,,,,5100.34,5644.26,5599.37,4573.73,4971.26,4682.5,4918.24,5069.957143
North Carolina,37,Chatham,37,37037,,,,,,5022.89,5098.19,4858.26,4135.14,3939.94,3918.62,4038.86,4430.271429
North Carolina,37,Cherokee,39,37039,,,,,,628.75,667.94,765.87,853.97,853.87,517.1,770.52,722.5742857
North Carolina,37,Chowan,41,37041,,,,,,11957.48,12129.5,12191.29,12227.68,12370.98,13369.88,16585.65,12976.06571
North Carolina,37,Clay,43,37043,,,,,,558.83,558.83,565.93,581.89,369.22,309.32,309.32,464.7628571
North Carolina,37,Cleveland,45,37045,,,,,,9660.55,10395.89,9488.72,9856.68,9261.55,9219.15,9588.43,9638.71
North Carolina,37,Columbus,47,37047,,,,,,75611.52,75758.33,71554.3836,77374.18,74463.723,67551.6,46328.08,69805.9738
North Carolina,37,Craven,49,37049,,,,,,23827.06,23815.73,37625.02,43574.08,43681.05,43415.02,42753.16,36955.87429
North Carolina,37,Cumberland,51,37051,,,,,,21384.44,21178.64,21416.35,21738.18,21280.37,21179,22668.69,21549.38143
North Carolina,37,Currituck,53,37053,,,,,,8945.18,8675.64,19434.2,20576.21,21032.33,21272.14,25395.66,17904.48
North Carolina,37,Dare,55,37055,,,,,,2321.12,2321.12,3487.7,3472.3,3472.3,3472.3,3472.3,3145.591429
North Carolina,37,Davidson,57,37057,,,,,,6287.93,6261.47,6472.5,6169.32,6097.19,5129.62,5020.36,5919.77
North Carolina,37,Davie,59,37059,,,,,,4489.79,4358.09,5490.02,4718.79,4727.38,5004.08,3945.14,4676.184286
North Carolina,37,Duplin,61,37061,,,,,,74237.4,75413.69,71513.3204,84575.89,81327.32,79416.7,76227.68,77530.28577
North Carolina,37,Durham,63,37063,,,,,,935.11,970.76,956.21,412.53,279.2,338.37,352.46,606.3771429
North Carolina,37,Edgecombe,65,37065,,,,,,40643.13,40500.55773,40494.51,38911.85363,38955.89,45652.36,40278.37,40776.66734
North Carolina,37,Forsyth,67,37067,,,,,,3229.5,3189.19,3566.16,1655.26,2544.55,3303.82,2687.44,2882.274286
North Carolina,37,Franklin,69,37069,,,,,,21646.03,21094.82,21091.15,21054.08,19919.15,18716.36,20214.3,20533.69857
North Carolina,37,Gaston,71,37071,,,,,,3409.2,3245.07,3426.98,3332.86,2648.5,3103.47,2535.36,3100.205714
North Carolina,37,Gates,73,37073,,,,,,10154.57,10269.08,11780.07,13223.26,13810.12,16066.04,16262.78,13080.84571
North Carolina,37,Graham,75,37075,,,,,,0,0,0,0,0,0,0,0
North Carolina,37,Granville,77,37077,,,,,,7810.21,8164.79,7888.71,6403.15,5917.79,5206.08,6193.25,6797.711429
North Carolina,37,Greene,79,37079,,,,,,42799.2,42830.05,37742.48,46144.17,45162.19,43995.07,42355.56,43004.10286
North Carolina,37,Guilford,81,37081,,,,,,9657.95,9492.02,9368.33,8046.63,7453.35,7357.34,9495.3,8695.845714
North Carolina,37,Halifax,83,37083,,,,,,21179.06,21062.54,21382.11,21446.35,18541.59,21094.34,21944.19,20950.02571
North Carolina,37,Harnett,85,37085,,,,,,15518.04,15620.88,14145.95,15168.14,15311.27,14930.77,15202.08,15128.16143
North Carolina,37,Haywood,87,37087,,,,,,0,0,0,0,0,574.47,552.97,161.0628571
North Carolina,37,Henderson,89,37089,,,,,,0,22.4,0,0,0,0,79.6,14.57142857
North Carolina,37,Hertford,91,37091,,,,,,6462.49,6424.02,8159.77,9217.36,10651.12972,12434.91,18494.79,10263.49567
North Carolina,37,Hoke,93,37093,,,,,,4524.89,4192.61,5374.16,5590.4777,5729.87,5349.38,9127.19,5698.368243
North Carolina,37,Hyde,95,37095,,,,,,56451.63,56502.26,66521.83,68482.8,66527.57,66205.26,67570.07,64037.34571
North Carolina,37,Iredell,97,37097,,,,,,18836.19,17622.89,17047.69,17411.65,16651.76,16428.25,16654.19,17236.08857
North Carolina,37,Jackson,99,37099,,,,,,49.3,49.3,46.9,46.4,0,0,0,27.41428571
North Carolina,37,Johnston,101,37101,,,,,,54506.78,53706.14,51938.09,53449.03,50578.94,46816.23,47329.19,51189.2
North Carolina,37,Jones,103,37103,,,,,,22539.71,22740.77,22167,22776.03,22275.12,23579.54,23025.34,22729.07286
North Carolina,37,Lee,105,37105,,,,,,5436.3,5361.92,5285.9,5413.89,5296.21,5253.29,5219.76,5323.895714
North Carolina,37,Lenoir,107,37107,,,,,,51342.67,51334.87,46248.2056,49786.37,49729.27,51172.36,50478.46,50013.17223
North Carolina,37,Lincoln,109,37109,,,,,,7347.64,7125.16,7261.74,6906.73,5893.17,6622.54,6604.53,6823.072857
North Carolina,37,McDowell,111,37111,,,,,,0,0,142.32,0,0,0,0,20.33142857
North Carolina,37,Macon,113,37113,,,,,,273.3,311.2,169.2,210.2,304.1,88.4,110.9,209.6142857
North Carolina,37,Madison,115,37115,,,,,,0,0,0,0,0,0,0,0
North Carolina,37,Martin,117,37117,,,,,,13269.89,13297.79,13353.68,13298.27477,13799.55709,15927.16,13030.2,13710.93598
North Carolina,37,Mecklenburg,119,37119,,,,,,548.71,519.41,262.05,182.48,180.06,0,176.86,267.0814286
North Carolina,37,Mitchell,121,37121,,,,,,0,0,0,0,0,0,0,0
North Carolina,37,Montgomery,123,37123,,,,,,1763.89,1551.44,1804.17,1762.42,1608.86,1893.72,1594.81,1711.33
North Carolina,37,Moore,125,37125,,,,,,4117.60581,3961.1,3915.44,4037.13,3921.01,3914.45,3735.8,3943.219401
North Carolina,37,Nash,127,37127,,,,,,31575.56,31046.13,29987.52,32948,30326.49,30465.41,29661,30858.58714
North Carolina,37,New Hanover,129,37129,,,,,,0,0,0,0,0,0,0,0
North Carolina,37,Northampton,131,37131,,,,,,13910.13,13805.12,13326.47,15166.72,14790.56,17558.29,14694.54,14750.26143
North Carolina,37,Onslow,133,37133,,,,,,25204.17,25333.34,24296.94,24549.61,24228.39,24318.38,23587.81,24502.66286
North Carolina,37,Orange,135,37135,,,,,,8143.31,8583.25,8920.54,7905.76,6959.79,7244.28,6308.81,7723.677143
North Carolina,37,Pamlico,137,37137,,,,,,26337.83,26736.61,29644.7,36377.13,36273.34,36776.94,35594.51,32534.43714
North Carolina,37,Pasquotank,139,37139,,,,,,35433.56,35295.45,49226.51,50628.55,46494.46,50611.41,60781.93,46924.55286
North Carolina,37,Pender,141,37141,,,,,,24788.83,25255.89,25488.39,29437.2,29018.31,28947.39,29275.16,27458.73857
North Carolina,37,Perquimans,143,37143,,,,,,33155.28,33120.01,33143.81,35178.52,36204.64,34937.62,39154.6,34984.92571
North Carolina,37,Person,145,37145,,,,,,10492.53,10251.32,10728.37,6702.3,5762.76,5206.03,7882.74,8146.578571
North Carolina,37,Pitt,147,37147,,,,,,65146.57,63704.772,38750.68,70168.53,68598.55,68335.33,65791.12,62927.936
North Carolina,37,Polk,149,37149,,,,,,228.4,215.2,220.2,75.31,75.31,71.31,71.31,136.72
North Carolina,37,Randolph,151,37151,,,,,,8944.19,8765.91,8154.28,8908.26,9319.65,9383.53,9233.33,8958.45
North Carolina,37,Richmond,153,37153,,,,,,4647.66,4821.83,4755.35,4415.46,3949.33,4536.77,3746.1,4410.357143
North Carolina,37,Robeson,155,37155,,,,,,131394.08,124868.47,121186.6,138290.85,141717.22,142402.16,143049.73,134701.3014
North Carolina,37,Rockingham,157,37157,,,,,,8661.25,8356.17,6732.65,6661.88,5808.76,5429.93,5434.37,6726.43
North Carolina,37,Rowan,159,37159,,,,,,15727.92,15666.59,17721.25,13906.18,12926.06,12097.22,11258.33,14186.22143
North Carolina,37,Rutherford,161,37161,,,,,,361.13,361.13,366.23,349.63,398.59,685.69,531.61,436.2871429
North Carolina,37,Sampson,163,37163,,,,,,63363.78,52179.2027,64028.42,72206.52,71300.97,71611.17,73909.52,66942.79753
North Carolina,37,Scotland,165,37165,,,,,,8158.75,8155.21,7865.98,9711.76,8876.05,8939.28,8804,8644.432857
North Carolina,37,Stanly,167,37167,,,,,,12152.67,12191.16,3117.29,528.89,1071.15,5761.91,9159.94,6283.287143
North Carolina,37,Stokes,169,37169,,,,,,2190.88,2172.72,2395.365,407.3,1686.54,1681.93,1596.67,1733.057857
North Carolina,37,Surry,171,37171,,,,,,13245.82,13111.8,13893.12,13264.65,11127.26,10320.52,9342.17,12043.62
North Carolina,37,Swain,173,37173,,,,,,104.7,104.7,104.6,103.8,102.5,98.2,98.2,102.3857143
North Carolina,37,Transylvania,175,37175,,,,,,0,0,0,0,0,0,0,0
North Carolina,37,Tyrrell,177,37177,,,,,,54842.35,53935.92,66171.46,64293.24,62938.95,62976.3,65949.08,61586.75714
North Carolina,37,Union,179,37179,,,,,,75023.03,71924.58,55434.2,42553.38,76816.63,75899.52,74696.67,67478.28714
North Carolina,37,Vance,181,37181,,,,,,7082.14,6864.72,6260.62,5670.92,5514.11,3845,5148.44,5769.421429
North Carolina,37,Wake,183,37183,,,,,,11425.24,11278.09,11212.25,11590.7,10259.95,10276.07,10278.4,10902.95714
North Carolina,37,Warren,185,37185,,,,,,12987.72,13041.4,12172.17,12663.45,12581.08,8522.94,12150.6,12017.05143
North Carolina,37,Washington,187,37187,,,,,,68687.53,68117.47,81777.83,91179.38,91055.98,94773.89,91873.37,83923.63571
North Carolina,37,Watauga,189,37189,,,,,,125.81,117.41,120.81,67.64,49.54,65.34,67.64,87.74142857
North Carolina,37,Wayne,191,37191,,,,,,77576.47,76139.76,72892.68,81365.43,79792.07,81117.35,82547.28,78775.86286
North Carolina,37,Wilkes,193,37193,,,,,,2907.79,3073.84,3148.72,2389.96,3152.52,3330.02,3448.91,3064.537143
North Carolina,37,Wilson,195,37195,,,,,,37891.14,37229.07,35348.12437,36757.03,39817.39,44598.61,40683.69,38903.5792
North Carolina,37,Yadkin,197,37197,,,,,,527.4,532.6,3254.4,3408.28,3320.49,5216.07,3705.69,2852.132857
North Carolina,37,Yancey,199,37199,,,,,,62.4,62.4,81.7,51.3,51.3,0,0,44.15714286
North Dakota,38,Adams,1,38001,,,,,,40021.01,40051.27,107561.46,147965.51,150991.77,142033.64,172167.62,114398.8971
North Dakota,38,Barnes,3,38003,,,,,,375309.27,374843.55,487758.93,519988.37,557817.22,619972.23,635306.73,510142.3286
North Dakota,38,Benson,5,38005,,,,,,181928.61,180924.08,194164.66,259765.73,301534.25,412627.4,431613.37,280365.4429
North Dakota,38,Billings,7,38007,,,,,,16073.76,16140.31,27445.54,33198.03738,33148.26,44689.85383,55359.22,32293.56874
North Dakota,38,Bottineau,9,38009,,,,,,31301.5,31524.4,68532.9,230631.58,241756.26,410591.4,601248.04,230798.0114
North Dakota,38,Bowman,11,38011,,,,,,37547.89,40562.97,97972.51,126804.73,131027.76,134526.44,147804.7,102321
North Dakota,38,Burke,13,38013,,,,,,4626.53,5013.05,26014.34,147882.44,105676.31,213761.79,265444.8,109774.18
North Dakota,38,Burleigh,15,38015,,,,,,19822.41,19079.13904,92237.53,183017.9777,203286.3,195850.49,258885.37,138882.7453
North Dakota,38,Cass,17,38017,,,,,,505992.89,501190.68,636219.32,675599.7,664446.65,802819.99,829333.8,659371.8614
North Dakota,38,Cavalier,19,38019,,,,,,47159.51,47245.13,53452.81,162083.15,129976.07,301960.05,618857.22,194390.5629
North Dakota,38,Dickey,21,38021,,,,,,136237.46,137920.45,273373.77,275702.63,242727.36,314298.62,353321.54,247654.5471
North Dakota,38,Divide,23,38023,,,,,,5340.83,5858.26,30256.14,131995.21,145174.03,170552.67,236455.6,103661.82
North Dakota,38,Dunn,25,38025,,,,,,21960.65,23240.05,95071.58,144428.86,143538.26,150556.3048,194740.84,110505.2207
North Dakota,38,Eddy,27,38027,,,,,,75156.82,75367.9,92264.1,87199.49,113028.99,163350.91,171290.9,111094.1586
North Dakota,38,Emmons,29,38029,,,,,,61596.65,61847.49,175701.34,206505.31,250498.85,299978.61,377055.24,204740.4986
North Dakota,38,Foster,31,38031,,,,,,152125.24,152038.88,159088.42,164893.58,163956.46,235922.1,253200.48,183032.1657
North Dakota,38,Golden Valley,33,38033,,,,,,18784.47,18667.87,81588.29,119017.4,109828.71,121076.35,125895.08,84979.73857
North Dakota,38,Grand Forks,35,38035,,,,,,157786.09,158797.47,231814.38,344550.02,352763.42,431996.13,474399.79,307443.9
North Dakota,38,Grant,37,38037,,,,,,37302.13,38167.82,115351.94,203102.61,245686.55,238632.37,284392.78,166090.8857
North Dakota,38,Griggs,39,38039,,,,,,123288.19,123605.16,139692.65,168855.03,203095.77,219260.49,223015.24,171544.6471
North Dakota,38,Hettinger,41,38041,,,,,,28327.11,28397.81,169343.77,234486.35,254791.83,296176.0998,329153.43,191525.2
North Dakota,38,Kidder,43,38043,,,,,,55452.42,55473.42,71190.42,145396.41,179458.12,176629.88,215920.69,128503.0514
North Dakota,38,LaMoure,45,38045,,,,,,232005.54,235874.8,356171.53,382620.25,309373.89,385136.74,427920.64,332729.0557
North Dakota,38,Logan,47,38047,,,,,,81670.02,82017.69,95460.26,143828.31,155971.98,173772.16,218911.29,135947.3871
North Dakota,38,McHenry,49,38049,,,,,,42660.14,42850.79,72417.13,136756.99,194151.94,295053.13,401593.32,169354.7771
North Dakota,38,McIntosh,51,38051,,,,,,94086.99,93118.27,122087.18,164231.42,204097.33,236071.97,259723.51,167630.9529
North Dakota,38,McKenzie,53,38053,,,,,,24662.52,24294.32,35827.45,93291.41,101528.19,106196.35,135025.42,74403.66571
North Dakota,38,McLean,55,38055,,,,,,46390.79,46637.6,206137.42,451479.11,480950.19,385134.08,520781.72,305358.7014
North Dakota,38,Mercer,57,38057,,,,,,49647.58,48767.26,79457.85,116621.18,125280.71,126872.31,138524.55,97881.63429
North Dakota,38,Morton,59,38059,,,,,,56882.51,57383.69,137691.69,191675.63,230914.55,238155.0874,278091.44,170113.5139
North Dakota,38,Mountrail,61,38061,,,,,,5441.37,6231.01,28605.67,68885.95,109101.37,190099.28,304898.09,101894.6771
North Dakota,38,Nelson,63,38063,,,,,,116874.32,115469.73,140208.79,178565.88,204499.53,273419.33,298708.42,189678
North Dakota,38,Oliver,65,38065,,,,,,21746.22,22009.38,61490.27,93969.15,96933.33,98268.03,104183.47,71228.55
North Dakota,38,Pembina,67,38067,,,,,,129532.49,129840.47,144136.92,250890.25,270432.55,321513.63,368249.09,230656.4857
North Dakota,38,Pierce,69,38069,,,,,,79918.13,79441.02,99338.68,135614.4,166879.84,280429.01,331898.18,167645.6086
North Dakota,38,Ramsey,71,38071,,,,,,164693.62,164804.02,175260.57,218333.65,192377.94,310237.61,445237.82,238706.4614
North Dakota,38,Ransom,73,38073,,,,,,138658.56,138077.47,219414.25,253473.3,241386.17,269451.79,270750.38,218744.56
North Dakota,38,Renville,75,38075,,,,,,6633.67,6633.67,23281.68,99373.57,136117.37,184465.48,347715.54,114888.7114
North Dakota,38,Richland,77,38077,,,,,,279881.6,279976.21,430345.36,438648.04,415127.98,486971.54,548065.07,411287.9714
North Dakota,38,Rolette,79,38079,,,,,,16327.55,16235.28,32531.78,64179.41,66783.06,114397.16,227180.7,76804.99143
North Dakota,38,Sargent,81,38081,,,,,,175476.22,173654.12,261966.17,291465.31,288484.36,311598.06,313372.21,259430.9214
North Dakota,38,Sheridan,83,38083,,,,,,46408.92,45965.17,63775.99,116815.49,103228.8365,135643.6365,180317.96,98879.42901
North Dakota,38,Sioux,85,38085,,,,,,18049.26,18928.46,56934.38,63886.19,66096.46,72914.57,81006.74,53973.72286
North Dakota,38,Slope,87,38087,,,,,,20960.54,22348.97621,88564.16621,110852.1162,113950.85,124438.15,153067.61,90597.48695
North Dakota,38,Stark,89,38089,,,,,,43609.63,44613.21229,167139.33,212184.5523,213749.29,248671.1082,297048.42,175287.9347
North Dakota,38,Steele,91,38091,,,,,,174871.83,174126.23,178345.37,180045.34,190522.89,268922.84,286479.57,207616.2957
North Dakota,38,Stutsman,93,38093,,,,,,453707.44,451975.11,465146.54,527116.34,537823.57,652991.34,717795.76,543793.7286
North Dakota,38,Towner,95,38095,,,,,,47639.77,47686.17,56014.27,199328.77,213216.65,302525.35,314620.29,168718.7529
North Dakota,38,Traill,97,38097,,,,,,203523.28,203461.03,218032.27,274361.44,263465.16,324674.96,361178.79,264099.5614
North Dakota,38,Walsh,99,38099,,,,,,94870.47,94729.97,180332.32,250296.44,277162.22,348024.15,394986.44,234343.1443
North Dakota,38,Ward,101,38101,,,,,,31514.49,31542.14,107766.36,190986.93,282849.34,422350.08,630975.19,242569.2186
North Dakota,38,Wells,103,38103,,,,,,203631.82,200619.1046,217369.5725,238755.9,250346.3,404224.08,475440.52,284341.0424
North Dakota,38,Williams,105,38105,,,,,,6602.93,7983.63,115984.3,223112.9,275518.62,287888.63,347263.97,180622.14
Ohio,39,Adams,1,39001,,,,,,11868.26,11111.3,29223.4,28788.7,30590.878,32686.92,30965.45,25033.55829
Ohio,39,Allen,3,39003,,,,,,62192.72,62289.22,75836.39,78908.06,78504.06037,114831.6704,127255.39,85688.21582
Ohio,39,Ashland,5,39005,,,,,,28512.86,28640.59,40884.50176,51541.1,51460.93,52737.04,55412.85,44169.98168
Ohio,39,Ashtabula,7,39007,,,,,,16155.03,17617.25,23633.76,25227.016,28094.5726,30669.1147,33389.01,24969.39333
Ohio,39,Athens,9,39009,,,,,,2285.65,2574.57,3349.42,3322.84,3584.09,3944.64,3408.84,3210.007143
Ohio,39,Auglaize,11,39011,,,,,,73155.35,73177.05,110253.12,125092.28,127539.23,142216.56,151977.12,114772.9586
Ohio,39,Belmont,13,39013,,,,,,363.5,339,388.3,388.3,388.3,372.8,408,378.3142857
Ohio,39,Brown,15,39015,,,,,,51446.4,50533.62,77333.47,78286.53,79068.39,83676.9,90916.82,73037.44714
Ohio,39,Butler,17,39017,,,,,,27710.01,28724.594,31865.85,33672.85959,34234.26,36896.74,42023.9,33589.7448
Ohio,39,Carroll,19,39019,,,,,,1184.46,1581.27,12314.33,14500.02,14501.52,14086.13,15182.79,10478.64571
Ohio,39,Champaign,21,39021,,,,,,113249.6,113054.37,119954.22,121109.52,119569.1,132481.56,143497.12,123273.6414
Ohio,39,Clark,23,39023,,,,,,86339.03,86703.09,75320.02,66476.13,66341.79,85304.58,108775.05,82179.95571
Ohio,39,Clermont,25,39025,,,,,,13922.07,14070.99,32775.52675,30243.49,33307.05,34684.42,38678.42,28240.28096
Ohio,39,Clinton,27,39027,,,,,,67234.46033,67015.20704,68552.77,85032.37,88233.715,122355.63,143035.19,91637.04891
Ohio,39,Columbiana,29,39029,,,,,,10185.06,10392.84,26068.79,35074.06,38037.81,38965.78,38970.99,28242.19
Ohio,39,Coshocton,31,39031,,,,,,4168.023684,4258.147314,13596.59,31404.84,32323.51199,33444.59905,34026,21888.81601
Ohio,39,Crawford,33,39033,,,,,,99810.59,99461.61,130460.3,131438.52,124688.02,131935.33,146050.47,123406.4057
Ohio,39,Cuyahoga,35,39035,,,,,,0,13.78,13.78,62.28,62.28,62.28,62.28,39.52571429
Ohio,39,Darke,37,39037,,,,,,118838.04,119968.98,180044.89,204785.84,200299.34,217323.11,231617.56,181839.68
Ohio,39,Defiance,39,39039,,,,,,46551.55,46407.27,85782.38,95554.44,90532.22622,131067.029,137030.89,90417.96932
Ohio,39,Delaware,41,39041,,,,,,69694.42,69139.74,85677.59,85581.19,95462.71,92475.15,97447.28,85068.29714
Ohio,39,Erie,43,39043,,,,,,33247.95,33253.03,53618.36,59546.47,61067.26,61337.26,62519.15,52084.21143
Ohio,39,Fairfield,45,39045,,,,,,72685.77,65457.64,94276.08,100903.83,101809.5625,103163.94,106065.76,92051.7975
Ohio,39,Fayette,47,39047,,,,,,86556.73,86793.83,93087.16,114124.83,119178.09,145172.19,163783.41,115528.0343
Ohio,39,Franklin,49,39049,,,,,,19447.86,18892.75,26937.39,28820.14,28124.53,31675.4,34816.35,26959.20286
Ohio,39,Fulton,51,39051,,,,,,35896.28,39071.82,82103.54,81257.55,75705.84,124976.91,151048.06,84294.28571
Ohio,39,Gallia,53,39053,,,,,,916.07,1176.7,3843.46,4307.81248,4296.4,4237.47,4358.3,3305.173211
Ohio,39,Geauga,55,39055,,,,,,2069.54,2126.603,3742.94,3981.25,4000.1374,4357.7667,4675.53,3564.823871
Ohio,39,Greene,57,39057,,,,,,55280.23,55472.37,57505.64,69074.03,54491.43,80815.79,91593.44,66318.99
Ohio,39,Guernsey,59,39059,,,,,,54.82,169.35,57,217.9,315.52,202.23,1400.44,345.3228571
Ohio,39,Hamilton,61,39061,,,,,,2921.14,3098.7,3194.82,2704.01248,3013.85,3060.89,3222.68,3030.870354
Ohio,39,Hancock,63,39063,,,,,,129535.09,129772.27,186346.9,203159.9052,203669.12,211206.81,217443.78,183019.125
Ohio,39,Hardin,65,39065,,,,,,86325.69,86441.94,136678.57,146579.2,146460.48,155947.7553,173857.85,133184.4979
Ohio,39,Harrison,67,39067,,,,,,47.89,47.89,3425.4,4505.88,4320.03,4287.12,4503.35,3019.651429
Ohio,39,Henry,69,39069,,,,,,53805.62,53693.04,117408.01,126533,108631.98,167748.8258,171363.71,114169.1694
Ohio,39,Highland,71,39071,,,,,,51568.79,53034.37,74199.9,79218.67,92561.37,111969.73,125666.93,84031.39429
Ohio,39,Hocking,73,39073,,,,,,2598.91,2461.13,4053.96,4377,3663.51,4826.76,5235.43,3888.1
Ohio,39,Holmes,75,39075,,,,,,5716.64,6053.84,18273.92,23594.32,23607.24,23522.74,23342.05,17730.10714
Ohio,39,Huron,77,39077,,,,,,75983.2,74234.08,127914.3,142814.97,145220.79,150614.9501,157390.7101,124881.8572
Ohio,39,Jackson,79,39079,,,,,,745.88,1319.48,5115.86,4719.65,5988.67,5884.66,4519.34,4041.934286
Ohio,39,Jefferson,81,39081,,,,,,0,124.8,2552.65,3114.08,2844.77,2774.36,2914.25,2046.415714
Ohio,39,Knox,83,39083,,,,,,31410.15,29988.94,69690.62,71629.46,72607.56,64885.59,76941.29,59593.37286
Ohio,39,Lake,85,39085,,,,,,79.8,74.78,156.68,156.68,157.79,321.74,342.57,184.2914286
Ohio,39,Lawrence,87,39087,,,,,,631.58,592.28,1698.4,1828.53,1858.93,1844.09,2156.13,1515.705714
Ohio,39,Licking,89,39089,,,,,,40071.06,37494.89,92071.13,94453.61,89295.84,90142.67,97012.59,77220.25571
Ohio,39,Logan,91,39091,,,,,,77045.94,77359.1,116324.27,126637.5,126444.63,134827.29,140483,114160.2471
Ohio,39,Lorain,93,39093,,,,,,27473.21,27344.81,50941.82,70321.83,69225.66,67122.043,68609.363,54434.10514
Ohio,39,East Lucas,94,39094,,,,,,5379.32,5123.53,8509.35,8845.36,8989.28,10188.79,11368.4,8343.432857
Ohio,39,West Lucas,95,39095,,,,,,12556.31,12350.67,22622.97,19161.45,18542.65,27557.29,30434.28,20460.80286
Ohio,39,Madison,97,39097,,,,,,106218.63,105937.48,118185.95,122217.8,120105.77,152151.87,184129.81,129849.6157
Ohio,39,Mahoning,99,39099,,,,,,7419.62,7439.35,9400.47,18696.12,23419.66,24890.8,26551.13,16831.02143
Ohio,39,Marion,101,39101,,,,,,65901.7,66553.52,107402.72,111684.53,115111.98,122546.87,138752.33,103993.3786
Ohio,39,Medina,103,39103,,,,,,13097.53,13079.93,28813.86,36162.23,36332.32,34610.76,35575.32,28238.85
Ohio,39,Meigs,105,39105,,,,,,1731.63,1769.67,4834.41,4600.6,4864.43,4670.46,5124.01,3942.172857
Ohio,39,Mercer,107,39107,,,,,,109573.37,109450.61,125245.97,134728.79,134346.47,150991.68,171759.16,133728.0071
Ohio,39,Miami,109,39109,,,,,,94475.45,95901,109012.42,107130.3784,112153.4,122886.03,131737.57,110470.8926
Ohio,39,Monroe,111,39111,,,,,,0,0,0,0,0,0,0,0
Ohio,39,Montgomery,113,39113,,,,,,40182.53,39618.66,48434.81,53113.01337,51227.3,58575.52,62424.13,50510.85191
Ohio,39,Morgan,115,39115,,,,,,1358.09,1416.36,1383.43,1862.9,2694.2,2990.76,3617.78,2189.074286
Ohio,39,Morrow,117,39117,,,,,,71141.05,70759.63,90373.37,88904.72,90075.45,93901.405,101723.8749,86697.07141
Ohio,39,Muskingum,119,39119,,,,,,4257.547936,4112.18,4951.1267,7901.32,12343.94608,17368.34,21717.08036,10378.79158
Ohio,39,Noble,121,39121,,,,,,0,0,0,0,0,0,0,0
Ohio,39,Ottawa,123,39123,,,,,,27127.78,26305.62,55779.97,57005.94,55446.97,63384.46,68127.64,50454.05429
Ohio,39,Paulding,125,39125,,,,,,61162.04,61203.91541,57329.12,65234.25,62425.30546,140870.55,170613.5946,88405.53935
Ohio,39,Perry,127,39127,,,,,,12557.75,12956.97,21664.79,24140.78,24520.77,24375.71,24409.06,20660.83286
Ohio,39,Pickaway,129,39129,,,,,,82532.07,82398.41,119389.33,163308.51,154753.13,170690.65,187532.97,137229.2957
Ohio,39,Pike,131,39131,,,,,,4978.81,4704.37392,15689.74,13566.26,13687.68,15401.84,11673.38,11386.01199
Ohio,39,Portage,133,39133,,,,,,8462.23,8098.17,19209.06,21455.05,21380.58,23083.57,23601.48,17898.59143
Ohio,39,Preble,135,39135,,,,,,74934.47,73932.39,100208.74,108537.3036,107179.47,122638.92,131327.74,102679.8619
Ohio,39,Putnam,137,39137,,,,,,106979.29,108752.0267,144280.7,155311.6406,155178.6897,177491.6776,189159.8387,148164.8376
Ohio,39,Richland,139,39139,,,,,,29203.75,29437.5,37809.7,38456.02,35211.3,41918.04,47697.72,37104.86143
Ohio,39,Ross,141,39141,,,,,,47251.55,47247.44,66849.55,67957.5,64059.57,79240.3317,78960.71558,64509.52247
Ohio,39,Sandusky,143,39143,,,,,,94790.69,94518.08,128019.02,117993.4,117537.46,131244.39,137532.93,117376.5671
Ohio,39,Scioto,145,39145,,,,,,10312.54,9827.88,17839.01,18472.6,19401.18,19649.05,16768.82,16038.72571
Ohio,39,Seneca,147,39147,,,,,,57420.37,57103.77,159612.84,155313.91,151649.43,175707.14,187352.21,134879.9529
Ohio,39,Shelby,149,39149,,,,,,78530,77968.95,109096.69,112871.74,114542.86,118259.5016,133187.31,106351.0074
Ohio,39,Stark,151,39151,,,,,,19993.91,19991.43,26783.933,28761.878,28739.328,31677.825,35314.055,27323.19414
Ohio,39,Summit,153,39153,,,,,,981.36,965.27,1698.72,2702.41,2530.75,2378.54,2557.11,1973.451429
Ohio,39,Trumbull,155,39155,,,,,,21359.52,21701.46,31118.21,33689.41,31440.69,34388.81,33000.33,29528.34714
Ohio,39,Tuscarawas,157,39157,,,,,,3437.27,3476.76,26616.2,29022.68,28675.78,27630.89,26684.89,20792.06714
Ohio,39,Union,159,39159,,,,,,81856.38,81429.28,99920.34,124703.28,138215.25,134943.3701,137378.6896,114063.7985
Ohio,39,Van Wert,161,39161,,,,,,98253.93,98607.06199,84814.46,82202.67,78905.7,185952.18,200996.2738,118533.1823
Ohio,39,Vinton,163,39163,,,,,,796.28,863.53,2005.57,1739.81,1750.15,1675.03,1642.88,1496.178571
Ohio,39,Warren,165,39165,,,,,,18593.1,18928.08524,20820.26,28199.9096,27084.9,34621.16,45155.87,27629.04069
Ohio,39,Washington,167,39167,,,,,,6726.27,6228.03,8532.01,7081.62,8279.93,8674.02,9701.56,7889.062857
Ohio,39,Wayne,169,39169,,,,,,26475.67549,26802.99866,48973.61603,84141.41874,86662.88942,79658.59,87665.38774,62911.51087
Ohio,39,Williams,171,39171,,,,,,50882.33,51697.74,84249.5,80946.72,80596.44,114686.2,128121.4,84454.33286
Ohio,39,Wood,173,39173,,,,,,71218.51,70695.97,189413.46,186722.38,187907.5476,223487.5902,230709.5,165736.4225
Ohio,39,Wyandot,175,39175,,,,,,76434.65,76804.87,124086.06,137155.56,135720.04,142241.91,150933.92,120482.43
Oklahoma,40,Adair,1,40001,,,,,,74.9,75.3,74.9,74.9,74.9,74.9,0,64.25714286
Oklahoma,40,Alfalfa,3,40003,,,,,,17626.16,18299.19,32879.78,266418.27,279625.3,62640.77,191702.18,124170.2357
Oklahoma,40,Atoka,5,40005,,,,,,0,0,0,0,0,0,0,0
Oklahoma,40,Beaver,7,40007,,,,,,10481.02,12092.32,33727.6,138987.92,211635.1666,116580.9454,103139.7342,89520.67231
Oklahoma,40,Beckham,9,40009,,,,,,5733.47,5936.13,8109.51,104270.13,110673.43,100668.89,103590.58,62711.73429
Oklahoma,40,Blaine,11,40011,,,,,,2205.21,3248.26,15899.35,218312.4,230440.25,76989.99798,141908.77,98429.17685
Oklahoma,40,Bryan,13,40013,,,,,,4477,4741.37,7759.7,18924.29,19217.18,18674.89,17958,13107.49
Oklahoma,40,Caddo,15,40015,,,,,,17530.27,17660.02,16355.1,53459.23,68184.11,48844.54,46443.8,38353.86714
Oklahoma,40,Canadian,17,40017,,,,,,1015.25,1830.86,2154.91,56771.37,120078.71,74285.37,125763.74,54557.17286
Oklahoma,40,Carter,19,40019,,,,,,0,0,0,0,2285.49,1219.79,781.19,612.3528571
Oklahoma,40,Cherokee,21,40021,,,,,,0,0,0,0,0,0,0,0
Oklahoma,40,Choctaw,23,40023,,,,,,0,0,0,0,0,0,0,0
Oklahoma,40,Cimarron,25,40025,,,,,,33525.29,33589.53,114079.74,260900.25,253108.73,152710.65,118210.92,138017.8729
Oklahoma,40,Cleveland,27,40027,,,,,,0,210.3,0,1270.88,1259.64,1339.81,1565.097828,806.5325469
Oklahoma,40,Coal,29,40029,,,,,,120.11,120.11,120.11,0,0,120.11,0,68.63428571
Oklahoma,40,Comanche,31,40031,,,,,,6858.55,8488.45,3112.68,13030.71,34335.44,23753.3,36672.97,18036.01429
Oklahoma,40,Cotton,33,40033,,,,,,3842.63,5045.01,4758.71,95161.88,119759.74,33243.97,57602.51,45630.63571
Oklahoma,40,Craig,35,40035,,,,,,12580.27,12902.6,20360.19,22138.53,22157.8,17874.29,17081.49,17870.73857
Oklahoma,40,Creek,37,40037,,,,,,554.02,365.8,576.67,764.89,1075.42,542.27,730.49,658.5085714
Oklahoma,40,Custer,39,40039,,,,,,2943.54,4211.74,23808.77,58460.61,84491.61,30655.02,35539.1809,34301.49584
Oklahoma,40,Delaware,41,40041,,,,,,3895.56,3998.16,3998.16,4828.83,5052.67,3964.83,4646.01,4340.602857
Oklahoma,40,Dewey,43,40043,,,,,,8259.64,10402.78104,13233.11,90336.57,139944.93,116871.1096,101597.2159,68663.62236
Oklahoma,40,Ellis,45,40045,,,,,,18206.09,18728.95,17832.24,18352.2,103615.12,83815.01,94929.05,50782.66571
Oklahoma,40,Garfield,47,40047,,,,,,30026.19,32549.16764,62767.32,268326.5253,341030.3889,164164.9617,251397.902,164323.2079
Oklahoma,40,Garvin,49,40049,,,,,,0,0,0,0,0,0,0,0
Oklahoma,40,Grady,51,40051,,,,,,612.4,829.99,10830.58,42368.1,65592.66634,52837.85,52005.79634,32153.91181
Oklahoma,40,Grant,53,40053,,,,,,23324.65,24998.41512,62496.92,343870.7644,389648.1547,101781.3074,310791.9386,179558.8786
Oklahoma,40,Greer,55,40055,,,,,,6261.3,6440.7,19628.1,88057.42,90648.69,36872.26,71554.87,45637.62
Oklahoma,40,Harmon,57,40057,,,,,,286.72,401.68,13571.34,87062.58,81988.98,36091.44,48011.68,38202.06
Oklahoma,40,Harper,59,40059,,,,,,26283.61,25203.04,27260.28,56732.03,103546.21,75040.17,69594.01,54808.47857
Oklahoma,40,Haskell,61,40061,,,,,,3705.86,3709.96,3751.46,2606.34,2165.79,2521.71,1940.61,2914.532857
Oklahoma,40,Hughes,63,40063,,,,,,0,0,0,0,0,0,0,0
Oklahoma,40,Jackson,65,40065,,,,,,6223.28,6359.71,40181.44,141099.01,99177.15,41789.19,139812.99,67806.11
Oklahoma,40,Jefferson,67,40067,,,,,,0,0,0,1900.6,3640.22,668.448071,2160.95,1195.745439
Oklahoma,40,Johnston,69,40069,,,,,,0,0,0,0,0,0,0,0
Oklahoma,40,Kay,71,40071,,,,,,42851.29,45353.21411,76308.25411,170231.4504,208126.562,141025.5983,147349,118749.3384
Oklahoma,40,Kingfisher,73,40073,,,,,,2180.9,4689.36,14244.12,134618.25,204567.5297,69215.71604,187301.2398,88116.73079
Oklahoma,40,Kiowa,75,40075,,,,,,15159.27,16933.22,27990.04,167199.6,178201.66,50093.31,82983.73,76937.26143
Oklahoma,40,Latimer,77,40077,,,,,,0,0,0,0,0,0,0,0
Oklahoma,40,Le Flore,79,40079,,,,,,19225.38,16543.36,18757.39,18142.55,15136.29,16935.99,14500.61,17034.51
Oklahoma,40,Lincoln,81,40081,,,,,,1974.16,2469.99,3932.08,2637.06,2113.02,3092.98,1816.84,2576.59
Oklahoma,40,Logan,83,40083,,,,,,2372.69,4050.05,4794.09,62337.62,57049.95,19376.63,30080.5,25723.07571
Oklahoma,40,Love,85,40085,,,,,,1435.92,1404.45,682.84,1012.03,2230.04,2114.389699,1727.78,1515.349957
Oklahoma,40,McClain,87,40087,,,,,,0,0,251.19,2329.39,2664.2,2492.96,2514.02,1464.537143
Oklahoma,40,McCurtain,89,40089,,,,,,5704.82,5697.78,11757.37,11598.43,11003.62,14721.26,18260.7,11249.14
Oklahoma,40,McIntosh,91,40091,,,,,,2420.72,2506.62,2349.2,1378.84,821.38,950.68,2190.8,1802.605714
Oklahoma,40,Major,93,40093,,,,,,30266.01,32270.2,45413.55,120721.29,140840.19,56989,100407.69,75272.56143
Oklahoma,40,Marshall,95,40095,,,,,,0,0,0,0,1583.2,1573.6,1223.6,625.7714286
Oklahoma,40,Mayes,97,40097,,,,,,4650.36,4885.07,4600.31,13988.72,14271.28,15602.63,15438.46,10490.97571
Oklahoma,40,Murray,99,40099,,,,,,0,0,0,0,0,0,0,0
Oklahoma,40,Muskogee,101,40101,,,,,,27063.47,26261.09,26998.77,20498.03,19416.23,17558.7,24899.15,23242.20571
Oklahoma,40,Noble,103,40103,,,,,,4115.65,5161.01,10620.4,25779.72,39378.98,18081.1,41471.66,20658.36
Oklahoma,40,Nowata,105,40105,,,,,,5700.1,5190.19,4801.19,5802.99,6695.25,5239.03,5435.62,5552.052857
Oklahoma,40,Okfuskee,107,40107,,,,,,0,0,514.01,632.5,1495.01,515.6,509.5,523.8028571
Oklahoma,40,Oklahoma,109,40109,,,,,,606.21,1112.69,281.57,8170.78,6442.28,2025.58,1740.035283,2911.306469
Oklahoma,40,Okmulgee,111,40111,,,,,,10486.8,9974.73,13368.14,9166.85,8762.52,6870.52,10926.56,9936.588571
Oklahoma,40,Osage,113,40113,,,,,,6408.92,5678.48,5908.97,11520.85,20992.98,15893.78,11691.08,11156.43714
Oklahoma,40,Ottawa,115,40115,,,,,,18492.15056,18189.25,18632.31,23993.76,26051.72,24430.5,19766.72,21365.20151
Oklahoma,40,Pawnee,117,40117,,,,,,1565.04,1727.23,2495.98,3895.87,4615.44,3180.77,4064.03,3077.765714
Oklahoma,40,Payne,119,40119,,,,,,45.1,1700.15,1132.81,4184.8,3370.38,1356.54,873.45,1809.032857
Oklahoma,40,Pittsburg,121,40121,,,,,,0,0,0,0,0,0,0,0
Oklahoma,40,Pontotoc,123,40123,,,,,,1699.74,1670.04,1749.03,1874.54,1662.54,1357.91,1159.68,1596.211429
Oklahoma,40,Pottawatomie,125,40125,,,,,,0,0,242.1,242.1,242.1,342.5,334.4,200.4571429
Oklahoma,40,Pushmataha,127,40127,,,,,,0,0,0,0,0,0,0,0
Oklahoma,40,Roger Mills,129,40129,,,,,,32166.04,31578.63,36418.35,63304.82,80285.0685,64945.84476,70102.1655,54114.41697
Oklahoma,40,Rogers,131,40131,,,,,,7336.81,7914.04,7963.89,7855.95,8994.33,8362.94,7477.38,7986.477143
Oklahoma,40,Seminole,133,40133,,,,,,0,0,0,0,0,0,0,0
Oklahoma,40,Sequoyah,135,40135,,,,,,13497.85,9456.35,5800.3,11007.93,6505.88,9452.94,11682.58,9629.118571
Oklahoma,40,Stephens,137,40137,,,,,,0,0,162.43,3629.14,5124.22,1668,1674.2,1751.141429
Oklahoma,40,Texas,139,40139,,,,,,78625.22,79719.49,126718.28,274320.9,345371.0361,250653.77,229868.64,197896.7623
Oklahoma,40,Tillman,141,40141,,,,,,6487.51,7688.4975,14291.3,44358.31,142360.7197,10242.44225,132866.17,51184.99278
Oklahoma,40,Tulsa,143,40143,,,,,,4094.77,3551.52,3914.51,3766.41,3824.01,3659.24,3396.96,3743.917143
Oklahoma,40,Wagoner,145,40145,,,,,,26926.01,27300.21506,27002.05,50616,43721,41126.6,48760.9,37921.82501
Oklahoma,40,Washington,147,40147,,,,,,7328.64,6466.74,5796.98,7826.2,7795.5,6622.85,6143,6854.272857
Oklahoma,40,Washita,149,40149,,,,,,17811.34,18931.54,44013.8,255391,273665.76,106448.97,103417.86,117097.1814
Oklahoma,40,Woods,151,40151,,,,,,6997.19,9026.84,17127.63,178096.21,195333.07,15395.36,68850.71,70118.14429
Oklahoma,40,Woodward,153,40153,,,,,,3334.84,5801.02,9986.67,36194.98,129169.95,108978.38,79550.43,53288.03857
Oregon,41,Baker,1,41001,,,,,,1447.92,1445.03,457.79,2495.84,2074.51,1266,2385.6,1653.241429
Oregon,41,Benton,3,41003,,,,,,0,0,0,0,0,0,0,0
Oregon,41,Clackamas,5,41005,,,,,,1339.84,1274.89,1045.89,1010.69,1010.69,916.39,812.13,1058.645714
Oregon,41,Clatsop,7,41007,,,,,,0,0,0,0,0,0,0,0
Oregon,41,Columbia,9,41009,,,,,,0,0,0,0,0,0,0,0
Oregon,41,Coos,11,41011,,,,,,0,0,0,0,0,0,0,0
Oregon,41,Crook,13,41013,,,,,,0,0,0,443.6,0,393.3,474.6,187.3571429
Oregon,41,Curry,15,41015,,,,,,0,0,0,0,0,0,0,0
Oregon,41,Deschutes,17,41017,,,,,,0,0,0,0,0,0,0,0
Oregon,41,Douglas,19,41019,,,,,,0,0,0,0,0,0,0,0
Oregon,41,Gilliam,21,41021,,,,,,0,0,12641.06,85058.56,100430.13,73115.88,89684.86,51561.49857
Oregon,41,Grant,23,41023,,,,,,0,0,0,0,0,0,0,0
Oregon,41,Harney,25,41025,,,,,,5443.72,5486.72,5461.92,5283.24,5308.62,5056.22,5037.73,5296.881429
Oregon,41,Hood River,27,41027,,,,,,0,0,0,0,0,0,0,0
Oregon,41,Jackson,29,41029,,,,,,0,0,0,0,0,0,0,0
Oregon,41,Jefferson,31,41031,,,,,,3949.16,3841.49,3571,6659.65,6518.49,7669.18,10867.98,6153.85
Oregon,41,Josephine,33,41033,,,,,,0,0,0,0,0,0,0,0
Oregon,41,Klamath,35,41035,,,,,,6197.77,6271.67,5880.17,5465.34,5327.09,4554.13,4629.8,5475.138571
Oregon,41,Lake,37,41037,,,,,,9525.53,9525.53,10192.53,10194.56,8555.86,10183.46,9152.36,9618.547143
Oregon,41,Lane,39,41039,,,,,,0,0,0,0,0,0,0,0
Oregon,41,Lincoln,41,41041,,,,,,0,0,0,0,0,0,0,0
Oregon,41,Linn,43,41043,,,,,,0,0,0,0,0,0,0,0
Oregon,41,Malheur,45,41045,,,,,,11869.73,11316.93,9525.8,13883.71,14182.31,14734.04,12452.95,12566.49571
Oregon,41,Marion,47,41047,,,,,,1704.8,1675.25,1215.45,1197.45,1155.1,1364.46,1615.2,1418.244286
Oregon,41,Morrow,49,41049,,,,,,0,0,20713.91,162345.38,165983.47,93907.36,156663.4,85659.07429
Oregon,41,Multnomah,51,41051,,,,,,759.7,727.96,0,0,0,0,0,212.5228571
Oregon,41,Polk,53,41053,,,,,,4069.19,4415.95,4212.22,4615.76,4370.59,4226.93,3310.16,4174.4
Oregon,41,Sherman,55,41055,,,,,,2926.46,2926.46,1612.7,88562.1,81586.66,87232.69,90875.35,50817.48857
Oregon,41,Tillamook,57,41057,,,,,,0,0,0,0,0,0,0,0
Oregon,41,Umatilla,59,41059,,,,,,195.15,1215.19,4054.42,234076.5279,235772.55,113976.79,191706.37,111570.9997
Oregon,41,Union,61,41061,,,,,,514.64,759.41,41.05,56785.4,58575.31,51935.21,56106.73,32102.53571
Oregon,41,Wallowa,63,41063,,,,,,1394.33,1394.33,1543.25,5392,10529.63,11021.01,17196.18,6924.39
Oregon,41,Wasco,65,41065,,,,,,2536.77,2536.77,11289.41,52564.1,32062.12,29218.3,36233.1,23777.22429
Oregon,41,Washington,67,41067,,,,,,18328.66,18141.84,7695.56,2363.73,2231.03,2255.82,2492.99,7644.232857
Oregon,41,Wheeler,69,41069,,,,,,0,0,0,0,1276.66,0,0,182.38
Oregon,41,Yamhill,71,41071,,,,,,12852.45,13596.04,8572.47,6430.29,5914.36,5610.29,6934.52,8558.631429
Pennsylvania,42,Adams,1,42001,,,,,,21586.56,21209.2,25370.07,23173.15,24529.583,23145.153,23659.969,23239.09786
Pennsylvania,42,Allegheny,3,42003,,,,,,142.51,142.51,146.01,146.01,146.01,146.01,146.01,145.01
Pennsylvania,42,Armstrong,5,42005,,,,,,1823.84,1804.2,1836.16,4250.93,4543.62,6942.04,7657.82,4122.658571
Pennsylvania,42,Beaver,7,42007,,,,,,1699.95,1917.948,1936.0026,1964.44,1977.415,1956.81,2709.11,2023.096514
Pennsylvania,42,Bedford,9,42009,,,,,,16091.03,16122.08108,15407.05108,15323.51328,16953.28108,17557.89,17008.969,16351.97365
Pennsylvania,42,Berks,11,42011,,,,,,38415.76,37075.01,36967.23,38028.7,35366.27,35218.12,34797,36552.58429
Pennsylvania,42,Blair,13,42013,,,,,,10926.94,11684.3,11337.45,10837.6,13488.791,14860.6613,15556.2858,12670.28973
Pennsylvania,42,Bradford,15,42015,,,,,,17304.72,17185.5,16927.18,13602.34,15149.5584,16150.3885,13343.602,15666.18413
Pennsylvania,42,Bucks,17,42017,,,,,,13694.68,13631.63,13352.42,12905.58,12755.41,12191.96,12505.86,13005.36286
Pennsylvania,42,Butler,19,42019,,,,,,10711.95,10689.47,11328.236,11476.869,11838.879,12304.11,16139.64,12069.87914
Pennsylvania,42,Cambria,21,42021,,,,,,7709.38,7629.78,7104.2,8003.12,8115.38,9823.45,14024.66,8915.71
Pennsylvania,42,Cameron,23,42023,,,,,,0,0,0,0,0,0,0,0
Pennsylvania,42,Carbon,25,42025,,,,,,3682.86,3626.16,3393.16,3604.73,3487.17,3460.1,3538.63,3541.83
Pennsylvania,42,Centre,27,42027,,,,,,13403.26,14290.831,18265.45,20271.22,20893.8,21427.4332,21585.132,18591.01803
Pennsylvania,42,Chester,29,42029,,,,,,15500.75,15855.66,14752.61,14581.62,14254.09,15735.34,16889.66,15367.10429
Pennsylvania,42,Clarion,31,42031,,,,,,2134.77,2115.55,2444.32,3004.87,3005.95,3089.1,3102.21,2699.538571
Pennsylvania,42,Clearfield,33,42033,,,,,,84.4,218,184.64,2497.83,2993.97,3290.02,2903.486,1738.906571
Pennsylvania,42,Clinton,35,42035,,,,,,4243.93,5022.88674,6644.28,7408.49,7314.28,7211.01,6913.73,6394.086677
Pennsylvania,42,Columbia,37,42037,,,,,,23800.59,23176.7654,23650.67,25493.0753,24803.6763,23285.75,24056.37,24038.12814
Pennsylvania,42,Crawford,39,42039,,,,,,12693.16,12386.18,20065.37,22883.85,24716.34,27090.79,26195.65,20861.62
Pennsylvania,42,Cumberland,41,42041,,,,,,25672.61,26132.15,27096.08728,27200.78728,27194.5126,27602.85,26961.022,26837.14559
Pennsylvania,42,Dauphin,43,42043,,,,,,18146.85,17461.45416,18480.62,19044.8675,19856.7375,20214.26883,19729.83957,18990.66251
Pennsylvania,42,Delaware,45,42045,,,,,,776.92,739.57,739.57,733.77,733.77,725.01,725.01,739.0885714
Pennsylvania,42,Elk,47,42047,,,,,,0,0,0,335.01,387.67,381.67,381.67,212.2885714
Pennsylvania,42,Erie,49,42049,,,,,,5449.68,5630.87818,7750.21,7062.54904,8707.61,9425.19,9822.590814,7692.672576
Pennsylvania,42,Fayette,51,42051,,,,,,1369.56,1362.16,153.3,8420.33,8526.3,6452.92,8487.14,4967.387143
Pennsylvania,42,Forest,53,42053,,,,,,49.33,49.23,54.03,54.03,54.03,54.03,54.03,52.67285714
Pennsylvania,42,Franklin,55,42055,,,,,,41251.15,41349.75,36406.4,35641.63,35986.65307,36176.29095,35371.28853,37454.73751
Pennsylvania,42,Fulton,57,42057,,,,,,7685.17,8078.83,7674.85,7679.88,7819.3436,8037.75,7864.37,7834.313371
Pennsylvania,42,Greene,59,42059,,,,,,0,0,0,0,0,0,37.2,5.314285714
Pennsylvania,42,Huntingdon,61,42061,,,,,,13416.46,13749.91,16639.89,17326.768,17232.85,17541.0423,17952.4144,16265.61924
Pennsylvania,42,Indiana,63,42063,,,,,,20905.22,20624.25,11454.35,12090.76,12071.26,12116.17,14644.02,14843.71857
Pennsylvania,42,Jefferson,65,42065,,,,,,23.3,180.46,373.28,2491.67,3674.74,3628.62,3363.64,1962.244286
Pennsylvania,42,Juniata,67,42067,,,,,,10455.68,10394.6472,10563.76,10848.7601,10919.78125,10453.25787,12567.88764,10886.25344
Pennsylvania,42,Lackawanna,69,42069,,,,,,649.07,663.74,578.86,482.89,538.41,641.9,374.31,561.3114286
Pennsylvania,42,Lancaster,71,42071,,,,,,42076.49,41738.8,41819.1,41567.992,42257.89,41515.07,41460.13,41776.496
Pennsylvania,42,Lawrence,73,42073,,,,,,11430.41,11525.63,11435.37,12456.87,13067.39,14016.35,14613.4191,12649.34844
Pennsylvania,42,Lebanon,75,42075,,,,,,12247.03,11784.24,11889.44,12391.5,12285.32,12105.95,11990.83,12099.18714
Pennsylvania,42,Lehigh,77,42077,,,,,,15440.03,15103.74,13892.3,16784.01,19725.11,19984.29,20070.06,17285.64857
Pennsylvania,42,Luzerne,79,42079,,,,,,8490.16,8435.8097,8276.52,8324.773,8324.83,8382.46,8083.01,8331.080386
Pennsylvania,42,Lycoming,81,42081,,,,,,386.32,601.33,1396.01,2390.05,5879.99,5127.24,5484.52,3037.922857
Pennsylvania,42,McKean,83,42083,,,,,,201.68,201.23,166.53,219.47,245.27,237.75,228.35,214.3257143
Pennsylvania,42,Mercer,85,42085,,,,,,15726.25,15915.23,25677.32,25641.49,27101.54,30674.302,32160.382,24699.502
Pennsylvania,42,Mifflin,87,42087,,,,,,8299.48,8654.16,9078.8,9291.38,10076.03432,9657.10259,9292.43812,9192.770719
Pennsylvania,42,Monroe,89,42089,,,,,,4582.42,4513.42,4863.25,5278.13,5366.53,5214.45,5087.92,4986.588571
Pennsylvania,42,Montgomery,91,42091,,,,,,5252.91,5197.97,4926.25,4206.2,3808.4,4352.39,4117.79,4551.701429
Pennsylvania,42,Montour,93,42093,,,,,,10324.67,10056.282,10177.62,10559.028,10590.789,9611.5,9603.89,10131.96843
Pennsylvania,42,Northampton,95,42095,,,,,,22875.52,22496.69,22290.67,22671.55,24012.56,24118.29,24145.2,23230.06857
Pennsylvania,42,Northumberland,97,42097,,,,,,30908.88,30918.39321,31239.21279,29730.37576,29189.56762,30836.92162,31978.97472,30686.04653
Pennsylvania,42,Perry,99,42099,,,,,,15495.25,14933.79111,16226.45,16754.21395,17514.60051,17675.73306,17984.03471,16654.86762
Pennsylvania,42,Philadelphia,101,42101,,,,,,0,0,0,0,0,0,0,0
Pennsylvania,42,Pike,103,42103,,,,,,0,0,0,0,0,0,0,0
Pennsylvania,42,Potter,105,42105,,,,,,0,0,2326.98,1562.68,2004.11,2437.5,2395.9,1532.452857
Pennsylvania,42,Schuylkill,107,42107,,,,,,20413.2177,20278.38,20585.75,19325.3,19779.78,19446.92,18459.96,19755.61539
Pennsylvania,42,Snyder,109,42109,,,,,,4235.25,4150.01,6959.58,9517.11865,9949.6602,11514.125,12043.7547,8338.499793
Pennsylvania,42,Somerset,111,42111,,,,,,1001.66,976.46,989.84,1522.47,5539.13,7003.94,9328.64,3766.02
Pennsylvania,42,Sullivan,113,42113,,,,,,891.99,1072.39,1663.95,1468.45,1658.944,1594.644,1272.77,1374.734
Pennsylvania,42,Susquehanna,115,42115,,,,,,2491.99,2281.99,2256.99,2179.15,1726.71,1882.8,1766.3,2083.704286
Pennsylvania,42,Tioga,117,42117,,,,,,6190.19,6313.05,7365.92,7600.8,7590.22,6981.528989,7675.62,7102.47557
Pennsylvania,42,Union,119,42119,,,,,,7039.56,7297.86,8303.82,9318.7207,8500.2097,8626.0097,8949.5397,8290.817114
Pennsylvania,42,Venango,121,42121,,,,,,1706.47,1766.53,2168.03,2021.42,2377.15,2478.74,2812.15,2190.07
Pennsylvania,42,Warren,123,42123,,,,,,782.9,855.8,858.98,990.94,977.72,988.81,850.54,900.8128571
Pennsylvania,42,Washington,125,42125,,,,,,22.7,40,0,399.72,0,272.21,750.45,212.1542857
Pennsylvania,42,Wayne,127,42127,,,,,,907.13,950.23,805.43,739.6,736.5,791.7,647.4,796.8557143
Pennsylvania,42,Westmoreland,129,42129,,,,,,1922.06,1256.76,2369.22,2970.59,15982.13,14960,15639.59,7871.478571
Pennsylvania,42,Wyoming,131,42131,,,,,,1784.76,1871.9,2025.53,1846.33,1996.05,2093.56,2470.94,2012.724286
Pennsylvania,42,York,133,42133,,,,,,49734.778,48203.02,57979.62,58728.57,64532.43,73751.946,77179.23,61444.22771
Rhode Island,44,Bristol,1,44001,,,,,,0,0,0,0,0,0,0,0
Rhode Island,44,Kent,3,44003,,,,,,0,0,0,0,0,0,0,0
Rhode Island,44,Newport,5,44005,,,,,,136.4,138.7,138.7,0,319.71,333.31,324.75,198.7957143
Rhode Island,44,Providence,7,44007,,,,,,110.4,110.4,110.4,110.4,113.8,113.8,96.9,109.4428571
Rhode Island,44,Washington,9,44009,,,,,,349.2,338.8,368.58,374.775,319.575,369.075,321.68,348.8121429
South Carolina,45,Abbeville,1,45001,,,,,,357.55,357.55,357.55,445.9,270.14,270.14,40.63,299.9228571
South Carolina,45,Aiken,3,45003,,,,,,8229.9,7990.29,8134.29,8342.77,7794.54,7377.87,6903.71,7824.767143
South Carolina,45,Allendale,5,45005,,,,,,24633.69,24952.83,21971.09,24616.01,24564.93,23797.2,26452.12,24426.83857
South Carolina,45,Anderson,7,45007,,,,,,3810.63,3977.17,6251.2,6466.44,5886.0046,4992.4876,4947.00462,5190.133831
South Carolina,45,Bamberg,9,45009,,,,,,13609.61,13625.28,13415.08,13923.28,14040.08428,13915.22428,19223.54178,14536.01433
South Carolina,45,Barnwell,11,45011,,,,,,9987.06,10241.12,10013.89,10584,9947.48,9650.97,10840.94,10180.78
South Carolina,45,Beaufort,13,45013,,,,,,0,0,0,0,0,0,0,0
South Carolina,45,Berkeley,15,45015,,,,,,2555.25,2696.21,2652.95,2372.46,1986.26,2560.08,2429.82,2464.718571
South Carolina,45,Calhoun,17,45017,,,,,,6793.05621,6888.85,8887.24,11312.39,12747.395,13524.72,12839.04,10427.52732
South Carolina,45,Charleston,19,45019,,,,,,0,0,0,0,0,0,0,0
South Carolina,45,Cherokee,21,45021,,,,,,1327.37,1338.27,1321.4,1267.11,1192.45,1131.42,1081.5,1237.074286
South Carolina,45,Chester,23,45023,,,,,,1061.22,1061.22,2179.3,2162.5,2148.93,2146.53,2164.13,1846.261429
South Carolina,45,Chesterfield,25,45025,,,,,,10176.86,9950.491,11493.36,9675.08,13588.27,14246.1,13985.98,11873.73443
South Carolina,45,Clarendon,27,45027,,,,,,47129.7486,47162.39,50073.64,47891.14,53634.66,63911.23,65384.45,53598.1798
South Carolina,45,Colleton,29,45029,,,,,,13514.924,14096.22,13053.99,14218.39,13944.43,13900.22,14070.17,13828.33486
South Carolina,45,Darlington,31,45031,,,,,,54360.23,54131.53,52981.98,55019.6,56554.85,67975.93,57573.34,56942.49429
South Carolina,45,Dillon,33,45033,,,,,,42564.01,39758.82,48205.77,51194.71,50783.2,58359.28,52227.28,49013.29571
South Carolina,45,Dorchester,35,45035,,,,,,12164.64,12131.13,11442.72,11927.51,13292.73,12558.4,11675.7,12170.40429
South Carolina,45,Edgefield,37,45037,,,,,,1086.05,1078.04,1057.85,1262.85,1221.75,1202.5,1287.59,1170.947143
South Carolina,45,Fairfield,39,45039,,,,,,0,0,0,0,255.89,0,0,36.55571429
South Carolina,45,Florence,41,45041,,,,,,44910.72,44408.71,52740.04,52656.7951,46777.82,53478.73,54405.23,49911.1493
South Carolina,45,Georgetown,43,45043,,,,,,5069.65,5069.26,4616.08,4692.11,4708.21,4578.35,4529.75,4751.915714
South Carolina,45,Greenville,45,45045,,,,,,0,0,0,0,0,0,0,0
South Carolina,45,Greenwood,47,45047,,,,,,43.21,43.21,43.21,42.14,42.14,57.14,57.14,46.88428571
South Carolina,45,Hampton,49,45049,,,,,,15368,15168.26,15143.95,22265.22,22304.78,29012.37,22030.28,20184.69429
South Carolina,45,Horry,51,45051,,,,,,39589.12,39692.63,41399.03,42853.84,38811.1057,37906.1,35368.23,39374.29367
South Carolina,45,Jasper,53,45053,,,,,,1625.37,1630.76,1609.71,2517.8,2695.93,3166.1,2874.03,2302.814286
South Carolina,45,Kershaw,55,45055,,,,,,3981.77,3862.37,3492.46,3827.59,4247.815304,4358.14,5018.96,4112.729329
South Carolina,45,Lancaster,57,45057,,,,,,961.27,968.67,875.37,905.17,962.24,726.64,1229.91,947.0385714
South Carolina,45,Laurens,59,45059,,,,,,767.32,759.03,639.81,284.04,483.77,431.64,842.46,601.1528571
South Carolina,45,Lee,61,45061,,,,,,37141.08,29844.61,27057.69,46301.42,43753.71163,54308.29,48234.23,40948.7188
South Carolina,45,Lexington,63,45063,,,,,,6085.76,5869.97,6233.67,6257.10704,6118.302,6259.89,6551.97,6196.667006
South Carolina,45,McCormick,65,45065,,,,,,0,0,0,0,0,0,0,0
South Carolina,45,Marion,67,45067,,,,,,22088.48,21722.78,21066.27,22181.61,23156.93,24376.86,24114.37,22672.47143
South Carolina,45,Marlboro,69,45069,,,,,,22407.4,21518.21,23849.28,32175.16,30573.74,35553.61,31240.018,28188.20257
South Carolina,45,Newberry,71,45071,,,,,,5844.38,5573.27,5453.45,5691.64,7445.09,7801.43,10116.25,6846.501429
South Carolina,45,Oconee,73,45073,,,,,,899.66,539.28,899.66,1045.89,1030.49,910.4361,904.7,890.0165857
South Carolina,45,Orangeburg,75,45075,,,,,,42094.7,42643.94,47332.1,56322.03,58730.5692,62895.25,63432.53,53350.15989
South Carolina,45,Pickens,77,45077,,,,,,0,0,0,0,0,0,0,0
South Carolina,45,Richland,79,45079,,,,,,4647.24,4652.37,2887.96,3730.42,7037.59,7775.61,9901.87,5804.722857
South Carolina,45,Saluda,81,45081,,,,,,2451.44,2401.48,2700.05,3255.52,3234.51,3271.12,2311.75,2803.695714
South Carolina,45,Spartanburg,83,45083,,,,,,1817.13,1812.63,1764.28,1848.19,1802.08,1840.09,1814.09,1814.07
South Carolina,45,Sumter,85,45085,,,,,,41604.8294,39613.79,33637.96,46065.52,46309.37134,49244.22,52495.01,44138.67153
South Carolina,45,Union,87,45087,,,,,,0,0,0,0,0,0,0,0
South Carolina,45,Williamsburg,89,45089,,,,,,25911.53,24441.69,29085.46,32587.5966,33196.39,34854.73,36150.62,30889.71666
South Carolina,45,York,91,45091,,,,,,1242.62,1432.56,1528.41,1547.33,1567.57,1501.41,1608.1,1489.714286
South Dakota,46,Aurora,3,46003,,,,,,65800.44,59073.19,128894.79,151800.3632,143112.8466,159736.26,157824.92,123748.9728
South Dakota,46,Beadle,5,46005,,,,,,163019.26,161739.03,302003.25,329003.41,332520.26,336028.12,325647.46,278565.8271
South Dakota,46,Bennett,7,46007,,,,,,6527.82,6558.12,5709.28,41494.57,39500.24,20432.91,41837.65,23151.51286
South Dakota,46,Bon Homme,9,46009,,,,,,48920.2,48967.99,145313.69,137025.35,154640.06,174511.97,161777.78,124451.0057
South Dakota,46,Brookings,11,46011,,,,,,172667.11,172238.54,254547.24,260589.36,265171.88,268568.21,264553.21,236905.0786
South Dakota,46,Brown,13,46013,,,,,,196445.59,198060.04,457619.94,529125.87,537154.57,558807.17,578602.14,436545.0457
South Dakota,46,Brule,15,46015,,,,,,45279.23,44270.44,121019.48,174616.96,177919.1,171486.8,175355.3,129992.4729
South Dakota,46,Buffalo,17,46017,,,,,,16037.14,16023.36,36660.82,52577.46,56050.32,53696.06,57775.46,41260.08857
South Dakota,46,Butte,19,46019,,,,,,8383.97,8491.69,8661.46,30090.94,30591.33,31435.6556,23779.27,20204.90223
South Dakota,46,Campbell,21,46021,,,,,,38948.42,38946.6,106774.74,131727.63,122462.37,134418.62,154786.17,104009.2214
South Dakota,46,Charles Mix,23,46023,,,,,,65957.73,65959.5,259383.08,259706.8,259740.82,294906.18,277164.91,211831.2886
South Dakota,46,Clark,25,46025,,,,,,124992.48,124418.2,215863.57,245483.13,252047.82,258599.23,267260.64,212666.4386
South Dakota,46,Clay,27,46027,,,,,,48600.66,48812.33,170423.55,154166.42,155600.68,178023.29,161291.3,130988.3186
South Dakota,46,Codington,29,46029,,,,,,83860.28,86277.23,147870.03,181291.78,181590.66,185642.18,195724.79,151750.9929
South Dakota,46,Corson,31,46031,,,,,,64257.98,64375.49,111781.03,141563.29,146383.57,141598.11,165172.79,119304.6086
South Dakota,46,Custer,33,46033,,,,,,677.56,677.56,917.69,3710.35,4649.55,4190.99,4050.09,2696.255714
South Dakota,46,Davison,35,46035,,,,,,47837.46,46802.82,113378.69,119954.8652,124378.0652,128847.7052,125286.41,100926.5736
South Dakota,46,Day,37,46037,,,,,,111384.14,111634.59,205292.88,237287.14,254259.7,260023.67,270624.07,207215.17
South Dakota,46,Deuel,39,46039,,,,,,76456.58,76134.34,160647.49,162999.37,162670.37,173327.28,170889.59,140446.4314
South Dakota,46,Dewey,41,46041,,,,,,22857.77,23387.43,51905.76,78877.09,77212.96,84561.06,100023.59,62689.38
South Dakota,46,Douglas,43,46043,,,,,,40911.27,40632.01,104479.01,100674.78,116682.76,134433.0765,128207.63,95145.79093
South Dakota,46,Edmunds,45,46045,,,,,,112647.14,112060.17,230142.84,248598.17,280588.76,313531.73,321684.75,231321.9371
South Dakota,46,Fall River,47,46047,,,,,,1176.43,1152.90521,3969.47,12327.31,12833.2,11341.91,8909.65,7387.267887
South Dakota,46,Faulk,49,46049,,,,,,113505.01,112732.42,190958.29,216404.87,228261.05,240458.34,256936.07,194179.4357
South Dakota,46,Grant,51,46051,,,,,,68937.7,65395.92,135519.46,130036.09,144273.99,162484.44,176211.52,126122.7314
South Dakota,46,Gregory,53,46053,,,,,,56720.51,57640.26,85083.54,115595.32,118686.12,122992.07,127233.11,97707.27571
South Dakota,46,Haakon,55,46055,,,,,,13893.4,14045.83605,23017.16,47703.68,97154.56,80943.98,98554.81,53616.20372
South Dakota,46,Hamlin,57,46057,,,,,,117500.1,118209.26,146099.88,148651.77,148367.79,160511.83,174412.1,144821.8186
South Dakota,46,Hand,59,46059,,,,,,82565.31,82478.42,244320.23,311956.58,321646.45,316295.96,336879.52,242306.0671
South Dakota,46,Hanson,61,46061,,,,,,44608.59,43565.9,143608.38,147721.02,148137.25,142149.95,123468.86,113322.85
South Dakota,46,Harding,63,46063,,,,,,18393.73,18526.73,26377.03,62119.43,73424.88,71126.43,77252.92,49603.02143
South Dakota,46,Hughes,65,46065,,,,,,40580.65,41208.07,64718.41,160695.41,168002.79,168594.16,177086.77,117269.4657
South Dakota,46,Hutchinson,67,46067,,,,,,52824.99,52876.09455,158760.45,157872.0846,215662.3046,285512.66,277315.1,171546.2405
South Dakota,46,Hyde,69,46069,,,,,,32950.98,32780.51,72056.86,119944.97,126871.57,133621.33,140630.9,94122.44571
South Dakota,46,Jackson,71,46071,,,,,,2384.84,2384.84,3863.99,9031.5,29136.03,24441.83,39042.72,15755.10714
South Dakota,46,Jerauld,73,46073,,,,,,35611.89,35734.44,84664.74,95943.2,104181.09,103606.6,106292.4,80862.05143
South Dakota,46,Jones,75,46075,,,,,,4664.99,4550.52,42478.19,77407.42,78949.4,89336.02,98894.19,56611.53286
South Dakota,46,Kingsbury,77,46077,,,,,,235269.38,227716.14,264332.14,270268.7156,279712.277,283326.947,282644.51,263324.3014
South Dakota,46,Lake,79,46079,,,,,,158489.48,158474,198106.73,208145.66,207943.67,216738.24,224208.36,196015.1629
South Dakota,46,Lawrence,81,46081,,,,,,686.04,686.04,686.04,1182.46,1130.66,1168.41,981.21,931.5514286
South Dakota,46,Lincoln,83,46083,,,,,,104758.15,103615.66,174645.91,188955.7,197545.26,200946.31,220143.23,170087.1743
South Dakota,46,Lyman,85,46085,,,,,,15406.83,15417.83,101885.03,178250.22,157879.84,188066.7942,196020.73,121846.7535
South Dakota,46,McCook,87,46087,,,,,,119711.83,119789.86,145522.11,145804.07,146615.68,150623.19,150710.36,139825.3
South Dakota,46,McPherson,89,46089,,,,,,72669.06,72912.5,136371.73,164267.07,169993.66,179391.83,194533.15,141448.4286
South Dakota,46,Marshall,91,46091,,,,,,76407.07,76109.08,167520.05,192273.6,191891.43,202993.58,211547.68,159820.3557
South Dakota,46,Meade,93,46093,,,,,,2213.49,2147.027208,14076.75,37996.68,36498.16,37797.71,22471.18,21885.85674
South Dakota,46,Mellette,95,46095,,,,,,6809.63,6666.92,23762.76,34207.08,35828.34,30780.85,41339.89,25627.92429
South Dakota,46,Miner,97,46097,,,,,,124470.41,124112.25,150057.37,134609.66,137302.05,130858.63,137666.73,134153.8714
South Dakota,46,Minnehaha,99,46099,,,,,,140291.03,140324.88,207732.36,224966.32,251677.24,265473.7565,272195.83,214665.9166
South Dakota,46,Moody,101,46101,,,,,,149076.67,149327.31,189661.4,194658.6,197476.82,203180.45,206177.09,184222.62
South Dakota,46,Pennington,103,46103,,,,,,5.7,5.7,5.7,1452.46,24182.77,9511.11,28322.87,9069.472857
South Dakota,46,Perkins,105,46105,,,,,,17767.92,17966.92,24667.63,87254.22,140007.59,107369.23,147754.13,77541.09143
South Dakota,46,Potter,107,46107,,,,,,87306.01,87321.34,193156.94,263488.26,265473.6,243191.38,264508.07,200635.0857
South Dakota,46,Roberts,109,46109,,,,,,136244.88,135746.88,228425.34,279670.92,285223.94,300125.75,315753.96,240170.2386
South Dakota,46,Sanborn,111,46111,,,,,,40960.03,40873.27,114182.18,121688.06,128978.46,129890.83,125653.91,100318.1057
South Dakota,46,Shannon,113,46113,,,,,,0,0,0,10469.26,10693.54,4630.15,7652.14,4777.87
South Dakota,46,Spink,115,46115,,,,,,301353.21,297998.0149,458582.93,512329.94,519517.37,540023.93,570335.87,457163.0378
South Dakota,46,Stanley,117,46117,,,,,,16311.84,16664.35,47938.08,113526.62,143978.25,139519.86,143536.61,88782.23
South Dakota,46,Sully,119,46119,,,,,,56596.42,56636.14,165808.79,304467.93,323693.05,291556.11,333568.56,218903.8571
South Dakota,46,Todd,121,46121,,,,,,7691.8,7622.7,19525.37,24337.1,23523.2,25588.59,27541.1,19404.26571
South Dakota,46,Tripp,123,46123,,,,,,86291.07,86544.71,150352.83,196108.64,176942.46,183958.34,208091.81,155469.98
South Dakota,46,Turner,125,46125,,,,,,85386.92,85438.76,204629.84,214395.18,218718.62,239294.66,230313.28,182596.7514
South Dakota,46,Union,127,46127,,,,,,85829.9,85835.61,182341.47,191193.62,205335.6,205868.06,204018.34,165774.6571
South Dakota,46,Walworth,129,46129,,,,,,41978.13,42138.73,125472.26,151525.8,143545.24,156597.66,168952.48,118601.4714
South Dakota,46,Yankton,135,46135,,,,,,48940.19,49400.93,133852.21,119803.82,129372.89,159185.89,139678.6,111462.0757
South Dakota,46,Ziebach,137,46137,,,,,,12534.3,12879.6,32045.82,62467.76,62210.84,72462.61,81524.65,48017.94
Tennessee,47,Anderson,1,47001,,,,,,0,0,0,0,0,0,0,0
Tennessee,47,Bedford,3,47003,,,,,,5577.45,5575.17,12499.65,15560.28,16838.4,17316.67,16349.49,12816.73
Tennessee,47,Benton,5,47005,,,,,,2729.69,2710.47,3700.01,10606.99,10631.58,10584.54,11502.81,7495.155714
Tennessee,47,Bledsoe,7,47007,,,,,,2898.17,2893.23,2613.95,2747.77,2536.83,2183.15,2393.33,2609.49
Tennessee,47,Blount,9,47009,,,,,,1568.86,1575,3470.18,3694.02,3539.12,3216.15,3415.73,2925.58
Tennessee,47,Bradley,11,47011,,,,,,129.4,129.4,3136.05,2925.6,2926.98,2681.01,2952.64,2125.868571
Tennessee,47,Campbell,13,47013,,,,,,0,0,0,0,0,0,118.98,16.99714286
Tennessee,47,Cannon,15,47015,,,,,,4080.47,4097.58,4103.92,6501.13,7577.23,8308.4565,8396.24,6152.146643
Tennessee,47,Carroll,17,47017,,,,,,26617.33,26643.77,36651.27,45559.63,48371.63,46983.155,52028.96,40407.96357
Tennessee,47,Carter,19,47019,,,,,,279,279,266,252.6,252.1,252.57,248.07,261.3342857
Tennessee,47,Cheatham,21,47021,,,,,,1795.73,1792.63,2574.1,2718.76,2298.74,1874.72,2569.108,2231.969714
Tennessee,47,Chester,23,47023,,,,,,8016.56,8131.69,9807.17,14975.98,15015.2,15832.55,15875.86,12522.14429
Tennessee,47,Claiborne,25,47025,,,,,,856.42,844.94,722.29,701.9,683.3,633.7,728.03,738.6542857
Tennessee,47,Clay,27,47027,,,,,,1781.07,1784.13,1741.31,1811.38,1794.68,1670.9,2075.01,1808.354286
Tennessee,47,Cocke,29,47029,,,,,,490.9,585.57,454.56,746.82,830.14,833.4,654.3,656.5271429
Tennessee,47,Coffee,31,47031,,,,,,14740.8,15838.85,16270.84,22266.94,21327.56,28879.44,31037.45,21480.26857
Tennessee,47,Crockett,33,47033,,,,,,8295.78,8106.02,10186.14,18010.73,20148.87,18313.1314,21730.91938,14970.22725
Tennessee,47,Cumberland,35,47035,,,,,,1969.2,1913,1974.53,1786.67,1738.3,1623.44,1781.37,1826.644286
Tennessee,47,Davidson,37,47037,,,,,,0,0,373.54,363.54,0,365.54,439.82,220.3485714
Tennessee,47,Decatur,39,47039,,,,,,5388.26,5356.12,8022.18,10263.41,11072.73,10778.84,11189.09,8867.232857
Tennessee,47,DeKalb,41,47041,,,,,,2103.8,2117.4,2075.85,2124.31,2138.12,2264.88,4224.28,2435.52
Tennessee,47,Dickson,43,47043,,,,,,1465.18,1493.05,466.42,472.69,492.69,1644.89,1697.29,1104.601429
Tennessee,47,Dyer,45,47045,,,,,,86397.28,85653.12,125045.38,131952.79,146447.155,146608.66,157759.56,125694.8493
Tennessee,47,Fayette,47,47047,,,,,,22517.46,22254.66383,19262.12,31423.58,43012.7975,44226.12662,46210.0334,32700.96876
Tennessee,47,Fentress,49,47049,,,,,,4287.35,3885.89,3750.95,3633.19,3526.47,2243.47,3256,3511.902857
Tennessee,47,Franklin,51,47051,,,,,,15639.07149,15734.58381,22047.32,25929.03,21066.56649,37787.97109,41131.95347,25619.49948
Tennessee,47,Gibson,53,47053,,,,,,47002.72,45995.18,112211.14,143863.27,148265.529,145234.89,159016.6087,114512.7625
Tennessee,47,Giles,55,47055,,,,,,12051.94,11688.53,18495.88,20140.43,19430.8704,20079.69,21437.82,17617.88006
Tennessee,47,Grainger,57,47057,,,,,,0,387.67,490.92,490.92,508.29,425.05,364.45,381.0428571
Tennessee,47,Greene,59,47059,,,,,,2026.7,2149.24,1948.78,3324.06,3144.37,2748.18,2744.84,2583.738571
Tennessee,47,Grundy,61,47061,,,,,,1031.83,1206.15,1475.22,2774.48,2099.15,3705.55,3460.88,2250.465714
Tennessee,47,Hamblen,63,47063,,,,,,774.9,893.15,1072.62,1532.54,1121.76,945.92,891.11,1033.142857
Tennessee,47,Hamilton,65,47065,,,,,,0,0,544.65,734.67,767,794.13,785.31,517.9657143
Tennessee,47,Hancock,67,47067,,,,,,0,0,0,0,0,0,0,0
Tennessee,47,Hardeman,69,47069,,,,,,10473.51,10568.63,12261.99,20446.45,25543.1,24516,26065.54,18553.60286
Tennessee,47,Hardin,71,47071,,,,,,18585.51,18569.13,24250.13,28435.91,27689.71,27292.1136,30978.34,25114.40623
Tennessee,47,Hawkins,73,47073,,,,,,0,163.1,155.3,185.21,228.41,261.19,213.99,172.4571429
Tennessee,47,Haywood,75,47075,,,,,,24553.23988,24577.53,26848.68,40775.13969,40635.44625,40408.06372,47798.65818,35085.2511
Tennessee,47,Henderson,77,47077,,,,,,20025.64,20219.15,26015.43,35207.38,35965.66,37061.67,37399.08,30270.57286
Tennessee,47,Henry,79,47079,,,,,,19999.65,19898.09,34459.32,45672.35,57788.06,55279.15,67214.845,42901.63786
Tennessee,47,Hickman,81,47081,,,,,,2927.64,2888.35,4963.7,6845.28,6346.45,6183.59,5286.2,5063.03
Tennessee,47,Houston,83,47083,,,,,,0,0,0,0,0,25.02,25.02,7.148571429
Tennessee,47,Humphreys,85,47085,,,,,,5329.4,5650.03,6504.9,7333.74,5858.71,6472.5,6713.89,6266.167143
Tennessee,47,Jackson,87,47087,,,,,,952.21,980.15,510.43,640.34,650.79,628.11,564.9,703.8471429
Tennessee,47,Jefferson,89,47089,,,,,,1110.1,1384.14,1365.84,1487.34,1358.89,1317.32,1166.3,1312.847143
Tennessee,47,Johnson,91,47091,,,,,,803.51,807.91,782.11,766.71,763.81,716.61,712.11,764.6814286
Tennessee,47,Knox,93,47093,,,,,,111.7,132.2,56.9,0,0,0,0,42.97142857
Tennessee,47,Lake,95,47095,,,,,,24700.69,17037.53,41281.86,47742.6,51671.41145,49789.04,53432.96,40808.01306
Tennessee,47,Lauderdale,97,47097,,,,,,38665.67,38967.03,66700.68,69244.99034,70668.91073,70055.88957,69485.70325,60541.2677
Tennessee,47,Lawrence,99,47099,,,,,,9297.87,9727.78,13789.15,20364.0987,21711.7381,23525.5132,25044.6165,17637.25236
Tennessee,47,Lewis,101,47101,,,,,,473.78,497.68,542.48,546.8,758.9,947.6675,782.56,649.9810714
Tennessee,47,Lincoln,103,47103,,,,,,3770.08,3979.42,6522.57,20677.0425,28179.02,31153.13,33548.036,18261.32836
Tennessee,47,Loudon,105,47105,,,,,,2635.01,2701.7,4286.77,4112.83,4684.5,3984.91,4121.38,3789.585714
Tennessee,47,McMinn,107,47107,,,,,,2177.1,2129.39,2371.21,2349.63,10384.94,10226.83,9719.83,5622.704286
Tennessee,47,McNairy,109,47109,,,,,,15469.99,15454.59,13220.1,22725.48,22833.54,27591.5054,28823.38,20874.08363
Tennessee,47,Macon,111,47111,,,,,,3842.43,3786.31,3333.87,3282.18,3268.28,4559.48,4045.94,3731.212857
Tennessee,47,Madison,113,47113,,,,,,20996.49,20827.46,18799.18,32610.3625,33955.71366,33170.46585,33456.757,27688.06129
Tennessee,47,Marion,115,47115,,,,,,2743.62,2929.61,3942.34,6491.34,6171.94,5254.31,6290.55,4831.958571
Tennessee,47,Marshall,117,47117,,,,,,2358.38,2445.98,5202.12,7016.62,7343.68,7534.18,7460.13,5623.012857
Tennessee,47,Maury,119,47119,,,,,,9062.57,9110.14,15865.75,16855.27,17793.29,16925.1919,17037.9955,14664.31534
Tennessee,47,Meigs,121,47121,,,,,,740.81,717.2,892.71,850.02,3269.86,3159.75,3083.39,1816.248571
Tennessee,47,Monroe,123,47123,,,,,,1989.1,1955,6149.07,7774.6,8037.27,7576.62,7386.59,5838.321429
Tennessee,47,Montgomery,125,47125,,,,,,8747.2,9421.84,21782.03,28404.58,30897.76,29510.21,30251.4,22716.43143
Tennessee,47,Moore,127,47127,,,,,,504.605,504.605,557.26,1037.73,1064.96,973.16,1122.685,823.5721429
Tennessee,47,Morgan,129,47129,,,,,,400.69,482.09,467.39,467.39,417.19,219.43,379.65,404.8328571
Tennessee,47,Obion,131,47131,,,,,,76620.4,77643.56,110978.3411,113961.0385,123021.8,127676.2201,186771.8,116667.5942
Tennessee,47,Overton,133,47133,,,,,,5184.4,4678.46,4861.08,4949.5,4470.15,4390.6,4528.77,4723.28
Tennessee,47,Perry,135,47135,,,,,,2518.1,2441.71,3460.28,5449.43,4866.49,5003.36,5147.5,4126.695714
Tennessee,47,Pickett,137,47137,,,,,,1792.12,1697.49,1708.79,1672.26,1491.53,1425.01,1273.6,1580.114286
Tennessee,47,Polk,139,47139,,,,,,1407.54,1407.54,5259.54,5589.755,5079.08,4773.9783,5586.03,4157.637614
Tennessee,47,Putnam,141,47141,,,,,,495.82,815.92,312.64,621.11,473.19,476.36,701.36,556.6285714
Tennessee,47,Rhea,143,47143,,,,,,510.65,501.9,2877.41,3947.8,3881.93,3948.46,3636,2757.735714
Tennessee,47,Roane,145,47145,,,,,,0,0,108.88,0,106.09,105.88,0,45.83571429
Tennessee,47,Robertson,147,47147,,,,,,46001.29,46880.19,69431.42,77643.79,67245.89,68416.04,77796.53036,64773.59291
Tennessee,47,Rutherford,149,47149,,,,,,3505.85,3444.09,6433.68,6170.18,7958.78,7091.39,11766.79,6624.394286
Tennessee,47,Scott,151,47151,,,,,,331.46,331.46,331.46,331.46,331.46,0,0,236.7571429
Tennessee,47,Sequatchie,153,47153,,,,,,1641.82,1627.42,1212.44,2216.69,2279.3,2653.63,2213,1977.757143
Tennessee,47,Sevier,155,47155,,,,,,0,186.09,136.79,186.09,124.63,124.7,143.06,128.7657143
Tennessee,47,Shelby,157,47157,,,,,,20124.5,20536.40376,21506.99,24578.43538,27279.65479,30075.62673,28398.75716,24642.90969
Tennessee,47,Smith,159,47159,,,,,,2644.62,2687.92,2913.19,3562.31,4693.3,4358.67,4819.12,3668.447143
Tennessee,47,Stewart,161,47161,,,,,,1208.81,1208.81,2311.23,2328.4,2701.55,2787.48,3307.59,2264.838571
Tennessee,47,Sullivan,163,47163,,,,,,1037.85,1037.85,955.98,988.97,993.47,1001.33,943.96,994.2014286
Tennessee,47,Sumner,165,47165,,,,,,11684.54128,11423.91,13571.66,15308.52,16402.675,19639.79,19125.93,15308.14661
Tennessee,47,Tipton,167,47167,,,,,,35986.68,36133.61592,38810.91,42264.17348,60379.08654,58812.32896,56838.30466,47032.15708
Tennessee,47,Trousdale,169,47169,,,,,,1602.65,1585.31,1499.55,1681.33,1220.56,1627.48,985.82,1457.528571
Tennessee,47,Unicoi,171,47171,,,,,,0,0,0,0,0,0,0,0
Tennessee,47,Union,173,47173,,,,,,47.5,34.5,0,0,0,0,0,11.71428571
Tennessee,47,Van Buren,175,47175,,,,,,140.22,216.61,140.22,132.12,132.12,132.12,0,127.63
Tennessee,47,Warren,177,47177,,,,,,6348.07,6093.91,5943.06,6454.94,6535.522036,6615.6,7210.84,6457.420291
Tennessee,47,Washington,179,47179,,,,,,1922,1927.41,1154.2,979.3,942.15,1001.05,976.92,1271.861429
Tennessee,47,Wayne,181,47181,,,,,,3154.88,3217.11,4375.35,4668.91,4460.17,4699.37,2779.47,3907.894286
Tennessee,47,Weakley,183,47183,,,,,,51938.67,51809.94,144537.6052,137835.5841,139827.7801,147409.6316,161054.6013,119201.9732
Tennessee,47,White,185,47185,,,,,,925,1028.1,1038.83,983.43,983.43,898.74,916.24,967.6814286
Tennessee,47,Williamson,187,47187,,,,,,4887.94,4888.21,5406.16,3785.6,3983.01,4416.23,3941.87,4472.717143
Tennessee,47,Wilson,189,47189,,,,,,347.89,349.67,899.18,1320.7,1747.23,1703,1739.32,1158.141429
Texas,48,Anderson,1,48001,,,,,,0,0,0,0,0,0,0,0
Texas,48,Andrews,3,48003,,,,,,0,0,3733.64,1565,6675.17,11913.78,4722.02,4087.087143
Texas,48,Angelina,5,48005,,,,,,0,0,0,0,0,0,0,0
Texas,48,Aransas,7,48007,,,,,,0,0,711.41,1765.87,1765.25,1765.25,1636.02,1091.971429
Texas,48,Archer,9,48009,,,,,,0,0,0,42127.66,66820.42,20483.23,68529.37,28280.09714
Texas,48,Armstrong,11,48011,,,,,,524,524,4603.63,35443.36,65120.95,44602.51,37994.03,26973.21143
Texas,48,Atascosa,13,48013,,,,,,0,0,541.34,520.54,1225.28,785.95,1300.53,624.8057143
Texas,48,Austin,15,48015,,,,,,0,0,271.39,2263.08,2206.11,2419.58,4340.23,1642.912857
Texas,48,Bailey,17,48017,,,,,,15276.83,14750.06,52143.04,106049.84,94245.29,106155.925,70805.835,65632.40286
Texas,48,Bandera,19,48019,,,,,,0,0,0,0,0,0,0,0
Texas,48,Bastrop,21,48021,,,,,,0,0,0,1207.03,1042.29,1310.22,1690.47,750.0014286
Texas,48,Baylor,23,48023,,,,,,2807.17,2803.67,687.91,92610.7,89561.15,19226.5,53073.1,37252.88571
Texas,48,Bee,25,48025,,,,,,14727.31,14464.11,41303.01,50026.05,51658.55,43345.25,39826.13,36478.63
Texas,48,Bell,27,48027,,,,,,1217.38,1882.21,22842.33,54034.19,63615.04,43873.02,65545.96,36144.30429
Texas,48,Bexar,29,48029,,,,,,0,0,0,0,0,0,0,0
Texas,48,Blanco,31,48031,,,,,,0,0,0,0,0,151.36,0,21.62285714
Texas,48,Borden,33,48033,,,,,,0,464.67,3111.36,16297.74,7539.33,20556.22,2168.7,7162.574286
Texas,48,Bosque,35,48035,,,,,,0,0,0,0,309.08,384.18,1221.2,273.4942857
Texas,48,Bowie,37,48037,,,,,,6781.35,6772.45,11616.67,9136.13,13440.23,12906.65,15936.06,10941.36286
Texas,48,Brazoria,39,48039,,,,,,0,154.6,987.93,5131.61,5510.97,4982.22,5165.15,3133.211429
Texas,48,Brazos,41,48041,,,,,,0,0,0,11971.69,2728.93,8283.66,3272.1,3750.911429
Texas,48,Brewster,43,48043,,,,,,0,0,0,0,0,0,0,0
Texas,48,Briscoe,45,48045,,,,,,779.2,779.2,20623.37,65405.62,64678.92,49822.54,4918.75,29572.51429
Texas,48,Brooks,47,48047,,,,,,0,0,0,0,0,0,0,0
Texas,48,Brown,49,48049,,,,,,579.37,555.77,545.14,2415.94,2359.68,22153.58,21216.39,7117.981429
Texas,48,Burleson,51,48051,,,,,,128.6,128.6,0,16370.24,8794.16,12132.574,10666.79,6888.709143
Texas,48,Burnet,53,48053,,,,,,0,0,0,0,0,0,0,0
Texas,48,Caldwell,55,48055,,,,,,229.77,229.77,1366.45,4397.47,3618.44,4168.67,5515.25,2789.402857
Texas,48,Calhoun,57,48057,,,,,,1297.99,1297.99,5707.85,10841.07,10504.25,7146.63,14272.48,7295.465714
Texas,48,Callahan,59,48059,,,,,,441.99,530.64,531.74,29772.95,30473.74,26918.43,26748.07,16488.22286
Texas,48,Cameron,61,48061,,,,,,18128.55,17990.19,63571.94,105234.14,99298.23,90952.18,51282.78,63779.71571
Texas,48,Camp,63,48063,,,,,,0,0,0,0,0,0,0,0
Texas,48,Carson,65,48065,,,,,,1831.42,1831.42,25695.21,65113.08,124756.12,87518.61,121430.57,61168.06143
Texas,48,Cass,67,48067,,,,,,0,0,0,0,0,0,0,0
Texas,48,Castro,69,48069,,,,,,34829.72,34849.32,101356.75,166203.72,233766.23,267938.9,184542.34,146212.4257
Texas,48,Chambers,71,48071,,,,,,0,0,0,0,0,0,0,0
Texas,48,Cherokee,73,48073,,,,,,0,0,0,0,0,0,0,0
Texas,48,Childress,75,48075,,,,,,0,0,0,29311.38,20525.32,11872.73,8726.05,10062.21143
Texas,48,Clay,77,48077,,,,,,2858.5,2913.76,21149.8,40696.38,64679.73,62894.1,62054.86,36749.59
Texas,48,Cochran,79,48079,,,,,,351.35,351.35,10500.14,45474.68,47217.01,62269.94,25288.97,27350.49143
Texas,48,Coke,81,48081,,,,,,0,0,0,5145.01,6799.52,5791.92,4579.93,3188.054286
Texas,48,Coleman,83,48083,,,,,,804,804,5880.5,39454.89,43286.05,32731.64,46177.63,24162.67286
Texas,48,Collin,85,48085,,,,,,2052.89,2392.27,1164.25,4638.25,4484.31,3406.63,9374.66,3930.465714
Texas,48,Collingsworth,87,48087,,,,,,0,0,126.75,9488.13,12865.32,16245.46,20065.53,8398.741429
Texas,48,Colorado,89,48089,,,,,,3954.61,3934.41,5184.46,6890.95,11123.75,12083.33,12288.33,7922.834286
Texas,48,Comal,91,48091,,,,,,351.72,351.72,322.87,654.73,796.96,773.85,794.49,578.0485714
Texas,48,Comanche,93,48093,,,,,,4866.41,4883.04,4622.79,4416.57,4258.7,5738.99,6921.38,5101.125714
Texas,48,Concho,95,48095,,,,,,0,0,8391.46,68135.36,68613.1,35900.85,44792.64,32261.91571
Texas,48,Cooke,97,48097,,,,,,1301.19,1335.36,1280.46,404.88,1684.19,466.34,2435.17,1272.512857
Texas,48,Coryell,99,48099,,,,,,3043.5,3041.44,5510.92,10700.07,15917.44,20834.71,28840.44,12555.50286
Texas,48,Cottle,101,48101,,,,,,0,101.3,0,14848.19,6608.57,34805.07,36558.3,13274.49
Texas,48,Crane,103,48103,,,,,,0,0,0,0,0,0,0,0
Texas,48,Crockett,105,48105,,,,,,0,0,0,0,0,0,0,0
Texas,48,Crosby,107,48107,,,,,,1833.48,1970.28,21051.62,43276.92,42771.56,43666.5,30226.65,26399.57286
Texas,48,Culberson,109,48109,,,,,,0,0,0,0,91.94,91.94,0,26.26857143
Texas,48,Dallam,111,48111,,,,,,15889.37,13121.11,40744.33,87444.07,95404.76,61309.53,68249.65,54594.68857
Texas,48,Dallas,113,48113,,,,,,2138.85,2104.5,10358.14,9485.41,9317.1,7271.85,3803.14,6354.141429
Texas,48,Dawson,115,48115,,,,,,701.73,701.73,18235.26,48607.9,32990.37,49558.57,5172.35,22281.13
Texas,48,Deaf Smith,117,48117,,,,,,4366.11,4331.41,18843.16,304700.65,335971.19,298155.07,239273.13,172234.3886
Texas,48,Delta,119,48119,,,,,,8228.75,8157.8,7899.85,8623.04,10727.36,12847.15,15839.16,10331.87286
Texas,48,Denton,121,48121,,,,,,63.24,160.83,85.4,2471.53,11837.64,4777.34,6852.48,3749.78
Texas,48,DeWitt,123,48123,,,,,,1524.66,1524.66,1734.18,1779.58,3541.1,3344.54,3504.42,2421.877143
Texas,48,Dickens,125,48125,,,,,,0,0,13922.95,38539.82,40891.28,42611.23,28418.57,23483.40714
Texas,48,Dimmit,127,48127,,,,,,0,0,0,0,0,0,0,0
Texas,48,Donley,129,48129,,,,,,0,0,575.48,4239.98,8679.14,4865.22,4505.37,3266.455714
Texas,48,Duval,131,48131,,,,,,0,0,0,0,2065.54,5241.17,4322.91,1661.374286
Texas,48,Eastland,133,48133,,,,,,0,0,0,717.37,898.7,7084.66,6646.52,2192.464286
Texas,48,Ector,135,48135,,,,,,0,0,0,0,0,0,0,0
Texas,48,Edwards,137,48137,,,,,,0,0,0,0,0,0,0,0
Texas,48,Ellis,139,48139,,,,,,21976.04,21819.65,73593.9,103635.97,92646.06,85288.936,91784.23408,70106.39858
Texas,48,El Paso,141,48141,,,,,,0,0,0,0,561.92,556.92,0,159.8342857
Texas,48,Erath,143,48143,,,,,,0,0,0,0,0,0,1787.34,255.3342857
Texas,48,Falls,145,48145,,,,,,4725.94,4725.94,16617.12,42218.69,48640.77,38117.88,51407.95,29493.47
Texas,48,Fannin,147,48147,,,,,,2673.93,2612.86,13156.59,34611.94,50432.64,57917.75,56503.1,31129.83
Texas,48,Fayette,149,48149,,,,,,0,0,0,0,2689.23,2296.69,2600.53,1083.778571
Texas,48,Fisher,151,48151,,,,,,0,0,76673.41,55467.49,55794.71,39758.05,34893.96,37512.51714
Texas,48,Floyd,153,48153,,,,,,84.57,127.97,65171.81,136553.64,114276.43,126320.7903,67227.97351,72823.31197
Texas,48,Foard,155,48155,,,,,,0,1201.92,2324.56,68051.01,91827.44,50030.54,84962.38,42628.26429
Texas,48,Fort Bend,157,48157,,,,,,0,34.27,385.6,32651,36367.79,30846.41,20151.03,17205.15714
Texas,48,Franklin,159,48159,,,,,,0,0,0,0,0,0,0,0
Texas,48,Freestone,161,48161,,,,,,0,0,0,0,0,0,0,0
Texas,48,Frio,163,48163,,,,,,3822.48,3184.25,2959.88,3767.12,4352.24,3534.66,2745.42,3480.864286
Texas,48,Gaines,165,48165,,,,,,0,0,45523.89,5519.49,35605.17,76624.56,33478.1,28107.31571
Texas,48,Galveston,167,48167,,,,,,0,0,0,0,0,0,0,0
Texas,48,Garza,169,48169,,,,,,0,0,561.46,12534.7508,6054.88,6578.63,4588.97,4331.241543
Texas,48,Gillespie,171,48171,,,,,,0,0,0,0,0,11030.58,8080.3,2730.125714
Texas,48,Glasscock,173,48173,,,,,,421.94614,0,1578.72,24190.71,21226.83,16395.81,8757.98,10367.42802
Texas,48,Goliad,175,48175,,,,,,5115.25,4818.59,8982.49,10305.51,11087.14,11459.68,10618.7,8912.48
Texas,48,Gonzales,177,48177,,,,,,0,0,0,0,3531.85,4964.79,2468.96,1566.514286
Texas,48,Gray,179,48179,,,,,,2096.85,354.88,10791.14,24102.9,86334.03,34092.35,50733.35,29786.5
Texas,48,Grayson,181,48181,,,,,,424.65,428.75,3144.71,4869.94,3054.96,6486.65,16749.61,5022.752857
Texas,48,Gregg,183,48183,,,,,,0,0,0,0,0,0,0,0
Texas,48,Grimes,185,48185,,,,,,0,0,0,0,0,0,0,0
Texas,48,Guadalupe,187,48187,,,,,,10824.07,8968.28,10250.59,22117.14,24918.74,20868.98,19281.06,16746.98
Texas,48,Hale,189,48189,,,,,,334.05,438.4,19421.75,107199.81,133020.44,139386.61,82336.72,68876.82571
Texas,48,Hall,191,48191,,,,,,0,0,0,11882.4,9097.37,4570.58,5311.41,4408.822857
Texas,48,Hamilton,193,48193,,,,,,7158.26,7305.59,8640.5,10417.77,6932.79,7031.5,8989.68,8068.012857
Texas,48,Hansford,195,48195,,,,,,6747,7616.51,13709.72,130103.98,202053.2475,136375.7,108797.07,86486.17536
Texas,48,Hardeman,197,48197,,,,,,0,0,9876.66,46247.06,47872.12,13595.6,29074.1,20952.22
Texas,48,Hardin,199,48199,,,,,,0,0,0,0,0,0,0,0
Texas,48,Harris,201,48201,,,,,,0,0,0,0,2616.16,2544.86,2544.86,1100.84
Texas,48,Harrison,203,48203,,,,,,0,0,0,0,0,0,0,0
Texas,48,Hartley,205,48205,,,,,,1251.83,1244.43,3551.38,35044.81,42422.73,35527.88,50758.34,24257.34286
Texas,48,Haskell,207,48207,,,,,,0,0,10283.67,113955.23,140057.11,84655.87,58411.34,58194.74571
Texas,48,Hays,209,48209,,,,,,507.63,464.63,840.98,2719.98,2596.07,2521.2,2622,1753.212857
Texas,48,Hemphill,211,48211,,,,,,481.27,459.97,1140.32,2725.08,5604.59,2923.35455,2541,2267.94065
Texas,48,Henderson,213,48213,,,,,,0,0,0,0,0,0,0,0
Texas,48,Hidalgo,215,48215,,,,,,7718.15,8209.79,55287.41,48615.66,68409.17,67886.27,37533.40244,41951.40749
Texas,48,Hill,217,48217,,,,,,22984.36,24463.31,97330.23,146458.32,133139.3,49999.92,69814.25,77741.38429
Texas,48,Hockley,219,48219,,,,,,2159.72034,2170.84,26991.72,82608.19446,71746.69,127283.71,25614.415,48367.89854
Texas,48,Hood,221,48221,,,,,,0,0,0,0,0,1081.49,1097.78,311.3242857
Texas,48,Hopkins,223,48223,,,,,,2234.02,2239,2191.37,3553.85,3592.27,4793.11,5069.01,3381.804286
Texas,48,Houston,225,48225,,,,,,0,0,0,0,0,0,0,0
Texas,48,Howard,227,48227,,,,,,0,759.03,1743.8,17490.7,9483.19,15068.9,6259.28,7257.842857
Texas,48,Hudspeth,229,48229,,,,,,365.3,38.2,0,52.5,2529.27,3338.66,2781.7,1300.804286
Texas,48,Hunt,231,48231,,,,,,3279.9,3326.21,3652.87,5305.36,7403.65,8694.22,6337.7,5428.558571
Texas,48,Hutchinson,233,48233,,,,,,1076.54,1104.34,2294.98,33919.55,65621.99,37424.17,25053.33,23784.98571
Texas,48,Irion,235,48235,,,,,,0,0,0,1198.53,1337.13,551.42,352.52,491.3714286
Texas,48,Jack,237,48237,,,,,,0,0,529.51,1333.3,4924.38,5099.38,5066.51,2421.868571
Texas,48,Jackson,239,48239,,,,,,1414.41,1466.51,3206,13706.26,49886.77,63932.89,60814.24,27775.29714
Texas,48,Jasper,241,48241,,,,,,0,0,0,0,0,0,0,0
Texas,48,Jeff Davis,243,48243,,,,,,0,0,0,0,0,0,0,0
Texas,48,Jefferson,245,48245,,,,,,0,0,0,0,0,0,0,0
Texas,48,Jim Hogg,247,48247,,,,,,0,0,0,0,0,0,0,0
Texas,48,Jim Wells,249,48249,,,,,,7612.45,6545.42,50067.79,75803.27,76345.32,77282.23,60300.2,50565.24
Texas,48,Johnson,251,48251,,,,,,2004.42,2020.51,8246.54,21676.17,19558.53,14202.21,14611.01,11759.91286
Texas,48,Jones,253,48253,,,,,,0,1799.76,9287.11,115681.31,167416.9052,48460.59,51146.68,56256.05074
Texas,48,Karnes,255,48255,,,,,,6833.58,6359.73,7744.49,12682.75,18482.35,18766.4,10777.29,11663.79857
Texas,48,Kaufman,257,48257,,,,,,3111.62,3080.55,17767.49,15838.39,14278.84,10627.32,6299.82,10143.43286
Texas,48,Kendall,259,48259,,,,,,0,0,0,0,0,1139.55,550.73,241.4685714
Texas,48,Kenedy,261,48261,,,,,,0,0,0,0,0,0,0,0
Texas,48,Kent,263,48263,,,,,,0,0,7199.25,11136.37,13322.87,16171.33,10670.67,8357.212857
Texas,48,Kerr,265,48265,,,,,,0,0,0,0,0,0,0,0
Texas,48,Kimble,267,48267,,,,,,0,0,0,0,0,0,0,0
Texas,48,King,269,48269,,,,,,0,0,0,4267.89,2751.8,11350.44,10163.46,4076.227143
Texas,48,Kinney,271,48271,,,,,,0,0,0,0,0,0,0,0
Texas,48,Kleberg,273,48273,,,,,,0,0,39241.43,43703.24,45345.33,48239.13,36971.91,30500.14857
Texas,48,Knox,275,48275,,,,,,250.68,702.3,2017.33,136887.59,136021.41,78264.13,118317.75,67494.45571
Texas,48,Lamar,277,48277,,,,,,10896.22,11590.66,9857.17,12061.86,13710.21,19197.79,29546.7,15265.80143
Texas,48,Lamb,279,48279,,,,,,4892.077632,5290.1,19481.13,119420.13,141359.2,137402.245,62330.19499,70025.01109
Texas,48,Lampasas,281,48281,,,,,,0,0,0,0,105.73,105.73,105.73,45.31285714
Texas,48,La Salle,283,48283,,,,,,0,0,0,0,0,0,0,0
Texas,48,Lavaca,285,48285,,,,,,66.98,66.98,66.98,130.88,158.35,158.35,186.35,119.2671429
Texas,48,Lee,287,48287,,,,,,0,0,0,0,0,0,260.08,37.15428571
Texas,48,Leon,289,48289,,,,,,0,0,0,0,0,0,0,0
Texas,48,Liberty,291,48291,,,,,,0,0,555.24,587,415.7,415.7,0,281.9485714
Texas,48,Limestone,293,48293,,,,,,8040.39,6320.68,12811.5,24861.52,19174.71,13664.55,14271.32,14163.52429
Texas,48,Lipscomb,295,48295,,,,,,5346.55,5290.66,4553.99,11349.25,18279.65,30193.41,20814.24,13689.67857
Texas,48,Live Oak,297,48297,,,,,,5032.71,4971.71,13688.26,17221.61,18735.73,17428.9,15391.31,13210.03286
Texas,48,Llano,299,48299,,,,,,0,0,0,0,0,330.66,247.96,82.66
Texas,48,Loving,301,48301,,,,,,0,0,0,0,0,0,0,0
Texas,48,Lubbock,303,48303,,,,,,1232.51,1767.53,12970.91,44147.36,67897.68,78391.66,37991.92619,34914.22517
Texas,48,Lynn,305,48305,,,,,,0,0,44762.28,114120.5588,115644.9558,113114.9975,20178.86,58260.23601
Texas,48,McCulloch,307,48307,,,,,,0,0,0,45035.5,51250.88,29890.38,37452.35,23375.58714
Texas,48,McLennan,309,48309,,,,,,29120.51,28680.68,58684.98,86690.73,106235.48,74212.63,89181.08,67543.72714
Texas,48,McMullen,311,48311,,,,,,0,0,0,0,0,0,0,0
Texas,48,Madison,313,48313,,,,,,0,0,0,0,0,0,0,0
Texas,48,Marion,315,48315,,,,,,0,0,0,0,0,0,0,0
Texas,48,Martin,317,48317,,,,,,0,0,360.85,41740.84,26376.39,28002.49,9238.29,15102.69429
Texas,48,Mason,319,48319,,,,,,0,0,0,0,0,3602.63,1633.08,747.9585714
Texas,48,Matagorda,321,48321,,,,,,970.94,765.04,3634.56,31071.22,45154.78,46110.02,36273.95,23425.78714
Texas,48,Maverick,323,48323,,,,,,0,0,0,0,0,0,0,0
Texas,48,Medina,325,48325,,,,,,2278.59,2801.89,9399.17,8407.8,9317.97,8823.76,16958.48,8283.951429
Texas,48,Menard,327,48327,,,,,,0,0,0,1822.05,2105.14,1638.4,1471.47,1005.294286
Texas,48,Midland,329,48329,,,,,,0,0,1475.8,12638.77,12478.44125,12364.67,987.82,5706.500179
Texas,48,Milam,331,48331,,,,,,19.63,514.71,13831.58,50273.4,56726.83,42153.46,47126.55216,30092.30888
Texas,48,Mills,333,48333,,,,,,3179.68,3109.09,2959.58,3267.81,2477.15,3381.48,3288.75,3094.791429
Texas,48,Mitchell,335,48335,,,,,,0,171.17,35297.57,17499.39,20900.31,16202.41,3912.53,13426.19714
Texas,48,Montague,337,48337,,,,,,0,0,0,0,645.29,645.29,12867.55,2022.59
Texas,48,Montgomery,339,48339,,,,,,0,0,0,0,0,0,0,0
Texas,48,Moore,341,48341,,,,,,2011.184671,0,2612.33,46874.84,67382.97,77736.82,70312.08,38132.88924
Texas,48,Morris,343,48343,,,,,,0,0,0,0,0,0,0,0
Texas,48,Motley,345,48345,,,,,,0,0,0,10228.87,8735.73,14201.01,11316.27,6354.554286
Texas,48,Nacogdoches,347,48347,,,,,,0,0,0,0,0,0,0,0
Texas,48,Navarro,349,48349,,,,,,4578.86254,4567.358819,31677.38,46185.54,40518.66,30334.54608,35374.35,27605.24249
Texas,48,Newton,351,48351,,,,,,0,0,0,0,0,0,0,0
Texas,48,Nolan,353,48353,,,,,,0,79.28,16152.87,14337.86,26521.39,6498.27,12297.66,10841.04714
Texas,48,Nueces,355,48355,,,,,,13484.29,9775.68,148165.54,252253.74,244340.45,279897.75,196619.57,163505.2886
Texas,48,Ochiltree,357,48357,,,,,,2895.12,3439.17,49600.37,141949.15,242008.36,99551.58,46971.17,83773.56
Texas,48,Oldham,359,48359,,,,,,0,0,0,42061.57,47218.44,38092.24,33504.72,22982.42429
Texas,48,Orange,361,48361,,,,,,0,0,0,0,0,0,0,0
Texas,48,Palo Pinto,363,48363,,,,,,0,0,0,0,306.18,2065.87,1668.37,577.2028571
Texas,48,Panola,365,48365,,,,,,0,0,0,0,0,0,0,0
Texas,48,Parker,367,48367,,,,,,0,0,0,0,0,1398.86,502.12,271.5685714
Texas,48,Parmer,369,48369,,,,,,75976.96,75039.66,98334.05,238605.97,243037.88,238123.72,152352.58,160210.1171
Texas,48,Pecos,371,48371,,,,,,0,0,0,0,3203.04,3194.38,2913.79,1330.172857
Texas,48,Polk,373,48373,,,,,,0,0,0,0,0,0,0,0
Texas,48,Potter,375,48375,,,,,,0,0,0,9202.67,14082.47,8819.72,6358.73,5494.798571
Texas,48,Presidio,377,48377,,,,,,0,0,0,0,0,0,0,0
Texas,48,Rains,379,48379,,,,,,0,0,0,0,0,481.6,311.58,113.3114286
Texas,48,Randall,381,48381,,,,,,70.98,52.3,2752.55,42209.35,138070.66,102071.84,73271.41704,51214.15672
Texas,48,Reagan,383,48383,,,,,,0,0,2633.82,9505.7,8911.28,7342.73,6154.56,4935.441429
Texas,48,Real,385,48385,,,,,,0,0,0,0,0,0,0,0
Texas,48,Red River,387,48387,,,,,,11245.4,11244.07,13260.14,12322.17,29367.19,31302.06,27534.04,19467.86714
Texas,48,Reeves,389,48389,,,,,,0,0,0,0,0,0,0,0
Texas,48,Refugio,391,48391,,,,,,1265.81,1265.81,32576.73,56995.18,55813.9,60158.03,33057.59612,34447.57945
Texas,48,Roberts,393,48393,,,,,,0,0,0,5465.09,14751.16,5204.61,6223.84,4520.671429
Texas,48,Robertson,395,48395,,,,,,0,0,0,23771.61,9569.58,5329.08,6764.36,6490.661429
Texas,48,Rockwall,397,48397,,,,,,238.83,313.47,481.8,928.33,685.32,537.08,1618.52,686.1928571
Texas,48,Runnels,399,48399,,,,,,574.05,747.34,12569.63,122090.03,141562.9,34813.25,56358.75,52673.70714
Texas,48,Rusk,401,48401,,,,,,0,0,0,0,0,0,0,0
Texas,48,Sabine,403,48403,,,,,,0,0,0,0,0,0,0,0
Texas,48,San Augustine,405,48405,,,,,,0,0,0,0,0,0,0,0
Texas,48,San Jacinto,407,48407,,,,,,0,0,0,0,0,0,0,0
Texas,48,San Patricio,409,48409,,,,,,6053.56,5989.14,160088.16,210420.9855,211694.4787,195956.503,149122.4898,134189.331
Texas,48,San Saba,411,48411,,,,,,1561.24,1492.94,1509.71,1462.76,1502.82,1539.65,1497.76,1509.554286
Texas,48,Schleicher,413,48413,,,,,,0,0,342.71,5438.92,5989.82,10809.36,7654.2,4319.287143
Texas,48,Scurry,415,48415,,,,,,0,361.63,34382.56,24278.87,32977.5,30101.76,5066.35,18166.95286
Texas,48,Shackelford,417,48417,,,,,,0,0,0,12017.02,19370.64,13380.3,14886.99,8522.135714
Texas,48,Shelby,419,48419,,,,,,0,0,0,0,0,0,0,0
Texas,48,Sherman,421,48421,,,,,,13230.97,12969.09,12927.86,74346.07,130252.9703,102028.06,108611.45,64909.49576
Texas,48,Smith,423,48423,,,,,,0,0,0,0,0,0,0,0
Texas,48,Somervell,425,48425,,,,,,0,0,0,0,0,0,76.78,10.96857143
Texas,48,Starr,427,48427,,,,,,0,0,13044.41,15228.11,21974.77,23192.25,4069.17,11072.67286
Texas,48,Stephens,429,48429,,,,,,800.48,815.38,659.78,4809.84,7628.82,6990.48,7291.67,4142.35
Texas,48,Sterling,431,48431,,,,,,0,0,0,2173.31,2342.69,2108.71,2056.25,1240.137143
Texas,48,Stonewall,433,48433,,,,,,0,0,5504.41,24879.62,32452.89,31032.15,28144.73,17430.54286
Texas,48,Sutton,435,48435,,,,,,0,0,0,0,0,0,0,0
Texas,48,Swisher,437,48437,,,,,,0,0,55501.83,179139.18,178161.13,153898,74251.46,91564.51429
Texas,48,Tarrant,439,48439,,,,,,0,0,0,0,0,0,0,0
Texas,48,Taylor,441,48441,,,,,,3780.04,4215.4,10381.93,66483.54,87465.08155,43370.65,55222.88374,38702.78933
Texas,48,Terrell,443,48443,,,,,,0,0,0,0,0,0,0,0
Texas,48,Terry,445,48445,,,,,,140.72,140.72,55452.95,61919.29,65706.41,80736.14,21693.66,40827.12714
Texas,48,Throckmorton,447,48447,,,,,,308.54,417.94,377.64,52303.04,50796.52,38820.28,44452.7475,26782.38679
Texas,48,Titus,449,48449,,,,,,0,0,0,0,0,0,0,0
Texas,48,Tom Green,451,48451,,,,,,259.89,399.53,12312.38,64907.38,70966.99,38679.22,36855.12,32054.35857
Texas,48,Travis,453,48453,,,,,,0,603.9,4525.42,13385.15,12736.47,6947.81,9839.38,6862.59
Texas,48,Trinity,455,48455,,,,,,0,0,0,0,0,0,0,0
Texas,48,Tyler,457,48457,,,,,,0,0,0,0,0,0,0,0
Texas,48,Upshur,459,48459,,,,,,0,0,0,0,0,0,0,0
Texas,48,Upton,461,48461,,,,,,0,0,0,4162.75,1973.99,1537.22,934.13,1229.727143
Texas,48,Uvalde,463,48463,,,,,,1033,1355.59,5912.58,7046.14,6067.1,40825.78,35953.54,14027.67571
Texas,48,Val Verde,465,48465,,,,,,0,0,0,0,0,0,0,0
Texas,48,Van Zandt,467,48467,,,,,,0,0,0,0,0,0,0,0
Texas,48,Victoria,469,48469,,,,,,2149.75,2004.85,6587.44,18915.13,23209.79,29563.13,16653.73,14154.83143
Texas,48,Walker,471,48471,,,,,,0,0,0,0,0,0,0,0
Texas,48,Waller,473,48473,,,,,,165.7,0,0,495.5,516.7,465.6,505.18,306.9542857
Texas,48,Ward,475,48475,,,,,,0,0,0,0,0,0,0,0
Texas,48,Washington,477,48477,,,,,,0,0,0,0,0,0,0,0
Texas,48,Webb,479,48479,,,,,,0,0,0,0,0,0,0,0
Texas,48,Wharton,481,48481,,,,,,1188.44,872.86,4293.3,70877.98,87726.92,93426.84,82273.27,48665.65857
Texas,48,Wheeler,483,48483,,,,,,565.61,565.61,1024.635,10220.86,9035.45,11717.69,2503.15,5090.429286
Texas,48,Wichita,485,48485,,,,,,4169.57,4595.08,3621.85,24600.22,29406.32,10935.34396,64183.83396,20216.03113
Texas,48,Wilbarger,487,48487,,,,,,931.28,1581.66,2195.55,77729.24,47324.31,3707.171655,74481.66994,29707.2688
Texas,48,Willacy,489,48489,,,,,,437.18,550.67,121097.29,136955.99,142731.35,134228.41,68653.04,86379.13286
Texas,48,Williamson,491,48491,,,,,,4327.33008,7447.4656,35152.23,72094.98,76896.93,50416.02,65900.25612,44605.03026
Texas,48,Wilson,493,48493,,,,,,1651.32,1834.07,1759.87,4219.57,5387.3,7017.82,8034.46,4272.058571
Texas,48,Winkler,495,48495,,,,,,0,0,0,0,0,0,0,0
Texas,48,Wise,497,48497,,,,,,0,0,0,0,1127.91,1017.52,2861.72,715.3071429
Texas,48,Wood,499,48499,,,,,,0,0,0,0,0,0,0,0
Texas,48,Yoakum,501,48501,,,,,,548.34,548.34,14013.58,14777.24,16149.92,17623.91,4843.11,9786.348571
Texas,48,Young,503,48503,,,,,,333.29,333.29,312.07,40267.57,54659.25,53239.52,56597.68907,29391.8113
Texas,48,Zapata,505,48505,,,,,,0,0,0,0,0,0,0,0
Texas,48,Zavala,507,48507,,,,,,1364.2,1204.5,1416.7,1363.2,1363.2,3647.74,7921.94,2611.64
Utah,49,Beaver,1,49001,,,,,,0,0,0,0,0,0,0,0
Utah,49,Box Elder,3,49003,,,,,,0,475.27,0,68874.68,97184.99,106617.84,107095.88,54321.23714
Utah,49,Cache,5,49005,,,,,,61.92,61.92,61.92,73.34,0,339.81,1021.97,231.5542857
Utah,49,Carbon,7,49007,,,,,,0,0,0,0,0,0,0,0
Utah,49,Daggett,9,49009,,,,,,0,0,0,0,0,0,0,0
Utah,49,Davis,11,49011,,,,,,0,0,0,0,0,0,0,0
Utah,49,Duchesne,13,49013,,,,,,0,0,0,0,0,0,0,0
Utah,49,Emery,15,49015,,,,,,0,0,0,0,0,0,0,0
Utah,49,Garfield,17,49017,,,,,,0,0,0,0,0,0,0,0
Utah,49,Grand,19,49019,,,,,,0,0,0,0,0,0,0,0
Utah,49,Iron,21,49021,,,,,,0,0,0,0,0,0,552,78.85714286
Utah,49,Juab,23,49023,,,,,,0,0,0,0,0,0,0,0
Utah,49,Kane,25,49025,,,,,,0,0,0,0,0,0,0,0
Utah,49,Millard,27,49027,,,,,,813.03,813.03,447.83,120.6,433.8,433.8,459.5,503.0842857
Utah,49,Morgan,29,49029,,,,,,0,0,0,0,0,0,0,0
Utah,49,Piute,31,49031,,,,,,0,0,0,0,0,0,0,0
Utah,49,Rich,33,49033,,,,,,0,0,0,0,0,0,0,0
Utah,49,Salt Lake,35,49035,,,,,,0,0,0,0,0,0,0,0
Utah,49,San Juan,37,49037,,,,,,115.7,115.7,115.7,115.7,115.7,115.7,0,99.17142857
Utah,49,Sanpete,39,49039,,,,,,152.88,0,127.58,0,7067.59,3384.46,3736.55,2067.008571
Utah,49,Sevier,41,49041,,,,,,0,0,0,0,0,0,0,0
Utah,49,Summit,43,49043,,,,,,0,0,0,0,0,0,0,0
Utah,49,Tooele,45,49045,,,,,,0,0,0,0,0,0,0,0
Utah,49,Uintah,47,49047,,,,,,0,0,0,0,0,0,0,0
Utah,49,Utah,49,49049,,,,,,0,0,0,0,0,0,0,0
Utah,49,Wasatch,51,49051,,,,,,0,0,0,0,0,0,0,0
Utah,49,Washington,53,49053,,,,,,0,0,0,0,0,0,0,0
Utah,49,Wayne,55,49055,,,,,,0,0,0,0,0,0,0,0
Utah,49,Weber,57,49057,,,,,,0,0,0,0,312.27,0,0,44.61
Vermont,50,Addison,1,50001,,,,,,0,447.64,0,0,0,24313.3,25206.44,7138.197143
Vermont,50,Bennington,3,50003,,,,,,2104.67,1750.49,764.01,235.9,240.7,1339.02,1051.9,1069.527143
Vermont,50,Caledonia,5,50005,,,,,,0,0,0,0,197.7,2828.54,2828.36,836.3714286
Vermont,50,Chittenden,7,50007,,,,,,0,240.56,302.29,914.95,2478.52,3082.05,3558.07,1510.92
Vermont,50,Essex,9,50009,,,,,,0,0,0,0,0,557.81,1412.21,281.4314286
Vermont,50,Franklin,11,50011,,,,,,0,106.34,0,0,20526.48,19650.28,20753.63,8719.532857
Vermont,50,Grand Isle,13,50013,,,,,,0,0,0,0,2724.23,2345.22,2815.8,1126.464286
Vermont,50,Lamoille,15,50015,,,,,,0,0,0,0,0,0,801.7,114.5285714
Vermont,50,Orange,17,50017,,,,,,0,0,0,0,0,2459.3,2838.02,756.76
Vermont,50,Orleans,19,50019,,,,,,0,0,275.2,0,0,0,2998.54,467.6771429
Vermont,50,Rutland,21,50021,,,,,,309.75,743.03,184.89,0,0,4549.14,4406.08,1456.127143
Vermont,50,Washington,23,50023,,,,,,0,91.2,0,0,0,1180.15,1694.97,423.76
Vermont,50,Windham,25,50025,,,,,,0,0,0,0,0,1009.61,1560.04,367.0928571
Vermont,50,Windsor,27,50027,,,,,,0,0,0,0,0,1285.03,1276.57,365.9428571
Virginia,51,Accomack,1,51001,,,,,,37933.6,37414.78,40999.02,41249.99,39926.88,39135.05,36844.14,39071.92286
Virginia,51,Albemarle,3,51003,,,,,,1019.29,1042.89,1625.39,1475.79,1292.19,1312.09,1355.89,1303.361429
Virginia,51,Alleghany,5,51005,,,,,,221.56,215.06,215.06,253.16,0,246.83,192.03,191.9571429
Virginia,51,Amelia,7,51007,,,,,,9216.28,9039.28,9320.04,9273.63,9018.89,8777.79,9433.65,9154.222857
Virginia,51,Amherst,9,51009,,,,,,92,86.79,86.79,47.5,47.5,47.5,48.9,65.28285714
Virginia,51,Appomattox,11,51011,,,,,,2027.86,1585.61,1524.36,1908.2,1845.42,1878.31,2021.07,1827.261429
Virginia,51,Arlington,13,51013,,,,,,0,0,0,0,0,0,0,0
Virginia,51,Augusta,15,51015,,,,,,5539.32,5581.17,5772.91,6448.48,6304.07,8773.54,8884.75,6757.748571
Virginia,51,Bath,17,51017,,,,,,0,0,0,0,0,0,0,0
Virginia,51,Bedford,19,51019,,,,,,3146.64,2930.31,3656.16,3603.08,3541.26,3370.99,3830.29,3439.818571
Virginia,51,Bland,21,51021,,,,,,962.1,1070.53,1229.55,1002.89,941.99,723.09,746.2,953.7642857
Virginia,51,Botetourt,23,51023,,,,,,3946.88,3853.78,3651.38,3405.58,3634.47,3618.47,3269.12,3625.668571
Virginia,51,Brunswick,25,51025,,,,,,10951.14,11012.63,10966.73,11046.24,10936.82,11120.85,10289.75,10903.45143
Virginia,51,Buchanan,27,51027,,,,,,0,0,0,0,0,0,0,0
Virginia,51,Buckingham,29,51029,,,,,,1090.09,1083.67,1140.07,1294.96,986.94,1086.88,1121.01,1114.802857
Virginia,51,Campbell,31,51031,,,,,,5272.28,5155.95,4975.25,5039.65,4729.37,4309.98,4323.45,4829.418571
Virginia,51,Caroline,33,51033,,,,,,28916.45,28641.87,30472.83,31323.87,31453.39,31873.71,31331.46,30573.36857
Virginia,51,Carroll,35,51035,,,,,,885,885.61,995.5,1061.23,1038.06,1041.11,838.11,963.5171429
Virginia,51,Charles City,36,51036,,,,,,9266,9178.29,9320.83,15238.43,17469.93,16672.14,16395.61,13363.03286
Virginia,51,Charlotte,37,51037,,,,,,3773.8,3914.8,4010.2,3552.51,3206.97,3672.57,3594.16,3675.001429
Virginia,51,Chesterfield,41,51041,,,,,,1370.09,1370.04,1365.78,1361.18,1259.08,1304.18,1364.53,1342.125714
Virginia,51,Clarke,43,51043,,,,,,3849.29,3904.56,3855.51,3212.41,2282.13,3294.25,3353.37,3393.074286
Virginia,51,Craig,45,51045,,,,,,1021.59,1007.99,939.79,867.13,812.33,790.38,716.47,879.3828571
Virginia,51,Culpeper,47,51047,,,,,,19428.61,19415.4,17732.22,17165.35,17516.7,18159.43,18739.07,18308.11143
Virginia,51,Cumberland,49,51049,,,,,,2442.31,2174.13,2229.1,2238.18,1922.13,1910.22,1904.88,2117.278571
Virginia,51,Dickenson,51,51051,,,,,,0,0,0,0,0,0,0,0
Virginia,51,Dinwiddie,53,51053,,,,,,12272.87,12343.05,12543.09,12913.75,12917.52,13928.49,13967.39,12983.73714
Virginia,51,Essex,57,51057,,,,,,32852.81,32822.94,32901.32,34448.81,36533.96,36602.71,38391.55,34936.3
Virginia,51,Fairfax,59,51059,,,,,,0,0,0,0,0,0,0,0
Virginia,51,Fauquier,61,51061,,,,,,9059.38,8671.62,603.45,899.46,991.5,9610.13,13044.05,6125.655714
Virginia,51,Floyd,63,51063,,,,,,1449.55,1390.35,1532.18,1634.06,1614.92,1565.43,1515.03,1528.788571
Virginia,51,Fluvanna,65,51065,,,,,,696.9,704.19,771.66,1315.7,703.72,612.87,823.78,804.1171429
Virginia,51,Franklin,67,51067,,,,,,6812.74,6592.11,7005.49,7120.75,6068.51,6042.78,5384.27,6432.378571
Virginia,51,Frederick,69,51069,,,,,,1260.29,1223.59,1285.49,1018.73,948.03,1630.25,2415.76,1397.448571
Virginia,51,Giles,71,51071,,,,,,47.4,47.4,79.2,108.1,79.2,72.2,67.03,71.50428571
Virginia,51,Gloucester,73,51073,,,,,,5385.21,5321.91,6380.94,6338.39,6057.82,7445.6,7051.21,6283.011429
Virginia,51,Goochland,75,51075,,,,,,4940.86,5270.39,5540.22,5787.15,4861.07,4831.52,5425.88,5236.727143
Virginia,51,Grayson,77,51077,,,,,,1063.08,1122.68,1205.78,1362.89,1188.1,1322.57,1281.96,1221.008571
Virginia,51,Greene,79,51079,,,,,,1650.16,1716.39,1605.82,1614.02,1514.88,1030.98,1337.99,1495.748571
Virginia,51,Greensville,81,51081,,,,,,6614.61,6510.82,6548.89,6460.45,6147.48,7015.62,8053.89,6764.537143
Virginia,51,Halifax,83,51083,,,,,,3452.95,3411.56,3398.4,3219.3,3041.19,3034.81,2644.6,3171.83
Virginia,51,Hanover,85,51085,,,,,,22502.3,22244.31,25096.19,24798.01,23824.34,23573.8,21482.61,23360.22286
Virginia,51,Henrico,87,51087,,,,,,5160.88,4839.23,8360.47,7198.05,7858.19,7757.46,6400.81,6796.441429
Virginia,51,Henry,89,51089,,,,,,291.74,292.04,284.64,256.77,243.07,235.87,123.1,246.7471429
Virginia,51,Highland,91,51091,,,,,,0,0,0,0,0,0,0,0
Virginia,51,Isle of Wight,93,51093,,,,,,5171.13,5169.51,9359.27,15196.46,13715.25,19296.54,26727.48,13519.37714
Virginia,51,James City,95,51095,,,,,,1100.27,1084.71,1362.21,1247.46,712.25,1058.81,1135.74,1100.207143
Virginia,51,King and Queen,97,51097,,,,,,26151.48,25979.01,28058.19,27230.87,27059.6,24905.38,27597.54,26711.72429
Virginia,51,King George,99,51099,,,,,,4118.6,4102.9,4290.12,4715.67,4851.72,5422.06,5297.23,4685.471429
Virginia,51,King William,101,51101,,,,,,24567.9,24171.55,24987.62,25439.57,26005.02,25998.84,25883.53,25293.43286
Virginia,51,Lancaster,103,51103,,,,,,10309.06,10281.76,11713.03,11684.81,10430.29,11970.3,11397.09,11112.33429
Virginia,51,Lee,105,51105,,,,,,645.21,640.82,108.3,106.5,99.9,99.9,321,288.8042857
Virginia,51,Loudoun,107,51107,,,,,,2233.41,2396.21,1640.77,1488.6,1217.75,2567.33,3461.6,2143.667143
Virginia,51,Louisa,109,51109,,,,,,5936.8,5847.1,6139.75,5817.54,5296.51,4632.38,4132.85,5400.418571
Virginia,51,Lunenburg,111,51111,,,,,,3162.53,3186.59,3100.42,3030.92,2779.52,2896.33,3222.72,3054.147143
Virginia,51,Madison,113,51113,,,,,,12586.19,12797.25,12471.8,12122.39,11874.12,9732.67,11647.15,11890.22429
Virginia,51,Mathews,115,51115,,,,,,1380.31,1319.85,1757.09,1747.33,1703.06,1567.67,1531.73,1572.434286
Virginia,51,Mecklenburg,117,51117,,,,,,3433.89,3289.89,3435.42,3023.69,3122.6,3073.12,4227.11,3372.245714
Virginia,51,Middlesex,119,51119,,,,,,7619.39,7602.05,8569.07,11741.1,11645.82,11976.31,10737.33,9984.438571
Virginia,51,Montgomery,121,51121,,,,,,2272.86,2181.36,2297.26,2496.75,2600.19,2242.58,2411.2,2357.457143
Virginia,51,Nelson,125,51125,,,,,,399.59,439.79,497.62,469.78,705.68,277.84,488.57,468.41
Virginia,51,New Kent,127,51127,,,,,,8716.81,8685.84,8581.92,8533.44,8397.08,7406.41,7530.31,8264.544286
Virginia,51,Northampton,131,51131,,,,,,23351.12,23126.89,23508.72,23270.22,20072.63,20159.37,20022.97,21930.27429
Virginia,51,Northumberland,133,51133,,,,,,22393.61,22369.61,26239.73,25178.74,23550.25,25409.33,24120.06,24180.19
Virginia,51,Nottoway,135,51135,,,,,,3432.79,3145.49,3230.68,3457.18,3455.55,3155.15,2998.21,3267.864286
Virginia,51,Orange,137,51137,,,,,,12174.17,12050.2,11917.58,10852.41,10942.08,8339.84,10283.24,10937.07429
Virginia,51,Page,139,51139,,,,,,3111.61,3238.86,0,3993.38,3962.44,3668.09,4160.08,3162.065714
Virginia,51,Patrick,141,51141,,,,,,2220.3,2160.66,2190.79,2188.89,1956.03,1966.76,1851.17,2076.371429
Virginia,51,Pittsylvania,143,51143,,,,,,7067.8,6447.33,7525.05,183.13,374.65,1003.61,1667.33,3466.985714
Virginia,51,Powhatan,145,51145,,,,,,2420.58,2404.94,2564.51,3006.14,2969.27,2903.64,2603.47,2696.078571
Virginia,51,Prince Edward,147,51147,,,,,,3666.25,3159.43,3535.55,3596.68,2467.81,2582.62,3396.62,3200.708571
Virginia,51,Prince George,149,51149,,,,,,9179.67,8943.78,11063.36,9173.62,8518.95,8919.21,9895.5,9384.87
Virginia,51,Prince William,153,51153,,,,,,2488.29,2488.52,0,247.1,0,2369.33,2356.3,1421.362857
Virginia,51,Pulaski,155,51155,,,,,,2242.04,2214.17,2252.32,2584.01,2793.21,2701.14,2777.95,2509.262857
Virginia,51,Rappahannock,157,51157,,,,,,351.09,349.49,143.6,144.85,147.94,337.99,206.11,240.1528571
Virginia,51,Richmond,159,51159,,,,,,19476.71,19364.27,19083.8,18360.3,19578.34,19299.29,18802.66,19137.91
Virginia,51,Roanoke,161,51161,,,,,,281.6,261.3,278.2,250.8,216.72,249.68,172.48,244.3971429
Virginia,51,Rockbridge,163,51163,,,,,,2823.55,2792.06,2763.36,2702.95,2734.47,2652.01,2517.57,2712.281429
Virginia,51,Rockingham,165,51165,,,,,,8044.44,8478.83,577.9,17993.76,18140.14,18367.48,17784.5,12769.57857
Virginia,51,Russell,167,51167,,,,,,0,20.5,52,36.05,64.63,65.61,65.81,43.51428571
Virginia,51,Scott,169,51169,,,,,,8.83,16.09,12.43,21.88,10.73,0,0,9.994285714
Virginia,51,Shenandoah,171,51171,,,,,,1558.23,1693.78,1401.23,2598.36,2753.05,8476.99,7738.44,3745.725714
Virginia,51,Smyth,173,51173,,,,,,1991.96,1971.82,2177.24,2085.86,2111.69,2013.18,1613.11,1994.98
Virginia,51,Southampton,175,51175,,,,,,9671.9,9884.86,12319.19,10780.85,11522.91,17590.84,35600.72,15338.75286
Virginia,51,Spotsylvania,177,51177,,,,,,4506.59,4418.78,4814.55,5007.6,4908.51,4631.51,4833.47,4731.572857
Virginia,51,Stafford,179,51179,,,,,,1905.48,1773.08,1861.42,1824.01,1829.11,1950.91,2152.83,1899.548571
Virginia,51,Surry,181,51181,,,,,,7916.48,8078.97,10153.59,15891.47,16241,16616.65,19983.84,13554.57143
Virginia,51,Sussex,183,51183,,,,,,13772.29,13702.12,16985.36,18518.09,18518.64,18616.26,20631.74,17249.21429
Virginia,51,Tazewell,185,51185,,,,,,0,14.7,17.5,49.2,45.86,49.2,49.2,32.23714286
Virginia,51,Warren,187,51187,,,,,,0,0,0,0,0,132.5,120.54,36.14857143
Virginia,51,Washington,191,51191,,,,,,2827.25,2919.75,3107.84,2929.9,2854.42,2695.88,2252.27,2798.187143
Virginia,51,Westmoreland,193,51193,,,,,,24514,24398.62,24131.45,22736.07,24300.82,24730.61,24666.03,24211.08571
Virginia,51,Wise,195,51195,,,,,,0,0,0,0,0,0,0,0
Virginia,51,Wythe,197,51197,,,,,,5071.75,5155.508,5183.21,4519.53,4158.73,3882.95,3683.22,4522.128286
Virginia,51,York,199,51199,,,,,,0,0,0,0,0,0,0,0
Virginia,51,Alexandria,510,51510,,,,,,0,0,0,0,0,0,0,0
Virginia,51,Bedford,515,51515,,,,,,0,0,0,0,0,0,0,0
Virginia,51,Bristol,520,51520,,,,,,0,0,0,0,0,0,0,0
Virginia,51,Buena Vista,530,51530,,,,,,0,0,0,0,0,0,0,0
Virginia,51,Charlottesville,540,51540,,,,,,0,0,0,0,0,0,0,0
Virginia,51,Chesapeake,550,51550,,,,,,10384.8,8338.16,21794.57,23659.01,23682.61,18408.82,21084.02,18193.14143
Virginia,51,Colonial Heights,570,51570,,,,,,0,0,0,0,0,0,0,0
Virginia,51,Covington,580,51580,,,,,,0,0,0,0,0,0,0,0
Virginia,51,Danville,590,51590,,,,,,0,0,0,0,0,0,0,0
Virginia,51,Emporia,595,51595,,,,,,0,0,0,0,0,0,0,0
Virginia,51,Fairfax,600,51600,,,,,,0,0,0,0,0,0,0,0
Virginia,51,Falls Church,610,51610,,,,,,0,0,0,0,0,0,0,0
Virginia,51,Franklin,620,51620,,,,,,0,0,0,0,0,0,0,0
Virginia,51,Fredericksburg,630,51630,,,,,,0,0,0,0,0,0,0,0
Virginia,51,Galax,640,51640,,,,,,0,0,0,0,0,0,0,0
Virginia,51,Hampton,650,51650,,,,,,0,0,0,0,0,0,0,0
Virginia,51,Harrisonburg,660,51660,,,,,,0,0,0,0,0,0,0,0
Virginia,51,Hopewell,670,51670,,,,,,0,0,0,0,0,0,0,0
Virginia,51,Lexington,678,51678,,,,,,0,0,0,0,0,0,0,0
Virginia,51,Lynchburg,680,51680,,,,,,0,0,0,0,0,0,0,0
Virginia,51,Manassas,683,51683,,,,,,0,0,0,0,0,0,0,0
Virginia,51,Manassas Park,685,51685,,,,,,0,0,0,0,0,0,0,0
Virginia,51,Martinsville,690,51690,,,,,,0,0,0,0,0,0,0,0
Virginia,51,Newport News,700,51700,,,,,,0,0,0,0,0,0,0,0
Virginia,51,Norfolk,710,51710,,,,,,0,0,0,0,0,0,0,0
Virginia,51,Norton,720,51720,,,,,,0,0,0,0,0,0,0,0
Virginia,51,Petersburg,730,51730,,,,,,0,0,0,0,0,0,0,0
Virginia,51,Poquoson,735,51735,,,,,,0,0,0,0,0,0,0,0
Virginia,51,Portsmouth,740,51740,,,,,,0,0,0,0,0,0,0,0
Virginia,51,Radford,750,51750,,,,,,0,0,0,0,0,0,0,0
Virginia,51,Richmond,760,51760,,,,,,0,0,0,0,0,0,0,0
Virginia,51,Roanoke,770,51770,,,,,,0,0,0,0,0,0,0,0
Virginia,51,Salem,775,51775,,,,,,0,0,0,0,0,0,0,0
Virginia,51,Staunton,790,51790,,,,,,0,0,0,0,0,0,0,0
Virginia,51,Suffolk,800,51800,,,,,,11026.33,10950.47,11550.77,14545.53,15372.13,20439.7,23943.07,15404
Virginia,51,Virginia Beach,810,51810,,,,,,7289.04,5383.98,10345.43,13671.62,16985.56,9910.82,14442.56,11147.00143
Virginia,51,Waynesboro,820,51820,,,,,,0,0,0,0,0,0,0,0
Virginia,51,Williamsburg,830,51830,,,,,,0,0,0,0,0,0,0,0
Virginia,51,Winchester,840,51840,,,,,,0,0,0,0,0,0,0,0
Washington,53,Adams,1,53001,,,,,,0,6440.25,37956.19,413586.61,399008.17,374780.47,395979.99,232535.9543
Washington,53,Asotin,3,53003,,,,,,0,0,3021.16,46037.62,50983.34,41762.48,40665.9,26067.21429
Washington,53,Benton,5,53005,,,,,,18021.48,18029.03,30747.43,125662.57,126979.28,108186.38,92340.41,74280.94
Washington,53,Chelan,7,53007,,,,,,0,0,0,0,0,0,0,0
Washington,53,Clallam,9,53009,,,,,,0,0,0,0,0,0,0,0
Washington,53,Clark,11,53011,,,,,,0,0,0,349.9,349.9,349.9,349.9,199.9428571
Washington,53,Columbia,13,53013,,,,,,790.7,4264.6,189.62,140491.56,140373.21,128981.3184,117175.7,76038.1012
Washington,53,Cowlitz,15,53015,,,,,,0,0,0,0,0,0,0,0
Washington,53,Douglas,17,53017,,,,,,14524.05,16105.3,143302.4,242128.76,215989.26,211365.9246,230759.77,153453.6378
Washington,53,Ferry,19,53019,,,,,,0,0,54.9,0,0,0,0,7.842857143
Washington,53,Franklin,21,53021,,,,,,0,2046.11,1594.24,84685.94,85529.78,85078.45,90602.5,49933.86
Washington,53,Garfield,23,53023,,,,,,0,144.4,17280.96,128889.23,128360.58,125477.21,122292.83,74635.03
Washington,53,Grant,25,53025,,,,,,9337.8,9855.57,9290.2,128908.1693,122071.01,107198.28,81404.57,66866.51419
Washington,53,Grays Harbor,27,53027,,,,,,0,0,0,0,0,0,0,0
Washington,53,Island,29,53029,,,,,,0,0,0,0,0,0,0,0
Washington,53,Jefferson,31,53031,,,,,,0,0,0,0,0,0,0,0
Washington,53,King,33,53033,,,,,,0,0,0,0,0,0,0,0
Washington,53,Kitsap,35,53035,,,,,,0,0,0,0,0,0,0,0
Washington,53,Kittitas,37,53037,,,,,,0,0,0,0,0,22.5,0,3.214285714
Washington,53,Klickitat,39,53039,,,,,,0,478.95,0,76214.7,76746.86,4438.12,5228.42,23301.00714
Washington,53,Lewis,41,53041,,,,,,0,0,0,0,0,0,0,0
Washington,53,Lincoln,43,53043,,,,,,20132.78,20730.01,34522.51,503338.58,463605.15,487347.21,510666.41,291477.5214
Washington,53,Mason,45,53045,,,,,,0,0,0,0,0,0,0,0
Washington,53,Okanogan,47,53047,,,,,,0,0,616.8,11807.89,11575.19,10834.78,10460.32,6470.711429
Washington,53,Pacific,49,53049,,,,,,0,0,0,0,0,0,0,0
Washington,53,Pend Oreille,51,53051,,,,,,0,0,0,0,0,0,0,0
Washington,53,Pierce,53,53053,,,,,,0,0,0,0,0,0,0,0
Washington,53,San Juan,55,53055,,,,,,0,0,0,0,0,0,0,0
Washington,53,Skagit,57,53057,,,,,,0,0,0,0,0,0,0,0
Washington,53,Skamania,59,53059,,,,,,0,0,0,0,0,0,0,0
Washington,53,Snohomish,61,53061,,,,,,0,0,0,0,0,0,0,0
Washington,53,Spokane,63,53063,,,,,,5752.48,9141.76,7891.32,159463.7,189764.22,191970.73,167620.3,104514.93
Washington,53,Stevens,65,53065,,,,,,0,227.36,131.98,2530.99,2637.82,603.66,406.76,934.0814286
Washington,53,Thurston,67,53067,,,,,,0,0,0,0,0,0,0,0
Washington,53,Wahkiakum,69,53069,,,,,,0,0,0,0,0,0,0,0
Washington,53,Walla Walla,71,53071,,,,,,704.1,1237.31,6363.72,238282.73,238473.58,193354.3305,203786.24,126028.8586
Washington,53,Whatcom,73,53073,,,,,,177.13,196.03,191.93,164.23,174.23,959.96,1117.03,425.7914286
Washington,53,Whitman,75,53075,,,,,,9496.29,9685.747454,12547.35,615420.55,672432.25,618618.25,694814.65,376145.0125
Washington,53,Yakima,77,53077,,,,,,6505.05,8557.71,7405.71,22892.36,17628.86,16580.96,16502.08,13724.67571
West Virginia,54,Barbour,1,54001,,,,,,0,0,0,0,0,0,0,0
West Virginia,54,Berkeley,3,54003,,,,,,712.27,1013.12,1014.83,920.73,908.53,919.7,1148.79,948.2814286
West Virginia,54,Boone,5,54005,,,,,,0,0,0,0,0,0,0,0
West Virginia,54,Braxton,7,54007,,,,,,0,0,0,0,0,0,0,0
West Virginia,54,Brooke,9,54009,,,,,,0,0,250.3,250.3,250.3,212.5,227.46,170.1228571
West Virginia,54,Cabell,11,54011,,,,,,35.16,35.16,34.86,34.86,33.86,25.16,0,28.43714286
West Virginia,54,Calhoun,13,54013,,,,,,0,0,0,0,0,0,0,0
West Virginia,54,Clay,15,54015,,,,,,0,0,0,0,0,0,0,0
West Virginia,54,Doddridge,17,54017,,,,,,0,0,0,0,0,0,0,0
West Virginia,54,Fayette,19,54019,,,,,,0,0,0,0,0,0,0,0
West Virginia,54,Gilmer,21,54021,,,,,,0,0,0,0,0,0,0,0
West Virginia,54,Grant,23,54023,,,,,,1560.04,1560.04,1574.74,1341.46,1498.19,1479.17,1613.14,1518.111429
West Virginia,54,Greenbrier,25,54025,,,,,,2723.45,2680.99,2787.02,2735.08,2476.84,2519.58,2477.98,2628.705714
West Virginia,54,Hampshire,27,54027,,,,,,2453.12,2466.92,2367.52,2241.62,2159.92,2056.82,1963.74,2244.237143
West Virginia,54,Hancock,29,54029,,,,,,0,0,0,30.4,40.3,25.6,40.3,19.51428571
West Virginia,54,Hardy,31,54031,,,,,,6997.04,6816.97,7057.12,6898.42,6726.97,7022.84,6986.64,6929.428571
West Virginia,54,Harrison,33,54033,,,,,,0,0,0,0,0,0,0,0
West Virginia,54,Jackson,35,54035,,,,,,911.28,911.28,939.58,913.08,747.68,684.56,705.36,830.4028571
West Virginia,54,Jefferson,37,54037,,,,,,17520.28,17535.44,16055.07,15961.98,15496.65,15538.8,15114.34,16174.65143
West Virginia,54,Kanawha,39,54039,,,,,,20.1,20.1,20.1,20.1,20.1,20.1,20.1,20.1
West Virginia,54,Lewis,41,54041,,,,,,0,0,0,0,0,0,70.5,10.07142857
West Virginia,54,Lincoln,43,54043,,,,,,97.34,97.34,97.44,95.84,89.14,77.54,67.2,88.83428571
West Virginia,54,Logan,45,54045,,,,,,0,0,0,0,0,0,0,0
West Virginia,54,McDowell,47,54047,,,,,,0,0,0,0,0,0,0,0
West Virginia,54,Marion,49,54049,,,,,,0,0,44.6,44.6,44.6,44.6,0,25.48571429
West Virginia,54,Marshall,51,54051,,,,,,0,0,160.1,0,0,0,289.96,64.29428571
West Virginia,54,Mason,53,54053,,,,,,9735.38,9379.44,9612.06,8892.26,8301.91,7372.1,8107.64,8771.541429
West Virginia,54,Mercer,55,54055,,,,,,178.8,178.8,192.5,192.5,0,0,0,106.0857143
West Virginia,54,Mineral,57,54057,,,,,,1167.84,1213.54,1200.14,1025.6,1005.64,947.94,859.01,1059.958571
West Virginia,54,Mingo,59,54059,,,,,,0,0,0,0,0,0,0,0
West Virginia,54,Monongalia,61,54061,,,,,,0,0,108,179.13,179.13,179.13,119.83,109.3171429
West Virginia,54,Monroe,63,54063,,,,,,2829.13,2871.33,3628.21,3106.48,3371.51,3503.41,3622.47,3276.077143
West Virginia,54,Morgan,65,54065,,,,,,0,0,0,0,0,0,0,0
West Virginia,54,Nicholas,67,54067,,,,,,0,0,0,0,0,0,0,0
West Virginia,54,Ohio,69,54069,,,,,,187.72,187.72,493.2,435.3,400.1,369.92,682.1,393.7228571
West Virginia,54,Pendleton,71,54071,,,,,,2173.47,2192.57,2203.57,2168.37,2150.07,2141.56,2141.56,2167.31
West Virginia,54,Pleasants,73,54073,,,,,,0,0,0,0,0,0,0,0
West Virginia,54,Pocahontas,75,54075,,,,,,1889.16,1871.56,1724.96,1746.66,1725.06,1765.06,1622.86,1763.617143
West Virginia,54,Preston,77,54077,,,,,,2438.26,2456.16,980.22,2481.86,2959.74,2926.94,2372.84,2373.717143
West Virginia,54,Putnam,79,54079,,,,,,694.35,700.95,685.15,666.25,648.38,175.37,679.27,607.1028571
West Virginia,54,Raleigh,81,54081,,,,,,0,0,0,0,0,0,0,0
West Virginia,54,Randolph,83,54083,,,,,,0,0,1001.16,1098.4,1103.22,1142.62,1247.07,798.9242857
West Virginia,54,Ritchie,85,54085,,,,,,0,0,0,0,0,0,0,0
West Virginia,54,Roane,87,54087,,,,,,0,0,0,0,0,0,0,0
West Virginia,54,Summers,89,54089,,,,,,383.35,383.35,461.56,461.6,220.74,380.66,407.41,385.5242857
West Virginia,54,Taylor,91,54091,,,,,,0,0,64.5,54.8,54.8,54.8,54.8,40.52857143
West Virginia,54,Tucker,93,54093,,,,,,0,0,112.1,112.1,112.1,132.8,134.3,86.2
West Virginia,54,Tyler,95,54095,,,,,,0,0,176.9,176.9,130.2,141.5,193.6,117.0142857
West Virginia,54,Upshur,97,54097,,,,,,0,0,0,0,0,0,0,0
West Virginia,54,Wayne,99,54099,,,,,,134.6,134.6,135.7,137.3,114.4,67.4,75.6,114.2285714
West Virginia,54,Webster,101,54101,,,,,,0,0,0,0,0,0,0,0
West Virginia,54,Wetzel,103,54103,,,,,,0,0,0,0,0,0,0,0
West Virginia,54,Wirt,105,54105,,,,,,0,0,0,0,0,0,0,0
West Virginia,54,Wood,107,54107,,,,,,0,0,0,0,0,0,0,0
West Virginia,54,Wyoming,109,54109,,,,,,0,0,0,0,0,0,0,0
Wisconsin,55,Adams,1,55001,,,,,,7101.49,8928.88,10417.17,20552.72287,21295.7,24816.53,22333.36,16492.2647
Wisconsin,55,Ashland,3,55003,,,,,,346.79,344.3,328.3,1935.62,1822.03,1724.55,1911.01,1201.8
Wisconsin,55,Barron,5,55005,,,,,,13166.44,13583.46,17470.67,27542.89196,37615.63,78259.95,90551.33,39741.48171
Wisconsin,55,Bayfield,7,55007,,,,,,842.38,565.33,518.46,2216,2344.29,1910.95,2135.06,1504.638571
Wisconsin,55,Brown,9,55009,,,,,,17532.95635,18150.06,20626.52,83556.35,82651.01,84974.3214,86327.75,56259.85254
Wisconsin,55,Buffalo,11,55011,,,,,,11799.16,14625.42,17774.89,56059.01,59093.66,69070.82363,70649.89,42724.69338
Wisconsin,55,Burnett,13,55013,,,,,,2811.46,3301.96,4269.32,6760.494,7991.27,16127.64,17972.26,8462.057714
Wisconsin,55,Calumet,15,55015,,,,,,14359.69,14385.26,19215.86,67655.7844,67492.2,68222.03,68866.38,45742.45777
Wisconsin,55,Chippewa,17,55017,,,,,,20676.45,24382.73,24760.96,66049.18,66811.85,77057.71415,90748.23,52926.73059
Wisconsin,55,Clark,19,55019,,,,,,23019.9,22783.05,25935,49212.4,51388.53,61041.1687,62145.91,42217.9941
Wisconsin,55,Columbia,21,55021,,,,,,17270.29,20599.68,22023.69,146532.14,144303.76,139221.4531,150042.81,91427.68902
Wisconsin,55,Crawford,23,55023,,,,,,7199.26,8687.93,10574.38,39623.49,39367.16,40043.6,41710.28,26743.72857
Wisconsin,55,Dane,25,55025,,,,,,35207.37,34906.6,44956.45,190711.77,205464.37,221503.7537,231554.8903,137757.8863
Wisconsin,55,Dodge,27,55027,,,,,,49405.51,51302.39,51248.34,147063.3391,162557.66,179816.1424,191590.77,118997.7359
Wisconsin,55,Door,29,55029,,,,,,7302.75,8182.25,7812.23,33243.66,35803.67,35436.97,37129.24,23558.68143
Wisconsin,55,Douglas,31,55031,,,,,,17.53,17.53,18.13,75.11,57.2,20.7,0,29.45714286
Wisconsin,55,Dunn,33,55033,,,,,,27353.95,28120.76,26187.44,79229.98,80260.91,117590.8064,124097.67,68977.35949
Wisconsin,55,Eau Claire,35,55035,,,,,,15779.14821,16293,16935.74,40199.25,40730.54,44728.51925,46371.1,31576.75678
Wisconsin,55,Florence,37,55037,,,,,,453.99,514.69,521.12,488.43,519.2,452.8,476.5,489.5328571
Wisconsin,55,Fond du Lac,39,55039,,,,,,25020.44,25271.96,29646.02,113669.145,128695.1,139251.8876,145352.74,86701.04181
Wisconsin,55,Forest,41,55041,,,,,,398.64,405.04,386.54,405.16,403.86,346.36,348.31,384.8442857
Wisconsin,55,Grant,43,55043,,,,,,39453.85,39963.31,59698.29,160316.92,164336.67,184304.08,189407.59,119640.1014
Wisconsin,55,Green,45,55045,,,,,,28494.86,29295.44,47799.89,106781.46,92974.19,120135.3822,133156.13,79805.33603
Wisconsin,55,Green Lake,47,55047,,,,,,7293.23,7236.44,9559.7,39727.674,40438.39,49891.46,50534.95,29240.26343
Wisconsin,55,Iowa,49,55049,,,,,,41819.1,42718.2,49445.87,59132.34222,61609.2,75867.52,81131.85,58817.72603
Wisconsin,55,Iron,51,55051,,,,,,0,24,0,339.01,0,0,0,51.85857143
Wisconsin,55,Jackson,53,55053,,,,,,11275.53,11409.34,11413.8,52776.63,49771.23,54629.92547,57898.48,35596.41935
Wisconsin,55,Jefferson,55,55055,,,,,,30012.29,31940.76,32657.34,106061.1659,112717.83,110468.4097,113617.03,76782.11794
Wisconsin,55,Juneau,57,55057,,,,,,14433.12,15443.78,12144.41,20471.55,18551.23,25566.64,23081.71,18527.49143
Wisconsin,55,Kenosha,59,55059,,,,,,11533.57,11123.27,13401.43,40587.58461,38181.15,43173.39074,43053.62,28722.00219
Wisconsin,55,Kewaunee,61,55061,,,,,,19231.15,19493.41,16843.36,62034.44,62650.84,60751.99,64382.64,43626.83286
Wisconsin,55,La Crosse,63,55063,,,,,,6062.23,7143.89,6410.19,6714.52,29089.54,37888.83,37300.04,18658.46286
Wisconsin,55,Lafayette,65,55065,,,,,,13139.22,11735.4,55713.21,107068.5,105729.37,144657.88,149454.35,83928.27571
Wisconsin,55,Langlade,67,55067,,,,,,16432.19,17493.48,15752.78,16230.03,17440.74,15990.79,17973.63,16759.09143
Wisconsin,55,Lincoln,69,55069,,,,,,6574.82,6610.21,6678.46,7272.14,7130.79,7286.85,7241.07,6970.62
Wisconsin,55,Manitowoc,71,55071,,,,,,33541.68,34337.19,35617.91,97723.57559,97816.05,97597.68,98674.32,70758.34366
Wisconsin,55,Marathon,73,55073,,,,,,74815.51,72174.06,72360.73,81351.27,80395.71,88766.95621,91536.62,80200.12232
Wisconsin,55,Marinette,75,55075,,,,,,4679.72,4479.57,15604.65,35104.93,36386.03,37361.96,35930.47,24221.04714
Wisconsin,55,Marquette,77,55077,,,,,,8130.58,9781.06,10052.08,29477.608,28570.62,30691.86,31306.84,21144.37829
Wisconsin,55,Menominee,78,55078,,,,,,0,0,0,0,0,0,0,0
Wisconsin,55,Milwaukee,79,55079,,,,,,659.15,703.29,894.34,2284.96,2440.52,2382.12,2302.6,1666.711429
Wisconsin,55,Monroe,81,55081,,,,,,8694.67,9389.83,9459.22,49012.89,50264.19,51292.67,56681.84,33542.18714
Wisconsin,55,Oconto,83,55083,,,,,,9865.13,10148.96,43339.05,66357.31,70477.09,70906.67,73259.82,49193.43286
Wisconsin,55,Oneida,85,55085,,,,,,1289.58,1302.68,1289.58,1309.05,1211.61,1288.22,1228.09,1274.115714
Wisconsin,55,Outagamie,87,55087,,,,,,32694.0895,32845.67,41851.98,86333.06,84657.46,109615.3719,125430.82,73346.92163
Wisconsin,55,Ozaukee,89,55089,,,,,,6133.32,6972.28,6859.26,25056.98,24848.98,25113.71627,25671.06,17236.51375
Wisconsin,55,Pepin,91,55091,,,,,,8237.14,8375.87,7896.14,21348.09,33933.56,37768.66,37667.03,22175.21286
Wisconsin,55,Pierce,93,55093,,,,,,22154.9,21575.28,22810.67,73575.41168,77344.37285,92427.36121,97175.47,58151.92368
Wisconsin,55,Polk,95,55095,,,,,,14053.7,14377.95,23831.87,40240.63003,60519.06,72384.71011,74124.02,42790.27716
Wisconsin,55,Portage,97,55097,,,,,,33652.62,35671.99,37524.18,38753.78,38974.56,46518.16,46795.98,39698.75286
Wisconsin,55,Price,99,55099,,,,,,726.89,702.27,768.69,2988.41,3138.77,3040.811,1716.19,1868.861571
Wisconsin,55,Racine,101,55101,,,,,,16803.7,15999.6,16676.76,50161.79647,50502.3,57573.31014,60812.85,38361.4738
Wisconsin,55,Richland,103,55103,,,,,,9029.49,9339.5,10526.46,42966.64,42927.66,42605.1,42848.41,28606.18
Wisconsin,55,Rock,105,55105,,,,,,46092.38,47556.32,57581.78,149241.28,173223.75,202067.3065,223331.36,128442.0252
Wisconsin,55,Rusk,107,55107,,,,,,3499.75,3408.34,3597.95,10647.26,10907.11,20220.46,19928.1,10315.56714
Wisconsin,55,St. Croix,109,55109,,,,,,26010.77,26083.04,43610.59,90253.289,108756.07,117173.99,118399.07,75755.25986
Wisconsin,55,Sauk,111,55111,,,,,,15472.48,17045.43,20007.21,89324.56,90659.73,91433.75,89106,59007.02286
Wisconsin,55,Sawyer,113,55113,,,,,,659.07,657.17,618.75,3342.84,1413.04,4830.63,6579.77,2585.895714
Wisconsin,55,Shawano,115,55115,,,,,,28034.64,28200.57,33963.98,39163.28,39460.93,49356.8202,55600.53,39111.53574
Wisconsin,55,Sheboygan,117,55117,,,,,,16286.96,16489.99,17616.56,76664.52,75847.7,75651.79,78617.32,51024.97714
Wisconsin,55,Taylor,119,55119,,,,,,10231.2,8916.72,9881.3808,28098.5112,29720.44,32420.06364,33081.18,21764.21366
Wisconsin,55,Trempealeau,121,55121,,,,,,20514.55,20452.76,21503.44,99636.13,99543.37,103543.63,104084.95,67039.83286
Wisconsin,55,Vernon,123,55123,,,,,,7656.83,7997.44,11683.78,68189.41,68493.47,70917.41322,70053.33,43570.23903
Wisconsin,55,Vilas,125,55125,,,,,,0,0,0,0,0,0,0,0
Wisconsin,55,Walworth,127,55127,,,,,,29861.48,30141.36,34292.49,148634.41,151807.46,152459.47,152780.97,99996.80571
Wisconsin,55,Washburn,129,55129,,,,,,1721.61,2155.97,1948.6,3371.543,3487.18,12276.82,10865.45,5118.167571
Wisconsin,55,Washington,131,55131,,,,,,11868.09,12749.16,12687.12,45702.38842,46051.39,45918.12527,46323.07,31614.19196
Wisconsin,55,Waukesha,133,55133,,,,,,6542.73,7131.47,5660.58,33245.80051,33853.67359,35177.54679,34526.43,22305.46156
Wisconsin,55,Waupaca,135,55135,,,,,,14662.71,14869.19,25466.1,50885.37,51160.27,62991.63,66183.39,40888.38
Wisconsin,55,Waushara,137,55137,,,,,,8257.57,8982.72,13809.44,26098.84,25575.82,29153.49,31165.46,20434.76286
Wisconsin,55,Winnebago,139,55139,,,,,,20399.49481,21116.96,24787.78,80720.47,76921.06,77297.19,78767.69,54287.23497
Wisconsin,55,Wood,141,55141,,,,,,40340.09376,40237.27,38272.6,41295.5,41823.19,43233.16,45929.29,41590.15768
Wyoming,56,Albany,1,56001,,,,,,0,0,0,0,0,0,0,0
Wyoming,56,Big Horn,3,56003,,,,,,1967.74,1952.31,2355.43,2542.2,2642.75,1280.56,2856.79,2228.254286
Wyoming,56,Campbell,5,56005,,,,,,0,0,0,0,0,0,0,0
Wyoming,56,Carbon,7,56007,,,,,,0,0,0,0,0,0,0,0
Wyoming,56,Converse,9,56009,,,,,,1607.99,1607.99,1592.71,1623.91,1614.8,1614.8,1614.8,1611
Wyoming,56,Crook,11,56011,,,,,,1382.05,1379.55,1325.15,1812.23,1636.22,2361.86,2795.17,1813.175714
Wyoming,56,Fremont,13,56013,,,,,,0,0,0,0,0,0,0,0
Wyoming,56,Goshen,15,56015,,,,,,24473.04,25503.32,20286.22,22266.69,15073.69,26888.31,32481.61,23853.26857
Wyoming,56,Hot Springs,17,56017,,,,,,0,0,0,0,0,0,0,0
Wyoming,56,Johnson,19,56019,,,,,,0,0,0,0,0,0,0,0
Wyoming,56,Laramie,21,56021,,,,,,4480.47,4671.699057,8145.49,14077.95,54296.81,33208.84,55371.29,24893.22129
Wyoming,56,Lincoln,23,56023,,,,,,0,0,0,0,0,0,0,0
Wyoming,56,Natrona,25,56025,,,,,,449.3,906.26,906.26,892.36,892.36,892.36,892.36,833.0371429
Wyoming,56,Niobrara,27,56027,,,,,,3886.6,3886.6,3951.8,4072.1,3830.23,4824.72,5485.55379,4276.800541
Wyoming,56,Park,29,56029,,,,,,1241.65,1448.9,2298.22,3344.12,8859.7,7642.08,8703.96,4791.232857
Wyoming,56,Platte,31,56031,,,,,,1753.43,1821.43,1748.55,1838.71,1975.24,2520.81,3583.78,2177.421429
Wyoming,56,Sheridan,33,56033,,,,,,0,0,0,0,0,0,0,0
Wyoming,56,Sublette,35,56035,,,,,,0,0,0,0,0,0,0,0
Wyoming,56,Sweetwater,37,56037,,,,,,0,0,0,0,0,0,0,0
Wyoming,56,Teton,39,56039,,,,,,0,0,0,0,0,0,0,0
Wyoming,56,Uinta,41,56041,,,,,,0,0,0,0,0,0,0,0
Wyoming,56,Washakie,43,56043,,,,,,1024.14,1024.14,1017.54,1044.13,1044.13,1044.13,3199.32,1342.504286
Wyoming,56,Weston,45,56045,,,,,,3315.84,3510.74,3122.24,3557.99,3010.46,4247.6,3969.84,3533.53
American Samoa,60,Eastern,10,60010,,,,,,0,0,0,0,0,0,0,0
American Samoa,60,Manu'a,20,60020,,,,,,0,0,0,0,0,0,0,0
American Samoa,60,Rose Island,30,60030,,,,,,0,0,0,0,0,0,0,0
American Samoa,60,Swains Island,40,60040,,,,,,0,0,0,0,0,0,0,0
American Samoa,60,Western,50,60050,,,,,,0,0,0,0,0,0,0,0
Guam,66,Guam,10,66010,,,,,,0,0,0,0,0,0,0,0
,0,Northern Islands,85,85,,,,,,0,0,0,0,0,0,0,0
#N/A,0,Rota,100,100,,,,,,0,0,0,0,0,0,0,0
#N/A,0,Saipan,110,110,,,,,,0,0,0,0,0,0,0,0
#N/A,0,Tinian,120,120,,,,,,0,0,0,0,0,0,0,0
Puerto Rico,72,Adjuntas,1,72001,,,,,,0,0,0,0,0,0,0,0
Puerto Rico,72,Aguada,3,72003,,,,,,0,0,0,0,0,0,0,0
Puerto Rico,72,Aguadilla,5,72005,,,,,,0,0,0,0,0,0,0,0
Puerto Rico,72,Aguas Buenas,7,72007,,,,,,0,0,0,0,0,0,0,0
Puerto Rico,72,Aibonito,9,72009,,,,,,0,0,0,0,0,0,0,0
Puerto Rico,72,Anasco,11,72011,,,,,,0,0,0,0,0,0,0,0
Puerto Rico,72,Arecibo,13,72013,,,,,,0,0,0,0,0,0,0,0
Puerto Rico,72,Arroyo,15,72015,,,,,,0,0,0,0,0,0,0,0
Puerto Rico,72,Barceloneta,17,72017,,,,,,0,0,0,0,0,0,0,0
Puerto Rico,72,Barranquitas,19,72019,,,,,,0,0,0,0,0,0,0,0
Puerto Rico,72,Bayamon,21,72021,,,,,,0,0,0,0,0,0,0,0
Puerto Rico,72,Cabo Rojo,23,72023,,,,,,0,0,0,0,0,0,0,0
Puerto Rico,72,Caguas,25,72025,,,,,,0,0,0,0,0,0,0,0
Puerto Rico,72,Camuy,27,72027,,,,,,0,0,0,0,0,0,0,0
Puerto Rico,72,Canovanas,29,72029,,,,,,0,0,0,0,0,0,0,0
Puerto Rico,72,Carolina,31,72031,,,,,,0,0,0,0,0,0,0,0
Puerto Rico,72,Catano,33,72033,,,,,,0,0,0,0,0,0,0,0
Puerto Rico,72,Cayey,35,72035,,,,,,0,0,0,0,0,0,0,0
Puerto Rico,72,Ceiba,37,72037,,,,,,0,0,0,0,0,0,0,0
Puerto Rico,72,Ciales,39,72039,,,,,,0,0,0,0,0,0,0,0
Puerto Rico,72,Cidra,41,72041,,,,,,0,0,0,0,0,0,0,0
Puerto Rico,72,Coamo,43,72043,,,,,,0,0,0,0,0,0,0,0
Puerto Rico,72,Comerio,45,72045,,,,,,0,0,0,0,0,0,0,0
Puerto Rico,72,Corozal,47,72047,,,,,,0,0,0,0,0,0,0,0
Puerto Rico,72,Culebra,49,72049,,,,,,0,0,0,0,0,0,0,0
Puerto Rico,72,Dorado,51,72051,,,,,,0,0,0,0,0,0,0,0
Puerto Rico,72,Fajardo,53,72053,,,,,,0,0,0,0,0,0,0,0
Puerto Rico,72,Florida,54,72054,,,,,,0,0,0,0,0,0,0,0
Puerto Rico,72,Guanica,55,72055,,,,,,0,0,0,0,0,0,0,0
Puerto Rico,72,Guayama,57,72057,,,,,,0,0,0,0,0,0,0,0
Puerto Rico,72,Guayanilla,59,72059,,,,,,0,0,0,0,0,0,0,0
Puerto Rico,72,Guaynabo,61,72061,,,,,,0,0,0,0,0,0,0,0
Puerto Rico,72,Gurabo,63,72063,,,,,,0,0,0,0,0,0,0,0
Puerto Rico,72,Hatillo,65,72065,,,,,,0,0,0,0,0,0,0,0
Puerto Rico,72,Hormigueros,67,72067,,,,,,0,0,0,0,0,0,0,0
Puerto Rico,72,Humacao,69,72069,,,,,,0,0,0,0,0,0,0,0
Puerto Rico,72,Isabela,71,72071,,,,,,0,0,0,0,0,0,0,0
Puerto Rico,72,Jayuya,73,72073,,,,,,0,0,0,0,0,0,0,0
Puerto Rico,72,Juana Diaz,75,72075,,,,,,0,0,0,0,0,0,0,0
Puerto Rico,72,Juncos,77,72077,,,,,,0,0,0,0,0,0,0,0
Puerto Rico,72,Lajas,79,72079,,,,,,0,0,0,0,0,0,0,0
Puerto Rico,72,Lares,81,72081,,,,,,0,0,0,0,0,0,0,0
Puerto Rico,72,Las Marias,83,72083,,,,,,0,0,0,0,0,0,0,0
Puerto Rico,72,Las Piedras,85,72085,,,,,,0,0,0,0,0,0,0,0
Puerto Rico,72,Loiza,87,72087,,,,,,0,0,0,0,0,0,0,0
Puerto Rico,72,Luquillo,89,72089,,,,,,0,0,0,0,0,0,0,0
Puerto Rico,72,Manati,91,72091,,,,,,0,0,0,0,0,0,0,0
Puerto Rico,72,Maricao,93,72093,,,,,,0,0,0,0,0,0,0,0
Puerto Rico,72,Maunabo,95,72095,,,,,,0,0,0,0,0,0,0,0
Puerto Rico,72,Mayaguez,97,72097,,,,,,0,0,0,0,0,0,0,0
Puerto Rico,72,Moca,99,72099,,,,,,0,0,0,0,0,0,0,0
Puerto Rico,72,Morovis,101,72101,,,,,,0,0,0,0,0,0,0,0
Puerto Rico,72,Naguabo,103,72103,,,,,,0,0,0,0,0,0,0,0
Puerto Rico,72,Naranjito,105,72105,,,,,,0,0,0,0,0,0,0,0
Puerto Rico,72,Orocovis,107,72107,,,,,,0,0,0,0,0,0,0,0
Puerto Rico,72,Patillas,109,72109,,,,,,0,0,0,0,0,0,0,0
Puerto Rico,72,Penuelas,111,72111,,,,,,0,0,0,0,0,0,0,0
Puerto Rico,72,Ponce,113,72113,,,,,,0,0,0,0,0,0,0,0
Puerto Rico,72,Quebradillas,115,72115,,,,,,0,0,0,0,0,0,0,0
Puerto Rico,72,Rincon,117,72117,,,,,,0,0,0,0,0,0,0,0
Puerto Rico,72,Rio Grande,119,72119,,,,,,0,0,0,0,0,0,0,0
Puerto Rico,72,Sabana Grande,121,72121,,,,,,0,0,0,0,0,0,0,0
Puerto Rico,72,Salinas,123,72123,,,,,,0,0,0,0,0,0,0,0
Puerto Rico,72,San German,125,72125,,,,,,0,0,0,0,0,0,0,0
Puerto Rico,72,San Juan,127,72127,,,,,,0,0,0,0,0,0,0,0
Puerto Rico,72,San Lorenzo,129,72129,,,,,,0,0,0,0,0,0,0,0
Puerto Rico,72,San Sebastian,131,72131,,,,,,0,0,0,0,0,0,0,0
Puerto Rico,72,Santa Isabel,133,72133,,,,,,0,0,0,0,0,0,0,0
Puerto Rico,72,Toa Alta,135,72135,,,,,,0,0,0,0,0,0,0,0
Puerto Rico,72,Toa Baja,137,72137,,,,,,0,0,0,0,0,0,0,0
Puerto Rico,72,Trujillo Alto,139,72139,,,,,,0,0,0,0,0,0,0,0
Puerto Rico,72,Utuado,141,72141,,,,,,0,0,0,0,0,0,0,0
Puerto Rico,72,Vega Alta,143,72143,,,,,,0,0,0,0,0,0,0,0
Puerto Rico,72,Vega Baja,145,72145,,,,,,0,0,0,0,0,0,0,0
Puerto Rico,72,Vieques,147,72147,,,,,,0,0,0,0,0,0,0,0
Puerto Rico,72,Villalba,149,72149,,,,,,0,0,0,0,0,0,0,0
Puerto Rico,72,Yabucoa,151,72151,,,,,,0,0,0,0,0,0,0,0
Puerto Rico,72,Yauco,153,72153,,,,,,0,0,0,0,0,0,0,0
#N/A,0,Midway Islands,300,300,,,,,,0,0,0,0,0,0,0,0
Virgin Islands,52,St. Croix,1,52001,,,,,,0,0,0,0,0,0,0,0
Virgin Islands,52,St. John,3,52003,,,,,,0,0,0,0,0,0,0,0
Virgin Islands,52,St. Thomas,5,52005,,,,,,0,0,0,0,0,0,0,0
Alaska,2,Fairbanks,1,2001,,,,,,0,0,0,0,0,0,0,0
Alaska,2,Delta,2,2002,,,,,,0,0,0,0,0,0,0,0
Alaska,2,Homer,3,2003,,,,,,0,0,0,0,0,0,0,0
Alaska,2,Palmer,5,2005,,,,,,0,0,0,0,0,0,0,0
Florida,12,"Dade, Monroe",25,12025,,,,,,0,0,0,0,0,0,0,0
Guam,14,Guam,1,14001,,,,,,0,0,0,0,0,0,0,0
American Samoa,60,American Samoa,1,60001,,,,,,0,0,0,0,0,0,0,0
Nevada,32,Southeast Nye,35,32035,,,,,,0,0,0,0,0,0,0,0
Northern Mariana Islands,69,Rota,100,69100,,,,,,0,0,0,0,0,0,0,0
Northern Mariana Islands,69,Saipan,110,69110,,,,,,0,0,0,0,0,0,0,0
Northern Mariana Islands,69,Tinian,120,69120,,,,,,0,0,0,0,0,0,0,0
