State Name,County Name,County FIPS,2014,2015,2016,2017,2018,2019,2020,2021,2022,2023,2024,Total,Average,
Alabama,Autauga,1001,0,0,0,0,0,0,0,0,0,0,0,0,0,
Alabama,Baldwin,1003,0,0,0,0,0,0,0,0,0,0,0,0,0,
Alabama,Barbour,1005,0,0,0,0,0,0,0,0,0,0,0,0,0,
Alabama,Bibb,1007,0,0,0,0,0,0,0,0,0,0,0,0,0,
Alabama,Blount,1009,0,0,0,0,0,0,0,0,0,0,0,0,0,
Alabama,Bullock,1011,0,0,0,0,0,0,0,0,0,0,0,0,0,
Alabama,Butler,1013,0,0,0,0,0,0,0,0,0,0,0,0,0,
Alabama,Calhoun,1015,0,0,0,0,0,0,0,0,0,0,0,0,0,
Alabama,Chambers,1017,0,0,0,0,0,0,0,0,0,0,0,0,0,
Alabama,Cherokee,1019,0,0,0,0,0,0,0,0,0,0,0,0,0,
Alabama,Chilton,1021,0,0,0,0,0,0,0,0,0,0,0,0,0,
Alabama,Choctaw,1023,0,0,0,0,0,0,0,0,0,0,0,0,0,
Alabama,Clarke,1025,0,0,0,0,0,0,0,0,0,0,0,0,0,
Alabama,Clay,1027,0,0,0,0,0,0,0,0,0,0,0,0,0,
Alabama,Cleburne,1029,0,0,0,0,0,0,0,0,0,0,0,0,0,
Alabama,Coffee,1031,0,0,0,0,0,0,0,0,0,0,0,0,0,
Alabama,Colbert,1033,0,0,0,0,0,0,0,0,0,0,0,0,0,
Alabama,Conecuh,1035,0,0,0,0,0,0,0,0,0,0,0,0,0,
Alabama,Coosa,1037,0,0,0,0,0,0,0,0,0,0,0,0,0,
Alabama,Covington,1039,0,0,0,0,0,0,0,0,0,0,0,0,0,
Alabama,Crenshaw,1041,0,0,0,0,0,0,0,0,0,0,0,0,0,
Alabama,Cullman,1043,0,0,0,0,0,0,0,0,0,0,0,0,0,
Alabama,Dale,1045,0,0,0,0,0,0,0,0,0,0,0,0,0,
Alabama,Dallas,1047,0,0,0,0,0,0,0,0,0,0,0,0,0,
Alabama,DeKalb,1049,0,0,0,0,0,0,0,0,0,0,0,0,0,
Alabama,Elmore,1051,0,0,0,0,0,0,0,0,0,0,0,0,0,
Alabama,Escambia,1053,0,0,0,0,0,0,0,0,0,0,0,0,0,
Alabama,Etowah,1055,0,0,0,0,0,0,0,0,0,0,0,0,0,
Alabama,Fayette,1057,0,0,0,0,0,0,0,0,0,0,0,0,0,
Alabama,Franklin,1059,0,0,0,0,0,0,0,0,0,0,0,0,0,
Alabama,Geneva,1061,0,0,0,0,0,0,0,0,0,0,0,0,0,
Alabama,Greene,1063,0,0,0,0,0,0,0,0,0,0,0,0,0,
Alabama,Hale,1065,0,0,0,0,0,0,0,0,0,0,0,0,0,
Alabama,Henry,1067,0,0,0,0,0,0,0,0,0,0,0,0,0,
Alabama,Houston,1069,0,0,0,0,0,0,0,0,0,0,0,0,0,
Alabama,Jackson,1071,0,0,0,0,0,0,0,0,0,0,0,0,0,
Alabama,Jefferson,1073,0,0,0,0,0,0,0,0,0,0,0,0,0,
Alabama,Lamar,1075,0,0,0,0,0,0,0,0,0,0,0,0,0,
Alabama,Lauderdale,1077,0,0,0,0,0,0,0,0,0,0,0,0,0,
Alabama,Lawrence,1079,0,0,0,0,0,0,0,0,0,0,0,0,0,
Alabama,Lee,1081,0,0,0,0,0,0,0,0,0,0,0,0,0,
Alabama,Limestone,1083,0,1,0,0,0,0,0,0,0,0,0,1,0.090909091,
Alabama,Lowndes,1085,0,0,0,0,0,0,0,0,0,0,0,0,0,
Alabama,Macon,1087,0,0,0,0,0,0,0,0,0,0,0,0,0,
Alabama,Madison,1089,0,0,0,0,0,0,0,0,0,0,0,0,0,
Alabama,Marengo,1091,0,0,0,0,0,0,0,0,0,0,0,0,0,
Alabama,Marion,1093,0,0,0,0,0,0,0,0,0,0,0,0,0,
Alabama,Marshall,1095,0,0,0,0,0,0,0,0,0,0,0,0,0,
Alabama,Mobile,1097,0,0,0,0,0,0,0,0,0,0,0,0,0,
Alabama,Monroe,1099,0,0,0,0,0,0,0,0,0,0,0,0,0,
Alabama,Montgomery,1101,0,0,0,0,0,0,0,0,0,0,0,0,0,
Alabama,Morgan,1103,0,0,0,0,0,0,0,0,0,0,0,0,0,
Alabama,Perry,1105,0,0,0,0,0,0,0,0,0,0,0,0,0,
Alabama,Pickens,1107,0,0,0,0,0,0,0,0,0,0,0,0,0,
Alabama,Pike,1109,0,0,0,0,0,0,0,0,0,0,0,0,0,
Alabama,Randolph,1111,0,0,0,0,0,0,0,0,0,0,0,0,0,
Alabama,Russell,1113,0,0,0,0,0,0,0,0,0,0,0,0,0,
Alabama,St. Clair,1115,0,0,0,0,0,0,0,0,0,0,0,0,0,
Alabama,Shelby,1117,0,0,0,0,0,0,0,0,0,0,0,0,0,
Alabama,Sumter,1119,0,0,0,0,0,0,0,0,0,0,0,0,0,
Alabama,Talladega,1121,0,0,0,0,0,0,0,0,0,0,0,0,0,
Alabama,Tallapoosa,1123,0,0,0,0,0,0,0,0,0,0,0,0,0,
Alabama,Tuscaloosa,1125,0,0,0,0,0,0,0,0,0,0,0,0,0,
Alabama,Walker,1127,0,0,0,0,0,0,0,0,0,0,0,0,0,
Alabama,Washington,1129,0,0,0,0,0,0,0,0,0,0,0,0,0,
Alabama,Wilcox,1131,0,0,0,0,0,0,0,0,0,0,0,0,0,
Alabama,Winston,1133,0,0,0,0,0,0,0,0,0,0,0,0,0,
Alaska,Aleutians East,2013,0,0,0,0,0,0,0,0,0,0,0,0,0,
Alaska,Aleutians West,2016,0,0,0,0,0,0,0,0,0,0,0,0,0,
Alaska,Anchorage,2020,0,0,0,0,0,0,0,0,0,0,0,0,0,
Alaska,Bethel,2050,0,0,0,0,0,0,0,0,0,0,0,0,0,
Alaska,Bristol Bay,2060,0,0,0,0,0,0,0,0,0,0,0,0,0,
Alaska,Denali,2068,0,0,0,0,0,0,0,0,0,0,0,0,0,
Alaska,Dillingham,2070,0,0,0,0,0,0,0,0,0,0,0,0,0,
Alaska,Fairbanks North Star,2090,0,0,0,0,0,0,0,0,0,0,0,0,0,
Alaska,Haines,2100,0,0,0,0,0,0,0,0,0,0,0,0,0,
Alaska,Juneau,2110,0,0,0,0,0,0,0,0,0,0,0,0,0,
Alaska,Kenai Peninsula,2122,0,0,0,0,0,0,0,0,0,0,0,0,0,
Alaska,Ketchikan Gateway,2130,0,0,0,0,0,0,0,0,0,0,0,0,0,
Alaska,Kodiak Island,2150,0,0,0,0,0,0,0,0,0,0,0,0,0,
Alaska,Lake and Peninsula,2164,0,0,0,0,0,0,0,0,0,0,0,0,0,
Alaska,Matanuska-Susitna,2170,0,0,0,0,0,0,0,0,0,0,0,0,0,
Alaska,Nome,2180,0,0,0,0,0,0,0,0,0,0,0,0,0,
Alaska,North Slope,2185,0,0,0,0,0,0,0,0,0,0,0,0,0,
Alaska,Northwest Arctic,2188,0,0,0,0,0,0,0,0,0,0,0,0,0,
Alaska,Prince of Wales-Outer Ketchikan,2201,0,0,0,0,0,0,0,0,0,0,0,0,0,
Alaska,Sitka,2220,0,0,0,0,0,0,0,0,0,0,0,0,0,
Alaska,Skagway-Hoonah-Angoon,2232,0,0,0,0,0,0,0,0,0,0,0,0,0,
Alaska,Southeast Fairbanks,2240,0,0,0,0,0,0,0,0,0,0,0,0,0,
Alaska,Valdez-Cordova,2261,0,0,0,0,0,0,0,0,0,0,0,0,0,
Alaska,Wade Hampton,2270,0,0,0,0,0,0,0,0,0,0,0,0,0,
Alaska,Wrangell-Petersburg,2280,0,0,0,0,0,0,0,0,0,0,0,0,0,
Alaska,Yakutat,2282,0,0,0,0,0,0,0,0,0,0,0,0,0,
Alaska,Yukon-Koyukuk,2290,0,0,0,0,0,0,0,0,0,0,0,0,0,
Arizona,Apache,4001,0,0,0,0,0,0,0,0,0,0,0,0,0,
Arizona,Cochise,4003,0,0,0,0,0,0,0,0,0,0,0,0,0,
Arizona,Coconino,4005,0,0,0,0,0,0,0,0,0,0,0,0,0,
Arizona,Gila,4007,0,0,0,0,0,0,0,0,0,0,0,0,0,
Arizona,Graham,4009,0,0,0,0,0,0,0,0,0,0,0,0,0,
Arizona,Greenlee,4011,0,0,0,0,0,0,0,0,0,0,0,0,0,
Arizona,La Paz,4012,0,0,0,0,0,0,0,0,0,0,0,0,0,
Arizona,Maricopa,4013,0,0,0,0,0,0,0,0,0,0,0,0,0,
Arizona,Mohave,4015,0,0,0,0,0,0,0,0,0,0,0,0,0,
Arizona,Navajo,4017,0,0,0,0,0,0,0,0,0,0,0,0,0,
Arizona,Pima,4019,0,0,0,0,0,0,0,0,0,0,0,0,0,
Arizona,Pinal,4021,1,1,1,1,1,0,0,0,0,0,1,6,0.545454545,
Arizona,Santa Cruz,4023,0,0,0,0,0,0,0,0,0,0,0,0,0,
Arizona,Yavapai,4025,0,0,0,0,0,0,0,0,0,0,0,0,0,
Arizona,Yuma,4027,0,0,0,0,0,0,0,0,0,0,0,0,0,
Arkansas,Arkansas,5001,0,0,0,0,0,0,0,0,0,0,0,0,0,
Arkansas,Ashley,5003,0,0,0,0,0,0,0,0,0,0,0,0,0,
Arkansas,Baxter,5005,0,0,0,0,0,0,0,0,0,0,0,0,0,
Arkansas,Benton,5007,0,0,0,0,0,0,0,0,0,0,0,0,0,
Arkansas,Boone,5009,0,0,0,0,0,0,0,0,0,0,0,0,0,
Arkansas,Bradley,5011,0,0,0,0,0,0,0,0,0,0,0,0,0,
Arkansas,Calhoun,5013,0,0,0,0,0,0,0,0,0,0,0,0,0,
Arkansas,Carroll,5015,0,0,0,0,0,0,0,0,0,0,0,0,0,
Arkansas,Chicot,5017,0,0,0,0,0,0,0,0,0,0,0,0,0,
Arkansas,Clark,5019,0,0,0,0,0,0,0,0,0,0,0,0,0,
Arkansas,Clay,5021,0,0,0,0,0,0,0,0,0,0,0,0,0,
Arkansas,Cleburne,5023,0,0,0,0,0,0,0,0,0,0,0,0,0,
Arkansas,Cleveland,5025,0,0,0,0,0,0,0,0,0,0,0,0,0,
Arkansas,Columbia,5027,0,0,0,0,0,0,0,0,0,0,0,0,0,
Arkansas,Conway,5029,0,0,0,0,0,2,2,0,0,0,0,4,0.363636364,
Arkansas,Craighead,5031,1,0,0,1,0,0,0,0,0,0,0,2,0.181818182,
Arkansas,Crawford,5033,0,0,0,0,0,0,0,0,0,0,0,0,0,
Arkansas,Crittenden,5035,0,0,0,0,0,0,1,0,1,0,1,3,0.272727273,
Arkansas,Cross,5037,0,0,0,0,0,0,0,0,0,0,0,0,0,
Arkansas,Dallas,5039,0,0,0,0,0,0,0,0,0,0,0,0,0,
Arkansas,Desha,5041,0,0,0,0,0,0,0,0,0,0,0,0,0,
Arkansas,Drew,5043,0,0,0,0,0,0,0,0,0,0,0,0,0,
Arkansas,Faulkner,5045,0,0,0,0,0,0,0,0,0,0,0,0,0,
Arkansas,Franklin,5047,0,0,0,0,0,0,0,0,0,0,0,0,0,
Arkansas,Fulton,5049,0,0,0,0,0,0,0,0,0,0,0,0,0,
Arkansas,Garland,5051,0,0,0,0,0,0,0,0,0,0,0,0,0,
Arkansas,Grant,5053,0,0,0,0,0,0,0,0,0,0,0,0,0,
Arkansas,Greene,5055,0,0,0,0,0,0,0,0,0,0,0,0,0,
Arkansas,Hempstead,5057,2,0,0,0,0,0,0,0,0,0,0,2,0.181818182,
Arkansas,Hot Spring,5059,0,0,0,0,0,0,0,0,0,0,0,0,0,
Arkansas,Howard,5061,0,0,0,0,0,0,0,0,0,0,0,0,0,
Arkansas,Independence,5063,0,0,0,0,0,0,0,0,0,0,0,0,0,
Arkansas,Izard,5065,0,0,0,0,0,0,0,0,0,0,0,0,0,
Arkansas,Jackson,5067,0,0,0,0,0,0,0,0,0,0,0,0,0,
Arkansas,Jefferson,5069,0,0,0,0,0,0,0,0,0,0,0,0,0,
Arkansas,Johnson,5071,0,0,0,0,0,0,0,0,0,0,0,0,0,
Arkansas,Lafayette,5073,0,0,0,0,0,0,0,0,0,0,0,0,0,
Arkansas,Lawrence,5075,0,0,0,0,0,0,0,0,0,0,0,0,0,
Arkansas,Lee,5077,0,0,0,0,0,0,0,0,0,1,2,3,0.272727273,
Arkansas,Lincoln,5079,0,0,0,0,0,0,0,0,0,0,0,0,0,
Arkansas,Little River,5081,0,0,0,0,0,0,0,0,0,0,0,0,0,
Arkansas,Logan,5083,0,0,0,0,0,0,0,0,0,0,0,0,0,
Arkansas,Lonoke,5085,0,0,0,0,0,0,0,0,0,0,0,0,0,
Arkansas,Madison,5087,0,0,0,0,0,0,0,0,0,0,0,0,0,
Arkansas,Marion,5089,0,0,0,0,0,0,0,0,0,0,0,0,0,
Arkansas,Miller,5091,0,0,0,0,0,0,0,0,0,0,0,0,0,
Arkansas,Mississippi,5093,0,0,0,0,0,1,1,0,0,0,0,2,0.181818182,
Arkansas,Monroe,5095,0,0,0,0,0,0,0,0,0,0,0,0,0,
Arkansas,Montgomery,5097,0,0,0,0,0,0,0,0,0,0,0,0,0,
Arkansas,Nevada,5099,0,0,0,0,0,0,0,0,0,0,0,0,0,
Arkansas,Newton,5101,0,0,0,0,0,0,0,0,0,0,0,0,0,
Arkansas,Ouachita,5103,0,0,0,0,0,0,0,0,0,0,0,0,0,
Arkansas,Perry,5105,0,0,0,0,0,0,0,0,0,0,0,0,0,
Arkansas,Phillips,5107,0,0,0,0,0,0,0,0,0,0,0,0,0,
Arkansas,Pike,5109,0,0,0,0,0,0,0,0,0,0,0,0,0,
Arkansas,Poinsett,5111,0,0,0,0,0,0,0,0,0,0,0,0,0,
Arkansas,Polk,5113,0,0,0,0,0,0,0,0,0,0,0,0,0,
Arkansas,Pope,5115,0,0,0,0,0,2,0,0,0,0,0,2,0.181818182,
Arkansas,Prairie,5117,0,0,0,0,0,0,0,0,0,0,0,0,0,
Arkansas,Pulaski,5119,0,0,0,0,0,0,0,0,0,0,0,0,0,
Arkansas,Randolph,5121,0,0,0,0,0,0,0,0,0,0,0,0,0,
Arkansas,St. Francis,5123,0,0,0,0,0,1,1,0,1,0,3,6,0.545454545,
Arkansas,Saline,5125,0,0,0,0,0,0,0,0,0,0,0,0,0,
Arkansas,Scott,5127,0,0,0,0,0,0,0,0,0,0,0,0,0,
Arkansas,Searcy,5129,0,0,0,0,0,0,0,0,0,0,0,0,0,
Arkansas,Sebastian,5131,0,0,0,0,0,0,0,0,0,0,0,0,0,
Arkansas,Sevier,5133,0,0,0,0,0,0,0,0,0,0,0,0,0,
Arkansas,Sharp,5135,0,0,0,0,0,0,0,0,0,0,0,0,0,
Arkansas,Stone,5137,0,0,0,0,0,0,0,0,0,0,0,0,0,
Arkansas,Union,5139,0,0,0,0,0,0,0,0,0,0,0,0,0,
Arkansas,Van Buren,5141,0,0,0,0,0,0,0,0,0,0,0,0,0,
Arkansas,Washington,5143,0,0,0,0,0,0,0,0,0,0,0,0,0,
Arkansas,White,5145,1,1,1,1,0,4,0,0,0,1,1,10,0.909090909,
Arkansas,Woodruff,5147,0,0,0,0,0,0,0,0,0,0,0,0,0,
Arkansas,Yell,5149,0,0,0,0,0,2,0,0,0,0,0,2,0.181818182,
California,Alameda,6001,0,0,0,0,0,0,0,0,0,0,0,0,0,
California,Alpine,6003,0,0,0,0,0,0,0,0,0,0,0,0,0,
California,Amador,6005,0,0,0,0,0,0,0,0,0,0,0,0,0,
California,Butte,6007,0,0,13,0,0,0,0,0,0,0,0,13,1.181818182,
California,Calaveras,6009,0,0,0,0,0,0,0,0,0,0,0,0,0,
California,Colusa,6011,4,4,13,0,0,0,0,3,18,1,0,43,3.909090909,
California,Contra Costa,6013,0,0,0,0,0,0,0,0,0,0,0,0,0,
California,Del Norte,6015,0,0,0,0,0,0,0,0,0,0,0,0,0,
California,El Dorado,6017,0,0,0,0,0,0,0,0,0,0,0,0,0,
California,Fresno,6019,0,0,0,0,0,1,1,0,0,0,0,2,0.181818182,
California,Glenn,6021,7,0,4,0,0,0,0,0,1,0,0,12,1.090909091,
California,Humboldt,6023,0,0,0,0,0,0,0,0,0,0,0,0,0,
California,Imperial,6025,0,0,0,0,0,0,0,0,0,0,0,0,0,
California,Inyo,6027,0,0,0,0,0,0,0,0,0,0,0,0,0,
California,Kern,6029,0,0,0,0,0,0,0,0,0,0,0,0,0,
California,Kings,6031,0,0,0,0,0,0,0,0,0,0,0,0,0,
California,Lake,6033,0,0,0,0,0,0,0,0,0,0,0,0,0,
California,Lassen,6035,0,0,0,0,0,0,0,0,0,0,0,0,0,
California,Los Angeles,6037,0,0,0,0,0,0,0,0,0,0,0,0,0,
California,Madera,6039,0,0,0,0,0,0,0,0,0,0,0,0,0,
California,Marin,6041,0,0,0,0,0,0,0,0,0,0,0,0,0,
California,Mariposa,6043,0,0,0,0,0,0,0,0,0,0,0,0,0,
California,Mendocino,6045,0,0,0,0,0,0,0,0,0,0,0,0,0,
California,Merced,6047,0,0,0,0,0,0,0,0,0,0,0,0,0,
California,Modoc,6049,0,0,0,0,0,0,0,0,0,0,0,0,0,
California,Mono,6051,0,0,0,0,0,0,0,0,0,0,0,0,0,
California,Monterey,6053,0,0,0,0,0,0,0,0,0,0,0,0,0,
California,Napa,6055,0,0,0,0,0,0,0,0,0,0,0,0,0,
California,Nevada,6057,0,0,0,0,0,0,0,0,0,0,0,0,0,
California,Orange,6059,0,0,0,0,0,0,0,0,0,0,0,0,0,
California,Placer,6061,0,0,0,0,0,0,0,0,0,0,0,0,0,
California,Plumas,6063,0,0,0,0,0,0,0,0,0,0,0,0,0,
California,Riverside,6065,0,0,0,0,0,0,0,0,0,0,0,0,0,
California,Sacramento,6067,0,0,0,0,0,0,0,0,0,0,0,0,0,
California,San Benito,6069,0,0,0,0,0,0,0,0,0,0,0,0,0,
California,San Bernardino,6071,0,0,0,0,0,0,0,0,0,0,0,0,0,
California,San Diego,6073,0,0,0,0,0,0,0,0,0,0,0,0,0,
California,San Francisco,6075,0,0,0,0,0,0,0,0,0,0,0,0,0,
California,San Joaquin,6077,0,0,0,0,0,0,0,0,0,0,0,0,0,
California,San Luis Obispo,6079,0,0,0,0,0,0,0,0,0,0,0,0,0,
California,San Mateo,6081,0,0,0,0,0,0,0,0,0,0,0,0,0,
California,Santa Barbara,6083,0,0,0,0,0,0,0,0,0,0,0,0,0,
California,Santa Clara,6085,0,0,0,0,0,0,0,0,0,0,0,0,0,
California,Santa Cruz,6087,0,0,0,0,0,0,0,0,0,0,0,0,0,
California,Shasta,6089,0,0,0,0,0,0,0,0,0,0,0,0,0,
California,Sierra,6091,0,0,0,0,0,0,0,0,0,0,0,0,0,
California,Siskiyou,6093,0,0,0,0,0,0,0,0,0,0,0,0,0,
California,Solano,6095,0,0,0,0,0,0,0,0,0,0,0,0,0,
California,Sonoma,6097,0,0,0,0,0,0,0,0,0,0,0,0,0,
California,Stanislaus,6099,0,0,0,0,0,0,0,0,0,0,0,0,0,
California,Sutter,6101,4,2,8,2,0,0,0,0,0,0,0,16,1.454545455,
California,Tehama,6103,0,0,0,0,0,0,0,0,0,0,0,0,0,
California,Trinity,6105,0,0,0,0,0,0,0,0,0,0,0,0,0,
California,Tulare,6107,0,0,0,0,0,0,0,0,0,0,0,0,0,
California,Tuolumne,6109,0,0,0,0,0,0,0,0,0,0,0,0,0,
California,Ventura,6111,0,0,0,0,0,0,0,0,0,0,0,0,0,
California,Yolo,6113,2,0,4,0,0,0,0,3,3,3,0,15,1.363636364,
California,Yuba,6115,0,0,9,0,0,0,0,0,0,0,0,9,0.818181818,
Colorado,Adams,8001,2,6,3,6,1,0,0,0,0,0,0,18,1.636363636,
Colorado,Alamosa,8003,1,0,0,1,1,1,1,0,0,0,0,5,0.454545455,
Colorado,Arapahoe,8005,0,5,1,4,1,0,0,0,0,0,0,11,1,
Colorado,Archuleta,8007,0,0,0,0,0,0,0,0,0,0,0,0,0,
Colorado,Baca,8009,0,0,0,0,0,10,9,4,1,14,0,38,3.454545455,
Colorado,Bent,8011,1,2,5,0,2,0,0,0,0,0,0,10,0.909090909,
Colorado,Boulder,8013,0,0,0,0,0,0,0,0,0,0,0,0,0,
Colorado,Broomfield,8014,0,0,0,0,0,0,0,0,0,0,0,0,0,
Colorado,Chaffee,8015,0,0,0,0,0,0,0,0,0,0,0,0,0,
Colorado,Cheyenne,8017,6,2,2,3,1,3,1,4,10,4,25,61,5.545454545,
Colorado,Clear Creek,8019,0,0,0,0,0,0,0,0,0,0,0,0,0,
Colorado,Conejos,8021,14,11,9,7,10,1,3,2,0,0,3,60,5.454545455,
Colorado,Costilla,8023,0,0,0,0,0,0,0,0,0,0,0,0,0,
Colorado,Crowley,8025,0,0,0,0,0,0,0,0,0,0,0,0,0,
Colorado,Custer,8027,0,0,0,0,0,0,0,0,0,0,0,0,0,
Colorado,Delta,8029,0,0,0,0,0,6,2,0,0,0,4,12,1.090909091,
Colorado,Denver,8031,0,0,0,0,0,0,0,0,0,0,0,0,0,
Colorado,Dolores,8033,1,0,1,1,1,0,0,0,0,0,0,4,0.363636364,
Colorado,Douglas,8035,0,0,0,0,0,0,0,0,0,0,0,0,0,
Colorado,Eagle,8037,0,0,0,0,0,0,0,0,0,0,0,0,0,
Colorado,Elbert,8039,0,0,0,0,0,0,0,0,0,0,0,0,0,
Colorado,El Paso,8041,0,0,0,0,0,0,0,0,0,0,0,0,0,
Colorado,Fremont,8043,0,0,0,0,0,0,0,0,0,0,0,0,0,
Colorado,Garfield,8045,0,0,0,0,0,0,0,0,0,0,0,0,0,
Colorado,Gilpin,8047,0,0,0,0,0,0,0,0,0,0,0,0,0,
Colorado,Grand,8049,0,0,0,0,0,0,0,0,0,0,0,0,0,
Colorado,Gunnison,8051,0,0,0,0,0,0,0,0,0,0,0,0,0,
Colorado,Hinsdale,8053,0,0,0,0,0,0,0,0,0,0,0,0,0,
Colorado,Huerfano,8055,0,0,0,0,0,0,0,0,0,0,0,0,0,
Colorado,Jackson,8057,0,0,0,0,0,0,0,0,0,0,0,0,0,
Colorado,Jefferson,8059,0,0,0,0,0,0,0,0,0,0,0,0,0,
Colorado,Kiowa,8061,14,7,6,10,7,0,0,6,2,13,36,101,9.181818182,
Colorado,Kit Carson,8063,17,15,19,0,0,9,8,34,52,98,349,601,54.63636364,
Colorado,Lake,8065,0,0,0,0,0,0,0,0,0,0,0,0,0,
Colorado,La Plata,8067,0,0,0,0,0,0,0,0,0,0,1,1,0.090909091,
Colorado,Larimer,8069,0,0,0,0,0,0,0,0,0,0,0,0,0,
Colorado,Las Animas,8071,0,0,0,0,0,0,0,0,0,0,0,0,0,
Colorado,Lincoln,8073,2,0,0,0,0,0,0,0,0,0,12,14,1.272727273,
Colorado,Logan,8075,7,7,8,13,13,8,4,1,10,5,13,89,8.090909091,
Colorado,Mesa,8077,0,0,0,0,0,0,0,0,0,0,0,0,0,
Colorado,Mineral,8079,0,0,0,0,0,0,0,0,0,0,0,0,0,
Colorado,Moffat,8081,0,0,0,0,0,0,0,0,0,0,0,0,0,
Colorado,Montezuma,8083,0,0,0,0,0,0,0,0,0,0,0,0,0,
Colorado,Montrose,8085,0,0,0,0,0,1,0,0,0,0,0,1,0.090909091,
Colorado,Morgan,8087,6,5,6,2,3,3,0,0,0,0,0,25,2.272727273,
Colorado,Otero,8089,8,12,9,4,6,0,0,0,0,0,0,39,3.545454545,
Colorado,Ouray,8091,0,0,0,0,0,0,0,0,0,0,0,0,0,
Colorado,Park,8093,0,0,0,0,0,0,0,0,0,0,0,0,0,
Colorado,Phillips,8095,9,15,22,15,10,0,2,2,5,11,10,101,9.181818182,
Colorado,Pitkin,8097,0,0,0,0,0,0,0,0,0,0,0,0,0,
Colorado,Prowers,8099,3,3,0,3,0,0,0,0,0,2,2,13,1.181818182,
Colorado,Pueblo,8101,0,0,0,0,0,0,0,0,0,0,0,0,0,
Colorado,Rio Blanco,8103,0,0,0,0,0,0,0,0,0,0,0,0,0,
Colorado,Rio Grande,8105,0,0,0,0,0,0,0,0,0,0,0,0,0,
Colorado,Routt,8107,0,0,0,0,0,0,0,0,0,0,0,0,0,
Colorado,Saguache,8109,0,0,0,0,0,0,0,0,0,0,0,0,0,
Colorado,San Juan,8111,0,0,0,0,0,0,0,0,0,0,0,0,0,
Colorado,San Miguel,8113,0,0,0,0,0,0,0,0,0,0,0,0,0,
Colorado,Sedgwick,8115,1,4,3,3,2,1,2,1,18,2,1,38,3.454545455,
Colorado,Summit,8117,0,0,0,0,0,0,0,0,0,0,0,0,0,
Colorado,Teller,8119,0,0,0,0,0,0,0,0,0,0,0,0,0,
Colorado,Washington,8121,1,1,1,0,0,0,0,0,33,7,61,104,9.454545455,
Colorado,Weld,8123,0,1,2,4,3,0,0,0,4,0,0,14,1.272727273,
Colorado,Yuma,8125,15,13,17,7,4,16,10,6,13,18,100,219,19.90909091,
Connecticut,Fairfield,9001,0,0,0,0,0,0,0,0,0,0,0,0,0,
Connecticut,Hartford,9003,0,0,0,0,0,0,0,0,0,0,0,0,0,
Connecticut,Litchfield,9005,0,0,0,0,0,0,0,0,0,0,0,0,0,
Connecticut,Middlesex,9007,0,0,0,0,0,0,0,0,0,0,0,0,0,
Connecticut,New Haven,9009,1,0,0,0,0,0,0,0,0,0,0,1,0.090909091,
Connecticut,New London,9011,5,4,4,3,1,0,1,0,0,1,1,20,1.818181818,
Connecticut,Tolland,9013,0,1,0,0,0,0,0,0,0,0,0,1,0.090909091,
Connecticut,Windham,9015,2,1,0,0,0,0,0,0,0,0,0,3,0.272727273,
Delaware,Kent,10001,0,0,0,0,0,0,0,0,0,0,0,0,0,
Delaware,New Castle,10003,0,0,0,0,0,0,0,0,0,0,0,0,0,
Delaware,Sussex,10005,0,0,1,0,0,0,0,0,0,0,0,1,0.090909091,
District Of Columbia,District of Columbia,11001,0,0,0,0,0,0,0,0,0,0,0,0,0,
Florida,Alachua,12001,0,0,0,0,0,0,0,0,0,0,0,0,0,
Florida,Baker,12003,0,0,0,0,0,0,0,0,0,0,0,0,0,
Florida,Bay,12005,0,0,0,0,0,0,0,0,0,0,0,0,0,
Florida,Bradford,12007,0,0,0,0,0,0,0,0,0,0,0,0,0,
Florida,Brevard,12009,0,0,0,0,0,0,0,0,0,0,0,0,0,
Florida,Broward,12011,0,0,0,0,0,0,0,0,0,0,0,0,0,
Florida,Calhoun,12013,0,0,0,0,0,0,0,0,0,0,0,0,0,
Florida,Charlotte,12015,0,0,0,0,0,0,0,0,0,0,0,0,0,
Florida,Citrus,12017,0,0,0,0,0,0,0,0,0,0,0,0,0,
Florida,Clay,12019,0,0,0,0,0,0,0,0,0,0,0,0,0,
Florida,Collier,12021,0,0,0,0,0,0,0,0,0,0,0,0,0,
Florida,Columbia,12023,0,0,0,0,0,0,0,0,0,0,0,0,0,
Florida,DeSoto,12027,0,0,0,0,0,0,0,0,0,0,0,0,0,
Florida,Dixie,12029,0,0,0,0,0,0,0,0,0,0,0,0,0,
Florida,Duval,12031,0,0,0,0,0,0,0,0,0,0,0,0,0,
Florida,Escambia,12033,0,0,0,0,0,0,0,0,0,0,0,0,0,
Florida,Flagler,12035,0,0,0,0,0,0,0,0,0,0,0,0,0,
Florida,Franklin,12037,0,0,0,0,0,0,0,0,0,0,0,0,0,
Florida,Gadsden,12039,0,0,0,0,0,0,0,0,0,0,0,0,0,
Florida,Gilchrist,12041,0,0,0,0,0,0,0,0,0,0,0,0,0,
Florida,Glades,12043,0,0,0,0,0,0,0,0,0,0,0,0,0,
Florida,Gulf,12045,0,0,0,0,0,0,0,0,0,0,0,0,0,
Florida,Hamilton,12047,0,0,0,0,0,0,0,0,0,0,0,0,0,
Florida,Hardee,12049,0,0,0,0,0,0,0,0,0,0,0,0,0,
Florida,Hendry,12051,0,0,0,0,0,0,0,0,0,0,0,0,0,
Florida,Hernando,12053,0,0,0,0,0,0,0,0,0,0,0,0,0,
Florida,Highlands,12055,0,0,0,0,0,0,0,0,0,0,0,0,0,
Florida,Hillsborough,12057,0,0,0,0,0,0,0,0,0,0,0,0,0,
Florida,Holmes,12059,0,0,0,0,0,0,0,0,0,0,0,0,0,
Florida,Indian River,12061,0,0,0,0,0,0,0,0,0,0,0,0,0,
Florida,Jackson,12063,0,0,0,0,0,0,0,0,0,0,0,0,0,
Florida,Jefferson,12065,0,0,0,0,0,0,0,0,0,0,0,0,0,
Florida,Lafayette,12067,0,0,0,0,0,0,0,0,0,0,0,0,0,
Florida,Lake,12069,0,0,0,0,0,0,0,0,0,0,0,0,0,
Florida,Lee,12071,0,0,0,0,0,0,0,0,0,0,0,0,0,
Florida,Leon,12073,0,0,0,0,0,0,0,0,0,0,0,0,0,
Florida,Levy,12075,0,0,0,0,0,0,0,0,0,0,0,0,0,
Florida,Liberty,12077,0,0,0,0,0,0,0,0,0,0,0,0,0,
Florida,Madison,12079,0,0,0,0,0,0,0,0,0,0,0,0,0,
Florida,Manatee,12081,0,0,0,0,0,0,0,0,0,0,0,0,0,
Florida,Marion,12083,0,0,0,0,0,0,0,0,0,0,0,0,0,
Florida,Martin,12085,0,0,0,0,0,0,0,0,0,0,0,0,0,
Florida,Miami-Dade,12086,0,0,0,0,0,0,0,0,0,0,0,0,0,
Florida,Monroe,12087,0,0,0,0,0,0,0,0,0,0,0,0,0,
Florida,Nassau,12089,0,0,0,0,0,0,0,0,0,0,0,0,0,
Florida,Okaloosa,12091,0,0,0,0,0,0,0,0,0,0,0,0,0,
Florida,Okeechobee,12093,0,0,0,0,0,0,0,0,0,0,0,0,0,
Florida,Orange,12095,0,0,0,0,0,0,0,0,0,0,0,0,0,
Florida,Osceola,12097,0,0,0,0,0,0,0,0,0,0,0,0,0,
Florida,Palm Beach,12099,0,0,0,0,0,0,0,0,0,0,0,0,0,
Florida,Pasco,12101,0,0,0,0,0,0,0,0,0,0,0,0,0,
Florida,Pinellas,12103,0,0,0,0,0,0,0,0,0,0,0,0,0,
Florida,Polk,12105,0,0,0,0,0,0,0,0,0,0,0,0,0,
Florida,Putnam,12107,0,0,0,0,0,0,0,0,0,0,0,0,0,
Florida,St. Johns,12109,0,0,0,0,0,0,0,0,0,0,0,0,0,
Florida,St. Lucie,12111,0,0,0,0,0,0,0,0,0,0,0,0,0,
Florida,Santa Rosa,12113,0,0,0,0,0,0,0,0,0,0,0,0,0,
Florida,Sarasota,12115,0,0,0,0,0,0,0,0,0,0,0,0,0,
Florida,Seminole,12117,0,0,0,0,0,0,0,0,0,0,0,0,0,
Florida,Sumter,12119,0,0,0,0,0,0,0,0,0,0,0,0,0,
Florida,Suwannee,12121,0,0,0,0,0,0,0,0,0,0,0,0,0,
Florida,Taylor,12123,0,0,0,0,0,0,0,0,0,0,0,0,0,
Florida,Union,12125,0,0,0,0,0,0,0,0,0,0,0,0,0,
Florida,Volusia,12127,0,0,0,0,0,0,0,0,0,0,0,0,0,
Florida,Wakulla,12129,0,0,0,0,0,0,0,0,0,0,0,0,0,
Florida,Walton,12131,0,0,0,0,0,0,0,0,0,0,0,0,0,
Florida,Washington,12133,0,0,0,0,0,0,0,0,0,0,0,0,0,
Georgia,Appling,13001,0,0,0,0,0,0,0,0,0,0,0,0,0,
Georgia,Atkinson,13003,0,0,0,0,0,0,0,0,0,0,0,0,0,
Georgia,Bacon,13005,0,0,0,0,0,0,0,0,0,0,0,0,0,
Georgia,Baker,13007,0,0,0,0,0,0,0,0,0,0,0,0,0,
Georgia,Baldwin,13009,0,0,0,0,0,0,0,0,0,0,0,0,0,
Georgia,Banks,13011,0,0,0,0,0,0,0,0,0,0,0,0,0,
Georgia,Barrow,13013,0,0,0,0,0,0,0,0,0,0,0,0,0,
Georgia,Bartow,13015,0,0,0,0,0,0,0,0,0,0,0,0,0,
Georgia,Ben Hill,13017,0,0,0,0,0,0,0,0,0,0,0,0,0,
Georgia,Berrien,13019,0,0,0,0,0,0,0,0,0,0,0,0,0,
Georgia,Bibb,13021,0,0,0,0,0,0,0,0,0,0,0,0,0,
Georgia,Bleckley,13023,0,0,0,0,0,0,0,0,0,0,0,0,0,
Georgia,Brantley,13025,0,0,0,0,0,0,0,0,0,0,0,0,0,
Georgia,Brooks,13027,0,0,0,0,0,0,0,0,0,0,0,0,0,
Georgia,Bryan,13029,0,0,0,0,0,0,0,0,0,0,0,0,0,
Georgia,Bulloch,13031,0,0,0,0,0,0,0,0,0,0,0,0,0,
Georgia,Burke,13033,0,0,0,0,0,0,0,0,0,0,0,0,0,
Georgia,Butts,13035,0,0,0,0,0,0,0,0,0,0,0,0,0,
Georgia,Calhoun,13037,0,0,0,0,0,0,0,0,0,0,0,0,0,
Georgia,Camden,13039,0,0,0,0,0,0,0,0,0,0,0,0,0,
Georgia,Candler,13043,1,1,1,1,0,0,0,0,0,0,0,4,0.363636364,
Georgia,Carroll,13045,0,0,0,0,0,0,0,0,0,0,0,0,0,
Georgia,Catoosa,13047,0,0,0,0,0,0,0,0,0,0,0,0,0,
Georgia,Charlton,13049,0,0,0,0,0,0,0,0,0,0,0,0,0,
Georgia,Chatham,13051,0,0,0,0,0,0,0,0,0,0,0,0,0,
Georgia,Chattahoochee,13053,0,0,0,0,0,0,0,0,0,0,0,0,0,
Georgia,Chattooga,13055,0,0,0,0,0,0,0,0,0,0,0,0,0,
Georgia,Cherokee,13057,0,0,0,0,0,0,0,0,0,0,0,0,0,
Georgia,Clarke,13059,0,0,0,0,0,0,0,0,0,0,0,0,0,
Georgia,Clay,13061,0,0,0,0,0,0,0,0,0,0,0,0,0,
Georgia,Clayton,13063,0,0,0,0,0,0,0,0,0,0,0,0,0,
Georgia,Clinch,13065,0,0,0,0,0,0,0,0,0,0,0,0,0,
Georgia,Cobb,13067,0,0,0,0,0,0,0,0,0,0,0,0,0,
Georgia,Coffee,13069,0,0,0,0,0,0,0,0,0,0,0,0,0,
Georgia,Colquitt,13071,0,0,0,0,0,0,0,0,0,0,0,0,0,
Georgia,Columbia,13073,0,0,0,0,0,0,0,0,0,0,0,0,0,
Georgia,Cook,13075,0,0,0,0,0,0,0,0,0,0,0,0,0,
Georgia,Coweta,13077,0,0,0,0,0,0,0,0,0,0,0,0,0,
Georgia,Crawford,13079,0,0,0,0,0,0,0,0,0,0,0,0,0,
Georgia,Crisp,13081,0,0,0,0,0,0,0,0,0,0,0,0,0,
Georgia,Dade,13083,0,0,0,0,0,0,0,0,0,0,0,0,0,
Georgia,Dawson,13085,0,0,0,0,0,0,0,0,0,0,0,0,0,
Georgia,Decatur,13087,0,0,0,0,0,0,0,0,0,0,0,0,0,
Georgia,DeKalb,13089,0,0,0,0,0,0,0,0,0,0,0,0,0,
Georgia,Dodge,13091,0,0,0,0,0,0,0,0,0,0,0,0,0,
Georgia,Dooly,13093,0,0,0,0,0,0,0,0,0,0,0,0,0,
Georgia,Dougherty,13095,0,0,0,0,0,0,0,0,0,0,0,0,0,
Georgia,Douglas,13097,0,0,0,0,0,0,0,0,0,0,0,0,0,
Georgia,Early,13099,0,0,0,0,0,0,0,0,0,0,0,0,0,
Georgia,Echols,13101,0,0,0,0,0,0,0,0,0,0,0,0,0,
Georgia,Effingham,13103,0,0,0,0,0,0,0,0,0,0,0,0,0,
Georgia,Elbert,13105,0,0,0,0,0,0,0,0,0,0,0,0,0,
Georgia,Emanuel,13107,0,0,0,0,0,0,0,0,0,0,0,0,0,
Georgia,Evans,13109,0,0,0,0,0,0,0,0,0,0,0,0,0,
Georgia,Fannin,13111,0,0,0,0,0,0,0,0,0,0,0,0,0,
Georgia,Fayette,13113,0,0,0,0,0,0,0,0,0,0,0,0,0,
Georgia,Floyd,13115,0,0,0,0,0,0,0,0,0,0,0,0,0,
Georgia,Forsyth,13117,0,0,0,0,0,0,0,0,0,0,0,0,0,
Georgia,Franklin,13119,0,0,0,0,0,0,0,0,0,0,0,0,0,
Georgia,Fulton,13121,0,0,0,0,0,0,0,0,0,0,0,0,0,
Georgia,Gilmer,13123,0,0,0,0,0,0,0,0,0,0,0,0,0,
Georgia,Glascock,13125,0,0,0,0,0,0,0,0,0,0,0,0,0,
Georgia,Glynn,13127,0,0,0,0,0,0,0,0,0,0,0,0,0,
Georgia,Gordon,13129,0,0,0,0,0,0,0,0,0,0,0,0,0,
Georgia,Grady,13131,0,0,0,0,0,0,0,0,0,0,0,0,0,
Georgia,Greene,13133,0,0,0,0,0,0,0,0,0,0,0,0,0,
Georgia,Gwinnett,13135,0,0,0,0,0,0,0,0,0,0,0,0,0,
Georgia,Habersham,13137,0,0,0,0,0,0,0,0,0,0,0,0,0,
Georgia,Hall,13139,0,0,0,0,0,0,0,0,0,0,0,0,0,
Georgia,Hancock,13141,0,0,0,0,0,0,0,0,0,0,0,0,0,
Georgia,Haralson,13143,0,0,0,0,0,0,0,0,0,0,0,0,0,
Georgia,Harris,13145,0,0,0,0,0,0,0,0,0,0,0,0,0,
Georgia,Hart,13147,0,0,0,0,0,0,0,0,0,0,0,0,0,
Georgia,Heard,13149,0,0,0,0,0,0,0,0,0,0,0,0,0,
Georgia,Henry,13151,0,0,0,0,0,0,0,0,0,0,0,0,0,
Georgia,Houston,13153,0,0,0,0,0,0,0,0,0,0,0,0,0,
Georgia,Irwin,13155,0,0,0,0,0,0,0,0,0,0,0,0,0,
Georgia,Jackson,13157,0,0,0,0,0,0,0,0,0,0,0,0,0,
Georgia,Jasper,13159,0,0,0,0,0,0,0,0,0,0,0,0,0,
Georgia,Jeff Davis,13161,0,0,0,0,0,0,0,0,0,0,0,0,0,
Georgia,Jefferson,13163,0,0,0,0,0,0,0,0,0,0,0,0,0,
Georgia,Jenkins,13165,0,0,0,0,0,0,0,0,0,0,0,0,0,
Georgia,Johnson,13167,0,0,0,0,0,0,0,0,0,0,0,0,0,
Georgia,Jones,13169,0,0,0,0,0,0,0,0,0,0,0,0,0,
Georgia,Lamar,13171,0,0,0,0,0,0,0,0,0,0,0,0,0,
Georgia,Lanier,13173,0,0,0,0,0,0,0,0,0,0,0,0,0,
Georgia,Laurens,13175,0,0,0,0,0,0,0,0,0,0,0,0,0,
Georgia,Lee,13177,0,0,0,0,0,0,0,0,0,0,0,0,0,
Georgia,Liberty,13179,0,0,0,0,0,0,0,0,0,0,0,0,0,
Georgia,Lincoln,13181,0,0,0,0,0,0,0,0,0,0,0,0,0,
Georgia,Long,13183,0,0,0,0,0,0,0,0,0,0,0,0,0,
Georgia,Lowndes,13185,0,0,0,0,0,0,0,0,0,0,0,0,0,
Georgia,Lumpkin,13187,0,0,0,0,0,0,0,0,0,0,0,0,0,
Georgia,McDuffie,13189,0,0,0,0,0,0,0,0,0,0,0,0,0,
Georgia,McIntosh,13191,0,0,0,0,0,0,0,0,0,0,0,0,0,
Georgia,Macon,13193,0,0,0,0,0,0,0,0,0,0,0,0,0,
Georgia,Madison,13195,0,0,0,0,0,0,0,0,0,0,0,0,0,
Georgia,Marion,13197,0,0,0,0,0,0,0,0,0,0,0,0,0,
Georgia,Meriwether,13199,0,0,0,0,0,0,0,0,0,0,0,0,0,
Georgia,Miller,13201,0,0,0,0,0,0,0,0,0,0,0,0,0,
Georgia,Mitchell,13205,0,0,0,0,0,0,0,0,0,0,0,0,0,
Georgia,Monroe,13207,0,0,0,0,0,0,0,0,0,0,0,0,0,
Georgia,Montgomery,13209,0,0,0,0,0,0,0,0,0,0,0,0,0,
Georgia,Morgan,13211,0,0,0,0,0,0,0,0,0,0,0,0,0,
Georgia,Murray,13213,0,0,0,0,0,0,0,0,0,0,0,0,0,
Georgia,Muscogee,13215,0,0,0,0,0,0,0,0,0,0,0,0,0,
Georgia,Newton,13217,0,0,0,0,0,0,0,0,0,0,0,0,0,
Georgia,Oconee,13219,0,0,0,0,0,0,0,0,0,0,0,0,0,
Georgia,Oglethorpe,13221,0,0,0,0,0,0,0,0,0,0,0,0,0,
Georgia,Paulding,13223,0,0,0,0,0,0,0,0,0,0,0,0,0,
Georgia,Peach,13225,0,0,0,0,0,0,0,0,0,0,0,0,0,
Georgia,Pickens,13227,0,0,0,0,0,0,0,0,0,0,0,0,0,
Georgia,Pierce,13229,0,0,0,0,0,0,0,0,0,0,0,0,0,
Georgia,Pike,13231,0,0,0,0,0,0,0,0,0,0,0,0,0,
Georgia,Polk,13233,0,0,0,0,0,0,0,0,0,0,0,0,0,
Georgia,Pulaski,13235,0,0,0,0,0,0,0,0,0,0,0,0,0,
Georgia,Putnam,13237,0,0,0,0,0,0,0,0,0,0,0,0,0,
Georgia,Quitman,13239,0,0,0,0,0,0,0,0,0,0,0,0,0,
Georgia,Rabun,13241,0,0,0,0,0,0,0,0,0,0,0,0,0,
Georgia,Randolph,13243,0,0,0,0,0,0,0,0,0,0,0,0,0,
Georgia,Richmond,13245,0,0,0,0,0,0,0,0,0,0,0,0,0,
Georgia,Rockdale,13247,0,0,0,0,0,0,0,0,0,0,0,0,0,
Georgia,Schley,13249,0,0,0,0,0,0,0,0,0,0,0,0,0,
Georgia,Screven,13251,0,0,0,0,0,0,0,0,0,0,0,0,0,
Georgia,Seminole,13253,0,0,0,0,0,0,0,0,0,0,0,0,0,
Georgia,Spalding,13255,0,0,0,0,0,0,0,0,0,0,0,0,0,
Georgia,Stephens,13257,0,0,0,0,0,0,0,0,0,0,0,0,0,
Georgia,Stewart,13259,0,0,0,0,0,0,0,0,0,0,0,0,0,
Georgia,Sumter,13261,0,0,0,0,0,0,0,0,0,0,0,0,0,
Georgia,Talbot,13263,0,0,0,0,0,0,0,0,0,0,0,0,0,
Georgia,Taliaferro,13265,0,0,0,0,0,0,0,0,0,0,0,0,0,
Georgia,Tattnall,13267,0,0,0,0,0,0,0,0,0,0,0,0,0,
Georgia,Taylor,13269,0,0,0,0,0,0,0,0,0,0,0,0,0,
Georgia,Telfair,13271,0,0,0,0,0,0,0,0,0,0,0,0,0,
Georgia,Terrell,13273,0,0,0,0,0,0,0,0,0,0,0,0,0,
Georgia,Thomas,13275,0,0,0,0,0,0,0,0,0,0,0,0,0,
Georgia,Tift,13277,0,0,0,0,0,0,0,0,0,0,0,0,0,
Georgia,Toombs,13279,0,0,0,0,0,0,0,0,0,0,0,0,0,
Georgia,Towns,13281,0,0,0,0,0,0,0,0,0,0,0,0,0,
Georgia,Treutlen,13283,0,0,0,0,0,0,0,0,0,0,0,0,0,
Georgia,Troup,13285,0,0,0,0,0,0,0,0,0,0,0,0,0,
Georgia,Turner,13287,0,0,0,0,0,0,0,0,0,0,0,0,0,
Georgia,Twiggs,13289,0,0,0,0,0,0,0,0,0,0,0,0,0,
Georgia,Union,13291,0,0,0,0,0,0,0,0,0,0,0,0,0,
Georgia,Upson,13293,0,0,0,0,0,0,0,0,0,0,0,0,0,
Georgia,Walker,13295,0,0,0,0,0,0,0,0,0,0,0,0,0,
Georgia,Walton,13297,0,0,0,0,0,0,0,0,0,0,0,0,0,
Georgia,Ware,13299,0,0,0,0,0,0,0,0,0,0,0,0,0,
Georgia,Warren,13301,0,0,0,0,0,0,0,0,0,0,0,0,0,
Georgia,Washington,13303,0,0,0,0,0,0,0,0,0,0,0,0,0,
Georgia,Wayne,13305,0,0,0,0,0,0,0,0,0,0,0,0,0,
Georgia,Webster,13307,0,0,0,0,0,0,0,0,0,0,0,0,0,
Georgia,Wheeler,13309,0,0,0,0,0,0,0,0,0,0,0,0,0,
Georgia,White,13311,0,0,0,0,0,0,0,0,0,0,0,0,0,
Georgia,Whitfield,13313,0,0,0,0,0,0,0,0,0,0,0,0,0,
Georgia,Wilcox,13315,0,0,0,0,0,0,0,0,0,0,0,0,0,
Georgia,Wilkes,13317,0,0,0,0,0,0,0,0,0,0,0,0,0,
Georgia,Wilkinson,13319,0,0,0,0,0,0,0,0,0,0,0,0,0,
Georgia,Worth,13321,0,0,0,0,0,0,0,0,0,0,0,0,0,
Hawaii,Hawaii,15001,0,0,0,0,0,0,0,0,0,0,0,0,0,
Hawaii,Honolulu,15003,0,0,0,0,0,0,0,0,0,0,0,0,0,
Hawaii,Kalawao,15005,0,0,0,0,0,0,0,0,0,0,0,0,0,
Hawaii,Kauai,15007,0,0,0,0,0,0,0,0,0,0,0,0,0,
Hawaii,Maui,15009,0,0,0,0,0,0,0,0,0,0,0,0,0,
Idaho,Ada,16001,0,0,0,0,0,0,0,0,0,0,0,0,0,
Idaho,Adams,16003,0,0,0,0,0,0,0,0,0,0,0,0,0,
Idaho,Bannock,16005,0,0,0,0,0,0,0,0,0,0,0,0,0,
Idaho,Bear Lake,16007,2,0,2,2,2,2,0,2,0,0,0,12,1.090909091,
Idaho,Benewah,16009,0,0,0,0,0,0,0,0,0,0,0,0,0,
Idaho,Bingham,16011,0,0,0,0,0,0,0,0,0,0,0,0,0,
Idaho,Blaine,16013,0,0,0,0,0,0,0,0,0,0,0,0,0,
Idaho,Boise,16015,0,0,0,0,0,0,0,0,0,0,0,0,0,
Idaho,Bonner,16017,0,0,0,0,0,0,0,0,0,0,0,0,0,
Idaho,Bonneville,16019,0,0,2,2,0,0,0,0,0,0,0,4,0.363636364,
Idaho,Boundary,16021,0,0,0,0,0,0,0,0,0,0,0,0,0,
Idaho,Butte,16023,0,0,0,0,0,0,0,0,0,0,0,0,0,
Idaho,Camas,16025,0,0,0,0,0,0,0,0,0,0,0,0,0,
Idaho,Canyon,16027,0,0,0,0,0,0,0,0,0,0,0,0,0,
Idaho,Caribou,16029,0,0,0,0,0,0,0,0,0,0,0,0,0,
Idaho,Cassia,16031,1,1,1,1,0,0,0,0,0,0,0,4,0.363636364,
Idaho,Clark,16033,0,0,0,0,0,0,0,0,0,0,0,0,0,
Idaho,Clearwater,16035,7,5,4,7,1,0,0,0,0,0,0,24,2.181818182,
Idaho,Custer,16037,0,0,0,0,0,0,0,0,0,0,0,0,0,
Idaho,Elmore,16039,0,0,0,0,0,0,0,0,0,0,0,0,0,
Idaho,Franklin,16041,0,1,1,1,1,0,0,0,0,0,0,4,0.363636364,
Idaho,Fremont,16043,0,0,0,0,0,0,0,0,0,0,0,0,0,
Idaho,Gem,16045,0,0,0,0,0,0,0,0,0,0,0,0,0,
Idaho,Gooding,16047,0,0,0,0,0,0,0,0,0,0,0,0,0,
Idaho,Idaho,16049,46,51,13,51,21,0,0,0,0,0,0,182,16.54545455,
Idaho,Jefferson,16051,0,0,0,0,0,0,0,0,0,0,0,0,0,
Idaho,Jerome,16053,1,0,0,1,0,0,0,0,0,0,0,2,0.181818182,
Idaho,Kootenai,16055,3,2,3,3,1,0,0,0,0,0,0,12,1.090909091,
Idaho,Latah,16057,45,28,19,30,1,0,0,0,0,0,0,123,11.18181818,
Idaho,Lemhi,16059,0,0,0,0,0,0,0,0,0,0,0,0,0,
Idaho,Lewis,16061,62,64,34,58,22,2,0,0,0,2,4,248,22.54545455,
Idaho,Lincoln,16063,1,1,1,1,0,0,0,0,0,0,0,4,0.363636364,
Idaho,Madison,16065,3,0,3,3,2,3,2,1,2,1,3,23,2.090909091,
Idaho,Minidoka,16067,0,2,0,3,0,0,0,0,0,0,0,5,0.454545455,
Idaho,Nez Perce,16069,23,37,16,19,2,0,0,0,0,0,0,97,8.818181818,
Idaho,Oneida,16071,3,2,2,1,2,0,0,0,0,0,0,10,0.909090909,
Idaho,Owyhee,16073,0,0,0,0,0,0,0,0,0,0,0,0,0,
Idaho,Payette,16075,0,1,1,0,0,0,0,0,0,0,0,2,0.181818182,
Idaho,Power,16077,0,0,0,0,0,0,0,0,0,0,0,0,0,
Idaho,Shoshone,16079,0,0,0,0,0,0,0,0,0,0,0,0,0,
Idaho,Teton,16081,0,0,0,0,0,0,0,0,0,0,0,0,0,
Idaho,Twin Falls,16083,0,1,1,1,0,0,0,0,0,0,0,3,0.272727273,
Idaho,Valley,16085,0,0,0,0,0,0,0,0,0,0,0,0,0,
Idaho,Washington,16087,0,0,0,0,0,0,0,0,0,0,0,0,0,
Illinois,Adams,17001,10,23,6,7,8,107,15,5,4,6,14,205,18.63636364,
Illinois,Alexander,17003,0,0,0,0,0,48,12,0,0,0,6,66,6,
Illinois,Bond,17005,0,0,0,0,0,24,1,0,1,0,1,27,2.454545455,
Illinois,Boone,17007,0,0,0,0,0,48,4,0,0,0,17,69,6.272727273,
Illinois,Brown,17009,0,0,0,0,0,33,18,2,0,1,2,56,5.090909091,
Illinois,Bureau,17011,6,6,5,5,2,344,29,3,0,9,6,415,37.72727273,
Illinois,Calhoun,17013,3,3,2,1,2,24,6,5,3,1,16,66,6,
Illinois,Carroll,17015,0,0,0,0,0,41,6,2,0,1,4,54,4.909090909,
Illinois,Cass,17017,0,2,2,0,0,16,1,2,0,0,6,29,2.636363636,
Illinois,Champaign,17019,1,1,2,0,0,161,13,0,0,0,0,178,16.18181818,
Illinois,Christian,17021,0,1,0,0,1,11,6,1,1,1,1,23,2.090909091,
Illinois,Clark,17023,0,3,0,3,0,20,5,0,0,0,16,47,4.272727273,
Illinois,Clay,17025,0,0,0,0,0,23,7,5,7,0,8,50,4.545454545,
Illinois,Clinton,17027,0,0,0,0,0,12,6,0,1,0,6,25,2.272727273,
Illinois,Coles,17029,0,0,0,0,0,20,0,0,0,1,16,37,3.363636364,
Illinois,Cook,17031,0,0,0,0,0,26,3,3,0,2,3,37,3.363636364,
Illinois,Crawford,17033,0,0,0,0,0,4,0,0,0,0,0,4,0.363636364,
Illinois,Cumberland,17035,1,7,6,5,0,9,8,0,0,0,0,36,3.272727273,
Illinois,DeKalb,17037,0,0,0,0,0,173,16,0,1,1,20,211,19.18181818,
Illinois,De Witt,17039,0,0,0,0,0,7,1,1,0,1,1,11,1,
Illinois,Douglas,17041,0,0,0,0,0,10,0,0,0,0,8,18,1.636363636,
Illinois,DuPage,17043,0,0,0,0,0,2,0,0,0,0,0,2,0.181818182,
Illinois,Edgar,17045,0,0,0,0,0,9,0,0,0,0,1,10,0.909090909,
Illinois,Edwards,17047,0,10,6,0,8,50,13,7,18,5,10,127,11.54545455,
Illinois,Effingham,17049,0,0,0,0,0,11,3,0,0,0,0,14,1.272727273,
Illinois,Fayette,17051,0,0,0,0,0,12,3,3,2,0,0,20,1.818181818,
Illinois,Ford,17053,0,9,0,1,0,166,5,1,0,0,5,187,17,
Illinois,Franklin,17055,0,0,0,0,0,17,7,2,3,2,1,32,2.909090909,
Illinois,Fulton,17057,0,4,1,0,0,88,13,2,1,5,10,124,11.27272727,
Illinois,Gallatin,17059,0,0,0,0,0,24,3,0,0,0,2,29,2.636363636,
Illinois,Greene,17061,0,3,3,1,0,33,2,3,2,0,9,56,5.090909091,
Illinois,Grundy,17063,0,0,0,0,0,155,34,1,1,2,8,201,18.27272727,
Illinois,Hamilton,17065,1,2,3,1,2,61,1,3,2,4,9,89,8.090909091,
Illinois,Hancock,17067,2,3,2,0,0,97,7,0,8,4,7,130,11.81818182,
Illinois,Hardin,17069,0,0,0,0,0,1,0,0,0,0,0,1,0.090909091,
Illinois,Henderson,17071,3,5,3,0,0,75,14,2,7,4,15,128,11.63636364,
Illinois,Henry,17073,2,2,2,2,0,259,16,1,1,3,7,295,26.81818182,
Illinois,Iroquois,17075,2,5,1,2,1,400,6,2,1,1,13,434,39.45454545,
Illinois,Jackson,17077,0,0,0,0,0,15,5,0,0,0,1,21,1.909090909,
Illinois,Jasper,17079,0,1,0,1,0,82,14,2,2,1,7,110,10,
Illinois,Jefferson,17081,0,0,0,0,0,84,18,1,0,0,0,103,9.363636364,
Illinois,Jersey,17083,1,1,1,0,0,32,2,2,1,0,10,50,4.545454545,
Illinois,Jo Daviess,17085,0,0,0,0,0,19,3,0,0,0,1,23,2.090909091,
Illinois,Johnson,17087,0,0,0,0,0,2,0,0,0,0,1,3,0.272727273,
Illinois,Kane,17089,0,0,0,0,0,96,17,0,2,2,5,122,11.09090909,
Illinois,Kankakee,17091,0,1,0,0,1,241,27,5,5,5,24,309,28.09090909,
Illinois,Kendall,17093,0,0,0,0,0,131,19,1,0,0,15,166,15.09090909,
Illinois,Knox,17095,1,2,2,0,0,48,6,0,0,0,0,59,5.363636364,
Illinois,Lake,17097,0,0,0,0,0,16,9,0,0,0,0,25,2.272727273,
Illinois,LaSalle,17099,3,3,3,3,2,355,42,14,3,6,20,454,41.27272727,
Illinois,Lawrence,17101,0,0,0,0,0,27,3,0,0,0,2,32,2.909090909,
Illinois,Lee,17103,3,1,1,1,0,185,16,3,2,5,16,233,21.18181818,
Illinois,Livingston,17105,0,1,1,0,0,285,31,0,0,0,14,332,30.18181818,
Illinois,Logan,17107,0,2,1,0,0,41,2,2,0,0,0,48,4.363636364,
Illinois,McDonough,17109,2,2,2,0,0,134,10,5,3,13,30,201,18.27272727,
Illinois,McHenry,17111,0,0,0,0,0,97,21,0,2,0,9,129,11.72727273,
Illinois,McLean,17113,0,3,1,0,0,74,7,0,0,0,0,85,7.727272727,
Illinois,Macon,17115,0,0,0,0,0,17,4,0,0,0,3,24,2.181818182,
Illinois,Macoupin,17117,0,0,0,0,0,9,5,0,0,0,0,14,1.272727273,
Illinois,Madison,17119,0,0,0,0,0,3,1,0,0,0,0,4,0.363636364,
Illinois,Marion,17121,0,0,0,0,0,55,26,2,0,2,6,91,8.272727273,
Illinois,Marshall,17123,1,1,1,1,1,82,6,0,0,0,17,110,10,
Illinois,Mason,17125,0,0,0,0,0,13,6,0,1,1,1,22,2,
Illinois,Massac,17127,0,0,0,0,0,8,3,0,2,0,0,13,1.181818182,
Illinois,Menard,17129,0,0,0,0,0,5,2,2,0,0,4,13,1.181818182,
Illinois,Mercer,17131,0,0,0,0,0,87,1,0,1,2,20,111,10.09090909,
Illinois,Monroe,17133,4,12,6,9,4,91,25,8,3,1,19,182,16.54545455,
Illinois,Montgomery,17135,0,0,0,0,0,9,0,0,0,0,0,9,0.818181818,
Illinois,Morgan,17137,0,0,0,0,0,15,3,0,0,0,0,18,1.636363636,
Illinois,Moultrie,17139,0,0,0,0,0,3,0,0,0,0,0,3,0.272727273,
Illinois,Ogle,17141,0,0,0,0,0,111,9,0,0,0,8,128,11.63636364,
Illinois,Peoria,17143,1,1,1,1,1,60,6,1,1,1,4,78,7.090909091,
Illinois,Perry,17145,0,0,0,0,0,6,3,0,0,0,9,18,1.636363636,
Illinois,Piatt,17147,0,0,0,0,0,15,5,0,0,0,0,20,1.818181818,
Illinois,Pike,17149,0,0,0,0,0,46,15,4,0,0,2,67,6.090909091,
Illinois,Pope,17151,0,0,0,0,0,3,0,0,0,0,0,3,0.272727273,
Illinois,Pulaski,17153,0,0,0,0,0,7,1,0,0,0,1,9,0.818181818,
Illinois,Putnam,17155,1,1,0,0,0,38,10,0,0,4,6,60,5.454545455,
Illinois,Randolph,17157,0,0,0,0,0,51,1,3,0,0,0,55,5,
Illinois,Richland,17159,2,3,1,0,5,13,7,5,9,0,17,62,5.636363636,
Illinois,Rock Island,17161,0,0,0,0,0,68,4,0,1,1,2,76,6.909090909,
Illinois,St. Clair,17163,0,0,0,0,0,9,5,2,0,0,7,23,2.090909091,
Illinois,Saline,17165,0,0,0,0,0,9,2,0,0,0,7,18,1.636363636,
Illinois,Sangamon,17167,0,0,0,0,0,29,2,4,0,1,4,40,3.636363636,
Illinois,Schuyler,17169,0,1,0,0,0,67,16,0,1,14,5,104,9.454545455,
Illinois,Scott,17171,0,0,0,0,0,27,7,2,2,4,3,45,4.090909091,
Illinois,Shelby,17173,0,0,0,0,0,17,0,0,2,0,3,22,2,
Illinois,Stark,17175,3,4,0,1,0,67,4,2,0,2,3,86,7.818181818,
Illinois,Stephenson,17177,0,1,1,1,0,29,2,0,1,0,1,36,3.272727273,
Illinois,Tazewell,17179,0,0,0,0,0,34,4,0,0,0,6,44,4,
Illinois,Union,17181,0,0,0,0,0,37,7,4,1,1,3,53,4.818181818,
Illinois,Vermilion,17183,6,23,6,4,3,322,16,1,2,5,30,418,38,
Illinois,Wabash,17185,0,0,0,0,0,12,1,0,0,1,0,14,1.272727273,
Illinois,Warren,17187,0,0,0,0,0,25,0,0,0,0,0,25,2.272727273,
Illinois,Washington,17189,0,0,0,0,0,19,5,0,0,0,5,29,2.636363636,
Illinois,Wayne,17191,3,25,19,3,14,140,31,6,12,11,22,286,26,
Illinois,White,17193,0,9,4,2,4,135,11,3,3,4,23,198,18,
Illinois,Whiteside,17195,2,2,4,3,3,197,30,3,1,8,17,270,24.54545455,
Illinois,Will,17197,0,0,0,0,0,285,37,9,0,6,61,398,36.18181818,
Illinois,Williamson,17199,0,0,0,0,0,16,1,0,0,0,0,17,1.545454545,
Illinois,Winnebago,17201,2,2,0,2,0,43,6,0,1,2,7,65,5.909090909,
Illinois,Woodford,17203,0,0,0,0,0,57,16,0,0,6,47,126,11.45454545,
Indiana,Adams,18001,0,0,0,0,0,71,2,0,0,0,0,73,6.636363636,
Indiana,Allen,18003,0,0,0,0,0,67,14,0,0,0,0,81,7.363636364,
Indiana,Bartholomew,18005,0,0,0,0,0,28,1,0,0,0,0,29,2.636363636,
Indiana,Benton,18007,0,0,0,0,0,32,3,1,0,0,1,37,3.363636364,
Indiana,Blackford,18009,0,0,0,0,0,28,0,0,0,0,0,28,2.545454545,
Indiana,Boone,18011,0,0,0,0,0,70,2,0,0,0,0,72,6.545454545,
Indiana,Brown,18013,0,0,0,0,0,2,0,0,0,0,0,2,0.181818182,
Indiana,Carroll,18015,0,0,0,0,0,14,0,0,0,0,0,14,1.272727273,
Indiana,Cass,18017,0,0,0,0,0,17,2,0,0,0,1,20,1.818181818,
Indiana,Clark,18019,0,1,1,0,1,59,7,0,0,0,2,71,6.454545455,
Indiana,Clay,18021,0,0,0,0,0,78,8,2,3,2,3,96,8.727272727,
Indiana,Clinton,18023,0,0,0,0,0,81,2,0,0,0,0,83,7.545454545,
Indiana,Crawford,18025,0,0,0,0,0,8,2,0,0,0,1,11,1,
Indiana,Daviess,18027,0,0,0,0,0,141,2,3,4,1,22,173,15.72727273,
Indiana,Dearborn,18029,0,0,0,0,0,29,9,0,0,0,0,38,3.454545455,
Indiana,Decatur,18031,0,0,0,0,0,31,4,0,0,0,0,35,3.181818182,
Indiana,DeKalb,18033,0,0,0,0,0,57,11,0,0,0,0,68,6.181818182,
Indiana,Delaware,18035,0,0,0,0,0,83,2,0,0,0,0,85,7.727272727,
Indiana,Dubois,18037,0,0,0,0,0,42,3,0,1,0,29,75,6.818181818,
Indiana,Elkhart,18039,0,1,1,1,1,18,1,0,0,0,0,23,2.090909091,
Indiana,Fayette,18041,0,0,0,0,0,0,0,0,0,0,0,0,0,
Indiana,Floyd,18043,0,0,0,0,0,8,0,0,0,0,0,8,0.727272727,
Indiana,Fountain,18045,2,3,2,3,2,46,11,1,2,1,3,76,6.909090909,
Indiana,Franklin,18047,1,1,0,0,0,20,1,0,0,0,0,23,2.090909091,
Indiana,Fulton,18049,0,0,0,0,0,8,0,0,0,0,0,8,0.727272727,
Indiana,Gibson,18051,0,0,0,0,0,99,5,1,2,4,22,133,12.09090909,
Indiana,Grant,18053,0,0,0,0,0,42,6,0,0,0,0,48,4.363636364,
Indiana,Greene,18055,0,0,0,0,0,89,13,0,0,0,2,104,9.454545455,
Indiana,Hamilton,18057,0,0,0,0,0,36,4,0,0,0,0,40,3.636363636,
Indiana,Hancock,18059,0,0,0,0,0,69,5,0,0,0,0,74,6.727272727,
Indiana,Harrison,18061,0,0,0,0,0,7,2,0,0,0,0,9,0.818181818,
Indiana,Hendricks,18063,0,0,0,0,0,11,0,0,0,0,0,11,1,
Indiana,Henry,18065,0,0,0,0,0,28,4,0,0,0,0,32,2.909090909,
Indiana,Howard,18067,0,0,0,0,0,28,3,0,0,0,0,31,2.818181818,
Indiana,Huntington,18069,0,0,0,0,0,85,4,0,0,0,0,89,8.090909091,
Indiana,Jackson,18071,0,0,0,0,0,74,5,1,4,0,8,92,8.363636364,
Indiana,Jasper,18073,0,0,0,0,0,46,4,0,0,1,0,51,4.636363636,
Indiana,Jay,18075,0,0,0,0,0,71,3,0,0,0,2,76,6.909090909,
Indiana,Jefferson,18077,0,0,0,0,0,20,4,1,0,0,0,25,2.272727273,
Indiana,Jennings,18079,0,0,0,0,0,30,6,0,0,0,0,36,3.272727273,
Indiana,Johnson,18081,0,0,0,0,0,35,3,0,0,0,0,38,3.454545455,
Indiana,Knox,18083,3,4,2,3,0,101,12,3,2,2,34,166,15.09090909,
Indiana,Kosciusko,18085,0,0,0,0,0,14,1,1,0,0,0,16,1.454545455,
Indiana,LaGrange,18087,0,0,0,0,0,5,0,0,0,0,0,5,0.454545455,
Indiana,Lake,18089,0,0,0,0,0,93,13,0,0,0,14,120,10.90909091,
Indiana,LaPorte,18091,0,0,0,0,0,32,10,0,0,0,0,42,3.818181818,
Indiana,Lawrence,18093,0,0,0,0,0,25,5,7,4,0,11,52,4.727272727,
Indiana,Madison,18095,0,0,0,0,0,105,2,0,0,0,0,107,9.727272727,
Indiana,Marion,18097,0,0,0,0,0,13,0,0,0,0,0,13,1.181818182,
Indiana,Marshall,18099,0,2,1,0,0,26,6,0,0,0,0,35,3.181818182,
Indiana,Martin,18101,0,0,0,0,0,34,0,0,0,0,0,34,3.090909091,
Indiana,Miami,18103,0,5,4,4,1,15,2,0,1,0,1,33,3,
Indiana,Monroe,18105,0,0,0,0,0,4,0,0,0,0,0,4,0.363636364,
Indiana,Montgomery,18107,0,0,0,0,0,4,0,0,0,0,0,4,0.363636364,
Indiana,Morgan,18109,0,0,0,0,0,7,0,0,0,0,0,7,0.636363636,
Indiana,Newton,18111,0,0,0,0,0,90,19,2,0,0,0,111,10.09090909,
Indiana,Noble,18113,0,0,0,0,0,4,0,0,0,0,0,4,0.363636364,
Indiana,Ohio,18115,0,0,0,0,0,7,2,0,0,0,0,9,0.818181818,
Indiana,Orange,18117,0,0,0,0,0,17,0,0,0,0,3,20,1.818181818,
Indiana,Owen,18119,0,0,0,0,0,33,1,0,0,0,0,34,3.090909091,
Indiana,Parke,18121,0,0,0,0,0,7,1,0,0,0,0,8,0.727272727,
Indiana,Perry,18123,0,0,0,0,0,4,2,0,0,0,0,6,0.545454545,
Indiana,Pike,18125,0,0,0,0,0,88,8,1,2,0,14,113,10.27272727,
Indiana,Porter,18127,0,0,0,0,0,66,13,0,1,0,4,84,7.636363636,
Indiana,Posey,18129,0,15,15,0,12,68,4,1,1,3,12,131,11.90909091,
Indiana,Pulaski,18131,0,0,0,0,0,8,1,0,0,0,0,9,0.818181818,
Indiana,Putnam,18133,0,2,0,0,0,19,1,0,0,0,0,22,2,
Indiana,Randolph,18135,0,0,0,0,0,42,0,0,0,0,0,42,3.818181818,
Indiana,Ripley,18137,0,0,0,0,0,31,10,1,0,0,0,42,3.818181818,
Indiana,Rush,18139,0,0,0,0,0,8,1,0,0,0,1,10,0.909090909,
Indiana,St. Joseph,18141,0,2,2,0,0,37,6,0,0,0,0,47,4.272727273,
Indiana,Scott,18143,0,0,0,0,0,45,3,0,0,1,0,49,4.454545455,
Indiana,Shelby,18145,0,0,0,0,0,12,1,2,0,0,0,15,1.363636364,
Indiana,Spencer,18147,0,0,0,0,0,25,1,0,0,0,0,26,2.363636364,
Indiana,Starke,18149,0,0,0,0,0,3,0,0,0,0,0,3,0.272727273,
Indiana,Steuben,18151,0,0,0,0,0,29,9,0,0,0,1,39,3.545454545,
Indiana,Sullivan,18153,0,0,0,0,0,62,5,0,0,0,2,69,6.272727273,
Indiana,Switzerland,18155,0,0,0,0,0,13,6,0,0,0,0,19,1.727272727,
Indiana,Tippecanoe,18157,0,0,0,0,0,33,3,0,1,0,0,37,3.363636364,
Indiana,Tipton,18159,0,0,0,0,0,35,0,0,0,0,0,35,3.181818182,
Indiana,Union,18161,0,0,0,0,0,1,0,0,0,0,0,1,0.090909091,
Indiana,Vanderburgh,18163,0,2,2,0,2,19,4,0,1,3,8,41,3.727272727,
Indiana,Vermillion,18165,0,0,0,0,0,8,2,0,0,0,0,10,0.909090909,
Indiana,Vigo,18167,0,0,0,0,0,43,6,1,0,0,0,50,4.545454545,
Indiana,Wabash,18169,0,0,0,0,0,49,6,2,1,0,0,58,5.272727273,
Indiana,Warren,18171,0,0,0,0,0,14,3,2,1,1,4,25,2.272727273,
Indiana,Warrick,18173,0,0,0,0,0,10,1,0,0,0,0,11,1,
Indiana,Washington,18175,0,0,0,0,0,41,1,0,0,0,0,42,3.818181818,
Indiana,Wayne,18177,0,0,0,0,0,17,0,0,0,1,4,22,2,
Indiana,Wells,18179,0,0,0,0,0,133,6,0,0,0,0,139,12.63636364,
Indiana,White,18181,0,0,0,0,0,37,1,0,0,0,3,41,3.727272727,
Indiana,Whitley,18183,0,0,0,0,0,21,2,0,0,0,0,23,2.090909091,
Iowa,Adair,19001,0,0,0,0,1,4,3,0,0,0,0,8,0.727272727,
Iowa,Adams,19003,0,1,0,1,1,6,2,0,0,0,0,11,1,
Iowa,Allamakee,19005,0,0,0,0,0,19,5,1,0,0,15,40,3.636363636,
Iowa,Appanoose,19007,0,0,0,0,0,25,11,0,0,0,0,36,3.272727273,
Iowa,Audubon,19009,0,0,0,0,0,0,0,0,0,0,0,0,0,
Iowa,Benton,19011,11,10,7,2,2,13,8,0,0,1,1,55,5,
Iowa,Black Hawk,19013,1,1,0,0,0,6,1,0,0,0,0,9,0.818181818,
Iowa,Boone,19015,6,6,3,2,3,5,1,0,0,0,0,26,2.363636364,
Iowa,Bremer,19017,1,1,0,0,0,10,3,0,0,0,0,15,1.363636364,
Iowa,Buchanan,19019,0,0,1,1,0,6,2,0,0,1,2,13,1.181818182,
Iowa,Buena Vista,19021,0,0,0,0,0,14,4,0,0,0,0,18,1.636363636,
Iowa,Butler,19023,0,0,0,0,0,17,2,0,0,1,0,20,1.818181818,
Iowa,Calhoun,19025,0,0,0,2,0,0,0,0,0,0,0,2,0.181818182,
Iowa,Carroll,19027,3,4,3,3,1,1,1,0,0,0,0,16,1.454545455,
Iowa,Cass,19029,0,0,0,0,1,1,1,0,0,0,0,3,0.272727273,
Iowa,Cedar,19031,1,1,1,0,0,35,12,4,0,0,0,54,4.909090909,
Iowa,Cerro Gordo,19033,0,0,0,0,0,10,0,0,0,0,0,10,0.909090909,
Iowa,Cherokee,19035,1,1,2,0,0,5,2,0,1,1,2,15,1.363636364,
Iowa,Chickasaw,19037,0,0,0,0,0,7,0,0,0,0,4,11,1,
Iowa,Clarke,19039,0,0,0,0,0,40,6,0,0,0,0,46,4.181818182,
Iowa,Clay,19041,2,2,2,0,2,68,6,0,1,3,21,107,9.727272727,
Iowa,Clayton,19043,0,0,0,0,0,18,2,2,0,4,10,36,3.272727273,
Iowa,Clinton,19045,0,0,0,0,0,126,15,1,0,6,12,160,14.54545455,
Iowa,Crawford,19047,2,2,1,0,0,1,0,0,0,0,0,6,0.545454545,
Iowa,Dallas,19049,0,1,0,0,1,2,0,0,0,0,0,4,0.363636364,
Iowa,Davis,19051,1,1,0,3,3,26,17,3,1,0,0,55,5,
Iowa,Decatur,19053,0,0,0,0,0,25,3,0,2,0,0,30,2.727272727,
Iowa,Delaware,19055,4,3,5,0,0,16,6,0,0,1,4,39,3.545454545,
Iowa,Des Moines,19057,0,0,0,0,0,37,2,3,1,0,0,43,3.909090909,
Iowa,Dickinson,19059,0,0,0,0,0,31,1,0,0,0,2,34,3.090909091,
Iowa,Dubuque,19061,3,2,2,2,0,27,5,0,0,0,2,43,3.909090909,
Iowa,Emmet,19063,1,1,0,0,1,58,3,0,0,0,0,64,5.818181818,
Iowa,Fayette,19065,2,2,2,1,1,8,2,0,0,0,5,23,2.090909091,
Iowa,Floyd,19067,0,0,0,0,0,15,2,0,0,0,1,18,1.636363636,
Iowa,Franklin,19069,0,0,0,0,0,12,0,0,0,0,6,18,1.636363636,
Iowa,Fremont,19071,2,9,6,4,3,131,16,0,1,0,9,181,16.45454545,
Iowa,Greene,19073,0,1,0,0,1,4,2,0,0,0,0,8,0.727272727,
Iowa,Grundy,19075,2,2,0,0,0,0,0,0,0,0,0,4,0.363636364,
Iowa,Guthrie,19077,1,2,1,0,0,2,1,0,0,0,0,7,0.636363636,
Iowa,Hamilton,19079,0,0,0,0,0,16,0,0,0,0,0,16,1.454545455,
Iowa,Hancock,19081,1,1,0,0,0,8,0,0,0,0,0,10,0.909090909,
Iowa,Hardin,19083,0,0,0,0,0,7,4,0,0,0,0,11,1,
Iowa,Harrison,19085,5,3,0,0,2,23,1,0,0,0,3,37,3.363636364,
Iowa,Henry,19087,1,1,1,1,0,36,7,0,0,1,0,48,4.363636364,
Iowa,Howard,19089,0,0,0,0,0,15,0,0,0,0,5,20,1.818181818,
Iowa,Humboldt,19091,2,2,0,2,0,20,3,0,0,2,5,36,3.272727273,
Iowa,Ida,19093,0,0,0,0,0,0,0,0,0,0,0,0,0,
Iowa,Iowa,19095,0,0,0,0,0,42,20,0,0,1,1,64,5.818181818,
Iowa,Jackson,19097,0,0,0,0,0,68,10,0,0,2,1,81,7.363636364,
Iowa,Jasper,19099,25,18,14,8,2,7,4,0,1,0,8,87,7.909090909,
Iowa,Jefferson,19101,0,0,0,0,0,15,4,0,0,0,0,19,1.727272727,
Iowa,Johnson,19103,0,2,3,3,3,20,6,0,0,0,6,43,3.909090909,
Iowa,Jones,19105,1,0,1,0,0,40,13,0,0,0,0,55,5,
Iowa,Keokuk,19107,4,3,2,3,1,17,7,0,2,0,10,49,4.454545455,
Iowa,Kossuth,19109,2,1,0,0,3,41,5,1,0,0,11,64,5.818181818,
Iowa,Lee,19111,1,6,1,1,0,23,4,0,0,0,0,36,3.272727273,
Iowa,Linn,19113,0,0,0,0,0,13,9,0,0,0,0,22,2,
Iowa,Louisa,19115,0,1,0,1,1,28,4,1,2,2,2,42,3.818181818,
Iowa,Lucas,19117,0,0,0,3,2,21,3,0,0,1,4,34,3.090909091,
Iowa,Lyon,19119,7,6,2,1,3,31,3,0,0,0,5,58,5.272727273,
Iowa,Madison,19121,5,5,3,3,3,12,2,0,0,0,0,33,3,
Iowa,Mahaska,19123,22,20,5,11,10,43,7,0,1,0,49,168,15.27272727,
Iowa,Marion,19125,12,7,5,7,6,26,8,0,0,0,0,71,6.454545455,
Iowa,Marshall,19127,1,1,1,0,0,2,1,0,0,0,0,6,0.545454545,
Iowa,Mills,19129,0,1,0,0,0,65,3,0,0,0,1,70,6.363636364,
Iowa,Mitchell,19131,0,0,0,0,0,14,1,0,0,0,0,15,1.363636364,
Iowa,Monona,19133,0,0,0,0,0,13,1,0,0,0,0,14,1.272727273,
Iowa,Monroe,19135,0,2,0,0,0,29,14,5,2,1,4,57,5.181818182,
Iowa,Montgomery,19137,0,0,0,0,0,0,0,0,0,0,0,0,0,
Iowa,Muscatine,19139,0,0,0,0,0,48,8,1,0,0,0,57,5.181818182,
Iowa,O'Brien,19141,0,0,0,0,0,4,2,1,0,1,3,11,1,
Iowa,Osceola,19143,11,12,7,0,7,37,3,1,0,1,5,84,7.636363636,
Iowa,Page,19145,3,2,1,2,0,1,0,0,0,0,1,10,0.909090909,
Iowa,Palo Alto,19147,3,1,3,1,0,71,11,4,4,2,15,115,10.45454545,
Iowa,Plymouth,19149,3,2,3,3,0,9,0,0,2,1,4,27,2.454545455,
Iowa,Pocahontas,19151,1,0,1,0,0,49,2,0,0,0,6,59,5.363636364,
Iowa,Polk,19153,1,1,1,0,0,6,2,0,0,0,0,11,1,
Iowa,E Pottawattamie,19155,9,7,2,3,3,1,0,0,0,0,4,29,2.636363636,
Iowa,W Pottawattamie,19156,5,1,1,2,4,61,1,1,1,2,17,96,8.727272727,
Iowa,Poweshiek,19157,14,10,12,5,5,21,10,0,0,2,14,93,8.454545455,
Iowa,Ringgold,19159,0,0,0,0,0,17,3,0,0,0,0,20,1.818181818,
Iowa,Sac,19161,1,0,1,1,0,1,0,0,0,0,0,4,0.363636364,
Iowa,Scott,19163,5,6,1,0,0,77,22,0,0,0,2,113,10.27272727,
Iowa,Shelby,19165,0,0,0,0,0,0,0,0,0,0,0,0,0,
Iowa,Sioux,19167,4,3,3,0,1,18,2,0,0,0,0,31,2.818181818,
Iowa,Story,19169,1,0,1,2,2,10,1,1,0,0,12,30,2.727272727,
Iowa,Tama,19171,6,7,4,1,2,20,12,0,0,0,3,55,5,
Iowa,Taylor,19173,1,2,0,0,1,32,5,2,0,1,2,46,4.181818182,
Iowa,Union,19175,0,0,0,0,0,8,2,0,0,0,0,10,0.909090909,
Iowa,Van Buren,19177,0,1,0,2,0,30,9,0,1,0,0,43,3.909090909,
Iowa,Wapello,19179,4,7,2,2,0,46,11,0,2,2,4,80,7.272727273,
Iowa,Warren,19181,4,4,3,3,0,5,0,0,0,0,0,19,1.727272727,
Iowa,Washington,19183,1,1,1,0,1,24,9,0,1,0,2,40,3.636363636,
Iowa,Wayne,19185,0,0,0,0,0,35,8,0,0,0,0,43,3.909090909,
Iowa,Webster,19187,0,0,0,0,0,19,3,0,0,0,0,22,2,
Iowa,Winnebago,19189,0,0,0,0,0,4,0,0,0,1,0,5,0.454545455,
Iowa,Winneshiek,19191,0,0,0,0,0,27,6,0,0,4,16,53,4.818181818,
Iowa,Woodbury,19193,4,3,0,0,0,12,2,1,0,0,0,22,2,
Iowa,Worth,19195,0,0,0,0,1,3,0,0,0,0,0,4,0.363636364,
Iowa,Wright,19197,3,1,1,1,1,5,1,0,0,0,2,15,1.363636364,
Kansas,Allen,20001,0,1,0,0,1,6,2,1,0,0,0,11,1,
Kansas,Anderson,20003,0,2,0,0,2,9,5,0,0,0,1,19,1.727272727,
Kansas,Atchison,20005,0,1,0,1,1,14,0,0,0,0,0,17,1.545454545,
Kansas,Barber,20007,1,0,0,0,0,0,0,0,0,0,0,1,0.090909091,
Kansas,Barton,20009,0,0,0,0,0,0,0,0,0,0,0,0,0,
Kansas,Bourbon,20011,0,0,0,0,0,4,1,0,0,0,0,5,0.454545455,
Kansas,Brown,20013,0,2,2,2,2,4,1,0,0,0,4,17,1.545454545,
Kansas,Butler,20015,0,0,0,0,0,6,1,0,0,0,0,7,0.636363636,
Kansas,Chase,20017,0,1,0,0,0,4,0,0,0,0,0,5,0.454545455,
Kansas,Chautauqua,20019,0,0,0,0,0,0,0,0,0,0,0,0,0,
Kansas,Cherokee,20021,0,0,0,0,0,0,0,0,0,0,0,0,0,
Kansas,Cheyenne,20023,1,1,1,1,0,0,0,0,0,0,1,5,0.454545455,
Kansas,Clark,20025,2,0,2,0,0,0,0,0,0,0,0,4,0.363636364,
Kansas,Clay,20027,7,5,2,3,2,8,0,0,1,2,2,32,2.909090909,
Kansas,Cloud,20029,1,1,0,1,0,0,0,0,0,0,0,3,0.272727273,
Kansas,Coffey,20031,0,1,0,0,0,8,1,0,1,2,3,16,1.454545455,
Kansas,Comanche,20033,0,0,0,0,0,0,0,0,0,0,0,0,0,
Kansas,Cowley,20035,0,0,1,0,0,0,0,0,0,0,0,1,0.090909091,
Kansas,Crawford,20037,0,0,0,0,0,5,1,0,1,0,0,7,0.636363636,
Kansas,Decatur,20039,4,2,2,1,1,0,0,0,0,0,0,10,0.909090909,
Kansas,Dickinson,20041,0,0,1,1,2,0,0,0,0,0,0,4,0.363636364,
Kansas,Doniphan,20043,1,13,16,3,10,56,9,0,1,0,13,122,11.09090909,
Kansas,Douglas,20045,0,0,0,1,1,5,3,0,0,0,0,10,0.909090909,
Kansas,Edwards,20047,0,0,0,0,0,0,0,0,0,0,0,0,0,
Kansas,Elk,20049,0,0,0,0,0,0,0,0,0,0,0,0,0,
Kansas,Ellis,20051,0,0,0,0,0,0,0,0,1,1,0,2,0.181818182,
Kansas,Ellsworth,20053,1,1,1,0,0,0,0,0,0,0,0,3,0.272727273,
Kansas,Finney,20055,4,10,4,3,1,0,0,0,0,0,0,22,2,
Kansas,Ford,20057,4,4,0,1,0,0,0,0,4,4,0,17,1.545454545,
Kansas,Franklin,20059,1,1,1,2,0,33,8,1,1,4,1,53,4.818181818,
Kansas,Geary,20061,0,0,0,0,0,0,0,0,0,0,0,0,0,
Kansas,Gove,20063,2,2,2,4,0,0,0,0,0,0,0,10,0.909090909,
Kansas,Graham,20065,0,0,0,0,0,0,0,0,3,0,0,3,0.272727273,
Kansas,Grant,20067,14,13,12,12,7,6,5,0,6,4,0,79,7.181818182,
Kansas,Gray,20069,2,2,2,0,7,0,0,0,6,4,0,23,2.090909091,
Kansas,Greeley,20071,0,0,0,0,0,1,1,0,0,0,0,2,0.181818182,
Kansas,Greenwood,20073,0,0,0,0,0,0,0,0,0,0,0,0,0,
Kansas,Hamilton,20075,0,0,0,0,0,0,0,0,0,1,0,1,0.090909091,
Kansas,Harper,20077,6,7,1,5,6,0,0,0,0,0,0,25,2.272727273,
Kansas,Harvey,20079,0,0,0,0,0,1,0,0,0,0,0,1,0.090909091,
Kansas,Haskell,20081,0,0,0,0,0,0,0,0,5,0,0,5,0.454545455,
Kansas,Hodgeman,20083,0,0,0,0,0,0,0,0,2,1,0,3,0.272727273,
Kansas,Jackson,20085,0,7,0,2,10,3,1,0,0,0,0,23,2.090909091,
Kansas,Jefferson,20087,11,11,10,6,4,3,0,0,0,0,1,46,4.181818182,
Kansas,Jewell,20089,0,0,0,0,0,8,0,0,0,0,1,9,0.818181818,
Kansas,Johnson,20091,0,0,0,0,0,8,1,0,0,0,0,9,0.818181818,
Kansas,Kearny,20093,3,3,3,3,3,0,0,0,0,0,0,15,1.363636364,
Kansas,Kingman,20095,0,3,3,0,0,0,0,0,0,0,0,6,0.545454545,
Kansas,Kiowa,20097,0,0,0,0,0,0,0,0,0,0,0,0,0,
Kansas,Labette,20099,0,0,0,0,0,8,2,1,6,0,0,17,1.545454545,
Kansas,Lane,20101,0,0,1,0,0,0,0,0,0,0,0,1,0.090909091,
Kansas,Leavenworth,20103,1,1,1,0,0,13,1,0,0,0,1,18,1.636363636,
Kansas,Lincoln,20105,0,0,0,0,0,0,0,0,0,0,0,0,0,
Kansas,Linn,20107,0,0,0,0,0,15,0,1,0,0,0,16,1.454545455,
Kansas,Logan,20109,6,7,0,7,3,0,0,0,0,0,0,23,2.090909091,
Kansas,Lyon,20111,0,0,0,0,0,0,0,0,0,0,0,0,0,
Kansas,McPherson,20113,0,0,1,1,0,0,0,0,0,0,0,2,0.181818182,
Kansas,Marion,20115,0,0,0,1,0,1,0,0,0,0,0,2,0.181818182,
Kansas,Marshall,20117,1,1,0,0,0,20,0,0,0,0,0,22,2,
Kansas,Meade,20119,1,1,0,1,0,0,0,0,0,0,0,3,0.272727273,
Kansas,Miami,20121,3,3,3,0,0,42,11,0,0,0,0,62,5.636363636,
Kansas,Mitchell,20123,0,0,0,0,0,0,0,0,0,0,0,0,0,
Kansas,Montgomery,20125,0,2,2,0,0,2,0,0,0,0,0,6,0.545454545,
Kansas,Morris,20127,0,0,0,0,0,0,0,0,0,0,0,0,0,
Kansas,Morton,20129,0,0,0,0,0,0,0,0,0,0,0,0,0,
Kansas,Nemaha,20131,0,0,0,0,0,1,0,0,0,0,0,1,0.090909091,
Kansas,Neosho,20133,0,0,0,0,0,4,0,0,0,0,0,4,0.363636364,
Kansas,Ness,20135,0,0,0,0,0,0,0,0,0,2,0,2,0.181818182,
Kansas,Norton,20137,0,0,0,0,0,0,0,0,0,0,0,0,0,
Kansas,Osage,20139,0,0,0,0,0,0,0,0,0,0,0,0,0,
Kansas,Osborne,20141,0,0,0,0,0,0,0,0,0,0,0,0,0,
Kansas,Ottawa,20143,0,0,0,0,0,2,0,0,0,0,0,2,0.181818182,
Kansas,Pawnee,20145,0,0,0,0,0,2,0,0,0,0,0,2,0.181818182,
Kansas,Phillips,20147,2,0,1,1,0,0,0,0,0,0,0,4,0.363636364,
Kansas,Pottawatomie,20149,2,2,0,1,4,0,0,0,0,0,0,9,0.818181818,
Kansas,Pratt,20151,0,0,0,0,0,7,1,0,0,0,0,8,0.727272727,
Kansas,Rawlins,20153,0,2,2,0,0,0,0,0,0,0,0,4,0.363636364,
Kansas,Reno,20155,0,2,2,2,2,19,0,0,0,0,0,27,2.454545455,
Kansas,Republic,20157,5,8,9,7,8,9,4,0,0,0,0,50,4.545454545,
Kansas,Rice,20159,1,1,1,1,0,0,0,0,0,0,0,4,0.363636364,
Kansas,Riley,20161,0,0,0,0,0,0,0,0,0,0,0,0,0,
Kansas,Rooks,20163,0,0,0,0,0,0,0,0,0,0,0,0,0,
Kansas,Rush,20165,0,0,0,0,0,0,0,0,0,0,0,0,0,
Kansas,Russell,20167,1,1,0,1,0,0,0,0,0,0,0,3,0.272727273,
Kansas,Saline,20169,0,0,0,0,0,1,0,0,0,0,0,1,0.090909091,
Kansas,Scott,20171,3,2,0,2,0,0,0,0,0,0,0,7,0.636363636,
Kansas,Sedgwick,20173,0,0,0,0,0,0,0,0,0,0,0,0,0,
Kansas,Seward,20175,11,10,8,1,5,0,0,0,0,0,0,35,3.181818182,
Kansas,Shawnee,20177,5,2,2,0,4,1,0,0,0,0,0,14,1.272727273,
Kansas,Sheridan,20179,2,5,1,5,2,0,0,0,0,0,0,15,1.363636364,
Kansas,Sherman,20181,16,22,19,25,13,1,6,2,17,7,2,130,11.81818182,
Kansas,Smith,20183,0,0,0,0,0,0,0,0,0,0,0,0,0,
Kansas,Stafford,20185,0,0,0,0,0,0,0,0,0,0,0,0,0,
Kansas,Stanton,20187,5,10,10,0,1,16,17,2,19,16,4,100,9.090909091,
Kansas,Stevens,20189,28,19,23,20,1,0,0,0,0,0,0,91,8.272727273,
Kansas,Sumner,20191,2,2,2,2,2,2,0,0,2,1,0,15,1.363636364,
Kansas,Thomas,20193,12,16,9,9,6,0,1,0,3,4,9,69,6.272727273,
Kansas,Trego,20195,2,2,0,2,0,0,0,0,0,0,0,6,0.545454545,
Kansas,Wabaunsee,20197,0,0,0,0,0,0,0,0,0,0,0,0,0,
Kansas,Wallace,20199,6,2,1,3,3,20,4,0,1,6,2,48,4.363636364,
Kansas,Washington,20201,0,0,0,0,0,0,0,0,0,0,0,0,0,
Kansas,Wichita,20203,3,2,0,6,6,0,0,0,0,0,0,17,1.545454545,
Kansas,Wilson,20205,0,1,0,0,0,0,0,0,0,0,0,1,0.090909091,
Kansas,Woodson,20207,0,0,0,0,0,0,0,0,0,0,0,0,0,
Kansas,Wyandotte,20209,0,0,0,0,0,7,0,0,0,0,0,7,0.636363636,
Kentucky,Adair,21001,0,0,0,0,0,0,0,0,0,0,0,0,0,
Kentucky,Allen,21003,0,0,0,0,0,0,0,0,0,0,0,0,0,
Kentucky,Anderson,21005,0,0,0,0,0,0,0,0,0,0,0,0,0,
Kentucky,Ballard,21007,0,0,0,0,0,8,2,0,0,0,0,10,0.909090909,
Kentucky,Barren,21009,0,0,0,0,0,0,0,0,0,0,0,0,0,
Kentucky,Bath,21011,0,0,0,0,0,0,0,0,0,0,0,0,0,
Kentucky,Bell,21013,0,0,0,0,0,0,0,0,0,0,0,0,0,
Kentucky,Boone,21015,0,0,0,0,0,0,0,0,0,0,0,0,0,
Kentucky,Bourbon,21017,0,0,0,0,0,0,0,0,0,0,0,0,0,
Kentucky,Boyd,21019,0,0,0,0,0,0,0,0,0,0,0,0,0,
Kentucky,Boyle,21021,0,0,0,0,0,0,0,0,0,0,0,0,0,
Kentucky,Bracken,21023,0,0,0,0,0,0,0,0,0,0,0,0,0,
Kentucky,Breathitt,21025,0,0,0,0,0,0,0,0,0,0,0,0,0,
Kentucky,Breckinridge,21027,0,0,0,0,0,3,0,0,0,0,0,3,0.272727273,
Kentucky,Bullitt,21029,0,0,0,0,0,0,0,0,0,0,0,0,0,
Kentucky,Butler,21031,0,0,0,0,0,0,0,0,0,0,0,0,0,
Kentucky,Caldwell,21033,0,0,0,0,0,0,0,0,0,0,0,0,0,
Kentucky,Calloway,21035,0,0,0,0,0,3,0,0,0,0,0,3,0.272727273,
Kentucky,Campbell,21037,0,0,0,0,0,0,0,0,0,0,0,0,0,
Kentucky,Carlisle,21039,0,0,0,0,0,15,0,0,0,0,0,15,1.363636364,
Kentucky,Carroll,21041,0,0,0,0,0,0,0,0,0,0,0,0,0,
Kentucky,Carter,21043,0,0,0,0,0,0,0,0,0,0,0,0,0,
Kentucky,Casey,21045,0,0,0,0,0,0,0,0,0,0,0,0,0,
Kentucky,Christian,21047,0,0,0,0,0,2,0,0,0,0,0,2,0.181818182,
Kentucky,Clark,21049,0,0,0,0,0,0,0,0,0,0,0,0,0,
Kentucky,Clay,21051,0,0,0,0,0,0,0,0,0,0,0,0,0,
Kentucky,Clinton,21053,0,0,0,0,0,0,0,0,0,0,0,0,0,
Kentucky,Crittenden,21055,0,0,0,0,0,6,3,0,0,0,1,10,0.909090909,
Kentucky,Cumberland,21057,0,0,0,0,0,0,0,0,0,0,0,0,0,
Kentucky,Daviess,21059,0,0,0,0,0,28,1,0,0,0,9,38,3.454545455,
Kentucky,Edmonson,21061,0,0,0,0,0,0,0,0,0,0,0,0,0,
Kentucky,Elliott,21063,0,0,0,0,0,0,0,0,0,0,0,0,0,
Kentucky,Estill,21065,0,0,0,0,0,0,0,0,0,0,0,0,0,
Kentucky,Fayette,21067,0,0,0,0,0,0,0,0,0,0,0,0,0,
Kentucky,Fleming,21069,0,0,0,0,0,0,0,0,0,0,0,0,0,
Kentucky,Floyd,21071,0,0,0,0,0,0,0,0,0,0,0,0,0,
Kentucky,Franklin,21073,0,0,0,0,0,0,0,0,0,0,0,0,0,
Kentucky,Fulton,21075,0,0,0,0,0,37,2,6,0,0,0,45,4.090909091,
Kentucky,Gallatin,21077,0,0,0,0,0,0,0,0,0,0,0,0,0,
Kentucky,Garrard,21079,0,0,0,0,0,0,0,0,0,0,0,0,0,
Kentucky,Grant,21081,0,0,0,0,0,0,0,0,0,0,0,0,0,
Kentucky,Graves,21083,0,0,0,0,0,1,0,0,0,0,0,1,0.090909091,
Kentucky,Grayson,21085,0,0,0,0,0,2,0,0,0,0,0,2,0.181818182,
Kentucky,Green,21087,0,0,0,0,0,0,0,0,0,0,0,0,0,
Kentucky,Greenup,21089,0,0,0,0,0,0,0,0,0,0,0,0,0,
Kentucky,Hancock,21091,0,0,0,0,0,0,0,0,0,0,0,0,0,
Kentucky,Hardin,21093,0,0,0,0,0,2,0,0,0,0,0,2,0.181818182,
Kentucky,Harlan,21095,0,0,0,0,0,0,0,0,0,0,0,0,0,
Kentucky,Harrison,21097,0,0,0,0,0,0,0,0,0,0,0,0,0,
Kentucky,Hart,21099,0,0,0,0,0,0,0,0,0,0,0,0,0,
Kentucky,Henderson,21101,0,0,0,0,0,9,1,0,0,0,4,14,1.272727273,
Kentucky,Henry,21103,0,0,0,0,0,0,0,0,0,0,0,0,0,
Kentucky,Hickman,21105,0,0,0,0,0,13,0,0,0,0,0,13,1.181818182,
Kentucky,Hopkins,21107,0,0,0,0,0,0,0,0,0,0,0,0,0,
Kentucky,Jackson,21109,0,0,0,0,0,0,0,0,0,0,0,0,0,
Kentucky,Jefferson,21111,0,0,0,0,0,0,0,0,0,0,0,0,0,
Kentucky,Jessamine,21113,0,0,0,0,0,0,0,0,0,0,0,0,0,
Kentucky,Johnson,21115,0,0,0,0,0,0,0,0,0,0,0,0,0,
Kentucky,Kenton,21117,0,0,0,0,0,0,0,0,0,0,0,0,0,
Kentucky,Knott,21119,0,0,0,0,0,0,0,0,0,0,0,0,0,
Kentucky,Knox,21121,0,0,0,0,0,0,0,0,0,0,0,0,0,
Kentucky,Larue,21123,0,0,0,0,0,0,0,0,0,0,0,0,0,
Kentucky,Laurel,21125,0,0,0,0,0,0,0,0,0,0,0,0,0,
Kentucky,Lawrence,21127,0,0,0,0,0,0,0,0,0,0,0,0,0,
Kentucky,Lee,21129,0,0,0,0,0,0,0,0,0,0,0,0,0,
Kentucky,Leslie,21131,0,0,0,0,0,0,0,0,0,0,0,0,0,
Kentucky,Letcher,21133,0,0,0,0,0,0,0,0,0,0,0,0,0,
Kentucky,Lewis,21135,0,0,0,0,0,0,0,0,0,0,0,0,0,
Kentucky,Lincoln,21137,0,0,0,0,0,0,0,0,0,0,0,0,0,
Kentucky,Livingston,21139,0,0,0,0,0,1,0,0,0,0,0,1,0.090909091,
Kentucky,Logan,21141,0,0,0,0,0,0,0,0,0,0,0,0,0,
Kentucky,Lyon,21143,0,0,0,0,0,0,0,0,0,0,0,0,0,
Kentucky,McCracken,21145,0,0,0,0,0,6,1,0,0,0,0,7,0.636363636,
Kentucky,McCreary,21147,0,0,0,0,0,0,0,0,0,0,0,0,0,
Kentucky,McLean,21149,0,0,0,0,0,6,0,0,0,0,0,6,0.545454545,
Kentucky,Madison,21151,1,1,1,0,0,0,0,0,0,0,0,3,0.272727273,
Kentucky,Magoffin,21153,0,0,0,0,0,0,0,0,0,0,0,0,0,
Kentucky,Marion,21155,0,0,0,0,0,0,0,0,0,0,0,0,0,
Kentucky,Marshall,21157,1,0,0,0,0,1,0,0,0,0,0,2,0.181818182,
Kentucky,Martin,21159,0,0,0,0,0,0,0,0,0,0,0,0,0,
Kentucky,Mason,21161,0,0,0,0,0,0,0,0,0,0,0,0,0,
Kentucky,Meade,21163,0,0,0,0,0,0,0,0,0,0,0,0,0,
Kentucky,Menifee,21165,0,0,0,0,0,0,0,0,0,0,0,0,0,
Kentucky,Mercer,21167,0,0,0,0,0,0,0,0,0,0,0,0,0,
Kentucky,Metcalfe,21169,0,0,0,0,0,0,0,0,0,0,0,0,0,
Kentucky,Monroe,21171,0,0,0,0,0,0,0,0,0,0,0,0,0,
Kentucky,Montgomery,21173,0,0,0,0,0,0,0,0,0,0,0,0,0,
Kentucky,Morgan,21175,0,0,0,0,0,0,0,0,0,0,0,0,0,
Kentucky,Muhlenberg,21177,0,0,0,0,0,1,1,0,0,1,3,6,0.545454545,
Kentucky,Nelson,21179,0,0,0,0,0,0,0,0,0,0,0,0,0,
Kentucky,Nicholas,21181,0,0,0,0,0,0,0,0,0,0,0,0,0,
Kentucky,Ohio,21183,0,0,0,0,0,2,0,0,0,0,0,2,0.181818182,
Kentucky,Oldham,21185,0,0,0,0,0,0,0,0,0,0,0,0,0,
Kentucky,Owen,21187,0,0,0,0,0,0,0,0,0,0,0,0,0,
Kentucky,Owsley,21189,0,0,0,0,0,0,0,0,0,0,0,0,0,
Kentucky,Pendleton,21191,0,0,0,0,0,0,0,0,0,0,0,0,0,
Kentucky,Perry,21193,0,0,0,0,0,0,0,0,0,0,0,0,0,
Kentucky,Pike,21195,0,0,0,0,0,0,0,0,0,0,0,0,0,
Kentucky,Powell,21197,0,0,0,0,0,0,0,0,0,0,0,0,0,
Kentucky,Pulaski,21199,0,0,0,0,0,0,0,0,0,0,0,0,0,
Kentucky,Robertson,21201,0,0,0,0,0,0,0,0,0,0,0,0,0,
Kentucky,Rockcastle,21203,0,0,0,0,0,0,0,0,0,0,0,0,0,
Kentucky,Rowan,21205,0,0,0,0,0,0,0,0,0,0,0,0,0,
Kentucky,Russell,21207,0,0,0,0,0,0,0,0,0,0,0,0,0,
Kentucky,Scott,21209,0,0,0,0,0,0,0,0,0,0,0,0,0,
Kentucky,Shelby,21211,0,0,0,0,0,0,0,0,0,0,0,0,0,
Kentucky,Simpson,21213,0,0,0,0,0,0,0,0,0,0,0,0,0,
Kentucky,Spencer,21215,0,0,0,0,0,0,0,0,0,0,0,0,0,
Kentucky,Taylor,21217,0,0,0,0,0,0,0,0,0,0,0,0,0,
Kentucky,Todd,21219,0,0,0,0,0,0,0,0,0,0,0,0,0,
Kentucky,Trigg,21221,0,0,0,0,0,0,0,0,0,0,0,0,0,
Kentucky,Trimble,21223,0,0,0,0,0,0,0,0,0,0,0,0,0,
Kentucky,Union,21225,0,0,0,0,0,31,3,0,0,0,34,68,6.181818182,
Kentucky,Warren,21227,0,0,0,0,0,0,0,0,0,0,0,0,0,
Kentucky,Washington,21229,0,0,1,1,0,0,0,0,0,0,0,2,0.181818182,
Kentucky,Wayne,21231,0,0,0,0,0,0,0,0,0,0,0,0,0,
Kentucky,Webster,21233,0,0,0,0,0,3,1,0,0,0,1,5,0.454545455,
Kentucky,Whitley,21235,0,0,0,0,0,0,0,0,0,0,0,0,0,
Kentucky,Wolfe,21237,0,0,0,0,0,0,0,0,0,0,0,0,0,
Kentucky,Woodford,21239,0,0,0,0,0,0,0,0,0,0,0,0,0,
Louisiana,Acadia,22001,0,0,0,0,0,0,0,0,0,0,0,0,0,
Louisiana,Allen,22003,0,0,0,0,0,0,0,0,0,0,0,0,0,
Louisiana,Ascension,22005,0,0,0,0,0,0,0,0,0,0,0,0,0,
Louisiana,Assumption,22007,0,0,0,0,0,0,0,0,0,0,0,0,0,
Louisiana,Avoyelles,22009,0,0,0,0,0,0,0,0,0,0,0,0,0,
Louisiana,Beauregard,22011,0,0,0,0,0,0,0,0,0,0,0,0,0,
Louisiana,Bienville,22013,0,0,0,0,0,0,0,0,0,0,0,0,0,
Louisiana,Bossier,22015,0,0,0,0,0,0,0,0,0,0,0,0,0,
Louisiana,Caddo,22017,0,0,0,0,0,0,0,0,0,0,0,0,0,
Louisiana,Calcasieu,22019,0,0,0,0,0,0,0,0,0,0,0,0,0,
Louisiana,Caldwell,22021,0,0,0,0,0,0,0,0,0,0,0,0,0,
Louisiana,Cameron,22023,0,0,0,0,0,0,0,0,0,0,0,0,0,
Louisiana,Catahoula,22025,0,0,0,0,0,0,1,0,0,0,0,1,0.090909091,
Louisiana,Claiborne,22027,0,0,0,0,0,0,0,0,0,0,0,0,0,
Louisiana,Concordia,22029,0,0,0,0,0,0,0,0,0,0,0,0,0,
Louisiana,De Soto,22031,0,0,0,0,0,0,0,0,0,0,0,0,0,
Louisiana,East Baton Rouge,22033,0,0,0,0,0,0,0,0,0,0,0,0,0,
Louisiana,East Carroll,22035,0,0,0,0,0,0,0,0,0,0,0,0,0,
Louisiana,East Feliciana,22037,0,0,0,0,0,0,0,0,0,0,0,0,0,
Louisiana,Evangeline,22039,0,0,0,0,0,0,0,0,0,0,0,0,0,
Louisiana,Franklin,22041,0,1,1,1,0,0,0,0,0,0,0,3,0.272727273,
Louisiana,Grant,22043,0,0,0,0,0,0,0,0,0,0,0,0,0,
Louisiana,Iberia,22045,0,0,0,0,0,0,0,0,0,0,0,0,0,
Louisiana,Iberville,22047,4,2,5,5,0,3,2,1,0,0,0,22,2,
Louisiana,Jackson,22049,0,0,0,0,0,0,0,0,0,0,0,0,0,
Louisiana,Jefferson,22051,0,0,0,0,0,0,0,0,0,0,0,0,0,
Louisiana,Jefferson Davis,22053,0,0,0,0,0,0,0,0,0,0,0,0,0,
Louisiana,Lafayette,22055,0,0,0,0,0,0,0,0,0,0,0,0,0,
Louisiana,Lafourche,22057,0,0,0,0,0,0,0,0,0,0,0,0,0,
Louisiana,La Salle,22059,0,0,0,0,0,0,0,0,0,0,0,0,0,
Louisiana,Lincoln,22061,0,0,0,0,0,0,0,0,0,0,0,0,0,
Louisiana,Livingston,22063,0,0,0,0,0,0,0,0,0,0,0,0,0,
Louisiana,Madison,22065,0,0,0,0,0,0,0,0,0,0,0,0,0,
Louisiana,Morehouse,22067,0,0,0,0,0,0,0,0,0,0,0,0,0,
Louisiana,Natchitoches,22069,0,0,0,0,0,0,0,0,0,0,0,0,0,
Louisiana,Orleans,22071,0,0,0,0,0,0,0,0,0,0,0,0,0,
Louisiana,Ouachita,22073,0,0,0,0,0,0,0,0,0,0,0,0,0,
Louisiana,Plaquemines,22075,0,0,0,0,0,0,0,0,0,0,0,0,0,
Louisiana,Pointe Coupee,22077,0,0,0,0,0,9,6,13,0,0,0,28,2.545454545,
Louisiana,Rapides,22079,0,0,0,0,0,0,0,0,0,0,0,0,0,
Louisiana,Red River,22081,0,0,0,0,0,0,0,0,0,0,0,0,0,
Louisiana,Richland,22083,0,0,0,0,0,0,0,0,0,0,0,0,0,
Louisiana,Sabine,22085,0,0,0,0,0,0,0,0,0,0,0,0,0,
Louisiana,St. Bernard,22087,0,0,0,0,0,0,0,0,0,0,0,0,0,
Louisiana,St. Charles,22089,0,0,0,0,0,0,0,0,0,0,0,0,0,
Louisiana,St. Helena,22091,0,0,0,0,0,0,0,0,0,0,0,0,0,
Louisiana,St. James,22093,0,0,0,0,0,0,0,0,0,0,0,0,0,
Louisiana,St. John the Baptist,22095,0,0,0,0,0,0,0,0,0,0,0,0,0,
Louisiana,St. Landry,22097,0,0,0,0,0,0,0,0,0,0,0,0,0,
Louisiana,St. Martin,22099,0,0,0,0,0,0,0,0,0,0,0,0,0,
Louisiana,St. Mary,22101,0,0,0,0,0,0,0,0,0,0,0,0,0,
Louisiana,St. Tammany,22103,0,0,0,0,0,0,0,0,0,0,0,0,0,
Louisiana,Tangipahoa,22105,0,0,0,0,0,0,0,0,0,0,0,0,0,
Louisiana,Tensas,22107,0,0,0,0,0,0,0,0,0,0,0,0,0,
Louisiana,Terrebonne,22109,0,0,0,0,0,0,0,0,0,0,0,0,0,
Louisiana,Union,22111,0,0,0,0,0,0,0,0,0,0,0,0,0,
Louisiana,Vermilion,22113,0,0,0,0,0,0,0,0,0,0,0,0,0,
Louisiana,Vernon,22115,0,0,0,0,0,0,0,0,0,0,0,0,0,
Louisiana,Washington,22117,0,0,0,0,0,0,0,0,0,0,0,0,0,
Louisiana,Webster,22119,0,0,0,0,0,0,0,0,0,0,0,0,0,
Louisiana,West Baton Rouge,22121,0,0,0,0,0,0,0,0,0,0,0,0,0,
Louisiana,West Carroll,22123,0,0,0,0,0,0,0,0,0,0,0,0,0,
Louisiana,West Feliciana,22125,0,0,0,0,0,0,0,0,0,0,0,0,0,
Louisiana,Winn,22127,0,0,0,0,0,0,0,0,0,0,0,0,0,
Maine,Androscoggin,23001,0,0,0,0,0,0,0,0,0,0,0,0,0,
Maine,Houlton,23002,0,0,0,0,0,0,0,0,0,0,0,0,0,
Maine,Aroostook,23003,0,0,0,0,0,0,0,0,0,0,0,0,0,
Maine,Fort Kent,23004,0,0,0,0,0,0,0,0,0,0,0,0,0,
Maine,Cumberland,23005,0,0,0,0,0,0,0,0,0,0,0,0,0,
Maine,Franklin,23007,0,0,0,0,0,0,0,0,0,0,0,0,0,
Maine,Hancock,23009,0,0,0,0,0,0,0,0,0,0,0,0,0,
Maine,Kennebec,23011,0,0,0,0,0,0,0,0,0,0,0,0,0,
Maine,Knox,23013,0,0,0,0,0,0,0,0,0,0,0,0,0,
Maine,Lincoln,23015,0,0,0,0,0,0,0,0,0,0,0,0,0,
Maine,Oxford,23017,0,0,0,0,0,0,0,0,0,0,0,0,0,
Maine,Penobscot,23019,0,0,0,0,0,0,0,0,0,0,0,0,0,
Maine,Piscataquis,23021,0,0,0,0,0,0,0,0,0,0,0,0,0,
Maine,Sagadahoc,23023,0,0,0,0,0,0,0,0,0,0,0,0,0,
Maine,Somerset,23025,0,0,0,0,0,0,0,0,0,0,0,0,0,
Maine,Waldo,23027,0,0,0,0,0,0,0,0,0,0,0,0,0,
Maine,Washington,23029,0,0,0,0,0,0,0,0,0,0,0,0,0,
Maine,York,23031,0,0,0,0,0,0,0,0,0,0,0,0,0,
Maryland,Allegany,24001,0,0,0,0,0,0,0,0,0,0,0,0,0,
Maryland,Anne Arundel,24003,0,0,0,0,0,0,0,0,0,0,0,0,0,
Maryland,Baltimore,24005,0,0,0,0,0,0,0,0,0,0,0,0,0,
Maryland,Calvert,24009,0,0,0,0,0,0,0,0,0,0,0,0,0,
Maryland,Caroline,24011,0,0,0,0,0,0,0,0,0,0,0,0,0,
Maryland,Carroll,24013,0,0,0,0,0,0,0,0,0,0,0,0,0,
Maryland,Cecil,24015,0,0,0,0,0,0,0,0,0,0,0,0,0,
Maryland,Charles,24017,0,0,0,0,0,0,0,0,0,0,0,0,0,
Maryland,Dorchester,24019,0,0,0,0,0,0,0,0,0,0,0,0,0,
Maryland,Frederick,24021,0,0,0,0,0,0,0,0,0,0,0,0,0,
Maryland,Garrett,24023,0,0,0,0,0,0,0,0,0,0,0,0,0,
Maryland,Harford,24025,0,0,0,0,0,0,0,0,0,0,0,0,0,
Maryland,Howard,24027,0,0,0,0,0,0,0,0,0,0,0,0,0,
Maryland,Kent,24029,2,2,1,2,1,0,0,0,0,0,0,8,0.727272727,
Maryland,Montgomery,24031,0,0,0,0,0,0,0,0,0,0,0,0,0,
Maryland,Prince George's,24033,0,0,0,0,0,0,0,0,0,0,0,0,0,
Maryland,Queen Anne's,24035,0,0,0,0,0,0,0,0,0,0,0,0,0,
Maryland,St. Mary's,24037,0,0,0,0,0,0,0,0,0,0,0,0,0,
Maryland,Somerset,24039,1,2,2,1,3,1,1,0,0,0,0,11,1,
Maryland,Talbot,24041,0,0,0,0,0,0,0,0,0,0,0,0,0,
Maryland,Washington,24043,0,0,0,0,0,0,0,0,0,0,0,0,0,
Maryland,Wicomico,24045,0,0,0,0,0,0,0,0,0,0,0,0,0,
Maryland,Worcester,24047,0,0,0,0,0,0,0,0,0,0,0,0,0,
Maryland,Baltimore,24510,0,0,0,0,0,0,0,0,0,0,0,0,0,
Massachusetts,Barnstable,25001,0,0,0,0,0,0,0,0,0,0,0,0,0,
Massachusetts,Berkshire,25003,0,0,0,0,0,0,0,0,0,0,0,0,0,
Massachusetts,Bristol,25005,0,0,0,0,0,0,0,0,0,0,0,0,0,
Massachusetts,Dukes,25007,0,0,0,0,0,0,0,0,0,0,0,0,0,
Massachusetts,Essex,25009,0,0,0,0,0,0,0,0,0,0,0,0,0,
Massachusetts,Franklin,25011,0,0,0,0,0,0,0,0,0,0,0,0,0,
Massachusetts,Hampden,25013,0,0,0,0,0,0,0,0,0,0,0,0,0,
Massachusetts,Hampshire,25015,0,0,0,0,0,0,0,0,0,0,0,0,0,
Massachusetts,Middlesex,25017,0,0,0,0,0,0,0,0,0,0,0,0,0,
Massachusetts,Nantucket,25019,0,0,0,0,0,0,0,0,0,0,0,0,0,
Massachusetts,Norfolk,25021,0,0,0,0,0,0,0,0,0,0,0,0,0,
Massachusetts,Plymouth,25023,0,0,0,0,0,0,0,0,0,0,0,0,0,
Massachusetts,Suffolk,25025,0,0,0,0,0,0,0,0,0,0,0,0,0,
Massachusetts,Worcester,25027,0,0,0,0,0,0,0,0,0,0,0,0,0,
Michigan,Alcona,26001,1,0,2,1,1,4,0,0,0,0,0,9,0.818181818,
Michigan,Alger,26003,0,0,0,0,0,0,0,0,0,0,0,0,0,
Michigan,Allegan,26005,0,0,0,0,0,22,1,0,0,0,0,23,2.090909091,
Michigan,Alpena,26007,1,1,1,1,1,6,3,0,0,0,0,14,1.272727273,
Michigan,Antrim,26009,2,1,1,0,0,0,0,0,0,0,0,4,0.363636364,
Michigan,Arenac,26011,6,5,6,3,0,16,5,0,0,0,0,41,3.727272727,
Michigan,Baraga,26013,0,0,0,0,0,0,0,0,0,0,0,0,0,
Michigan,Barry,26015,0,0,0,0,0,41,4,0,0,1,1,47,4.272727273,
Michigan,Bay,26017,5,6,6,4,0,3,0,0,0,0,0,24,2.181818182,
Michigan,Benzie,26019,0,0,0,0,0,0,0,0,0,0,0,0,0,
Michigan,Berrien,26021,4,2,2,2,0,23,8,0,0,0,12,53,4.818181818,
Michigan,Branch,26023,5,3,2,5,2,45,15,0,0,3,3,83,7.545454545,
Michigan,Calhoun,26025,0,0,0,0,0,28,11,0,0,0,0,39,3.545454545,
Michigan,Cass,26027,3,3,3,2,0,4,2,0,0,0,0,17,1.545454545,
Michigan,Charlevoix,26029,0,0,0,0,0,0,0,0,0,0,0,0,0,
Michigan,Cheboygan,26031,0,0,0,0,0,0,0,0,0,0,0,0,0,
Michigan,Chippewa,26033,1,0,1,1,1,0,0,0,0,0,0,4,0.363636364,
Michigan,Clare,26035,0,0,0,0,0,2,2,0,0,0,0,4,0.363636364,
Michigan,Clinton,26037,8,7,8,9,6,56,12,0,1,9,4,120,10.90909091,
Michigan,Crawford,26039,0,0,0,0,0,0,0,0,0,0,0,0,0,
Michigan,Delta,26041,0,2,2,0,0,0,0,0,0,0,0,4,0.363636364,
Michigan,Dickinson,26043,0,0,0,0,0,0,0,0,0,0,0,0,0,
Michigan,Eaton,26045,0,0,1,1,0,90,11,0,1,1,0,105,9.545454545,
Michigan,Emmet,26047,0,0,0,0,0,0,0,0,0,0,0,0,0,
Michigan,Genesee,26049,0,0,0,0,0,92,22,1,0,0,0,115,10.45454545,
Michigan,Gladwin,26051,0,0,0,0,0,0,0,0,0,0,0,0,0,
Michigan,Gogebic,26053,0,0,0,0,0,0,0,0,0,0,0,0,0,
Michigan,Grand Traverse,26055,0,0,0,0,0,0,0,0,0,0,0,0,0,
Michigan,Gratiot,26057,2,2,2,2,3,39,15,0,0,1,6,72,6.545454545,
Michigan,Hillsdale,26059,0,0,0,0,0,132,23,0,1,0,3,159,14.45454545,
Michigan,Houghton,26061,0,0,0,0,0,0,0,0,0,0,0,0,0,
Michigan,Huron,26063,0,0,0,0,0,2,0,0,0,0,0,2,0.181818182,
Michigan,Ingham,26065,0,1,1,0,1,32,4,0,1,0,0,40,3.636363636,
Michigan,Ionia,26067,1,1,1,1,0,36,1,0,1,2,0,44,4,
Michigan,Iosco,26069,4,3,2,0,1,5,3,0,0,0,0,18,1.636363636,
Michigan,Iron,26071,0,0,0,0,0,0,0,0,0,0,0,0,0,
Michigan,Isabella,26073,18,19,18,20,13,17,6,2,3,0,5,121,11,
Michigan,Jackson,26075,0,0,0,0,0,22,8,0,0,1,0,31,2.818181818,
Michigan,Kalamazoo,26077,0,0,0,0,0,2,0,0,0,0,0,2,0.181818182,
Michigan,Kalkaska,26079,0,0,0,0,0,0,0,0,0,0,0,0,0,
Michigan,Kent,26081,0,0,0,0,0,16,6,0,0,0,7,29,2.636363636,
Michigan,Keweenaw,26083,0,0,0,0,0,0,0,0,0,0,0,0,0,
Michigan,Lake,26085,0,0,0,0,0,0,0,0,0,0,0,0,0,
Michigan,Lapeer,26087,1,1,1,2,1,41,4,0,1,1,14,67,6.090909091,
Michigan,Leelanau,26089,0,0,0,0,0,0,0,0,0,0,0,0,0,
Michigan,Lenawee,26091,2,2,4,1,0,151,25,1,1,0,4,191,17.36363636,
Michigan,Livingston,26093,0,0,0,0,0,15,2,0,0,0,0,17,1.545454545,
Michigan,Luce,26095,0,0,0,0,0,0,0,0,0,0,0,0,0,
Michigan,Mackinac,26097,0,0,0,0,0,0,0,0,0,0,0,0,0,
Michigan,Macomb,26099,0,0,0,0,0,48,4,0,1,1,21,75,6.818181818,
Michigan,Manistee,26101,0,0,0,0,0,0,0,0,0,0,0,0,0,
Michigan,Marquette,26103,0,0,0,0,0,0,0,0,0,0,0,0,0,
Michigan,Mason,26105,0,1,1,0,0,1,0,0,0,0,0,3,0.272727273,
Michigan,Mecosta,26107,1,2,1,2,1,1,0,0,0,0,0,8,0.727272727,
Michigan,Menominee,26109,4,5,4,4,4,4,0,0,2,0,0,27,2.454545455,
Michigan,Midland,26111,1,1,1,1,1,1,0,0,0,0,0,6,0.545454545,
Michigan,Missaukee,26113,5,4,4,0,1,2,0,0,0,0,0,16,1.454545455,
Michigan,Monroe,26115,0,10,8,3,4,236,72,1,24,0,1,359,32.63636364,
Michigan,Montcalm,26117,1,1,1,0,0,7,1,0,0,0,0,11,1,
Michigan,Montmorency,26119,0,0,0,0,0,0,0,0,0,0,0,0,0,
Michigan,Muskegon,26121,1,1,0,0,1,12,3,0,0,0,0,18,1.636363636,
Michigan,Newaygo,26123,2,2,0,0,1,9,1,1,0,0,0,16,1.454545455,
Michigan,Oakland,26125,0,0,0,0,0,5,1,0,0,0,0,6,0.545454545,
Michigan,Oceana,26127,1,1,0,0,0,1,0,0,0,0,0,3,0.272727273,
Michigan,Ogemaw,26129,6,6,4,2,0,12,6,0,0,0,0,36,3.272727273,
Michigan,Ontonagon,26131,0,0,0,0,0,0,0,0,0,0,0,0,0,
Michigan,Osceola,26133,2,2,2,1,2,1,0,0,0,0,0,10,0.909090909,
Michigan,Oscoda,26135,0,0,0,0,0,0,0,0,0,0,0,0,0,
Michigan,Otsego,26137,0,0,0,0,0,0,0,0,0,0,0,0,0,
Michigan,Ottawa,26139,0,0,0,0,0,5,1,0,0,0,3,9,0.818181818,
Michigan,Presque Isle,26141,0,0,0,0,0,0,0,0,0,0,0,0,0,
Michigan,Roscommon,26143,0,0,0,0,0,0,0,0,0,0,0,0,0,
Michigan,Saginaw,26145,0,2,1,0,0,68,20,0,0,2,0,93,8.454545455,
Michigan,St. Clair,26147,1,1,1,2,0,91,8,2,1,5,40,152,13.81818182,
Michigan,St. Joseph,26149,0,0,0,0,0,0,0,0,0,0,0,0,0,
Michigan,Sanilac,26151,1,1,1,1,0,5,1,0,0,0,0,10,0.909090909,
Michigan,Schoolcraft,26153,0,0,0,0,0,0,0,0,0,0,0,0,0,
Michigan,Shiawassee,26155,1,1,1,2,1,62,18,0,1,1,1,89,8.090909091,
Michigan,Tuscola,26157,6,3,6,7,2,30,7,0,2,0,7,70,6.363636364,
Michigan,Van Buren,26159,1,1,1,0,1,4,0,0,0,0,0,8,0.727272727,
Michigan,Washtenaw,26161,1,2,2,2,0,116,32,0,1,0,2,158,14.36363636,
Michigan,Wayne,26163,0,0,0,0,0,12,4,0,1,0,0,17,1.545454545,
Michigan,Wexford,26165,2,2,0,0,1,2,0,0,0,1,0,8,0.727272727,
Minnesota,Aitkin,27001,0,0,0,0,0,1,1,1,1,0,0,4,0.363636364,
Minnesota,Anoka,27003,0,0,0,0,0,4,0,0,0,1,0,5,0.454545455,
Minnesota,Becker,27005,1,0,0,0,0,21,4,3,0,2,6,37,3.363636364,
Minnesota,Beltrami,27007,0,0,0,0,0,2,2,1,1,0,0,6,0.545454545,
Minnesota,Benton,27009,0,0,0,0,0,58,1,2,1,1,2,65,5.909090909,
Minnesota,Big Stone,27011,0,0,0,0,0,65,5,0,7,3,17,97,8.818181818,
Minnesota,Blue Earth,27013,2,1,1,1,0,43,4,0,1,1,2,56,5.090909091,
Minnesota,Brown,27015,0,1,0,0,1,76,6,2,2,2,14,104,9.454545455,
Minnesota,Carlton,27017,3,0,0,1,1,0,0,0,0,0,0,5,0.454545455,
Minnesota,Carver,27019,3,2,0,0,0,21,1,0,0,1,62,90,8.181818182,
Minnesota,Cass,27021,0,0,0,0,0,2,0,0,0,0,0,2,0.181818182,
Minnesota,Chippewa,27023,0,0,0,0,0,147,5,0,1,2,23,178,16.18181818,
Minnesota,Chisago,27025,0,0,0,0,0,50,2,0,0,0,0,52,4.727272727,
Minnesota,Clay,27027,0,0,0,0,0,26,16,2,0,1,5,50,4.545454545,
Minnesota,Clearwater,27029,2,0,0,0,0,2,0,0,0,0,0,4,0.363636364,
Minnesota,Cook,27031,0,0,0,0,0,0,0,0,0,0,0,0,0,
Minnesota,Cottonwood,27033,1,1,1,1,0,16,4,0,2,1,15,42,3.818181818,
Minnesota,Crow Wing,27035,0,0,0,0,0,6,1,3,1,2,1,14,1.272727273,
Minnesota,Dakota,27037,0,0,0,0,0,11,2,0,0,0,0,13,1.181818182,
Minnesota,Dodge,27039,0,0,0,0,0,29,3,0,0,2,2,36,3.272727273,
Minnesota,Douglas,27041,0,0,0,0,0,11,0,1,0,0,2,14,1.272727273,
Minnesota,Faribault,27043,1,1,1,0,1,29,3,0,0,0,2,38,3.454545455,
Minnesota,Fillmore,27045,0,0,0,0,0,18,3,0,0,1,1,23,2.090909091,
Minnesota,Freeborn,27047,1,1,1,0,0,56,3,0,0,1,1,64,5.818181818,
Minnesota,Goodhue,27049,1,1,1,0,0,6,0,0,0,0,2,11,1,
Minnesota,Grant,27051,0,0,0,0,0,51,4,0,4,1,12,72,6.545454545,
Minnesota,Hennepin,27053,0,0,0,0,0,22,0,0,0,0,1,23,2.090909091,
Minnesota,Houston,27055,0,0,0,0,0,1,0,0,0,0,0,1,0.090909091,
Minnesota,Hubbard,27057,0,0,0,0,0,0,0,0,0,0,0,0,0,
Minnesota,Isanti,27059,0,0,0,0,0,49,4,0,0,0,0,53,4.818181818,
Minnesota,Itasca,27061,0,0,0,0,0,0,0,0,0,0,0,0,0,
Minnesota,Jackson,27063,0,0,0,0,0,17,2,0,0,0,1,20,1.818181818,
Minnesota,Kanabec,27065,0,0,0,0,0,14,2,0,0,0,0,16,1.454545455,
Minnesota,Kandiyohi,27067,4,4,4,2,1,42,1,2,1,1,7,69,6.272727273,
Minnesota,Kittson,27069,68,55,52,41,25,4,4,3,2,2,3,259,23.54545455,
Minnesota,Koochiching,27071,2,1,1,0,0,0,0,0,0,0,0,4,0.363636364,
Minnesota,Lac qui Parle,27073,1,1,1,0,0,198,2,0,0,4,57,264,24,
Minnesota,Lake,27075,0,0,0,0,0,0,0,0,0,0,0,0,0,
Minnesota,Lake of the Woods,27077,3,4,3,2,0,0,0,0,0,0,0,12,1.090909091,
Minnesota,Le Sueur,27079,2,3,0,1,0,16,1,0,0,0,0,23,2.090909091,
Minnesota,Lincoln,27081,0,0,0,0,0,178,5,0,1,2,8,194,17.63636364,
Minnesota,Lyon,27083,4,4,0,1,0,279,6,3,1,3,36,337,30.63636364,
Minnesota,McLeod,27085,1,0,1,0,0,40,2,0,0,1,28,73,6.636363636,
Minnesota,Mahnomen,27087,0,0,0,0,0,55,11,1,0,0,0,67,6.090909091,
Minnesota,Marshall,27089,7,9,4,7,6,8,3,1,0,0,0,45,4.090909091,
Minnesota,Martin,27091,0,0,0,0,0,48,0,0,0,0,5,53,4.818181818,
Minnesota,Meeker,27093,0,0,0,0,0,31,4,2,1,0,5,43,3.909090909,
Minnesota,Mille Lacs,27095,0,0,0,0,0,31,2,0,0,0,0,33,3,
Minnesota,Morrison,27097,0,0,0,0,0,24,2,2,0,1,0,29,2.636363636,
Minnesota,Mower,27099,0,0,0,0,0,15,0,0,0,1,0,16,1.454545455,
Minnesota,Murray,27101,1,1,0,1,1,29,1,0,0,1,8,43,3.909090909,
Minnesota,Nicollet,27103,6,3,4,5,4,19,3,0,4,3,6,57,5.181818182,
Minnesota,Nobles,27105,1,1,1,1,0,13,0,0,0,0,2,19,1.727272727,
Minnesota,Norman,27107,0,0,0,0,0,49,24,7,0,1,2,83,7.545454545,
Minnesota,Olmsted,27109,0,0,0,0,0,37,0,0,0,0,1,38,3.454545455,
Minnesota,East Otter Tail,27111,0,0,0,0,0,3,0,0,0,0,2,5,0.454545455,
Minnesota,West Otter Tail,27112,1,1,0,0,0,4,2,0,0,1,6,15,1.363636364,
Minnesota,Pennington,27113,1,1,0,1,1,8,6,1,0,0,0,19,1.727272727,
Minnesota,Pine,27115,0,0,0,0,0,18,1,0,0,2,7,28,2.545454545,
Minnesota,Pipestone,27117,6,6,2,1,0,32,1,1,1,1,0,51,4.636363636,
Minnesota,East Polk,27119,2,2,0,0,2,15,2,4,0,0,2,29,2.636363636,
Minnesota,West Polk,27120,4,2,3,2,1,1,0,0,0,0,0,13,1.181818182,
Minnesota,Pope,27121,0,0,0,0,0,7,1,1,3,0,8,20,1.818181818,
Minnesota,Ramsey,27123,0,0,0,0,0,0,0,0,0,0,0,0,0,
Minnesota,Red Lake,27125,0,0,0,0,0,0,1,5,0,0,0,6,0.545454545,
Minnesota,Redwood,27127,1,0,0,0,0,111,3,2,2,6,12,137,12.45454545,
Minnesota,Renville,27129,0,0,0,0,0,88,8,0,0,0,1,97,8.818181818,
Minnesota,Rice,27131,1,1,1,0,0,34,3,0,1,0,0,41,3.727272727,
Minnesota,Rock,27133,0,0,0,0,0,12,1,0,0,0,0,13,1.181818182,
Minnesota,Roseau,27135,11,3,6,6,4,0,0,0,0,0,0,30,2.727272727,
Minnesota,North St. Louis,27137,0,0,0,0,0,0,0,0,0,0,0,0,0,
Minnesota,South St. Louis,27138,0,0,0,0,0,0,0,0,0,0,0,0,0,
Minnesota,Scott,27139,0,0,0,0,0,10,2,0,0,0,0,12,1.090909091,
Minnesota,Sherburne,27141,0,0,0,0,0,6,0,0,0,0,2,8,0.727272727,
Minnesota,Sibley,27143,3,3,0,3,2,42,6,0,0,2,15,76,6.909090909,
Minnesota,Stearns,27145,0,0,0,0,0,35,6,1,0,0,0,42,3.818181818,
Minnesota,Steele,27147,0,0,0,0,0,39,1,0,0,0,3,43,3.909090909,
Minnesota,Stevens,27149,5,1,0,2,1,141,4,0,7,2,21,184,16.72727273,
Minnesota,Swift,27151,0,0,0,0,0,73,3,1,1,3,9,90,8.181818182,
Minnesota,Todd,27153,1,1,1,1,0,4,0,0,0,1,0,9,0.818181818,
Minnesota,Traverse,27155,1,0,1,1,0,173,22,1,9,12,144,364,33.09090909,
Minnesota,Wabasha,27157,0,0,0,0,0,13,1,0,0,0,0,14,1.272727273,
Minnesota,Wadena,27159,0,0,0,0,0,0,0,0,0,0,0,0,0,
Minnesota,Waseca,27161,1,1,0,0,0,6,0,0,0,0,5,13,1.181818182,
Minnesota,Washington,27163,0,0,0,0,0,0,0,0,0,0,0,0,0,
Minnesota,Watonwan,27165,1,1,0,0,1,58,1,0,0,0,1,63,5.727272727,
Minnesota,Wilkin,27167,1,1,0,0,0,15,6,0,2,0,8,33,3,
Minnesota,Winona,27169,0,0,0,0,0,6,0,0,0,0,0,6,0.545454545,
Minnesota,Wright,27171,0,0,0,0,0,52,4,3,0,0,7,66,6,
Minnesota,Yellow Medicine,27173,0,0,0,0,0,293,18,1,1,0,13,326,29.63636364,
Mississippi,Adams,28001,0,0,0,0,0,0,0,0,0,0,0,0,0,
Mississippi,Alcorn,28003,0,0,0,0,0,0,0,0,0,0,0,0,0,
Mississippi,Amite,28005,0,0,0,0,0,0,0,0,0,0,0,0,0,
Mississippi,Attala,28007,0,0,0,0,0,0,0,0,0,0,0,0,0,
Mississippi,Benton,28009,0,0,0,0,0,1,0,0,0,0,0,1,0.090909091,
Mississippi,Bolivar,28011,0,0,0,0,0,0,0,0,0,0,0,0,0,
Mississippi,Calhoun,28013,0,0,1,0,0,0,0,0,0,0,0,1,0.090909091,
Mississippi,Carroll,28015,0,0,0,0,0,0,0,0,0,0,0,0,0,
Mississippi,Chickasaw,28017,0,0,0,0,0,4,1,0,0,0,0,5,0.454545455,
Mississippi,Choctaw,28019,0,0,0,0,0,0,0,0,0,0,0,0,0,
Mississippi,Claiborne,28021,0,0,0,0,0,0,0,0,0,0,0,0,0,
Mississippi,Clarke,28023,0,0,0,0,0,0,0,0,0,0,0,0,0,
Mississippi,Clay,28025,0,0,0,0,0,0,0,0,0,0,0,0,0,
Mississippi,Coahoma,28027,0,0,0,0,0,0,0,0,0,0,0,0,0,
Mississippi,Copiah,28029,0,0,0,0,0,0,0,0,0,0,0,0,0,
Mississippi,Covington,28031,0,0,0,0,0,0,0,0,0,0,0,0,0,
Mississippi,DeSoto,28033,0,0,0,0,0,0,0,0,0,0,0,0,0,
Mississippi,Forrest,28035,0,0,0,0,0,0,0,0,0,0,0,0,0,
Mississippi,Franklin,28037,0,0,0,0,0,0,0,0,0,0,0,0,0,
Mississippi,George,28039,0,0,0,0,0,0,0,0,0,0,0,0,0,
Mississippi,Greene,28041,0,0,0,0,0,0,0,0,0,0,0,0,0,
Mississippi,Grenada,28043,0,0,0,0,0,0,0,0,0,0,0,0,0,
Mississippi,Hancock,28045,0,0,0,0,0,0,0,0,0,0,0,0,0,
Mississippi,Harrison,28047,0,0,0,0,0,0,0,0,0,0,0,0,0,
Mississippi,Hinds,28049,0,0,0,0,0,0,0,0,0,0,0,0,0,
Mississippi,Holmes,28051,0,0,0,0,0,0,0,0,0,0,0,0,0,
Mississippi,Humphreys,28053,0,0,0,0,0,1,0,0,0,0,0,1,0.090909091,
Mississippi,Issaquena,28055,0,0,0,0,0,2,2,0,0,0,0,4,0.363636364,
Mississippi,Itawamba,28057,0,0,0,0,0,10,3,0,1,2,3,19,1.727272727,
Mississippi,Jackson,28059,0,0,0,0,0,0,0,0,0,0,0,0,0,
Mississippi,Jasper,28061,0,0,0,0,0,0,0,0,0,0,0,0,0,
Mississippi,Jefferson,28063,0,0,0,0,0,0,0,0,0,0,0,0,0,
Mississippi,Jefferson Davis,28065,0,0,0,0,0,0,0,0,0,0,0,0,0,
Mississippi,Jones,28067,0,0,0,0,0,0,0,0,0,0,0,0,0,
Mississippi,Kemper,28069,0,0,0,0,0,0,0,0,0,0,0,0,0,
Mississippi,Lafayette,28071,0,0,0,0,0,0,0,0,0,0,0,0,0,
Mississippi,Lamar,28073,0,0,0,0,0,0,0,0,0,0,0,0,0,
Mississippi,Lauderdale,28075,0,0,0,0,0,0,0,0,0,0,0,0,0,
Mississippi,Lawrence,28077,0,0,0,0,0,0,0,0,0,0,0,0,0,
Mississippi,Leake,28079,0,0,0,0,0,0,0,0,0,0,0,0,0,
Mississippi,Lee,28081,0,3,3,0,2,22,11,4,6,3,47,101,9.181818182,
Mississippi,Leflore,28083,0,0,0,0,0,0,0,0,0,0,0,0,0,
Mississippi,Lincoln,28085,0,0,0,0,0,0,0,0,0,0,0,0,0,
Mississippi,Lowndes,28087,0,0,0,0,0,1,0,0,0,0,0,1,0.090909091,
Mississippi,Madison,28089,0,0,0,0,0,0,0,0,0,0,0,0,0,
Mississippi,Marion,28091,0,0,0,0,0,0,0,0,0,0,0,0,0,
Mississippi,Marshall,28093,0,1,0,0,0,2,1,0,0,0,0,4,0.363636364,
Mississippi,Monroe,28095,2,2,2,2,2,20,9,0,0,0,0,39,3.545454545,
Mississippi,Montgomery,28097,0,0,0,0,0,0,0,0,0,0,0,0,0,
Mississippi,Neshoba,28099,0,0,0,0,0,0,0,0,0,0,0,0,0,
Mississippi,Newton,28101,0,0,0,0,0,0,0,0,0,0,0,0,0,
Mississippi,Noxubee,28103,0,0,0,0,0,16,8,0,0,0,0,24,2.181818182,
Mississippi,Oktibbeha,28105,0,0,0,0,0,0,0,0,0,0,0,0,0,
Mississippi,Panola,28107,0,0,0,0,0,0,0,0,0,0,0,0,0,
Mississippi,Pearl River,28109,0,0,0,0,0,0,0,0,0,0,0,0,0,
Mississippi,Perry,28111,0,0,0,0,0,0,0,0,0,0,0,0,0,
Mississippi,Pike,28113,0,0,0,0,0,0,0,0,0,0,0,0,0,
Mississippi,Pontotoc,28115,0,0,0,0,0,17,7,0,1,0,28,53,4.818181818,
Mississippi,Prentiss,28117,0,0,0,0,0,0,0,0,0,0,0,0,0,
Mississippi,Quitman,28119,0,0,0,0,0,0,0,0,0,0,0,0,0,
Mississippi,Rankin,28121,0,0,0,0,0,0,0,0,0,0,0,0,0,
Mississippi,Scott,28123,0,0,0,0,0,0,0,0,0,0,0,0,0,
Mississippi,Sharkey,28125,0,0,0,0,0,6,3,0,0,0,1,10,0.909090909,
Mississippi,Simpson,28127,0,0,0,0,0,0,0,0,0,0,0,0,0,
Mississippi,Smith,28129,0,0,0,0,0,0,0,0,0,0,0,0,0,
Mississippi,Stone,28131,0,0,0,0,0,0,0,0,0,0,0,0,0,
Mississippi,Sunflower,28133,0,0,0,0,0,0,0,0,0,0,0,0,0,
Mississippi,Tallahatchie,28135,0,0,0,0,0,0,0,0,0,0,0,0,0,
Mississippi,Tate,28137,0,0,0,0,0,0,0,0,0,0,0,0,0,
Mississippi,Tippah,28139,0,0,0,0,0,5,0,1,0,0,0,6,0.545454545,
Mississippi,Tishomingo,28141,0,0,0,0,0,2,1,2,0,0,2,7,0.636363636,
Mississippi,Tunica,28143,0,0,0,0,0,0,0,0,0,0,0,0,0,
Mississippi,Union,28145,0,0,0,0,0,1,1,0,0,0,12,14,1.272727273,
Mississippi,Walthall,28147,0,0,0,0,0,0,0,0,0,0,0,0,0,
Mississippi,Warren,28149,0,0,0,0,0,0,0,0,0,0,0,0,0,
Mississippi,Washington,28151,0,0,0,0,0,0,0,0,0,0,0,0,0,
Mississippi,Wayne,28153,0,0,0,0,0,0,0,0,0,0,0,0,0,
Mississippi,Webster,28155,0,0,0,0,0,0,0,0,0,0,0,0,0,
Mississippi,Wilkinson,28157,0,0,0,0,0,0,0,0,0,0,0,0,0,
Mississippi,Winston,28159,0,0,0,0,0,0,0,0,0,0,0,0,0,
Mississippi,Yalobusha,28161,0,0,0,0,0,0,0,0,0,0,0,0,0,
Mississippi,Yazoo,28163,0,0,0,0,0,0,0,0,0,0,0,0,0,
Missouri,Adair,29001,0,2,0,1,4,12,2,1,1,2,3,28,2.545454545,
Missouri,Andrew,29003,0,0,1,0,1,3,0,0,0,0,2,7,0.636363636,
Missouri,Atchison,29005,3,22,20,17,8,168,23,0,0,0,35,296,26.90909091,
Missouri,Audrain,29007,0,1,1,0,1,4,1,0,0,0,2,10,0.909090909,
Missouri,Barry,29009,0,0,0,0,0,0,0,0,0,0,0,0,0,
Missouri,Barton,29011,0,0,0,0,0,30,16,0,0,0,0,46,4.181818182,
Missouri,Bates,29013,2,0,0,0,0,0,0,0,0,0,1,3,0.272727273,
Missouri,Benton,29015,0,0,0,0,0,0,0,0,0,0,0,0,0,
Missouri,Bollinger,29017,0,0,0,0,0,4,1,0,0,0,0,5,0.454545455,
Missouri,Boone,29019,0,2,4,0,0,36,5,17,3,5,13,85,7.727272727,
Missouri,Buchanan,29021,10,19,17,11,5,49,30,13,1,0,10,165,15,
Missouri,Butler,29023,0,0,0,0,0,2,2,2,2,2,11,21,1.909090909,
Missouri,Caldwell,29025,0,0,0,0,0,19,2,0,0,0,0,21,1.909090909,
Missouri,Callaway,29027,0,2,2,0,2,88,0,0,0,2,3,99,9,
Missouri,Camden,29029,0,0,0,0,0,0,0,0,0,0,0,0,0,
Missouri,Cape Girardeau,29031,0,2,2,2,0,42,6,2,0,2,5,63,5.727272727,
Missouri,Carroll,29033,0,2,0,0,0,232,28,7,1,1,5,276,25.09090909,
Missouri,Carter,29035,0,0,0,0,0,0,0,0,0,0,0,0,0,
Missouri,Cass,29037,0,0,0,0,0,2,1,0,0,0,0,3,0.272727273,
Missouri,Cedar,29039,0,0,0,0,0,0,0,0,0,0,0,0,0,
Missouri,Chariton,29041,0,1,0,1,0,50,12,7,0,3,8,82,7.454545455,
Missouri,Christian,29043,0,0,0,0,0,0,0,0,0,0,0,0,0,
Missouri,Clark,29045,2,2,2,2,2,91,12,0,0,0,6,119,10.81818182,
Missouri,Clay,29047,0,0,0,0,0,18,1,0,0,0,11,30,2.727272727,
Missouri,Clinton,29049,0,0,0,0,0,2,0,0,0,0,0,2,0.181818182,
Missouri,Cole,29051,0,0,0,0,0,29,4,0,0,0,0,33,3,
Missouri,Cooper,29053,0,0,0,0,0,3,0,0,2,0,0,5,0.454545455,
Missouri,Crawford,29055,0,0,0,0,0,0,0,0,0,0,0,0,0,
Missouri,Dade,29057,0,0,0,0,0,0,0,0,0,0,0,0,0,
Missouri,Dallas,29059,0,0,0,0,0,0,0,0,0,0,0,0,0,
Missouri,Daviess,29061,0,0,0,0,0,12,0,0,0,0,0,12,1.090909091,
Missouri,DeKalb,29063,0,4,0,2,4,5,2,0,0,0,0,17,1.545454545,
Missouri,Dent,29065,0,0,0,0,0,0,0,0,0,0,0,0,0,
Missouri,Douglas,29067,0,0,0,0,0,0,0,0,0,0,0,0,0,
Missouri,Dunklin,29069,9,13,10,11,12,6,0,0,0,0,4,65,5.909090909,
Missouri,Franklin,29071,0,1,1,0,0,9,0,0,0,0,5,16,1.454545455,
Missouri,Gasconade,29073,0,0,0,0,0,11,0,0,1,1,0,13,1.181818182,
Missouri,Gentry,29075,7,6,5,5,0,18,8,1,2,0,0,52,4.727272727,
Missouri,Greene,29077,0,0,0,0,0,0,0,0,0,0,0,0,0,
Missouri,Grundy,29079,1,2,2,0,0,7,0,0,0,0,0,12,1.090909091,
Missouri,Harrison,29081,0,0,0,0,0,16,3,0,0,0,0,19,1.727272727,
Missouri,Henry,29083,0,0,0,0,0,1,0,0,0,0,0,1,0.090909091,
Missouri,Hickory,29085,0,0,0,0,0,0,0,0,0,0,0,0,0,
Missouri,Holt,29087,1,10,6,3,7,177,40,3,0,0,11,258,23.45454545,
Missouri,Howard,29089,1,4,4,2,2,18,3,8,0,0,4,46,4.181818182,
Missouri,Howell,29091,0,0,0,0,0,0,0,0,0,0,0,0,0,
Missouri,Iron,29093,0,0,0,0,0,0,0,0,0,0,0,0,0,
Missouri,Jackson,29095,0,0,0,0,0,18,3,0,0,0,0,21,1.909090909,
Missouri,Jasper,29097,0,0,0,0,0,4,3,1,4,0,0,12,1.090909091,
Missouri,Jefferson,29099,0,0,0,0,0,0,0,0,0,0,0,0,0,
Missouri,Johnson,29101,0,0,0,0,0,3,2,0,0,0,3,8,0.727272727,
Missouri,Knox,29103,5,8,2,6,6,12,4,0,0,4,4,51,4.636363636,
Missouri,Laclede,29105,0,0,0,0,0,0,0,0,0,0,0,0,0,
Missouri,Lafayette,29107,0,0,0,0,0,40,11,1,1,0,9,62,5.636363636,
Missouri,Lawrence,29109,0,0,0,0,0,1,0,0,1,1,0,3,0.272727273,
Missouri,Lewis,29111,3,5,1,1,0,53,6,3,2,4,7,85,7.727272727,
Missouri,Lincoln,29113,0,0,0,0,0,46,2,7,7,2,19,83,7.545454545,
Missouri,Linn,29115,0,2,0,0,0,16,8,0,0,0,0,26,2.363636364,
Missouri,Livingston,29117,0,1,0,2,3,30,4,1,0,0,0,41,3.727272727,
Missouri,McDonald,29119,0,0,0,0,0,0,0,0,0,0,0,0,0,
Missouri,Macon,29121,5,7,3,4,3,26,5,3,0,3,5,64,5.818181818,
Missouri,Madison,29123,0,0,0,0,0,0,0,0,0,0,0,0,0,
Missouri,Maries,29125,0,0,0,0,0,0,0,0,0,0,0,0,0,
Missouri,Marion,29127,11,19,4,11,3,59,10,5,1,9,7,139,12.63636364,
Missouri,Mercer,29129,0,0,0,0,0,4,1,1,1,0,0,7,0.636363636,
Missouri,Miller,29131,0,0,0,0,0,2,0,0,0,0,0,2,0.181818182,
Missouri,Mississippi,29133,0,0,0,0,0,91,16,0,0,0,5,112,10.18181818,
Missouri,Moniteau,29135,0,0,0,0,0,3,0,0,0,0,0,3,0.272727273,
Missouri,Monroe,29137,1,4,0,2,2,17,6,5,2,3,4,46,4.181818182,
Missouri,Montgomery,29139,0,5,2,2,5,38,2,10,1,1,13,79,7.181818182,
Missouri,Morgan,29141,0,0,0,0,0,1,0,0,0,0,0,1,0.090909091,
Missouri,New Madrid,29143,1,1,1,0,1,72,10,0,2,1,62,151,13.72727273,
Missouri,Newton,29145,0,0,0,0,0,0,0,0,0,0,0,0,0,
Missouri,Nodaway,29147,0,6,5,1,2,10,1,0,0,0,0,25,2.272727273,
Missouri,Oregon,29149,0,0,0,0,0,0,0,0,0,0,0,0,0,
Missouri,Osage,29151,0,0,0,0,0,20,0,0,0,0,0,20,1.818181818,
Missouri,Ozark,29153,0,0,0,0,0,0,0,0,0,0,0,0,0,
Missouri,Pemiscot,29155,0,3,2,0,0,2,0,0,0,0,2,9,0.818181818,
Missouri,Perry,29157,0,0,0,0,0,18,7,2,0,0,3,30,2.727272727,
Missouri,Pettis,29159,0,0,0,0,0,14,4,3,2,1,3,27,2.454545455,
Missouri,Phelps,29161,0,0,0,0,0,0,0,0,0,0,0,0,0,
Missouri,Pike,29163,0,0,0,0,0,57,19,0,0,0,6,82,7.454545455,
Missouri,Platte,29165,0,0,0,0,0,57,3,0,0,0,9,69,6.272727273,
Missouri,Polk,29167,0,0,0,0,0,0,0,0,0,0,0,0,0,
Missouri,Pulaski,29169,0,0,0,0,0,0,0,0,0,0,0,0,0,
Missouri,Putnam,29171,0,0,0,0,0,9,2,0,0,0,0,11,1,
Missouri,Ralls,29173,0,0,0,0,0,29,22,2,0,1,5,59,5.363636364,
Missouri,Randolph,29175,0,3,0,0,0,0,0,0,0,0,0,3,0.272727273,
Missouri,Ray,29177,0,0,0,0,0,80,13,0,0,0,2,95,8.636363636,
Missouri,Reynolds,29179,0,0,0,0,0,0,0,0,0,0,0,0,0,
Missouri,Ripley,29181,0,0,0,0,0,0,0,0,0,0,0,0,0,
Missouri,St. Charles,29183,0,0,0,0,0,194,12,2,6,2,59,275,25,
Missouri,St. Clair,29185,0,0,0,0,0,1,0,0,0,0,0,1,0.090909091,
Missouri,Ste. Genevieve,29193,0,0,0,0,0,23,1,0,0,0,0,24,2.181818182,
Missouri,St. Francois,29187,0,0,0,0,0,0,0,0,0,0,0,0,0,
Missouri,St. Louis,29189,0,0,0,0,0,25,0,0,0,0,10,35,3.181818182,
Missouri,Saline,29195,2,7,7,3,2,102,23,10,0,15,7,178,16.18181818,
Missouri,Schuyler,29197,0,2,0,0,2,11,7,0,1,0,1,24,2.181818182,
Missouri,Scotland,29199,0,4,0,1,6,21,10,0,1,0,0,43,3.909090909,
Missouri,Scott,29201,0,0,0,0,0,18,1,0,0,0,1,20,1.818181818,
Missouri,Shannon,29203,0,0,0,0,0,0,0,0,0,0,0,0,0,
Missouri,Shelby,29205,1,3,1,0,2,27,3,2,0,1,2,42,3.818181818,
Missouri,Stoddard,29207,0,0,0,0,0,3,2,0,2,0,0,7,0.636363636,
Missouri,Stone,29209,0,0,0,0,0,0,0,0,0,0,0,0,0,
Missouri,Sullivan,29211,0,0,0,0,0,5,7,1,1,1,1,16,1.454545455,
Missouri,Taney,29213,0,0,0,0,0,0,0,0,0,0,0,0,0,
Missouri,Texas,29215,0,0,0,0,0,0,0,0,0,0,0,0,0,
Missouri,Vernon,29217,0,0,0,0,0,45,19,0,0,0,0,64,5.818181818,
Missouri,Warren,29219,0,0,0,0,0,2,1,0,1,2,19,25,2.272727273,
Missouri,Washington,29221,0,0,0,0,0,0,0,0,0,0,0,0,0,
Missouri,Wayne,29223,0,0,0,0,0,0,0,0,0,0,0,0,0,
Missouri,Webster,29225,0,0,0,0,0,0,0,0,0,0,0,0,0,
Missouri,Worth,29227,0,0,0,0,0,9,0,0,0,0,0,9,0.818181818,
Missouri,Wright,29229,0,0,0,0,0,0,0,0,0,0,0,0,0,
Missouri,St. Louis,29510,0,0,0,0,0,0,0,0,0,0,0,0,0,
Montana,Beaverhead,30001,0,1,1,0,0,0,0,0,0,0,0,2,0.181818182,
Montana,Big Horn,30003,2,0,3,1,3,0,0,0,1,0,0,10,0.909090909,
Montana,Blaine,30005,31,35,27,41,32,0,0,0,0,0,0,166,15.09090909,
Montana,Broadwater,30007,0,5,3,2,1,0,0,0,0,0,0,11,1,
Montana,Carbon,30009,0,0,0,0,0,0,0,0,0,0,0,0,0,
Montana,Carter,30011,0,0,0,0,0,0,0,0,0,0,0,0,0,
Montana,Cascade,30013,5,32,36,28,7,0,0,0,0,0,0,108,9.818181818,
Montana,Chouteau,30015,120,123,120,120,27,0,0,15,22,10,10,567,51.54545455,
Montana,Custer,30017,1,1,1,2,2,0,0,0,0,0,0,7,0.636363636,
Montana,Daniels,30019,15,11,4,25,10,0,0,1,1,0,15,82,7.454545455,
Montana,Dawson,30021,15,38,48,50,16,0,0,3,0,0,0,170,15.45454545,
Montana,Deer Lodge,30023,0,0,0,0,0,0,0,0,0,0,0,0,0,
Montana,Fallon,30025,0,0,0,0,0,0,0,0,0,0,0,0,0,
Montana,Fergus,30027,45,49,67,76,26,2,1,4,3,2,1,276,25.09090909,
Montana,Flathead,30029,0,0,0,0,0,0,0,0,0,0,0,0,0,
Montana,Gallatin,30031,3,10,7,6,0,0,0,0,0,0,0,26,2.363636364,
Montana,Garfield,30033,0,1,1,1,0,0,0,0,0,0,0,3,0.272727273,
Montana,Glacier,30035,1,1,0,1,0,1,0,0,0,0,0,4,0.363636364,
Montana,Golden Valley,30037,0,2,2,3,2,0,0,0,0,0,0,9,0.818181818,
Montana,Granite,30039,0,0,0,1,0,0,0,0,0,0,0,1,0.090909091,
Montana,Hill,30041,207,262,213,231,94,19,10,2,18,4,8,1068,97.09090909,
Montana,Jefferson,30043,0,0,0,0,0,0,0,0,0,0,0,0,0,
Montana,Judith Basin,30045,4,7,19,25,1,0,0,0,0,0,1,57,5.181818182,
Montana,Lake,30047,0,0,0,0,0,0,0,0,0,0,0,0,0,
Montana,Lewis and Clark,30049,0,0,0,0,0,0,0,0,0,0,0,0,0,
Montana,Liberty,30051,28,56,37,36,39,1,0,0,3,0,4,204,18.54545455,
Montana,Lincoln,30053,0,0,0,0,0,0,0,0,0,0,0,0,0,
Montana,McCone,30055,9,15,19,25,12,0,0,1,0,3,1,85,7.727272727,
Montana,Madison,30057,0,0,2,2,1,0,0,0,0,0,0,5,0.454545455,
Montana,Meagher,30059,0,0,0,0,0,0,0,0,0,0,0,0,0,
Montana,Mineral,30061,0,0,0,0,0,0,0,0,0,0,0,0,0,
Montana,Missoula,30063,0,0,0,0,0,0,0,0,0,0,0,0,0,
Montana,Musselshell,30065,0,0,0,0,0,0,0,0,1,0,2,3,0.272727273,
Montana,Park,30067,0,0,0,0,0,0,0,0,1,0,0,1,0.090909091,
Montana,Petroleum,30069,0,0,0,0,0,0,0,0,0,0,0,0,0,
Montana,Phillips,30071,3,3,2,4,4,0,0,0,0,0,0,16,1.454545455,
Montana,Pondera,30073,2,4,6,6,3,0,0,0,0,0,0,21,1.909090909,
Montana,Powder River,30075,0,0,0,0,0,0,0,0,0,0,0,0,0,
Montana,Powell,30077,0,0,0,0,0,0,0,0,0,0,0,0,0,
Montana,Prairie,30079,3,5,6,8,5,0,0,1,0,0,2,30,2.727272727,
Montana,Ravalli,30081,0,0,0,0,0,0,0,0,0,0,0,0,0,
Montana,Richland,30083,2,3,5,5,3,0,2,0,0,0,0,20,1.818181818,
Montana,Roosevelt,30085,2,3,5,6,2,0,0,0,0,0,0,18,1.636363636,
Montana,Rosebud,30087,0,0,0,0,0,0,0,0,0,0,0,0,0,
Montana,Sanders,30089,0,0,0,0,0,0,0,0,0,0,0,0,0,
Montana,Sheridan,30091,10,13,4,26,13,0,0,1,0,1,18,86,7.818181818,
Montana,Silver Bow,30093,0,0,0,0,0,0,0,0,0,0,0,0,0,
Montana,Stillwater,30095,0,0,0,0,0,0,0,0,0,0,0,0,0,
Montana,Sweet Grass,30097,0,0,0,0,0,0,0,0,0,0,0,0,0,
Montana,Teton,30099,1,9,8,9,7,0,0,0,39,12,45,130,11.81818182,
Montana,Toole,30101,7,15,10,17,7,0,0,0,0,0,0,56,5.090909091,
Montana,Treasure,30103,0,1,1,0,0,0,1,1,0,0,0,4,0.363636364,
Montana,Valley,30105,13,19,15,27,20,2,0,2,1,1,1,101,9.181818182,
Montana,Wheatland,30107,0,0,1,0,0,0,0,0,0,0,0,1,0.090909091,
Montana,Wibaux,30109,0,0,0,0,0,0,0,0,0,0,0,0,0,
Montana,Yellowstone,30111,0,0,0,0,0,0,0,1,0,0,0,1,0.090909091,
Nebraska,Adams,31001,6,8,5,1,0,24,4,0,2,6,4,60,5.454545455,
Nebraska,Antelope,31003,2,3,1,1,0,22,11,0,3,1,5,49,4.454545455,
Nebraska,Arthur,31005,0,0,0,0,0,0,0,0,0,0,0,0,0,
Nebraska,Banner,31007,1,4,3,1,0,0,0,0,1,1,0,11,1,
Nebraska,Blaine,31009,0,0,0,0,0,0,0,0,0,0,0,0,0,
Nebraska,Boone,31011,0,0,0,0,0,3,0,0,0,0,0,3,0.272727273,
Nebraska,Box Butte,31013,0,0,0,0,0,7,6,0,6,5,20,44,4,
Nebraska,Boyd,31015,0,0,0,0,0,14,3,2,0,0,0,19,1.727272727,
Nebraska,Brown,31017,0,0,0,0,0,2,0,0,0,0,0,2,0.181818182,
Nebraska,Buffalo,31019,1,0,1,0,0,17,2,1,1,0,29,52,4.727272727,
Nebraska,Burt,31021,5,4,3,2,0,34,7,0,1,2,4,62,5.636363636,
Nebraska,Butler,31023,0,0,0,0,1,17,6,0,0,0,0,24,2.181818182,
Nebraska,Cass,31025,7,2,2,0,6,9,1,0,0,0,5,32,2.909090909,
Nebraska,Cedar,31027,0,4,5,3,0,4,2,1,2,1,1,23,2.090909091,
Nebraska,Chase,31029,7,7,8,9,0,9,4,1,2,3,3,53,4.818181818,
Nebraska,Cherry,31031,0,0,0,0,0,4,3,0,0,0,0,7,0.636363636,
Nebraska,Cheyenne,31033,0,4,4,2,1,0,0,0,0,0,0,11,1,
Nebraska,Clay,31035,0,0,0,0,0,32,2,0,0,3,5,42,3.818181818,
Nebraska,Colfax,31037,0,0,0,0,0,18,1,0,0,2,1,22,2,
Nebraska,Cuming,31039,4,2,3,3,3,9,2,1,1,1,1,30,2.727272727,
Nebraska,Custer,31041,5,5,3,2,0,4,1,0,2,8,7,37,3.363636364,
Nebraska,Dakota,31043,0,0,0,0,0,0,0,0,0,0,0,0,0,
Nebraska,Dawes,31045,0,6,6,2,1,0,0,0,0,0,0,15,1.363636364,
Nebraska,Dawson,31047,6,6,8,4,1,3,1,0,0,0,0,29,2.636363636,
Nebraska,Deuel,31049,0,0,0,0,0,0,0,0,0,0,0,0,0,
Nebraska,Dixon,31051,0,0,0,0,0,1,0,0,0,0,0,1,0.090909091,
Nebraska,Dodge,31053,12,9,10,1,10,24,6,0,0,0,8,80,7.272727273,
Nebraska,Douglas,31055,2,2,1,0,0,7,2,0,0,0,4,18,1.636363636,
Nebraska,Dundy,31057,7,10,10,3,2,2,3,3,5,3,1,49,4.454545455,
Nebraska,Fillmore,31059,2,2,3,2,0,7,1,0,0,2,7,26,2.363636364,
Nebraska,Franklin,31061,0,0,0,0,0,1,1,0,1,2,0,5,0.454545455,
Nebraska,Frontier,31063,4,5,3,7,0,1,0,0,1,2,0,23,2.090909091,
Nebraska,Furnas,31065,4,2,1,3,3,1,0,0,0,1,1,16,1.454545455,
Nebraska,Gage,31067,2,3,3,1,1,9,0,0,0,0,2,21,1.909090909,
Nebraska,Garden,31069,0,0,0,0,0,2,2,2,0,0,0,6,0.545454545,
Nebraska,Garfield,31071,0,0,0,0,0,3,0,0,0,0,0,3,0.272727273,
Nebraska,Gosper,31073,6,2,3,2,0,1,0,0,2,0,0,16,1.454545455,
Nebraska,Grant,31075,0,0,0,0,0,0,0,0,0,0,0,0,0,
Nebraska,Greeley,31077,0,0,0,0,0,2,0,0,0,0,0,2,0.181818182,
Nebraska,Hall,31079,2,4,3,3,0,170,33,1,17,19,92,344,31.27272727,
Nebraska,Hamilton,31081,2,2,2,0,0,6,0,0,0,0,2,14,1.272727273,
Nebraska,Harlan,31083,2,2,2,2,1,9,3,0,2,2,2,27,2.454545455,
Nebraska,Hayes,31085,0,0,1,0,0,11,3,5,27,13,8,68,6.181818182,
Nebraska,Hitchcock,31087,0,0,0,0,0,3,0,1,7,4,0,15,1.363636364,
Nebraska,Holt,31089,0,0,0,0,0,78,38,2,1,9,35,163,14.81818182,
Nebraska,Hooker,31091,0,0,0,0,0,0,0,0,0,0,0,0,0,
Nebraska,Howard,31093,2,4,3,4,1,21,5,0,2,2,11,55,5,
Nebraska,Jefferson,31095,0,0,0,0,0,0,0,0,0,0,0,0,0,
Nebraska,Johnson,31097,4,3,3,0,0,8,0,0,0,0,0,18,1.636363636,
Nebraska,Kearney,31099,1,1,1,1,0,1,0,0,0,0,0,5,0.454545455,
Nebraska,Keith,31101,0,0,0,0,0,2,8,0,1,1,0,12,1.090909091,
Nebraska,Keya Paha,31103,0,0,0,0,0,1,0,0,0,0,0,1,0.090909091,
Nebraska,Kimball,31105,0,1,1,1,0,0,0,0,0,0,1,4,0.363636364,
Nebraska,Knox,31107,4,1,3,3,0,61,5,4,8,6,20,115,10.45454545,
Nebraska,Lancaster,31109,1,2,0,0,1,2,0,0,0,0,0,6,0.545454545,
Nebraska,Lincoln,31111,12,13,7,10,3,1,2,1,2,0,0,51,4.636363636,
Nebraska,Logan,31113,2,1,1,2,0,1,0,0,0,0,0,7,0.636363636,
Nebraska,Loup,31115,0,0,0,0,0,2,0,0,0,1,0,3,0.272727273,
Nebraska,McPherson,31117,0,0,0,0,0,0,0,0,0,0,0,0,0,
Nebraska,Madison,31119,2,2,1,0,1,29,3,0,0,0,0,38,3.454545455,
Nebraska,Merrick,31121,0,0,0,0,0,83,27,0,5,5,29,149,13.54545455,
Nebraska,Morrill,31123,17,26,37,18,0,7,3,0,1,4,11,124,11.27272727,
Nebraska,Nance,31125,0,0,0,0,0,26,5,0,11,12,10,64,5.818181818,
Nebraska,Nemaha,31127,0,0,0,0,0,25,6,0,0,0,13,44,4,
Nebraska,Nuckolls,31129,0,0,0,0,0,11,0,0,0,1,1,13,1.181818182,
Nebraska,Otoe,31131,9,4,7,0,9,23,2,0,0,0,11,65,5.909090909,
Nebraska,Pawnee,31133,2,2,0,2,0,0,0,0,0,0,0,6,0.545454545,
Nebraska,Perkins,31135,6,19,21,15,0,43,7,6,20,8,26,171,15.54545455,
Nebraska,Phelps,31137,14,15,18,10,3,24,1,0,0,0,8,93,8.454545455,
Nebraska,Pierce,31139,5,3,2,3,0,18,4,0,0,0,0,35,3.181818182,
Nebraska,Platte,31141,7,6,8,5,4,35,16,2,4,4,14,105,9.545454545,
Nebraska,Polk,31143,0,0,0,0,0,0,0,0,0,0,0,0,0,
Nebraska,Red Willow,31145,35,44,27,17,11,12,9,3,10,15,14,197,17.90909091,
Nebraska,Richardson,31147,4,4,4,7,4,33,0,0,1,1,36,94,8.545454545,
Nebraska,Rock,31149,0,0,0,0,0,3,2,1,0,0,0,6,0.545454545,
Nebraska,Saline,31151,0,0,0,0,0,2,0,0,0,0,0,2,0.181818182,
Nebraska,Sarpy,31153,2,2,2,2,2,2,3,0,0,2,2,19,1.727272727,
Nebraska,Saunders,31155,1,0,0,0,0,5,0,0,0,0,0,6,0.545454545,
Nebraska,Scotts Bluff,31157,14,13,13,4,0,6,0,0,0,1,2,53,4.818181818,
Nebraska,Seward,31159,0,0,0,0,0,0,0,0,0,0,0,0,0,
Nebraska,Sheridan,31161,0,1,1,0,0,0,0,0,0,0,0,2,0.181818182,
Nebraska,Sherman,31163,0,2,2,0,0,0,0,0,0,0,2,6,0.545454545,
Nebraska,Sioux,31165,0,0,0,0,0,0,0,0,0,0,0,0,0,
Nebraska,Stanton,31167,3,1,2,2,1,9,1,1,1,1,1,23,2.090909091,
Nebraska,Thayer,31169,0,0,0,0,0,9,0,0,0,1,3,13,1.181818182,
Nebraska,Thomas,31171,0,0,0,0,0,0,0,0,0,0,0,0,0,
Nebraska,Thurston,31173,0,1,0,0,0,0,0,0,0,0,0,1,0.090909091,
Nebraska,Valley,31175,1,0,0,1,0,15,1,1,3,3,2,27,2.454545455,
Nebraska,Washington,31177,0,0,0,0,0,25,4,0,1,2,14,46,4.181818182,
Nebraska,Wayne,31179,2,2,2,5,1,2,0,0,0,0,0,14,1.272727273,
Nebraska,Webster,31181,0,0,0,0,0,12,0,0,1,5,1,19,1.727272727,
Nebraska,Wheeler,31183,0,0,0,0,0,3,2,0,2,2,2,11,1,
Nebraska,York,31185,0,0,0,0,0,2,0,0,0,0,0,2,0.181818182,
Nevada,Churchill,32001,0,0,0,0,0,0,0,0,0,0,0,0,0,
Nevada,Clark,32003,0,0,0,0,0,0,0,0,0,0,0,0,0,
Nevada,Douglas,32005,0,0,0,0,0,0,0,0,0,0,0,0,0,
Nevada,Elko,32007,0,0,0,0,0,0,0,0,0,0,0,0,0,
Nevada,Esmeralda,32009,0,0,0,0,0,0,0,0,0,0,0,0,0,
Nevada,Eureka,32011,0,0,0,0,0,0,0,0,0,0,0,0,0,
Nevada,Humboldt,32013,0,0,0,0,0,0,0,0,0,0,0,0,0,
Nevada,Lander,32015,0,0,0,0,0,0,0,0,0,0,0,0,0,
Nevada,Lincoln,32017,0,0,0,0,0,0,0,0,0,0,0,0,0,
Nevada,Lyon,32019,0,0,0,0,0,0,0,0,0,0,0,0,0,
Nevada,Mineral,32021,0,0,0,0,0,0,0,0,0,0,0,0,0,
Nevada,Nye,32023,0,0,0,0,0,0,0,0,0,0,0,0,0,
Nevada,Pershing,32027,0,0,0,0,0,0,0,0,0,0,0,0,0,
Nevada,Storey,32029,0,0,0,0,0,0,0,0,0,0,0,0,0,
Nevada,Washoe,32031,0,0,0,0,0,0,0,0,0,0,0,0,0,
Nevada,White Pine,32033,0,0,0,0,0,0,0,0,0,0,0,0,0,
Nevada,Carson City,32510,0,0,0,0,0,0,0,0,0,0,0,0,0,
New Hampshire,Belknap,33001,0,0,0,0,0,0,0,0,0,0,0,0,0,
New Hampshire,Carroll,33003,0,0,0,0,0,0,0,0,0,0,0,0,0,
New Hampshire,Cheshire,33005,0,0,0,0,0,0,0,0,0,0,0,0,0,
New Hampshire,Coos,33007,0,0,0,0,0,0,0,0,0,0,0,0,0,
New Hampshire,Grafton,33009,0,0,0,0,0,0,0,0,0,0,0,0,0,
New Hampshire,Hillsborough,33011,0,0,0,0,0,0,0,0,0,0,0,0,0,
New Hampshire,Merrimack,33013,0,0,0,0,0,0,0,0,0,0,0,0,0,
New Hampshire,Rockingham,33015,0,0,0,0,0,0,0,0,0,0,0,0,0,
New Hampshire,Strafford,33017,0,0,0,0,0,0,0,0,0,0,0,0,0,
New Hampshire,Sullivan,33019,0,0,0,0,0,0,0,0,0,0,0,0,0,
New Jersey,Atlantic,34001,0,0,0,0,0,0,0,0,0,0,0,0,0,
New Jersey,Bergen,34003,0,0,0,0,0,0,0,0,0,0,0,0,0,
New Jersey,Burlington,34005,1,2,1,1,1,1,0,0,0,0,0,7,0.636363636,
New Jersey,Camden,34007,0,0,0,0,0,0,0,0,0,0,0,0,0,
New Jersey,Cape May,34009,0,0,0,0,0,0,0,0,0,0,0,0,0,
New Jersey,Cumberland,34011,0,0,0,0,0,0,0,0,0,0,0,0,0,
New Jersey,Essex,34013,0,0,0,0,0,0,0,0,0,0,0,0,0,
New Jersey,Gloucester,34015,0,0,0,0,0,0,0,0,0,0,0,0,0,
New Jersey,Hudson,34017,0,0,0,0,0,0,0,0,0,0,0,0,0,
New Jersey,Hunterdon,34019,0,0,0,0,0,0,0,0,0,0,0,0,0,
New Jersey,Mercer,34021,0,0,0,0,0,0,0,0,0,0,0,0,0,
New Jersey,Middlesex,34023,0,0,0,0,0,0,0,0,0,0,0,0,0,
New Jersey,Monmouth,34025,0,0,0,0,0,0,0,0,0,0,0,0,0,
New Jersey,Morris,34027,0,0,0,0,0,0,0,0,0,0,0,0,0,
New Jersey,Ocean,34029,0,0,0,0,0,0,0,0,0,0,0,0,0,
New Jersey,Passaic,34031,0,0,0,0,0,0,0,0,0,0,0,0,0,
New Jersey,Salem,34033,0,0,0,0,0,0,0,0,0,0,0,0,0,
New Jersey,Somerset,34035,0,0,0,0,0,0,0,0,0,0,0,0,0,
New Jersey,Sussex,34037,0,0,0,0,0,0,0,0,0,0,3,3,0.272727273,
New Jersey,Union,34039,0,0,0,0,0,0,0,0,0,0,0,0,0,
New Jersey,Warren,34041,1,1,1,1,1,4,1,0,2,1,7,20,1.818181818,
New Mexico,Bernalillo,35001,0,0,0,0,0,0,0,0,0,0,0,0,0,
New Mexico,Catron,35003,0,0,0,0,0,0,0,0,0,0,0,0,0,
New Mexico,Chaves,35005,0,0,0,0,0,0,0,0,0,0,0,0,0,
New Mexico,Cibola,35006,0,0,0,0,0,0,0,0,0,0,0,0,0,
New Mexico,Colfax,35007,0,0,0,0,0,0,0,0,0,0,0,0,0,
New Mexico,Curry,35009,0,0,0,0,0,0,0,0,0,0,0,0,0,
New Mexico,De Baca,35011,0,0,0,0,0,0,0,0,0,0,0,0,0,
New Mexico,Dona Ana,35013,0,0,0,0,0,0,0,0,0,0,0,0,0,
New Mexico,Eddy,35015,0,0,0,0,0,0,0,0,0,0,0,0,0,
New Mexico,Grant,35017,0,0,0,0,0,0,0,0,0,0,0,0,0,
New Mexico,Guadalupe,35019,0,0,0,0,0,0,0,0,0,0,0,0,0,
New Mexico,Harding,35021,0,0,0,0,0,0,0,0,0,0,0,0,0,
New Mexico,Hidalgo,35023,0,0,0,0,0,0,0,0,0,0,0,0,0,
New Mexico,Lea,35025,0,0,0,0,0,0,0,0,0,0,0,0,0,
New Mexico,Lincoln,35027,0,0,0,0,0,0,0,0,0,0,0,0,0,
New Mexico,Los Alamos,35028,0,0,0,0,0,0,0,0,0,0,0,0,0,
New Mexico,Luna,35029,0,0,0,0,0,0,0,0,0,0,0,0,0,
New Mexico,McKinley,35031,0,0,0,0,0,0,0,0,0,0,0,0,0,
New Mexico,Mora,35033,0,0,0,0,0,0,0,0,0,0,0,0,0,
New Mexico,Otero,35035,0,0,0,0,0,0,0,0,0,0,0,0,0,
New Mexico,Quay,35037,0,0,0,0,0,0,0,0,0,0,0,0,0,
New Mexico,Rio Arriba,35039,0,0,0,0,0,0,0,0,0,0,0,0,0,
New Mexico,Roosevelt,35041,0,0,0,0,0,0,0,0,0,0,0,0,0,
New Mexico,Sandoval,35043,0,0,0,0,0,0,0,0,0,0,0,0,0,
New Mexico,San Juan,35045,0,0,0,0,0,0,0,0,0,0,0,0,0,
New Mexico,San Miguel,35047,0,0,0,0,0,0,0,0,0,0,0,0,0,
New Mexico,Santa Fe,35049,0,0,0,0,0,0,0,0,0,0,0,0,0,
New Mexico,Sierra,35051,0,0,0,0,0,0,0,0,0,0,0,0,0,
New Mexico,Socorro,35053,0,0,0,0,0,0,0,0,0,0,0,0,0,
New Mexico,Taos,35055,0,0,0,0,0,0,0,0,0,0,0,0,0,
New Mexico,Torrance,35057,0,0,0,0,0,0,0,0,0,0,0,0,0,
New Mexico,Union,35059,0,0,0,0,0,1,1,0,0,1,0,3,0.272727273,
New Mexico,Valencia,35061,0,0,0,0,0,0,0,0,0,0,0,0,0,
New York,Albany,36001,0,0,0,0,0,0,0,0,0,0,0,0,0,
New York,Allegany,36003,0,0,0,0,0,3,1,0,0,0,0,4,0.363636364,
New York,Bronx,36005,0,0,0,0,0,0,0,0,0,0,0,0,0,
New York,Broome,36007,0,0,0,0,0,2,0,0,0,0,1,3,0.272727273,
New York,Cattaraugus,36009,0,0,0,0,0,5,2,0,0,0,0,7,0.636363636,
New York,Cayuga,36011,0,0,0,0,0,22,4,0,0,0,0,26,2.363636364,
New York,Chautauqua,36013,0,0,0,0,0,2,0,0,0,0,0,2,0.181818182,
New York,Chemung,36015,0,0,0,0,0,0,0,0,0,0,0,0,0,
New York,Chenango,36017,0,0,0,0,0,0,0,0,0,0,0,0,0,
New York,Clinton,36019,0,0,0,0,0,4,0,0,0,0,0,4,0.363636364,
New York,Columbia,36021,0,0,0,0,0,3,0,1,1,0,0,5,0.454545455,
New York,Cortland,36023,0,0,0,0,0,1,0,0,0,0,0,1,0.090909091,
New York,Delaware,36025,0,0,0,0,0,0,0,0,0,0,0,0,0,
New York,Dutchess,36027,0,0,0,0,0,0,0,0,0,0,0,0,0,
New York,Erie,36029,0,0,0,0,0,22,4,1,1,0,0,28,2.545454545,
New York,Essex,36031,0,0,0,0,0,0,0,0,0,0,0,0,0,
New York,Franklin,36033,0,0,0,0,0,0,0,0,0,0,0,0,0,
New York,Fulton,36035,0,0,0,0,0,6,0,0,1,0,9,16,1.454545455,
New York,Genesee,36037,0,0,0,0,0,26,4,0,0,0,0,30,2.727272727,
New York,Greene,36039,0,0,0,0,0,0,0,0,0,0,0,0,0,
New York,Hamilton,36041,0,0,0,0,0,0,0,0,0,0,0,0,0,
New York,Herkimer,36043,0,0,0,0,0,7,0,0,0,0,0,7,0.636363636,
New York,Jefferson,36045,0,0,0,0,0,0,0,0,0,0,0,0,0,
New York,Kings,36047,0,0,0,0,0,0,0,0,0,0,0,0,0,
New York,Lewis,36049,0,0,0,0,0,0,0,0,0,0,0,0,0,
New York,Livingston,36051,0,0,0,0,0,27,9,0,0,0,0,36,3.272727273,
New York,Madison,36053,0,0,0,0,0,5,3,0,0,0,0,8,0.727272727,
New York,Monroe,36055,1,0,0,0,0,37,6,0,0,0,0,44,4,
New York,Montgomery,36057,0,1,1,0,0,11,1,0,1,0,51,66,6,
New York,Nassau,36059,0,0,0,0,0,0,0,0,0,0,0,0,0,
New York,New York,36061,0,0,0,0,0,0,0,0,0,0,0,0,0,
New York,Niagara,36063,0,0,0,0,0,4,0,0,0,0,0,4,0.363636364,
New York,Oneida,36065,0,0,0,0,0,11,0,0,0,0,0,11,1,
New York,Onondaga,36067,0,0,0,0,0,20,2,0,0,0,0,22,2,
New York,Ontario,36069,0,0,0,0,0,11,0,0,0,0,0,11,1,
New York,Orange,36071,0,0,0,0,0,0,0,1,1,0,0,2,0.181818182,
New York,Orleans,36073,0,0,0,0,0,45,4,0,0,0,0,49,4.454545455,
New York,Oswego,36075,0,0,0,0,0,4,0,0,0,0,0,4,0.363636364,
New York,Otsego,36077,0,0,0,0,0,3,1,0,0,1,1,6,0.545454545,
New York,Putnam,36079,0,0,0,0,0,0,0,0,0,0,0,0,0,
New York,Queens,36081,0,0,0,0,0,0,0,0,0,0,0,0,0,
New York,Rensselaer,36083,0,0,0,0,0,5,0,0,0,1,0,6,0.545454545,
New York,Richmond,36085,0,0,0,0,0,0,0,0,0,0,0,0,0,
New York,Rockland,36087,0,0,0,0,0,0,0,0,0,0,0,0,0,
New York,St. Lawrence,36089,0,0,0,0,0,0,0,0,0,0,0,0,0,
New York,Saratoga,36091,0,0,0,0,0,4,1,0,0,2,10,17,1.545454545,
New York,Schenectady,36093,0,0,0,0,0,0,0,0,0,0,0,0,0,
New York,Schoharie,36095,0,0,0,0,0,0,0,0,0,0,1,1,0.090909091,
New York,Schuyler,36097,0,0,0,0,0,3,0,0,0,0,0,3,0.272727273,
New York,Seneca,36099,0,0,0,0,0,18,10,0,0,0,0,28,2.545454545,
New York,Steuben,36101,0,0,0,0,0,1,0,0,0,0,0,1,0.090909091,
New York,Suffolk,36103,0,0,0,0,0,0,0,0,0,0,0,0,0,
New York,Sullivan,36105,0,0,0,0,0,0,0,0,0,0,0,0,0,
New York,Tioga,36107,0,0,0,0,0,1,0,0,0,0,0,1,0.090909091,
New York,Tompkins,36109,2,2,2,0,0,0,0,0,0,0,0,6,0.545454545,
New York,Ulster,36111,0,0,0,0,0,0,0,0,0,0,0,0,0,
New York,Warren,36113,0,0,0,0,0,0,0,0,0,0,0,0,0,
New York,Washington,36115,0,0,0,0,0,5,1,0,0,3,5,14,1.272727273,
New York,Wayne,36117,0,0,0,0,0,6,0,0,0,0,0,6,0.545454545,
New York,Westchester,36119,0,0,0,0,0,0,0,0,0,0,0,0,0,
New York,Wyoming,36121,0,0,0,0,0,4,0,0,0,0,0,4,0.363636364,
New York,Yates,36123,0,0,0,0,0,1,1,0,0,0,0,2,0.181818182,
North Carolina,Alamance,37001,0,0,0,0,0,0,0,0,0,0,0,0,0,
North Carolina,Alexander,37003,0,0,0,0,0,0,0,0,0,0,0,0,0,
North Carolina,Alleghany,37005,0,0,0,0,0,0,0,0,0,0,0,0,0,
North Carolina,Anson,37007,0,0,0,0,0,0,0,0,0,0,0,0,0,
North Carolina,Ashe,37009,0,0,0,0,0,0,0,0,0,0,0,0,0,
North Carolina,Avery,37011,0,0,0,0,0,0,0,0,0,0,0,0,0,
North Carolina,Beaufort,37013,2,2,1,2,1,1,0,0,0,0,0,9,0.818181818,
North Carolina,Bertie,37015,0,0,0,0,0,0,0,0,0,0,0,0,0,
North Carolina,Bladen,37017,0,0,0,0,0,0,0,0,0,0,0,0,0,
North Carolina,Brunswick,37019,0,0,0,0,0,0,0,0,0,0,0,0,0,
North Carolina,Buncombe,37021,0,0,0,0,0,0,0,0,0,0,0,0,0,
North Carolina,Burke,37023,0,0,0,0,0,0,0,0,0,0,0,0,0,
North Carolina,Cabarrus,37025,0,0,0,0,0,0,0,0,0,0,0,0,0,
North Carolina,Caldwell,37027,0,0,0,0,0,0,0,0,0,0,0,0,0,
North Carolina,Camden,37029,0,0,0,0,0,0,0,0,0,0,0,0,0,
North Carolina,Carteret,37031,0,0,0,0,0,0,0,0,0,0,0,0,0,
North Carolina,Caswell,37033,0,0,0,0,0,0,0,0,0,0,0,0,0,
North Carolina,Catawba,37035,0,0,0,0,0,0,0,0,0,0,0,0,0,
North Carolina,Chatham,37037,0,0,0,0,0,0,0,0,0,0,0,0,0,
North Carolina,Cherokee,37039,0,0,0,1,0,0,0,0,0,0,0,1,0.090909091,
North Carolina,Chowan,37041,0,0,0,0,0,0,0,0,0,0,0,0,0,
North Carolina,Clay,37043,0,0,0,0,0,0,0,0,0,0,0,0,0,
North Carolina,Cleveland,37045,0,0,0,0,0,0,0,0,0,0,0,0,0,
North Carolina,Columbus,37047,0,0,0,0,0,0,0,0,0,0,0,0,0,
North Carolina,Craven,37049,1,3,3,1,1,0,0,0,0,0,0,9,0.818181818,
North Carolina,Cumberland,37051,0,0,0,0,0,0,0,0,0,0,0,0,0,
North Carolina,Currituck,37053,0,0,0,0,0,0,0,0,0,0,0,0,0,
North Carolina,Dare,37055,0,0,0,0,0,0,0,0,0,0,0,0,0,
North Carolina,Davidson,37057,0,0,0,0,0,0,0,0,0,0,0,0,0,
North Carolina,Davie,37059,0,0,0,0,0,0,0,0,0,0,0,0,0,
North Carolina,Duplin,37061,0,0,0,0,0,0,0,0,0,0,0,0,0,
North Carolina,Durham,37063,0,0,0,0,0,0,0,0,0,0,0,0,0,
North Carolina,Edgecombe,37065,0,0,0,0,0,0,0,0,0,0,0,0,0,
North Carolina,Forsyth,37067,0,0,0,0,0,0,0,0,0,0,0,0,0,
North Carolina,Franklin,37069,0,0,0,0,0,0,0,0,0,0,0,0,0,
North Carolina,Gaston,37071,0,0,0,0,0,0,0,0,0,0,0,0,0,
North Carolina,Gates,37073,0,0,0,0,0,0,0,0,0,0,0,0,0,
North Carolina,Graham,37075,0,0,0,0,0,0,0,0,0,0,0,0,0,
North Carolina,Granville,37077,0,0,0,0,0,0,0,0,0,0,0,0,0,
North Carolina,Greene,37079,0,0,0,0,0,0,0,0,0,0,0,0,0,
North Carolina,Guilford,37081,0,0,0,0,0,0,0,0,0,0,0,0,0,
North Carolina,Halifax,37083,0,0,0,0,0,0,0,0,0,0,0,0,0,
North Carolina,Harnett,37085,0,0,0,0,0,0,0,0,0,0,0,0,0,
North Carolina,Haywood,37087,0,0,0,0,0,0,0,0,0,0,0,0,0,
North Carolina,Henderson,37089,0,0,0,0,0,0,0,0,0,0,0,0,0,
North Carolina,Hertford,37091,0,0,0,0,0,0,0,0,0,0,0,0,0,
North Carolina,Hoke,37093,0,0,0,0,0,0,0,0,0,0,0,0,0,
North Carolina,Hyde,37095,0,0,0,0,0,0,0,0,0,0,0,0,0,
North Carolina,Iredell,37097,0,0,0,0,0,0,0,0,0,0,0,0,0,
North Carolina,Jackson,37099,0,0,0,0,0,0,0,0,0,0,0,0,0,
North Carolina,Johnston,37101,0,0,0,0,0,0,0,0,0,0,0,0,0,
North Carolina,Jones,37103,0,0,0,0,0,0,0,0,0,0,0,0,0,
North Carolina,Lee,37105,0,0,0,0,0,0,0,0,0,0,0,0,0,
North Carolina,Lenoir,37107,0,0,0,0,0,0,0,0,0,0,0,0,0,
North Carolina,Lincoln,37109,0,0,0,0,0,0,0,0,0,0,0,0,0,
North Carolina,McDowell,37111,0,0,0,0,0,0,0,0,0,0,0,0,0,
North Carolina,Macon,37113,0,0,0,0,0,0,0,0,0,0,0,0,0,
North Carolina,Madison,37115,0,0,0,0,0,0,0,0,0,0,0,0,0,
North Carolina,Martin,37117,0,0,0,0,0,0,0,0,0,0,0,0,0,
North Carolina,Mecklenburg,37119,0,0,0,0,0,0,0,0,0,0,0,0,0,
North Carolina,Mitchell,37121,0,0,0,0,0,0,0,0,0,0,0,0,0,
North Carolina,Montgomery,37123,0,0,0,0,0,0,0,0,0,0,0,0,0,
North Carolina,Moore,37125,0,0,0,0,0,0,0,0,0,0,0,0,0,
North Carolina,Nash,37127,0,0,0,0,0,0,0,0,0,0,0,0,0,
North Carolina,New Hanover,37129,0,0,0,0,0,0,0,0,0,0,0,0,0,
North Carolina,Northampton,37131,0,0,0,0,0,0,0,0,0,0,0,0,0,
North Carolina,Onslow,37133,0,2,3,0,2,0,0,0,0,0,0,7,0.636363636,
North Carolina,Orange,37135,0,0,0,0,0,0,0,0,0,0,0,0,0,
North Carolina,Pamlico,37137,0,0,0,0,0,0,0,0,0,0,0,0,0,
North Carolina,Pasquotank,37139,0,0,0,0,0,0,0,0,0,0,0,0,0,
North Carolina,Pender,37141,0,0,0,0,0,0,0,0,0,0,0,0,0,
North Carolina,Perquimans,37143,0,0,0,0,0,0,0,0,0,0,0,0,0,
North Carolina,Person,37145,0,0,0,0,0,0,0,0,0,0,0,0,0,
North Carolina,Pitt,37147,0,0,0,0,0,0,0,0,0,0,0,0,0,
North Carolina,Polk,37149,0,0,0,0,0,0,0,0,0,0,0,0,0,
North Carolina,Randolph,37151,0,0,0,0,0,0,0,0,0,0,0,0,0,
North Carolina,Richmond,37153,0,0,0,0,0,0,0,0,0,0,0,0,0,
North Carolina,Robeson,37155,0,0,0,0,0,0,0,0,0,0,0,0,0,
North Carolina,Rockingham,37157,0,0,0,0,0,0,0,0,0,0,0,0,0,
North Carolina,Rowan,37159,0,0,0,0,0,0,0,0,0,0,0,0,0,
North Carolina,Rutherford,37161,0,0,0,0,0,0,0,0,0,0,0,0,0,
North Carolina,Sampson,37163,0,0,0,0,0,0,0,0,0,0,0,0,0,
North Carolina,Scotland,37165,0,0,0,0,0,0,0,0,0,0,0,0,0,
North Carolina,Stanly,37167,0,0,0,0,0,0,0,0,0,0,0,0,0,
North Carolina,Stokes,37169,6,1,3,1,2,0,0,0,0,0,0,13,1.181818182,
North Carolina,Surry,37171,0,0,0,0,0,0,0,0,0,0,0,0,0,
North Carolina,Swain,37173,0,0,0,0,0,0,0,0,0,0,0,0,0,
North Carolina,Transylvania,37175,0,0,0,0,0,0,0,0,0,0,0,0,0,
North Carolina,Tyrrell,37177,3,4,3,2,2,1,0,0,0,0,0,15,1.363636364,
North Carolina,Union,37179,0,0,0,0,0,0,0,0,0,0,0,0,0,
North Carolina,Vance,37181,0,0,0,0,0,0,0,0,0,0,0,0,0,
North Carolina,Wake,37183,0,0,0,0,0,0,0,0,0,0,0,0,0,
North Carolina,Warren,37185,0,0,0,0,0,0,0,0,0,0,0,0,0,
North Carolina,Washington,37187,1,1,2,0,2,1,0,0,0,0,0,7,0.636363636,
North Carolina,Watauga,37189,0,0,0,0,0,0,0,0,0,0,0,0,0,
North Carolina,Wayne,37191,0,0,0,0,0,0,0,0,0,0,0,0,0,
North Carolina,Wilkes,37193,0,0,0,0,0,0,0,0,0,0,0,0,0,
North Carolina,Wilson,37195,0,0,0,0,0,0,0,0,0,0,0,0,0,
North Carolina,Yadkin,37197,0,0,0,0,0,0,0,0,0,0,0,0,0,
North Carolina,Yancey,37199,0,0,0,0,0,0,0,0,0,0,0,0,0,
North Dakota,Adams,38001,4,3,4,5,3,0,1,1,0,0,13,34,3.090909091,
North Dakota,Barnes,38003,38,47,16,22,14,75,43,0,4,0,2,261,23.72727273,
North Dakota,Benson,38005,1,2,0,0,1,0,0,0,0,0,0,4,0.363636364,
North Dakota,Billings,38007,1,0,1,1,0,0,0,0,0,0,0,3,0.272727273,
North Dakota,Bottineau,38009,13,14,15,11,9,0,0,0,0,0,0,62,5.636363636,
North Dakota,Bowman,38011,4,8,17,19,9,6,3,2,1,0,5,74,6.727272727,
North Dakota,Burke,38013,3,0,3,4,2,0,0,0,0,0,0,12,1.090909091,
North Dakota,Burleigh,38015,10,3,5,4,0,3,5,1,0,0,1,32,2.909090909,
North Dakota,Cass,38017,2,1,0,4,4,78,31,4,3,2,10,139,12.63636364,
North Dakota,Cavalier,38019,0,0,0,0,0,0,0,0,0,0,0,0,0,
North Dakota,Dickey,38021,6,11,5,6,0,83,54,7,2,7,38,219,19.90909091,
North Dakota,Divide,38023,12,8,4,8,2,2,0,0,0,0,0,36,3.272727273,
North Dakota,Dunn,38025,2,7,11,12,5,2,2,3,0,0,0,44,4,
North Dakota,Eddy,38027,1,4,4,4,1,9,2,3,0,2,0,30,2.727272727,
North Dakota,Emmons,38029,28,22,22,25,12,5,4,6,0,0,0,124,11.27272727,
North Dakota,Foster,38031,2,1,1,0,2,0,0,0,0,0,2,8,0.727272727,
North Dakota,Golden Valley,38033,1,0,1,1,1,0,0,0,0,0,0,4,0.363636364,
North Dakota,Grand Forks,38035,2,2,3,0,1,6,7,1,0,1,0,23,2.090909091,
North Dakota,Grant,38037,28,18,25,32,15,0,0,0,0,0,0,118,10.72727273,
North Dakota,Griggs,38039,3,5,0,2,2,12,8,3,1,1,1,38,3.454545455,
North Dakota,Hettinger,38041,5,4,10,11,4,0,0,0,0,0,0,34,3.090909091,
North Dakota,Kidder,38043,1,1,0,1,0,2,2,2,2,1,2,14,1.272727273,
North Dakota,LaMoure,38045,13,23,5,18,3,127,54,11,6,7,13,280,25.45454545,
North Dakota,Logan,38047,0,2,0,2,0,9,6,4,0,0,0,23,2.090909091,
North Dakota,McHenry,38049,2,0,1,2,1,0,0,0,0,0,0,6,0.545454545,
North Dakota,McIntosh,38051,2,1,1,1,1,6,4,4,0,0,19,39,3.545454545,
North Dakota,McKenzie,38053,1,3,3,3,2,0,0,0,0,0,0,12,1.090909091,
North Dakota,McLean,38055,2,4,2,5,3,0,1,0,0,0,0,17,1.545454545,
North Dakota,Mercer,38057,8,9,3,11,6,0,1,3,0,0,4,45,4.090909091,
North Dakota,Morton,38059,7,7,5,13,4,2,1,4,2,0,5,50,4.545454545,
North Dakota,Mountrail,38061,2,1,2,1,1,0,0,0,0,0,0,7,0.636363636,
North Dakota,Nelson,38063,5,7,9,9,4,4,3,1,0,0,11,53,4.818181818,
North Dakota,Oliver,38065,0,0,0,0,0,0,0,0,0,0,0,0,0,
North Dakota,Pembina,38067,2,13,13,8,3,3,1,4,0,0,0,47,4.272727273,
North Dakota,Pierce,38069,0,0,0,0,0,0,0,0,0,0,0,0,0,
North Dakota,Ramsey,38071,6,7,7,2,3,3,3,0,0,0,0,31,2.818181818,
North Dakota,Ransom,38073,12,15,4,6,5,51,25,3,1,1,3,126,11.45454545,
North Dakota,Renville,38075,0,0,0,0,0,0,0,0,0,0,0,0,0,
North Dakota,Richland,38077,1,1,0,0,0,118,18,4,16,18,28,204,18.54545455,
North Dakota,Rolette,38079,0,0,0,0,0,0,0,0,0,0,0,0,0,
North Dakota,Sargent,38081,0,1,0,0,0,45,22,2,3,1,4,78,7.090909091,
North Dakota,Sheridan,38083,0,0,0,0,0,0,0,0,0,1,0,1,0.090909091,
North Dakota,Sioux,38085,0,3,3,0,0,0,0,0,0,0,0,6,0.545454545,
North Dakota,Slope,38087,14,8,31,32,12,7,6,5,2,0,9,126,11.45454545,
North Dakota,Stark,38089,0,1,1,1,0,0,0,0,0,0,0,3,0.272727273,
North Dakota,Steele,38091,18,14,3,4,1,33,19,5,0,2,0,99,9,
North Dakota,Stutsman,38093,4,7,3,3,4,19,12,2,0,2,1,57,5.181818182,
North Dakota,Towner,38095,4,5,7,7,3,0,0,0,0,0,0,26,2.363636364,
North Dakota,Traill,38097,14,11,7,3,0,43,33,7,3,0,3,124,11.27272727,
North Dakota,Walsh,38099,27,29,30,20,18,3,3,1,0,0,3,134,12.18181818,
North Dakota,Ward,38101,3,11,4,9,6,1,0,0,0,0,0,34,3.090909091,
North Dakota,Wells,38103,9,8,5,6,2,0,0,0,0,0,0,30,2.727272727,
North Dakota,Williams,38105,30,17,16,34,5,1,1,3,1,4,14,126,11.45454545,
Ohio,Adams,39001,1,4,4,0,0,110,5,2,2,1,16,145,13.18181818,
Ohio,Allen,39003,0,1,1,1,0,179,25,2,2,0,4,215,19.54545455,
Ohio,Ashland,39005,0,0,0,0,0,27,8,0,0,0,0,35,3.181818182,
Ohio,Ashtabula,39007,0,0,0,0,0,15,2,0,0,0,0,17,1.545454545,
Ohio,Athens,39009,0,0,0,0,0,0,0,0,0,0,0,0,0,
Ohio,Auglaize,39011,2,11,7,6,0,117,11,0,0,0,0,154,14,
Ohio,Belmont,39013,0,0,0,0,0,0,0,0,0,0,0,0,0,
Ohio,Brown,39015,0,0,0,0,0,81,14,1,0,1,0,97,8.818181818,
Ohio,Butler,39017,1,0,3,3,2,5,2,0,0,0,0,16,1.454545455,
Ohio,Carroll,39019,0,0,0,0,0,1,1,0,0,0,0,2,0.181818182,
Ohio,Champaign,39021,0,0,0,0,0,25,1,0,0,0,0,26,2.363636364,
Ohio,Clark,39023,0,0,0,0,0,33,11,0,0,0,0,44,4,
Ohio,Clermont,39025,0,0,0,0,0,29,5,0,0,0,0,34,3.090909091,
Ohio,Clinton,39027,0,0,0,0,0,17,2,0,0,0,0,19,1.727272727,
Ohio,Columbiana,39029,0,0,0,0,0,12,2,0,0,0,0,14,1.272727273,
Ohio,Coshocton,39031,0,0,0,0,0,2,0,0,0,0,0,2,0.181818182,
Ohio,Crawford,39033,1,1,2,1,0,61,5,0,0,0,1,72,6.545454545,
Ohio,Cuyahoga,39035,0,0,0,0,0,3,0,0,0,0,0,3,0.272727273,
Ohio,Darke,39037,0,1,1,0,0,26,2,0,0,0,0,30,2.727272727,
Ohio,Defiance,39039,0,2,2,2,0,369,121,2,0,0,14,512,46.54545455,
Ohio,Delaware,39041,0,1,1,1,0,44,10,0,0,1,2,60,5.454545455,
Ohio,Erie,39043,0,0,0,0,0,37,7,0,0,0,0,44,4,
Ohio,Fairfield,39045,0,0,0,0,0,10,1,0,0,0,0,11,1,
Ohio,Fayette,39047,0,0,1,0,1,46,1,0,0,0,0,49,4.454545455,
Ohio,Franklin,39049,0,0,1,0,0,2,1,0,0,0,0,4,0.363636364,
Ohio,Fulton,39051,2,2,1,0,0,189,6,0,0,0,1,201,18.27272727,
Ohio,Gallia,39053,2,2,1,0,2,0,0,0,0,0,0,7,0.636363636,
Ohio,Geauga,39055,0,0,0,0,0,5,0,0,0,0,0,5,0.454545455,
Ohio,Greene,39057,0,0,0,0,0,14,4,3,0,2,5,28,2.545454545,
Ohio,Guernsey,39059,0,0,0,0,0,2,1,0,0,0,0,3,0.272727273,
Ohio,Hamilton,39061,0,0,0,0,0,0,0,0,0,0,0,0,0,
Ohio,Hancock,39063,0,5,3,3,0,281,14,0,0,0,24,330,30,
Ohio,Hardin,39065,0,0,0,0,0,235,20,0,0,0,0,255,23.18181818,
Ohio,Harrison,39067,0,0,0,0,0,0,0,0,0,0,0,0,0,
Ohio,Henry,39069,2,2,1,2,0,324,35,0,1,1,3,371,33.72727273,
Ohio,Highland,39071,1,1,1,1,2,61,12,2,1,0,2,84,7.636363636,
Ohio,Hocking,39073,0,0,0,0,0,1,0,0,0,0,0,1,0.090909091,
Ohio,Holmes,39075,0,0,0,0,0,6,0,1,0,0,0,7,0.636363636,
Ohio,Huron,39077,1,0,0,0,0,110,10,0,0,0,8,129,11.72727273,
Ohio,Jackson,39079,1,5,7,1,7,8,0,0,0,0,0,29,2.636363636,
Ohio,Jefferson,39081,0,0,0,0,0,1,1,0,0,0,0,2,0.181818182,
Ohio,Knox,39083,0,0,0,0,0,10,1,0,0,0,0,11,1,
Ohio,Lake,39085,0,0,0,0,0,0,0,0,0,0,0,0,0,
Ohio,Lawrence,39087,0,0,0,0,0,0,0,0,0,0,0,0,0,
Ohio,Licking,39089,0,0,0,0,0,25,0,0,0,0,0,25,2.272727273,
Ohio,Logan,39091,0,0,0,0,0,143,9,1,0,1,5,159,14.45454545,
Ohio,Lorain,39093,1,2,1,1,0,123,20,0,0,0,0,148,13.45454545,
Ohio,East Lucas,39094,2,2,1,1,1,44,9,0,1,1,4,66,6,
Ohio,West Lucas,39095,0,0,0,0,0,58,3,0,0,0,0,61,5.545454545,
Ohio,Madison,39097,0,0,0,0,0,23,1,0,0,0,0,24,2.181818182,
Ohio,Mahoning,39099,0,0,0,0,0,21,9,0,0,0,0,30,2.727272727,
Ohio,Marion,39101,1,1,1,1,0,74,8,0,2,0,7,95,8.636363636,
Ohio,Medina,39103,0,0,0,0,0,62,13,0,0,0,0,75,6.818181818,
Ohio,Meigs,39105,0,0,0,0,0,0,0,0,0,0,0,0,0,
Ohio,Mercer,39107,0,0,0,0,0,35,3,0,0,0,0,38,3.454545455,
Ohio,Miami,39109,1,1,1,1,1,49,1,0,0,0,2,57,5.181818182,
Ohio,Monroe,39111,0,0,0,0,0,0,0,0,0,0,0,0,0,
Ohio,Montgomery,39113,0,0,0,0,0,4,1,0,0,0,0,5,0.454545455,
Ohio,Morgan,39115,0,0,0,0,0,0,0,0,0,0,0,0,0,
Ohio,Morrow,39117,0,0,0,0,0,43,5,1,0,0,0,49,4.454545455,
Ohio,Muskingum,39119,1,1,1,0,0,1,0,0,0,0,0,4,0.363636364,
Ohio,Noble,39121,0,0,0,0,0,0,0,0,0,0,0,0,0,
Ohio,Ottawa,39123,2,1,1,2,1,251,40,2,0,1,21,322,29.27272727,
Ohio,Paulding,39125,0,7,6,5,2,293,61,0,0,0,0,374,34,
Ohio,Perry,39127,0,0,0,0,0,16,2,1,0,0,0,19,1.727272727,
Ohio,Pickaway,39129,0,0,2,0,0,7,2,0,0,0,0,11,1,
Ohio,Pike,39131,0,0,0,0,0,6,0,0,0,0,0,6,0.545454545,
Ohio,Portage,39133,0,0,0,0,0,25,1,0,0,0,0,26,2.363636364,
Ohio,Preble,39135,0,0,0,0,0,11,3,0,0,0,0,14,1.272727273,
Ohio,Putnam,39137,0,0,0,0,0,128,11,0,0,0,1,140,12.72727273,
Ohio,Richland,39139,0,0,0,0,0,14,3,0,0,0,0,17,1.545454545,
Ohio,Ross,39141,0,0,0,0,0,19,6,1,0,0,2,28,2.545454545,
Ohio,Sandusky,39143,4,4,3,2,0,89,20,0,0,0,26,148,13.45454545,
Ohio,Scioto,39145,0,0,0,0,0,7,0,0,0,0,0,7,0.636363636,
Ohio,Seneca,39147,7,14,17,6,2,314,31,0,0,0,0,391,35.54545455,
Ohio,Shelby,39149,0,0,0,0,0,27,3,0,0,0,1,31,2.818181818,
Ohio,Stark,39151,0,0,0,0,0,6,1,0,0,0,0,7,0.636363636,
Ohio,Summit,39153,0,0,0,0,0,1,0,0,0,0,0,1,0.090909091,
Ohio,Trumbull,39155,0,0,0,0,0,37,6,0,0,0,0,43,3.909090909,
Ohio,Tuscarawas,39157,0,0,0,0,0,1,1,0,0,0,0,2,0.181818182,
Ohio,Union,39159,2,2,2,1,1,71,11,0,3,0,1,94,8.545454545,
Ohio,Van Wert,39161,1,1,0,0,0,182,7,0,0,0,0,191,17.36363636,
Ohio,Vinton,39163,1,1,0,0,0,1,0,0,0,0,0,3,0.272727273,
Ohio,Warren,39165,0,0,0,1,1,17,6,0,0,0,0,25,2.272727273,
Ohio,Washington,39167,0,0,0,0,0,0,0,0,0,0,0,0,0,
Ohio,Wayne,39169,0,1,0,0,0,11,0,0,0,0,0,12,1.090909091,
Ohio,Williams,39171,1,6,4,7,3,176,23,0,0,0,11,231,21,
Ohio,Wood,39173,2,1,0,0,0,553,39,1,1,0,26,623,56.63636364,
Ohio,Wyandot,39175,4,3,4,4,1,171,8,0,0,0,6,201,18.27272727,
Oklahoma,Adair,40001,0,0,0,0,0,0,0,0,0,0,0,0,0,
Oklahoma,Alfalfa,40003,1,0,0,1,2,0,0,0,0,0,0,4,0.363636364,
Oklahoma,Atoka,40005,0,0,0,0,0,0,0,0,0,0,0,0,0,
Oklahoma,Beaver,40007,0,0,0,0,0,0,0,0,0,0,0,0,0,
Oklahoma,Beckham,40009,0,0,0,0,0,0,0,0,0,0,0,0,0,
Oklahoma,Blaine,40011,0,0,0,0,0,0,0,0,0,0,0,0,0,
Oklahoma,Bryan,40013,0,0,0,0,0,1,0,0,0,0,0,1,0.090909091,
Oklahoma,Caddo,40015,1,1,0,1,0,0,0,0,0,0,0,3,0.272727273,
Oklahoma,Canadian,40017,0,3,3,3,3,0,0,0,0,9,20,41,3.727272727,
Oklahoma,Carter,40019,0,0,0,0,0,0,0,0,0,0,0,0,0,
Oklahoma,Cherokee,40021,0,0,0,0,0,0,0,0,0,0,0,0,0,
Oklahoma,Choctaw,40023,0,0,0,0,0,0,0,0,0,0,0,0,0,
Oklahoma,Cimarron,40025,4,3,4,3,1,0,0,1,0,1,0,17,1.545454545,
Oklahoma,Cleveland,40027,0,0,0,0,0,0,0,0,0,0,0,0,0,
Oklahoma,Coal,40029,0,0,0,0,0,0,0,0,0,0,0,0,0,
Oklahoma,Comanche,40031,0,0,0,0,0,0,0,0,0,0,0,0,0,
Oklahoma,Cotton,40033,0,0,0,0,0,0,0,0,0,0,0,0,0,
Oklahoma,Craig,40035,0,0,0,0,0,0,0,0,0,0,0,0,0,
Oklahoma,Creek,40037,0,0,0,0,0,0,0,0,0,0,0,0,0,
Oklahoma,Custer,40039,0,0,0,0,0,0,0,0,0,0,0,0,0,
Oklahoma,Delaware,40041,0,0,0,0,0,0,0,0,0,0,0,0,0,
Oklahoma,Dewey,40043,0,0,0,0,0,0,0,0,0,0,0,0,0,
Oklahoma,Ellis,40045,1,0,1,0,0,1,0,0,0,1,0,4,0.363636364,
Oklahoma,Garfield,40047,1,1,1,2,2,0,0,0,0,0,0,7,0.636363636,
Oklahoma,Garvin,40049,0,0,0,0,0,0,0,0,0,0,0,0,0,
Oklahoma,Grady,40051,3,3,3,3,2,0,0,0,0,0,0,14,1.272727273,
Oklahoma,Grant,40053,2,2,2,0,0,0,0,0,0,0,0,6,0.545454545,
Oklahoma,Greer,40055,0,0,0,0,0,0,0,0,0,0,0,0,0,
Oklahoma,Harmon,40057,0,0,0,0,0,0,0,0,0,0,0,0,0,
Oklahoma,Harper,40059,2,1,1,2,1,0,0,0,0,0,0,7,0.636363636,
Oklahoma,Haskell,40061,0,0,0,0,0,0,0,0,0,0,0,0,0,
Oklahoma,Hughes,40063,0,0,0,0,0,0,0,0,0,0,0,0,0,
Oklahoma,Jackson,40065,0,0,0,0,0,0,0,0,0,0,0,0,0,
Oklahoma,Jefferson,40067,0,0,0,0,0,0,0,0,0,0,0,0,0,
Oklahoma,Johnston,40069,0,0,0,0,0,0,0,0,0,0,0,0,0,
Oklahoma,Kay,40071,0,0,0,0,0,0,0,0,0,0,0,0,0,
Oklahoma,Kingfisher,40073,0,0,0,0,0,0,0,0,0,0,0,0,0,
Oklahoma,Kiowa,40075,0,0,0,0,0,0,0,0,0,0,0,0,0,
Oklahoma,Latimer,40077,0,0,0,0,0,0,0,0,0,0,0,0,0,
Oklahoma,Le Flore,40079,0,0,0,0,0,0,0,0,0,0,0,0,0,
Oklahoma,Lincoln,40081,1,1,1,1,0,0,0,0,0,0,0,4,0.363636364,
Oklahoma,Logan,40083,0,0,0,0,0,0,0,0,0,0,0,0,0,
Oklahoma,Love,40085,0,0,0,0,0,0,0,0,0,0,0,0,0,
Oklahoma,McClain,40087,0,0,0,0,0,0,0,0,0,0,0,0,0,
Oklahoma,McCurtain,40089,0,3,3,1,4,8,9,2,0,0,17,47,4.272727273,
Oklahoma,McIntosh,40091,0,0,0,0,0,0,0,0,0,0,0,0,0,
Oklahoma,Major,40093,3,2,2,0,0,0,0,0,0,0,0,7,0.636363636,
Oklahoma,Marshall,40095,0,0,0,0,0,0,0,0,0,0,0,0,0,
Oklahoma,Mayes,40097,0,0,0,0,0,0,0,0,0,0,0,0,0,
Oklahoma,Murray,40099,0,0,0,0,0,0,0,0,0,0,0,0,0,
Oklahoma,Muskogee,40101,0,0,0,0,0,0,0,0,0,0,0,0,0,
Oklahoma,Noble,40103,0,0,0,0,0,0,0,0,0,0,0,0,0,
Oklahoma,Nowata,40105,0,0,0,0,0,0,0,0,0,0,0,0,0,
Oklahoma,Okfuskee,40107,0,0,0,0,0,0,0,0,0,0,0,0,0,
Oklahoma,Oklahoma,40109,0,0,0,0,0,0,0,0,0,0,0,0,0,
Oklahoma,Okmulgee,40111,0,0,0,0,0,0,0,0,0,0,0,0,0,
Oklahoma,Osage,40113,0,0,0,0,0,0,0,0,0,0,0,0,0,
Oklahoma,Ottawa,40115,0,0,0,0,0,0,0,0,0,0,0,0,0,
Oklahoma,Pawnee,40117,0,0,0,0,0,0,0,0,0,0,0,0,0,
Oklahoma,Payne,40119,0,0,0,0,0,0,0,0,0,0,0,0,0,
Oklahoma,Pittsburg,40121,0,0,0,0,0,0,0,0,0,0,0,0,0,
Oklahoma,Pontotoc,40123,0,0,0,0,0,0,0,0,0,0,0,0,0,
Oklahoma,Pottawatomie,40125,0,0,0,0,0,0,0,0,0,0,0,0,0,
Oklahoma,Pushmataha,40127,0,0,0,0,0,0,0,0,0,0,0,0,0,
Oklahoma,Roger Mills,40129,0,0,0,0,0,0,0,0,0,0,0,0,0,
Oklahoma,Rogers,40131,0,0,0,0,0,0,0,0,0,0,0,0,0,
Oklahoma,Seminole,40133,0,0,0,0,0,0,0,0,0,0,0,0,0,
Oklahoma,Sequoyah,40135,0,0,0,0,0,0,0,0,0,0,0,0,0,
Oklahoma,Stephens,40137,0,0,0,0,0,0,0,0,0,0,0,0,0,
Oklahoma,Texas,40139,3,0,2,0,3,0,0,0,0,0,0,8,0.727272727,
Oklahoma,Tillman,40141,0,0,0,0,0,0,0,0,0,0,0,0,0,
Oklahoma,Tulsa,40143,0,0,0,0,0,0,0,0,0,0,0,0,0,
Oklahoma,Wagoner,40145,0,0,0,0,0,0,0,0,0,0,0,0,0,
Oklahoma,Washington,40147,0,0,0,0,0,0,0,0,0,0,0,0,0,
Oklahoma,Washita,40149,7,4,3,6,10,0,0,0,0,0,0,30,2.727272727,
Oklahoma,Woods,40151,10,6,1,3,9,0,0,0,2,4,9,44,4,
Oklahoma,Woodward,40153,0,0,0,0,0,0,0,0,0,0,0,0,0,
Oregon,Baker,41001,0,0,0,0,0,0,0,0,0,0,0,0,0,
Oregon,Benton,41003,0,0,0,0,0,0,0,0,0,0,0,0,0,
Oregon,Clackamas,41005,0,0,0,0,0,0,0,0,0,0,0,0,0,
Oregon,Clatsop,41007,0,0,0,0,0,0,0,0,0,0,0,0,0,
Oregon,Columbia,41009,0,0,0,0,0,0,0,0,0,0,0,0,0,
Oregon,Coos,41011,0,0,0,0,0,0,0,0,0,0,0,0,0,
Oregon,Crook,41013,0,0,0,0,0,0,0,0,0,0,0,0,0,
Oregon,Curry,41015,0,0,0,0,0,0,0,0,0,0,0,0,0,
Oregon,Deschutes,41017,0,0,0,0,0,0,0,0,0,0,0,0,0,
Oregon,Douglas,41019,0,0,0,0,0,0,0,0,0,0,0,0,0,
Oregon,Gilliam,41021,0,0,0,0,0,0,0,0,0,0,0,0,0,
Oregon,Grant,41023,0,0,0,0,0,0,0,0,0,0,0,0,0,
Oregon,Harney,41025,0,0,0,0,0,0,0,0,0,0,0,0,0,
Oregon,Hood River,41027,0,0,0,0,0,0,0,0,0,0,0,0,0,
Oregon,Jackson,41029,1,0,0,0,0,0,0,0,0,0,0,1,0.090909091,
Oregon,Jefferson,41031,0,0,0,0,0,0,0,0,0,1,1,2,0.181818182,
Oregon,Josephine,41033,0,0,0,0,0,0,0,0,0,0,0,0,0,
Oregon,Klamath,41035,0,0,0,0,0,0,0,0,0,0,0,0,0,
Oregon,Lake,41037,0,0,0,0,0,0,0,0,0,0,0,0,0,
Oregon,Lane,41039,0,0,0,0,0,0,0,0,0,0,0,0,0,
Oregon,Lincoln,41041,0,0,0,0,0,0,0,0,0,0,0,0,0,
Oregon,Linn,41043,0,0,0,0,0,0,0,0,0,0,0,0,0,
Oregon,Malheur,41045,0,0,0,0,0,0,0,0,0,0,0,0,0,
Oregon,Marion,41047,0,0,0,0,0,0,0,0,0,0,0,0,0,
Oregon,Morrow,41049,0,0,0,0,0,0,0,0,0,0,0,0,0,
Oregon,Multnomah,41051,0,0,0,0,0,0,0,0,0,0,0,0,0,
Oregon,Polk,41053,0,0,0,0,0,0,0,0,0,0,0,0,0,
Oregon,Sherman,41055,125,162,160,73,13,4,0,2,0,42,27,608,55.27272727,
Oregon,Tillamook,41057,0,0,0,0,0,0,0,0,0,0,0,0,0,
Oregon,Umatilla,41059,92,89,87,11,7,0,0,0,0,0,0,286,26,
Oregon,Union,41061,0,0,0,0,0,0,0,0,0,0,0,0,0,
Oregon,Wallowa,41063,0,0,0,0,0,0,0,0,0,0,0,0,0,
Oregon,Wasco,41065,91,101,100,53,40,1,1,16,0,36,35,474,43.09090909,
Oregon,Washington,41067,0,0,0,0,0,0,0,0,0,0,0,0,0,
Oregon,Wheeler,41069,0,0,0,0,0,0,0,0,0,0,0,0,0,
Oregon,Yamhill,41071,0,0,0,0,0,0,0,0,0,0,0,0,0,
Pennsylvania,Adams,42001,0,0,0,0,0,0,0,0,0,0,0,0,0,
Pennsylvania,Allegheny,42003,0,0,0,0,0,1,1,0,0,0,0,2,0.181818182,
Pennsylvania,Armstrong,42005,0,0,0,0,0,0,0,0,0,0,0,0,0,
Pennsylvania,Beaver,42007,0,0,0,0,0,1,1,0,0,0,0,2,0.181818182,
Pennsylvania,Bedford,42009,0,0,0,0,0,0,0,0,0,0,0,0,0,
Pennsylvania,Berks,42011,0,1,1,0,0,0,0,0,0,0,0,2,0.181818182,
Pennsylvania,Blair,42013,0,0,0,0,0,0,0,0,0,0,0,0,0,
Pennsylvania,Bradford,42015,0,0,0,0,0,0,0,0,0,0,0,0,0,
Pennsylvania,Bucks,42017,0,0,0,0,0,0,0,0,0,0,0,0,0,
Pennsylvania,Butler,42019,0,0,0,0,0,2,1,0,0,0,0,3,0.272727273,
Pennsylvania,Cambria,42021,0,0,0,0,0,0,0,0,0,0,0,0,0,
Pennsylvania,Cameron,42023,0,0,0,0,0,0,0,0,0,0,0,0,0,
Pennsylvania,Carbon,42025,0,0,0,0,0,0,0,0,0,0,0,0,0,
Pennsylvania,Centre,42027,0,0,0,0,0,0,0,0,0,0,0,0,0,
Pennsylvania,Chester,42029,0,0,0,0,0,0,0,0,0,0,0,0,0,
Pennsylvania,Clarion,42031,0,0,0,0,0,1,1,0,0,0,0,2,0.181818182,
Pennsylvania,Clearfield,42033,0,0,0,0,0,0,0,0,0,0,0,0,0,
Pennsylvania,Clinton,42035,0,0,0,0,0,1,1,0,0,0,0,2,0.181818182,
Pennsylvania,Columbia,42037,0,0,0,0,0,0,0,0,0,0,0,0,0,
Pennsylvania,Crawford,42039,0,0,0,0,0,8,0,0,0,0,0,8,0.727272727,
Pennsylvania,Cumberland,42041,1,3,3,1,1,1,0,0,0,0,3,13,1.181818182,
Pennsylvania,Dauphin,42043,0,0,0,0,0,0,0,0,0,0,0,0,0,
Pennsylvania,Delaware,42045,0,0,0,0,0,0,0,0,0,0,0,0,0,
Pennsylvania,Elk,42047,0,0,0,0,0,0,0,0,0,0,0,0,0,
Pennsylvania,Erie,42049,0,0,0,0,0,0,0,0,0,0,0,0,0,
Pennsylvania,Fayette,42051,0,0,0,0,0,0,0,0,0,0,0,0,0,
Pennsylvania,Forest,42053,0,0,0,0,0,0,0,0,0,0,0,0,0,
Pennsylvania,Franklin,42055,0,0,0,0,0,0,0,0,0,0,0,0,0,
Pennsylvania,Fulton,42057,0,0,0,0,0,0,0,0,0,0,0,0,0,
Pennsylvania,Greene,42059,0,0,0,0,0,0,0,0,0,0,0,0,0,
Pennsylvania,Huntingdon,42061,0,0,0,0,0,0,0,0,0,0,0,0,0,
Pennsylvania,Indiana,42063,0,0,0,0,0,0,0,0,0,0,0,0,0,
Pennsylvania,Jefferson,42065,0,0,0,0,0,0,0,0,0,0,0,0,0,
Pennsylvania,Juniata,42067,0,0,0,0,0,0,0,0,0,0,0,0,0,
Pennsylvania,Lackawanna,42069,0,0,0,0,0,0,0,0,0,0,0,0,0,
Pennsylvania,Lancaster,42071,0,0,0,0,0,0,0,0,0,0,0,0,0,
Pennsylvania,Lawrence,42073,0,0,0,0,0,5,2,0,0,1,2,10,0.909090909,
Pennsylvania,Lebanon,42075,0,0,0,0,0,0,0,0,0,0,0,0,0,
Pennsylvania,Lehigh,42077,0,0,0,0,0,0,0,0,0,0,0,0,0,
Pennsylvania,Luzerne,42079,1,0,2,2,2,2,0,0,0,0,0,9,0.818181818,
Pennsylvania,Lycoming,42081,0,0,0,0,0,0,0,0,0,0,0,0,0,
Pennsylvania,McKean,42083,0,0,0,0,0,0,0,0,0,0,0,0,0,
Pennsylvania,Mercer,42085,0,0,0,0,0,17,4,0,0,0,0,21,1.909090909,
Pennsylvania,Mifflin,42087,0,0,0,0,0,0,0,0,0,0,0,0,0,
Pennsylvania,Monroe,42089,0,0,0,0,0,0,0,0,0,0,0,0,0,
Pennsylvania,Montgomery,42091,0,0,0,0,0,0,0,0,0,0,0,0,0,
Pennsylvania,Montour,42093,0,0,0,0,0,0,0,0,0,0,0,0,0,
Pennsylvania,Northampton,42095,0,0,0,0,0,0,0,0,0,0,0,0,0,
Pennsylvania,Northumberland,42097,0,0,0,0,0,0,0,0,0,0,0,0,0,
Pennsylvania,Perry,42099,0,0,0,0,0,0,0,0,0,0,0,0,0,
Pennsylvania,Philadelphia,42101,0,0,0,0,0,0,0,0,0,0,0,0,0,
Pennsylvania,Pike,42103,0,0,0,0,0,0,0,0,0,0,0,0,0,
Pennsylvania,Potter,42105,0,0,0,0,0,0,0,0,0,0,0,0,0,
Pennsylvania,Schuylkill,42107,0,0,0,0,0,0,0,0,0,0,0,0,0,
Pennsylvania,Snyder,42109,0,0,0,0,0,0,0,0,0,0,0,0,0,
Pennsylvania,Somerset,42111,0,0,0,0,0,0,0,0,0,0,0,0,0,
Pennsylvania,Sullivan,42113,0,0,0,0,0,0,0,0,0,0,0,0,0,
Pennsylvania,Susquehanna,42115,0,0,0,0,0,0,0,0,0,0,0,0,0,
Pennsylvania,Tioga,42117,0,0,0,0,0,0,0,0,0,0,0,0,0,
Pennsylvania,Union,42119,0,0,0,0,0,0,0,0,0,0,0,0,0,
Pennsylvania,Venango,42121,0,0,0,0,0,3,1,0,0,0,0,4,0.363636364,
Pennsylvania,Warren,42123,0,0,0,0,0,0,0,0,0,0,0,0,0,
Pennsylvania,Washington,42125,0,0,0,0,0,0,0,0,0,0,0,0,0,
Pennsylvania,Wayne,42127,0,0,0,0,0,0,0,0,0,0,0,0,0,
Pennsylvania,Westmoreland,42129,0,0,0,0,0,2,0,0,0,0,0,2,0.181818182,
Pennsylvania,Wyoming,42131,0,0,0,0,0,0,0,0,0,0,0,0,0,
Pennsylvania,York,42133,0,0,0,0,0,1,0,0,0,0,0,1,0.090909091,
Rhode Island,Bristol,44001,0,0,0,0,0,0,0,0,0,0,0,0,0,
Rhode Island,Kent,44003,0,0,0,0,0,0,0,0,0,0,0,0,0,
Rhode Island,Newport,44005,0,0,0,0,0,0,0,0,0,0,0,0,0,
Rhode Island,Providence,44007,0,0,0,0,0,0,0,0,0,0,0,0,0,
Rhode Island,Washington,44009,0,0,0,0,0,0,0,0,0,0,0,0,0,
South Carolina,Abbeville,45001,0,0,0,0,0,0,0,0,0,0,0,0,0,
South Carolina,Aiken,45003,0,0,0,0,0,0,0,0,0,0,0,0,0,
South Carolina,Allendale,45005,0,0,0,0,0,0,0,0,0,0,0,0,0,
South Carolina,Anderson,45007,0,0,0,0,0,0,0,0,0,0,0,0,0,
South Carolina,Bamberg,45009,0,0,0,0,0,0,0,0,0,0,0,0,0,
South Carolina,Barnwell,45011,0,0,0,0,0,0,0,0,0,0,0,0,0,
South Carolina,Beaufort,45013,0,0,0,0,0,0,0,0,0,0,0,0,0,
South Carolina,Berkeley,45015,0,0,0,0,0,0,0,0,0,0,0,0,0,
South Carolina,Calhoun,45017,0,0,0,0,0,0,0,0,0,0,0,0,0,
South Carolina,Charleston,45019,0,0,0,0,0,0,0,0,0,0,0,0,0,
South Carolina,Cherokee,45021,0,0,0,0,0,0,0,0,0,0,0,0,0,
South Carolina,Chester,45023,0,0,0,0,0,0,0,0,0,0,0,0,0,
South Carolina,Chesterfield,45025,0,0,0,0,0,0,0,0,0,0,0,0,0,
South Carolina,Clarendon,45027,1,1,0,0,0,0,0,0,0,0,0,2,0.181818182,
South Carolina,Colleton,45029,0,0,0,0,0,0,0,0,0,0,0,0,0,
South Carolina,Darlington,45031,0,0,0,0,0,0,0,0,0,0,0,0,0,
South Carolina,Dillon,45033,0,0,0,0,0,0,0,0,0,0,0,0,0,
South Carolina,Dorchester,45035,0,1,0,0,0,0,0,0,0,0,0,1,0.090909091,
South Carolina,Edgefield,45037,0,0,0,0,0,0,0,0,0,0,0,0,0,
South Carolina,Fairfield,45039,0,0,0,0,0,0,0,0,0,0,0,0,0,
South Carolina,Florence,45041,0,0,0,0,0,0,0,0,0,0,0,0,0,
South Carolina,Georgetown,45043,0,0,0,0,0,0,0,0,0,0,0,0,0,
South Carolina,Greenville,45045,0,0,0,0,0,0,0,0,0,0,0,0,0,
South Carolina,Greenwood,45047,0,0,0,0,0,0,0,0,0,0,0,0,0,
South Carolina,Hampton,45049,0,0,0,0,0,0,0,0,0,0,0,0,0,
South Carolina,Horry,45051,0,0,0,0,0,0,0,0,0,0,0,0,0,
South Carolina,Jasper,45053,0,0,0,0,0,0,0,0,0,0,0,0,0,
South Carolina,Kershaw,45055,0,0,0,0,0,0,0,0,0,0,0,0,0,
South Carolina,Lancaster,45057,0,0,0,0,0,0,0,0,0,0,0,0,0,
South Carolina,Laurens,45059,0,0,0,0,0,0,0,0,0,0,0,0,0,
South Carolina,Lee,45061,0,0,0,0,0,0,0,0,0,0,0,0,0,
South Carolina,Lexington,45063,0,0,0,0,0,0,0,0,0,0,0,0,0,
South Carolina,McCormick,45065,0,0,0,0,0,0,0,0,0,0,0,0,0,
South Carolina,Marion,45067,0,0,0,0,0,0,0,0,0,0,0,0,0,
South Carolina,Marlboro,45069,0,0,0,0,0,0,0,0,0,0,0,0,0,
South Carolina,Newberry,45071,0,0,0,0,0,0,0,0,0,0,0,0,0,
South Carolina,Oconee,45073,0,0,0,0,0,0,0,0,0,0,0,0,0,
South Carolina,Orangeburg,45075,0,0,0,0,0,0,0,0,0,0,0,0,0,
South Carolina,Pickens,45077,0,0,0,0,0,0,0,0,0,0,0,0,0,
South Carolina,Richland,45079,0,0,0,0,0,0,0,0,0,0,0,0,0,
South Carolina,Saluda,45081,0,0,0,0,0,0,0,0,0,0,0,0,0,
South Carolina,Spartanburg,45083,0,0,0,0,0,0,0,0,0,0,0,0,0,
South Carolina,Sumter,45085,0,0,0,0,0,0,0,0,0,0,0,0,0,
South Carolina,Union,45087,0,0,0,0,0,0,0,0,0,0,0,0,0,
South Carolina,Williamsburg,45089,0,0,0,0,0,0,0,0,0,0,0,0,0,
South Carolina,York,45091,0,0,0,0,0,0,0,0,0,0,0,0,0,
South Dakota,Aurora,46003,0,0,0,0,0,131,6,8,3,5,0,153,13.90909091,
South Dakota,Beadle,46005,0,0,0,0,0,274,27,2,3,5,9,320,29.09090909,
South Dakota,Bennett,46007,0,0,0,2,1,0,0,0,0,0,0,3,0.272727273,
South Dakota,Bon Homme,46009,1,1,1,1,0,370,35,17,84,14,60,584,53.09090909,
South Dakota,Brookings,46011,0,0,0,0,0,217,17,0,0,0,5,239,21.72727273,
South Dakota,Brown,46013,6,5,3,4,3,155,71,15,19,8,42,331,30.09090909,
South Dakota,Brule,46015,0,0,0,0,0,49,6,3,1,0,5,64,5.818181818,
South Dakota,Buffalo,46017,0,0,0,0,0,1,0,0,0,0,0,1,0.090909091,
South Dakota,Butte,46019,5,5,5,5,0,4,2,2,0,0,0,28,2.545454545,
South Dakota,Campbell,46021,4,3,7,5,4,8,5,1,0,1,2,40,3.636363636,
South Dakota,Charles Mix,46023,6,4,9,8,9,401,57,5,18,49,26,592,53.81818182,
South Dakota,Clark,46025,3,4,5,0,0,100,18,0,1,1,8,140,12.72727273,
South Dakota,Clay,46027,33,1,7,8,27,288,21,1,7,0,28,421,38.27272727,
South Dakota,Codington,46029,0,0,0,0,0,50,3,0,1,1,4,59,5.363636364,
South Dakota,Corson,46031,1,1,2,5,1,0,1,0,0,0,0,11,1,
South Dakota,Custer,46033,0,0,0,0,0,0,0,0,0,0,0,0,0,
South Dakota,Davison,46035,0,0,0,0,0,208,22,11,17,7,9,274,24.90909091,
South Dakota,Day,46037,3,3,2,3,1,98,37,3,1,4,21,176,16,
South Dakota,Deuel,46039,0,0,0,0,0,163,15,0,0,1,3,182,16.54545455,
South Dakota,Dewey,46041,0,0,0,0,0,6,0,0,0,0,0,6,0.545454545,
South Dakota,Douglas,46043,0,0,0,0,0,285,17,6,26,7,53,394,35.81818182,
South Dakota,Edmunds,46045,1,1,1,1,1,23,6,12,0,1,4,51,4.636363636,
South Dakota,Fall River,46047,1,1,1,0,0,0,0,0,0,0,0,3,0.272727273,
South Dakota,Faulk,46049,1,1,1,1,0,69,11,7,1,2,5,99,9,
South Dakota,Grant,46051,0,0,0,0,0,171,16,2,5,13,69,276,25.09090909,
South Dakota,Gregory,46053,0,0,0,0,0,90,17,13,12,4,7,143,13,
South Dakota,Haakon,46055,0,0,0,0,0,0,0,0,0,0,0,0,0,
South Dakota,Hamlin,46057,11,11,1,4,0,128,12,1,1,2,41,212,19.27272727,
South Dakota,Hand,46059,1,0,1,1,0,85,11,2,3,1,3,108,9.818181818,
South Dakota,Hanson,46061,0,0,0,0,0,222,24,4,7,0,18,275,25,
South Dakota,Harding,46063,3,3,2,3,3,0,0,0,0,0,0,14,1.272727273,
South Dakota,Hughes,46065,0,0,0,0,0,4,4,0,0,3,5,16,1.454545455,
South Dakota,Hutchinson,46067,0,0,0,0,0,637,50,37,156,13,42,935,85,
South Dakota,Hyde,46069,0,0,0,0,0,25,8,1,0,0,0,34,3.090909091,
South Dakota,Jackson,46071,0,1,5,6,3,2,2,0,0,0,0,19,1.727272727,
South Dakota,Jerauld,46073,0,0,0,0,0,61,5,3,0,3,2,74,6.727272727,
South Dakota,Jones,46075,0,0,0,0,0,0,0,0,0,0,0,0,0,
South Dakota,Kingsbury,46077,0,0,0,0,0,137,11,5,1,2,28,184,16.72727273,
South Dakota,Lake,46079,1,0,0,0,0,218,5,5,1,0,6,236,21.45454545,
South Dakota,Lawrence,46081,0,0,0,0,0,0,0,0,0,0,0,0,0,
South Dakota,Lincoln,46083,2,0,0,2,2,283,44,1,11,9,110,464,42.18181818,
South Dakota,Lyman,46085,0,0,0,0,0,1,0,0,0,0,0,1,0.090909091,
South Dakota,McCook,46087,0,0,0,0,0,349,11,3,8,3,24,398,36.18181818,
South Dakota,McPherson,46089,0,1,1,1,0,11,5,3,2,0,1,25,2.272727273,
South Dakota,Marshall,46091,6,5,2,5,0,117,52,8,4,1,11,211,19.18181818,
South Dakota,Meade,46093,10,18,24,21,8,0,0,0,4,0,0,85,7.727272727,
South Dakota,Mellette,46095,0,1,1,0,1,4,4,0,0,0,0,11,1,
South Dakota,Miner,46097,0,0,0,0,0,144,9,0,0,0,0,153,13.90909091,
South Dakota,Minnehaha,46099,0,0,0,0,0,352,13,3,0,2,41,411,37.36363636,
South Dakota,Moody,46101,0,0,0,0,0,161,5,1,1,1,3,172,15.63636364,
South Dakota,Pennington,46103,0,4,2,4,3,0,0,0,0,0,0,13,1.181818182,
South Dakota,Perkins,46105,9,16,35,34,20,5,3,8,1,1,4,136,12.36363636,
South Dakota,Potter,46107,3,6,2,8,6,46,3,5,0,1,0,80,7.272727273,
South Dakota,Roberts,46109,6,4,6,8,0,153,45,5,22,12,98,359,32.63636364,
South Dakota,Sanborn,46111,1,0,0,0,0,168,30,1,5,9,5,219,19.90909091,
South Dakota,Shannon,46113,0,0,0,0,0,0,0,0,0,0,0,0,0,
South Dakota,Spink,46115,6,4,1,1,0,144,41,8,6,1,20,232,21.09090909,
South Dakota,Stanley,46117,0,0,0,0,0,5,0,0,0,0,0,5,0.454545455,
South Dakota,Sully,46119,0,0,0,0,0,5,2,0,0,3,0,10,0.909090909,
South Dakota,Todd,46121,0,0,0,0,0,0,0,0,0,0,0,0,0,
South Dakota,Tripp,46123,0,0,1,0,1,3,0,0,0,0,0,5,0.454545455,
South Dakota,Turner,46125,0,0,0,0,0,466,34,17,37,14,48,616,56,
South Dakota,Union,46127,4,0,0,0,3,131,4,1,3,1,15,162,14.72727273,
South Dakota,Walworth,46129,4,3,4,2,3,16,5,0,0,1,1,39,3.545454545,
South Dakota,Yankton,46135,0,2,0,2,0,274,55,17,41,13,28,432,39.27272727,
South Dakota,Ziebach,46137,2,2,2,3,0,0,0,0,0,0,0,9,0.818181818,
Tennessee,Anderson,47001,0,0,0,0,0,0,0,0,0,0,0,0,0,
Tennessee,Bedford,47003,0,0,0,0,0,0,0,0,0,0,0,0,0,
Tennessee,Benton,47005,0,0,0,0,0,0,0,0,0,0,0,0,0,
Tennessee,Bledsoe,47007,0,0,0,0,0,0,0,0,0,0,0,0,0,
Tennessee,Blount,47009,0,0,0,0,0,0,0,0,0,0,0,0,0,
Tennessee,Bradley,47011,0,0,0,0,0,0,0,0,0,0,0,0,0,
Tennessee,Campbell,47013,0,0,0,0,0,0,0,0,0,0,0,0,0,
Tennessee,Cannon,47015,0,0,0,0,0,0,0,0,0,0,0,0,0,
Tennessee,Carroll,47017,0,13,13,5,9,0,0,0,0,0,0,40,3.636363636,
Tennessee,Carter,47019,0,0,0,0,0,0,0,0,0,0,0,0,0,
Tennessee,Cheatham,47021,0,0,0,0,0,0,0,0,0,0,0,0,0,
Tennessee,Chester,47023,0,0,0,0,0,0,0,0,0,0,0,0,0,
Tennessee,Claiborne,47025,0,0,0,0,0,0,0,0,0,0,0,0,0,
Tennessee,Clay,47027,0,0,0,0,0,0,0,0,0,0,0,0,0,
Tennessee,Cocke,47029,0,1,0,0,0,0,0,0,0,0,0,1,0.090909091,
Tennessee,Coffee,47031,0,0,0,0,0,0,0,0,0,0,0,0,0,
Tennessee,Crockett,47033,0,0,0,0,0,0,0,0,0,0,0,0,0,
Tennessee,Cumberland,47035,0,0,0,0,0,0,0,0,0,0,0,0,0,
Tennessee,Davidson,47037,0,0,0,0,0,0,0,0,0,0,0,0,0,
Tennessee,Decatur,47039,0,0,0,0,0,0,0,0,0,0,0,0,0,
Tennessee,DeKalb,47041,0,0,0,0,0,0,0,0,0,0,0,0,0,
Tennessee,Dickson,47043,0,0,0,0,0,0,0,0,0,0,0,0,0,
Tennessee,Dyer,47045,0,0,0,0,0,0,0,0,0,0,0,0,0,
Tennessee,Fayette,47047,0,0,0,0,0,0,0,0,0,0,0,0,0,
Tennessee,Fentress,47049,0,0,0,0,0,0,0,0,0,0,0,0,0,
Tennessee,Franklin,47051,0,0,0,0,0,0,0,0,0,0,0,0,0,
Tennessee,Gibson,47053,0,0,0,0,0,0,0,0,0,0,0,0,0,
Tennessee,Giles,47055,3,3,2,0,3,0,0,0,0,0,0,11,1,
Tennessee,Grainger,47057,0,0,0,0,0,0,0,0,0,0,0,0,0,
Tennessee,Greene,47059,0,0,0,0,0,0,0,0,0,0,0,0,0,
Tennessee,Grundy,47061,0,0,0,0,0,0,0,0,0,0,0,0,0,
Tennessee,Hamblen,47063,0,0,0,0,0,0,0,0,0,0,0,0,0,
Tennessee,Hamilton,47065,0,0,0,0,0,0,0,0,0,0,0,0,0,
Tennessee,Hancock,47067,0,0,0,0,0,0,0,0,0,0,0,0,0,
Tennessee,Hardeman,47069,0,0,0,0,0,0,0,0,0,0,0,0,0,
Tennessee,Hardin,47071,0,1,1,0,2,0,0,0,0,0,0,4,0.363636364,
Tennessee,Hawkins,47073,0,0,0,0,0,0,0,0,0,0,0,0,0,
Tennessee,Haywood,47075,0,0,0,0,0,0,0,0,0,0,0,0,0,
Tennessee,Henderson,47077,0,0,0,0,0,0,0,0,0,0,0,0,0,
Tennessee,Henry,47079,0,0,0,0,0,0,0,0,0,0,0,0,0,
Tennessee,Hickman,47081,0,0,0,0,0,0,0,0,0,0,0,0,0,
Tennessee,Houston,47083,0,0,0,0,0,0,0,0,0,0,0,0,0,
Tennessee,Humphreys,47085,0,0,0,0,0,0,0,0,0,0,0,0,0,
Tennessee,Jackson,47087,0,0,0,0,0,0,0,0,0,0,0,0,0,
Tennessee,Jefferson,47089,0,0,0,0,0,0,0,0,0,0,0,0,0,
Tennessee,Johnson,47091,0,0,0,0,0,0,0,0,0,0,0,0,0,
Tennessee,Knox,47093,0,0,0,0,0,0,0,0,0,0,0,0,0,
Tennessee,Lake,47095,0,0,0,0,0,6,0,0,0,0,0,6,0.545454545,
Tennessee,Lauderdale,47097,0,0,0,0,0,0,0,0,0,0,0,0,0,
Tennessee,Lawrence,47099,0,0,0,0,0,0,0,0,0,0,0,0,0,
Tennessee,Lewis,47101,0,0,0,0,0,0,0,0,0,0,0,0,0,
Tennessee,Lincoln,47103,0,0,0,0,0,0,0,0,0,0,0,0,0,
Tennessee,Loudon,47105,0,0,0,0,0,0,0,0,0,0,0,0,0,
Tennessee,McMinn,47107,0,0,0,0,0,0,0,0,0,0,0,0,0,
Tennessee,McNairy,47109,1,1,1,1,0,13,7,0,0,0,0,24,2.181818182,
Tennessee,Macon,47111,0,0,0,0,0,0,0,0,0,0,0,0,0,
Tennessee,Madison,47113,0,0,0,0,0,0,0,0,0,0,0,0,0,
Tennessee,Marion,47115,0,0,0,0,0,0,0,0,0,0,0,0,0,
Tennessee,Marshall,47117,0,0,0,0,0,0,0,0,0,0,0,0,0,
Tennessee,Maury,47119,0,0,0,0,0,0,0,0,0,0,0,0,0,
Tennessee,Meigs,47121,0,0,0,0,0,0,0,0,0,0,0,0,0,
Tennessee,Monroe,47123,0,0,0,0,0,0,0,0,0,0,0,0,0,
Tennessee,Montgomery,47125,0,0,0,0,0,5,0,0,1,0,4,10,0.909090909,
Tennessee,Moore,47127,0,0,0,0,0,0,0,0,0,0,0,0,0,
Tennessee,Morgan,47129,0,0,0,0,0,0,0,0,0,0,0,0,0,
Tennessee,Obion,47131,0,0,0,0,0,0,0,0,0,0,0,0,0,
Tennessee,Overton,47133,0,0,0,0,0,0,0,0,0,0,0,0,0,
Tennessee,Perry,47135,0,0,0,0,0,0,0,0,0,0,0,0,0,
Tennessee,Pickett,47137,0,0,0,0,0,0,0,0,0,0,0,0,0,
Tennessee,Polk,47139,0,0,0,0,0,0,0,0,0,0,0,0,0,
Tennessee,Putnam,47141,0,0,0,0,0,0,0,0,0,0,0,0,0,
Tennessee,Rhea,47143,0,0,0,0,0,0,0,0,0,0,0,0,0,
Tennessee,Roane,47145,0,0,0,0,0,0,0,0,0,0,0,0,0,
Tennessee,Robertson,47147,0,0,0,0,0,1,0,0,0,0,0,1,0.090909091,
Tennessee,Rutherford,47149,0,0,0,0,0,0,0,0,0,0,0,0,0,
Tennessee,Scott,47151,0,0,0,0,0,0,0,0,0,0,0,0,0,
Tennessee,Sequatchie,47153,0,0,0,0,0,0,0,0,0,0,0,0,0,
Tennessee,Sevier,47155,0,0,0,0,0,0,0,0,0,0,0,0,0,
Tennessee,Shelby,47157,0,0,0,0,0,0,0,0,0,0,0,0,0,
Tennessee,Smith,47159,0,0,0,0,0,0,0,0,0,0,0,0,0,
Tennessee,Stewart,47161,0,0,0,0,0,0,0,0,0,0,0,0,0,
Tennessee,Sullivan,47163,0,0,0,0,0,0,0,0,0,0,0,0,0,
Tennessee,Sumner,47165,0,0,0,0,0,0,0,0,0,0,0,0,0,
Tennessee,Tipton,47167,0,0,0,0,0,0,0,0,0,0,0,0,0,
Tennessee,Trousdale,47169,0,0,0,0,0,0,0,0,0,0,0,0,0,
Tennessee,Unicoi,47171,0,0,0,0,0,0,0,0,0,0,0,0,0,
Tennessee,Union,47173,0,0,0,0,0,0,0,0,0,0,0,0,0,
Tennessee,Van Buren,47175,1,2,2,1,2,0,0,0,0,0,0,8,0.727272727,
Tennessee,Warren,47177,0,0,0,0,0,0,0,0,0,0,0,0,0,
Tennessee,Washington,47179,0,0,0,0,0,0,0,0,0,0,0,0,0,
Tennessee,Wayne,47181,0,0,0,0,0,0,0,0,0,0,0,0,0,
Tennessee,Weakley,47183,0,0,0,0,0,0,0,0,0,0,0,0,0,
Tennessee,White,47185,0,0,0,0,0,0,0,0,0,0,0,0,0,
Tennessee,Williamson,47187,0,0,0,0,0,0,0,0,0,0,0,0,0,
Tennessee,Wilson,47189,0,0,0,0,0,0,0,0,0,0,0,0,0,
Texas,Anderson,48001,0,0,0,0,0,0,0,0,0,0,0,0,0,
Texas,Andrews,48003,0,0,0,0,0,0,0,0,0,0,0,0,0,
Texas,Angelina,48005,0,0,0,0,0,0,0,0,0,0,0,0,0,
Texas,Aransas,48007,0,0,0,0,0,0,0,0,0,0,0,0,0,
Texas,Archer,48009,0,0,0,0,0,0,0,0,0,0,0,0,0,
Texas,Armstrong,48011,0,0,0,0,0,0,0,0,5,6,7,18,1.636363636,
Texas,Atascosa,48013,0,0,0,0,0,0,0,0,0,0,0,0,0,
Texas,Austin,48015,0,0,0,0,0,0,0,0,0,0,0,0,0,
Texas,Bailey,48017,0,0,0,0,0,0,0,0,0,0,0,0,0,
Texas,Bandera,48019,0,0,0,0,0,0,0,0,0,0,0,0,0,
Texas,Bastrop,48021,0,0,0,0,0,0,0,0,0,0,0,0,0,
Texas,Baylor,48023,0,0,0,0,0,0,0,0,0,0,0,0,0,
Texas,Bee,48025,0,0,0,0,0,0,0,0,0,0,0,0,0,
Texas,Bell,48027,0,3,3,0,3,0,0,0,0,0,0,9,0.818181818,
Texas,Bexar,48029,0,0,0,0,0,0,0,0,0,0,0,0,0,
Texas,Blanco,48031,0,0,0,0,0,0,0,0,0,0,0,0,0,
Texas,Borden,48033,0,0,0,0,0,0,0,0,0,0,0,0,0,
Texas,Bosque,48035,0,0,0,0,0,0,0,0,0,0,0,0,0,
Texas,Bowie,48037,0,0,0,0,0,2,1,0,0,0,0,3,0.272727273,
Texas,Brazoria,48039,0,0,0,0,0,0,0,0,0,0,0,0,0,
Texas,Brazos,48041,0,0,0,0,0,0,0,0,0,0,0,0,0,
Texas,Brewster,48043,0,0,0,0,0,0,0,0,0,0,0,0,0,
Texas,Briscoe,48045,0,0,0,0,0,0,0,0,0,0,0,0,0,
Texas,Brooks,48047,0,0,0,0,0,0,0,0,0,0,0,0,0,
Texas,Brown,48049,0,0,0,0,0,0,0,0,0,0,0,0,0,
Texas,Burleson,48051,0,0,0,0,0,0,0,0,0,0,0,0,0,
Texas,Burnet,48053,0,0,0,0,0,0,0,0,0,0,0,0,0,
Texas,Caldwell,48055,0,0,0,0,0,0,0,0,0,0,0,0,0,
Texas,Calhoun,48057,0,0,0,0,0,0,0,0,0,0,0,0,0,
Texas,Callahan,48059,2,0,1,2,1,0,0,0,0,0,0,6,0.545454545,
Texas,Cameron,48061,0,0,0,0,0,0,0,0,0,0,0,0,0,
Texas,Camp,48063,0,0,0,0,0,0,0,0,0,0,0,0,0,
Texas,Carson,48065,0,0,0,0,0,12,0,0,13,8,30,63,5.727272727,
Texas,Cass,48067,0,0,0,0,0,0,0,0,0,0,0,0,0,
Texas,Castro,48069,1,1,1,1,1,0,0,0,0,0,0,5,0.454545455,
Texas,Chambers,48071,0,0,0,0,0,0,0,0,0,0,0,0,0,
Texas,Cherokee,48073,0,0,0,0,0,0,0,0,0,0,0,0,0,
Texas,Childress,48075,0,0,0,0,0,0,0,0,1,0,0,1,0.090909091,
Texas,Clay,48077,0,0,0,0,0,0,0,0,0,0,0,0,0,
Texas,Cochran,48079,0,0,0,0,0,0,0,0,2,0,0,2,0.181818182,
Texas,Coke,48081,0,0,0,0,0,0,0,0,0,0,0,0,0,
Texas,Coleman,48083,0,0,0,0,0,0,0,0,0,0,0,0,0,
Texas,Collin,48085,0,0,0,0,0,1,1,0,0,0,0,2,0.181818182,
Texas,Collingsworth,48087,0,0,0,0,0,0,0,0,0,0,0,0,0,
Texas,Colorado,48089,0,0,0,0,0,0,0,0,0,0,0,0,0,
Texas,Comal,48091,0,0,0,0,0,0,0,0,0,0,0,0,0,
Texas,Comanche,48093,0,0,0,0,0,0,0,0,0,0,0,0,0,
Texas,Concho,48095,0,0,0,0,0,0,0,0,0,0,0,0,0,
Texas,Cooke,48097,0,0,0,0,0,0,0,0,0,0,0,0,0,
Texas,Coryell,48099,0,0,0,0,0,0,0,0,0,0,0,0,0,
Texas,Cottle,48101,0,0,0,0,0,0,0,0,0,0,0,0,0,
Texas,Crane,48103,0,0,0,0,0,0,0,0,0,0,0,0,0,
Texas,Crockett,48105,0,0,0,0,0,0,0,0,0,0,0,0,0,
Texas,Crosby,48107,0,0,0,0,0,0,0,0,0,0,0,0,0,
Texas,Culberson,48109,0,0,0,0,0,0,0,0,0,0,0,0,0,
Texas,Dallam,48111,0,0,0,0,0,7,0,0,0,0,0,7,0.636363636,
Texas,Dallas,48113,0,0,0,0,0,0,0,0,0,0,0,0,0,
Texas,Dawson,48115,0,0,0,0,0,0,0,0,0,0,0,0,0,
Texas,Deaf Smith,48117,0,0,0,0,0,0,0,0,0,0,0,0,0,
Texas,Delta,48119,0,0,0,0,0,0,0,0,0,0,0,0,0,
Texas,Denton,48121,0,0,0,0,0,0,0,0,0,0,0,0,0,
Texas,DeWitt,48123,0,0,0,0,0,0,0,0,0,0,0,0,0,
Texas,Dickens,48125,0,0,0,0,0,0,0,0,0,0,0,0,0,
Texas,Dimmit,48127,0,0,0,0,0,0,0,0,0,0,0,0,0,
Texas,Donley,48129,0,0,0,0,0,2,0,0,0,0,0,2,0.181818182,
Texas,Duval,48131,0,0,0,0,0,0,0,0,0,0,0,0,0,
Texas,Eastland,48133,0,0,0,0,0,0,0,0,0,0,0,0,0,
Texas,Ector,48135,0,0,0,0,0,0,0,0,0,0,0,0,0,
Texas,Edwards,48137,0,0,0,0,0,0,0,0,0,0,0,0,0,
Texas,Ellis,48139,0,0,0,0,0,0,0,0,0,0,0,0,0,
Texas,El Paso,48141,0,0,0,0,0,0,0,0,0,0,0,0,0,
Texas,Erath,48143,0,0,0,0,0,0,0,0,0,0,0,0,0,
Texas,Falls,48145,0,0,0,0,0,0,0,0,0,0,0,0,0,
Texas,Fannin,48147,0,0,0,0,0,0,0,0,0,0,0,0,0,
Texas,Fayette,48149,0,0,0,0,0,0,0,0,0,0,0,0,0,
Texas,Fisher,48151,0,0,0,0,0,0,0,0,0,0,0,0,0,
Texas,Floyd,48153,0,0,0,0,0,0,0,0,0,0,0,0,0,
Texas,Foard,48155,0,0,0,0,0,0,0,0,0,0,0,0,0,
Texas,Fort Bend,48157,0,0,0,0,0,0,0,0,0,0,0,0,0,
Texas,Franklin,48159,0,0,0,0,0,0,0,0,0,0,0,0,0,
Texas,Freestone,48161,0,0,0,0,0,0,0,0,0,0,0,0,0,
Texas,Frio,48163,0,0,0,0,0,0,0,0,0,0,0,0,0,
Texas,Gaines,48165,0,0,0,0,0,0,0,0,0,0,0,0,0,
Texas,Galveston,48167,0,0,0,0,0,0,0,0,0,0,0,0,0,
Texas,Garza,48169,0,0,0,0,0,0,0,0,0,0,0,0,0,
Texas,Gillespie,48171,0,0,0,0,0,0,0,0,0,0,0,0,0,
Texas,Glasscock,48173,0,0,0,0,0,0,0,0,0,0,0,0,0,
Texas,Goliad,48175,0,0,0,0,0,0,0,0,0,0,0,0,0,
Texas,Gonzales,48177,0,0,0,0,0,0,0,0,0,0,0,0,0,
Texas,Gray,48179,0,0,0,0,0,15,1,0,6,0,0,22,2,
Texas,Grayson,48181,0,0,0,0,0,0,0,0,0,0,0,0,0,
Texas,Gregg,48183,0,0,0,0,0,0,0,0,0,0,0,0,0,
Texas,Grimes,48185,0,0,0,0,0,0,0,0,0,0,0,0,0,
Texas,Guadalupe,48187,0,0,0,0,0,0,0,0,0,0,0,0,0,
Texas,Hale,48189,0,0,0,0,0,0,0,0,0,0,0,0,0,
Texas,Hall,48191,0,0,0,0,0,0,0,0,0,0,0,0,0,
Texas,Hamilton,48193,0,0,0,0,0,0,0,0,0,0,0,0,0,
Texas,Hansford,48195,0,0,0,0,0,13,4,5,0,0,0,22,2,
Texas,Hardeman,48197,0,0,0,0,0,0,0,0,0,0,0,0,0,
Texas,Hardin,48199,0,0,0,0,0,0,0,0,0,0,0,0,0,
Texas,Harris,48201,0,0,0,0,0,0,0,0,0,0,0,0,0,
Texas,Harrison,48203,0,0,0,0,0,0,0,0,0,0,0,0,0,
Texas,Hartley,48205,0,0,0,0,0,12,2,0,0,10,0,24,2.181818182,
Texas,Haskell,48207,0,0,0,0,0,0,0,0,0,0,0,0,0,
Texas,Hays,48209,0,0,0,0,0,0,0,0,0,0,0,0,0,
Texas,Hemphill,48211,0,0,0,0,0,0,0,0,0,0,0,0,0,
Texas,Henderson,48213,0,0,0,0,0,0,0,0,0,0,0,0,0,
Texas,Hidalgo,48215,0,0,0,0,0,0,0,0,0,0,0,0,0,
Texas,Hill,48217,0,0,0,0,0,0,0,0,0,0,0,0,0,
Texas,Hockley,48219,0,0,0,0,0,0,0,0,6,2,4,12,1.090909091,
Texas,Hood,48221,0,0,0,0,0,0,0,0,0,0,0,0,0,
Texas,Hopkins,48223,0,0,0,0,0,0,0,0,0,0,0,0,0,
Texas,Houston,48225,0,0,0,0,0,0,0,0,0,0,0,0,0,
Texas,Howard,48227,0,0,0,0,0,0,0,0,0,0,0,0,0,
Texas,Hudspeth,48229,0,0,0,0,0,0,0,0,0,0,0,0,0,
Texas,Hunt,48231,0,0,0,0,0,2,2,0,0,0,0,4,0.363636364,
Texas,Hutchinson,48233,0,0,0,0,0,2,0,0,0,0,0,2,0.181818182,
Texas,Irion,48235,0,0,0,0,0,0,0,0,0,0,0,0,0,
Texas,Jack,48237,0,0,0,0,0,0,0,0,0,0,0,0,0,
Texas,Jackson,48239,0,0,0,0,0,0,0,0,0,0,0,0,0,
Texas,Jasper,48241,0,0,0,0,0,0,0,0,0,0,0,0,0,
Texas,Jeff Davis,48243,0,0,0,0,0,0,0,0,0,0,0,0,0,
Texas,Jefferson,48245,0,0,0,0,0,0,0,0,0,0,0,0,0,
Texas,Jim Hogg,48247,0,0,0,0,0,0,0,0,0,0,0,0,0,
Texas,Jim Wells,48249,0,0,0,0,0,0,0,0,0,0,0,0,0,
Texas,Johnson,48251,0,0,0,0,0,0,0,0,0,0,0,0,0,
Texas,Jones,48253,0,0,0,0,0,0,0,0,0,0,0,0,0,
Texas,Karnes,48255,0,0,0,0,0,0,0,0,0,0,0,0,0,
Texas,Kaufman,48257,0,0,0,0,0,0,0,0,0,0,0,0,0,
Texas,Kendall,48259,0,0,0,0,0,0,0,0,0,0,0,0,0,
Texas,Kenedy,48261,0,0,0,0,0,0,0,0,0,0,0,0,0,
Texas,Kent,48263,0,0,0,0,0,0,0,0,0,0,0,0,0,
Texas,Kerr,48265,0,0,0,0,0,0,0,0,0,0,0,0,0,
Texas,Kimble,48267,0,0,0,0,0,0,0,0,0,0,0,0,0,
Texas,King,48269,0,0,0,0,0,0,0,0,0,0,0,0,0,
Texas,Kinney,48271,0,0,0,0,0,0,0,0,0,0,0,0,0,
Texas,Kleberg,48273,0,0,0,0,0,0,0,0,0,0,0,0,0,
Texas,Knox,48275,0,0,0,0,0,0,0,0,0,0,0,0,0,
Texas,Lamar,48277,0,0,0,0,0,0,0,0,0,0,0,0,0,
Texas,Lamb,48279,0,0,0,0,0,0,0,0,0,0,0,0,0,
Texas,Lampasas,48281,0,0,0,0,0,0,0,0,0,0,0,0,0,
Texas,La Salle,48283,0,0,0,0,0,0,0,0,0,0,0,0,0,
Texas,Lavaca,48285,0,0,0,0,0,0,0,0,0,0,0,0,0,
Texas,Lee,48287,0,0,0,0,0,0,0,0,0,0,0,0,0,
Texas,Leon,48289,0,0,0,0,0,0,0,0,0,0,0,0,0,
Texas,Liberty,48291,0,0,0,0,0,0,0,0,0,0,0,0,0,
Texas,Limestone,48293,0,0,0,0,0,0,0,0,0,0,0,0,0,
Texas,Lipscomb,48295,0,0,0,0,0,1,1,0,0,0,0,2,0.181818182,
Texas,Live Oak,48297,0,0,0,0,0,0,0,0,0,0,0,0,0,
Texas,Llano,48299,0,0,0,0,0,0,0,0,0,0,0,0,0,
Texas,Loving,48301,0,0,0,0,0,0,0,0,0,0,0,0,0,
Texas,Lubbock,48303,0,0,0,0,0,0,0,0,0,0,0,0,0,
Texas,Lynn,48305,0,0,0,0,0,0,0,0,0,0,0,0,0,
Texas,McCulloch,48307,0,0,0,0,0,0,0,0,0,0,0,0,0,
Texas,McLennan,48309,0,0,0,0,0,0,0,0,0,0,0,0,0,
Texas,McMullen,48311,0,0,0,0,0,0,0,0,0,0,0,0,0,
Texas,Madison,48313,0,0,0,0,0,0,0,0,0,0,0,0,0,
Texas,Marion,48315,0,0,0,0,0,0,0,0,0,0,0,0,0,
Texas,Martin,48317,0,0,0,0,0,0,0,0,0,0,0,0,0,
Texas,Mason,48319,0,0,0,0,0,0,0,0,0,0,0,0,0,
Texas,Matagorda,48321,0,0,0,0,0,0,0,0,0,0,0,0,0,
Texas,Maverick,48323,0,0,0,0,0,0,0,0,0,0,0,0,0,
Texas,Medina,48325,0,0,0,0,0,0,0,0,0,0,0,0,0,
Texas,Menard,48327,0,0,0,0,0,0,0,0,0,0,0,0,0,
Texas,Midland,48329,0,0,0,0,0,0,0,0,0,0,0,0,0,
Texas,Milam,48331,0,0,0,0,0,0,0,0,0,0,0,0,0,
Texas,Mills,48333,0,0,0,0,0,0,0,0,0,0,0,0,0,
Texas,Mitchell,48335,0,0,0,0,0,0,0,0,0,0,0,0,0,
Texas,Montague,48337,0,0,0,0,0,0,0,0,0,0,0,0,0,
Texas,Montgomery,48339,0,0,0,0,0,0,0,0,0,0,0,0,0,
Texas,Moore,48341,2,0,2,2,0,35,13,1,2,7,1,65,5.909090909,
Texas,Morris,48343,0,0,0,0,0,0,0,0,0,0,0,0,0,
Texas,Motley,48345,0,0,0,0,0,0,0,0,0,0,0,0,0,
Texas,Nacogdoches,48347,0,0,0,0,0,0,0,0,0,0,0,0,0,
Texas,Navarro,48349,1,1,0,0,1,0,0,0,0,0,0,3,0.272727273,
Texas,Newton,48351,0,0,0,0,0,0,0,0,0,0,0,0,0,
Texas,Nolan,48353,1,1,1,0,0,0,0,0,0,0,0,3,0.272727273,
Texas,Nueces,48355,0,0,0,0,0,0,0,0,0,0,0,0,0,
Texas,Ochiltree,48357,0,0,0,0,0,4,0,0,0,0,0,4,0.363636364,
Texas,Oldham,48359,0,0,0,0,0,0,0,0,1,1,4,6,0.545454545,
Texas,Orange,48361,0,0,0,0,0,0,0,0,0,0,0,0,0,
Texas,Palo Pinto,48363,0,0,0,0,0,0,0,0,0,0,0,0,0,
Texas,Panola,48365,0,0,0,0,0,0,0,0,0,0,0,0,0,
Texas,Parker,48367,0,0,0,0,0,0,0,0,0,0,0,0,0,
Texas,Parmer,48369,0,0,0,0,0,0,0,0,0,0,0,0,0,
Texas,Pecos,48371,0,0,0,0,0,0,0,0,0,0,0,0,0,
Texas,Polk,48373,0,0,0,0,0,0,0,0,0,0,0,0,0,
Texas,Potter,48375,0,0,0,0,0,0,0,0,0,0,0,0,0,
Texas,Presidio,48377,0,0,0,0,0,0,0,0,0,0,0,0,0,
Texas,Rains,48379,0,0,0,0,0,0,0,0,0,0,0,0,0,
Texas,Randall,48381,3,2,2,0,0,0,0,0,0,0,0,7,0.636363636,
Texas,Reagan,48383,0,0,0,0,0,0,0,0,0,0,0,0,0,
Texas,Real,48385,0,0,0,0,0,0,0,0,0,0,0,0,0,
Texas,Red River,48387,0,0,0,0,0,0,0,0,0,0,0,0,0,
Texas,Reeves,48389,0,0,0,0,0,0,0,0,0,0,0,0,0,
Texas,Refugio,48391,0,0,0,0,0,0,0,0,0,0,0,0,0,
Texas,Roberts,48393,0,0,0,0,0,0,0,0,1,0,0,1,0.090909091,
Texas,Robertson,48395,0,0,0,0,0,0,0,0,0,0,0,0,0,
Texas,Rockwall,48397,0,0,0,0,0,0,0,0,0,0,0,0,0,
Texas,Runnels,48399,0,0,0,0,0,0,0,0,0,0,0,0,0,
Texas,Rusk,48401,0,0,0,0,0,0,0,0,0,0,0,0,0,
Texas,Sabine,48403,0,0,0,0,0,0,0,0,0,0,0,0,0,
Texas,San Augustine,48405,0,0,0,0,0,0,0,0,0,0,0,0,0,
Texas,San Jacinto,48407,0,0,0,0,0,0,0,0,0,0,0,0,0,
Texas,San Patricio,48409,0,0,0,0,0,0,0,0,0,0,0,0,0,
Texas,San Saba,48411,0,0,0,0,0,0,0,0,0,0,0,0,0,
Texas,Schleicher,48413,0,0,0,0,0,0,0,0,0,0,0,0,0,
Texas,Scurry,48415,0,0,0,0,0,0,0,0,0,0,0,0,0,
Texas,Shackelford,48417,0,0,0,0,0,0,0,0,0,0,0,0,0,
Texas,Shelby,48419,0,0,0,0,0,0,0,0,0,0,0,0,0,
Texas,Sherman,48421,4,1,6,4,5,22,4,1,1,0,0,48,4.363636364,
Texas,Smith,48423,0,0,0,0,0,0,0,0,0,0,0,0,0,
Texas,Somervell,48425,0,0,0,0,0,0,0,0,0,0,0,0,0,
Texas,Starr,48427,1,1,0,1,0,0,0,0,0,0,0,3,0.272727273,
Texas,Stephens,48429,0,0,0,0,0,0,0,0,0,0,0,0,0,
Texas,Sterling,48431,0,0,0,0,0,0,0,0,0,0,0,0,0,
Texas,Stonewall,48433,0,0,0,0,0,0,0,0,0,0,0,0,0,
Texas,Sutton,48435,0,0,0,0,0,0,0,0,0,0,0,0,0,
Texas,Swisher,48437,0,0,0,0,0,0,0,0,0,0,0,0,0,
Texas,Tarrant,48439,0,0,0,0,0,0,0,0,0,0,0,0,0,
Texas,Taylor,48441,0,0,0,0,0,0,0,0,0,0,0,0,0,
Texas,Terrell,48443,0,0,0,0,0,0,0,0,0,0,0,0,0,
Texas,Terry,48445,0,0,0,0,0,0,0,0,0,0,0,0,0,
Texas,Throckmorton,48447,0,0,0,0,0,0,0,0,0,0,0,0,0,
Texas,Titus,48449,0,0,0,0,0,0,0,0,0,0,0,0,0,
Texas,Tom Green,48451,0,0,0,0,0,0,0,0,0,0,0,0,0,
Texas,Travis,48453,0,0,0,0,0,0,0,0,0,0,0,0,0,
Texas,Trinity,48455,0,0,0,0,0,0,0,0,0,0,0,0,0,
Texas,Tyler,48457,0,0,0,0,0,0,0,0,0,0,0,0,0,
Texas,Upshur,48459,0,0,0,0,0,0,0,0,0,0,0,0,0,
Texas,Upton,48461,0,0,0,0,0,0,0,0,0,0,0,0,0,
Texas,Uvalde,48463,0,0,0,0,0,0,0,0,0,0,0,0,0,
Texas,Val Verde,48465,0,0,0,0,0,0,0,0,0,0,0,0,0,
Texas,Van Zandt,48467,0,0,0,0,0,0,0,0,0,0,0,0,0,
Texas,Victoria,48469,0,0,0,0,0,0,0,0,0,0,0,0,0,
Texas,Walker,48471,0,0,0,0,0,0,0,0,0,0,0,0,0,
Texas,Waller,48473,0,0,0,0,0,0,0,0,0,0,0,0,0,
Texas,Ward,48475,0,0,0,0,0,0,0,0,0,0,0,0,0,
Texas,Washington,48477,0,0,0,0,0,0,0,0,0,0,0,0,0,
Texas,Webb,48479,0,0,0,0,0,0,0,0,0,0,0,0,0,
Texas,Wharton,48481,0,0,0,0,0,0,0,0,0,0,0,0,0,
Texas,Wheeler,48483,0,0,0,0,0,0,0,0,0,0,0,0,0,
Texas,Wichita,48485,0,0,0,0,0,0,0,0,0,0,0,0,0,
Texas,Wilbarger,48487,0,0,0,0,0,0,0,0,0,0,0,0,0,
Texas,Willacy,48489,0,0,0,0,0,0,0,0,0,0,0,0,0,
Texas,Williamson,48491,0,0,0,0,0,0,0,0,0,0,0,0,0,
Texas,Wilson,48493,0,0,0,0,0,0,0,0,0,0,0,0,0,
Texas,Winkler,48495,0,0,0,0,0,0,0,0,0,0,0,0,0,
Texas,Wise,48497,0,0,0,0,0,0,0,0,0,0,0,0,0,
Texas,Wood,48499,0,0,0,0,0,0,0,0,0,0,0,0,0,
Texas,Yoakum,48501,0,0,0,0,0,0,0,0,0,0,0,0,0,
Texas,Young,48503,0,0,0,0,0,0,0,0,0,0,0,0,0,
Texas,Zapata,48505,0,0,0,0,0,0,0,0,0,0,0,0,0,
Texas,Zavala,48507,0,0,0,0,0,0,0,0,0,0,0,0,0,
Utah,Beaver,49001,0,0,0,0,0,0,0,0,0,0,0,0,0,
Utah,Box Elder,49003,0,0,0,0,0,0,0,0,0,0,0,0,0,
Utah,Cache,49005,0,0,0,0,0,0,0,0,0,0,0,0,0,
Utah,Carbon,49007,0,0,0,0,0,0,0,0,0,0,0,0,0,
Utah,Daggett,49009,0,0,0,0,0,0,0,0,0,0,0,0,0,
Utah,Davis,49011,0,0,0,0,0,0,0,0,0,0,0,0,0,
Utah,Duchesne,49013,0,0,0,0,0,0,0,0,0,0,0,0,0,
Utah,Emery,49015,0,0,0,0,0,0,0,0,0,0,0,0,0,
Utah,Garfield,49017,0,0,0,0,0,0,0,0,0,0,0,0,0,
Utah,Grand,49019,0,0,0,0,0,0,0,0,0,0,0,0,0,
Utah,Iron,49021,0,0,0,0,0,0,0,0,0,0,0,0,0,
Utah,Juab,49023,0,0,0,0,0,0,0,0,0,0,0,0,0,
Utah,Kane,49025,0,0,0,0,0,0,0,0,0,0,0,0,0,
Utah,Millard,49027,0,0,0,0,0,0,0,0,0,0,0,0,0,
Utah,Morgan,49029,0,0,0,0,0,0,0,0,0,0,0,0,0,
Utah,Piute,49031,0,0,0,0,0,0,0,0,0,0,0,0,0,
Utah,Rich,49033,0,0,0,0,0,0,0,0,0,0,0,0,0,
Utah,Salt Lake,49035,0,0,0,0,0,0,0,0,0,0,0,0,0,
Utah,San Juan,49037,0,0,0,0,0,0,0,0,0,0,0,0,0,
Utah,Sanpete,49039,0,0,0,0,0,0,0,0,0,0,0,0,0,
Utah,Sevier,49041,0,0,0,0,0,0,0,0,0,0,0,0,0,
Utah,Summit,49043,0,0,0,0,0,0,0,0,0,0,0,0,0,
Utah,Tooele,49045,0,0,0,0,0,0,0,0,0,0,0,0,0,
Utah,Uintah,49047,0,0,0,0,0,0,0,0,0,0,0,0,0,
Utah,Utah,49049,0,0,0,0,0,0,0,0,0,0,0,0,0,
Utah,Wasatch,49051,0,0,0,0,0,0,0,0,0,0,0,0,0,
Utah,Washington,49053,0,0,0,0,0,0,0,0,0,0,0,0,0,
Utah,Wayne,49055,0,0,0,0,0,0,0,0,0,0,0,0,0,
Utah,Weber,49057,0,0,0,0,0,0,0,0,0,0,0,0,0,
Vermont,Addison,50001,0,0,0,0,0,0,0,0,0,0,0,0,0,
Vermont,Bennington,50003,0,0,0,0,0,0,0,0,0,0,0,0,0,
Vermont,Caledonia,50005,0,0,0,0,0,0,0,0,0,0,0,0,0,
Vermont,Chittenden,50007,2,3,3,2,0,1,0,0,0,0,0,11,1,
Vermont,Essex,50009,0,0,0,0,0,0,0,0,0,0,0,0,0,
Vermont,Franklin,50011,0,0,0,0,0,0,0,0,0,0,0,0,0,
Vermont,Grand Isle,50013,0,0,0,0,0,1,0,0,0,0,0,1,0.090909091,
Vermont,Lamoille,50015,0,0,0,0,0,0,0,0,0,0,0,0,0,
Vermont,Orange,50017,0,0,0,0,0,0,0,0,0,0,0,0,0,
Vermont,Orleans,50019,0,0,0,0,0,0,0,0,0,0,0,0,0,
Vermont,Rutland,50021,0,0,0,0,0,0,0,0,0,0,0,0,0,
Vermont,Washington,50023,0,0,0,0,0,0,0,0,0,0,0,0,0,
Vermont,Windham,50025,0,0,0,0,0,0,0,0,0,0,0,0,0,
Vermont,Windsor,50027,0,0,0,0,0,0,0,0,0,0,0,0,0,
Virginia,Accomack,51001,0,0,0,0,0,0,0,0,0,0,0,0,0,
Virginia,Albemarle,51003,0,0,0,0,0,0,0,0,0,0,0,0,0,
Virginia,Alleghany,51005,0,0,0,0,0,0,0,0,0,0,0,0,0,
Virginia,Amelia,51007,1,0,1,0,0,1,0,0,0,0,0,3,0.272727273,
Virginia,Amherst,51009,0,0,0,0,0,0,0,0,0,0,0,0,0,
Virginia,Appomattox,51011,0,0,0,0,0,0,0,0,0,0,0,0,0,
Virginia,Arlington,51013,0,0,0,0,0,0,0,0,0,0,0,0,0,
Virginia,Augusta,51015,1,2,3,2,1,0,0,0,0,0,0,9,0.818181818,
Virginia,Bath,51017,0,0,0,0,0,0,0,0,0,0,0,0,0,
Virginia,Bedford,51019,0,0,0,0,0,0,0,0,0,0,0,0,0,
Virginia,Bland,51021,4,4,4,4,1,0,0,0,0,0,3,20,1.818181818,
Virginia,Botetourt,51023,0,0,0,0,0,0,0,0,0,0,0,0,0,
Virginia,Brunswick,51025,0,0,0,0,0,0,0,0,0,0,0,0,0,
Virginia,Buchanan,51027,0,0,0,0,0,0,0,0,0,0,0,0,0,
Virginia,Buckingham,51029,0,0,0,0,0,0,0,0,0,0,0,0,0,
Virginia,Campbell,51031,0,0,0,0,0,0,0,0,0,0,0,0,0,
Virginia,Caroline,51033,0,0,0,0,0,0,0,0,0,0,0,0,0,
Virginia,Carroll,51035,0,0,0,0,0,0,0,0,0,0,0,0,0,
Virginia,Charles City,51036,0,0,0,0,0,0,0,0,0,0,0,0,0,
Virginia,Charlotte,51037,0,0,0,0,0,0,0,0,0,0,0,0,0,
Virginia,Chesterfield,51041,0,0,0,0,0,0,0,0,0,0,0,0,0,
Virginia,Clarke,51043,0,0,0,0,0,0,0,0,0,0,0,0,0,
Virginia,Craig,51045,0,0,0,0,0,0,0,0,0,0,0,0,0,
Virginia,Culpeper,51047,0,0,0,0,0,0,0,0,0,0,0,0,0,
Virginia,Cumberland,51049,0,0,0,0,0,0,0,0,0,0,0,0,0,
Virginia,Dickenson,51051,0,0,0,0,0,0,0,0,0,0,0,0,0,
Virginia,Dinwiddie,51053,0,0,0,0,0,0,0,0,0,0,0,0,0,
Virginia,Essex,51057,0,0,0,0,0,0,0,0,0,0,0,0,0,
Virginia,Fairfax,51059,0,0,0,0,0,0,0,0,0,0,0,0,0,
Virginia,Fauquier,51061,0,0,0,0,0,0,0,0,0,0,0,0,0,
Virginia,Floyd,51063,1,0,1,1,1,1,0,0,1,0,2,8,0.727272727,
Virginia,Fluvanna,51065,0,0,0,0,0,0,0,0,0,0,0,0,0,
Virginia,Franklin,51067,2,0,1,2,0,2,1,0,1,0,0,9,0.818181818,
Virginia,Frederick,51069,0,0,0,0,0,0,0,0,0,0,0,0,0,
Virginia,Giles,51071,0,0,0,0,0,0,0,0,0,0,0,0,0,
Virginia,Gloucester,51073,0,0,0,0,0,0,0,0,0,0,0,0,0,
Virginia,Goochland,51075,0,0,0,0,0,0,0,0,0,0,0,0,0,
Virginia,Grayson,51077,0,0,0,0,0,0,0,0,0,0,0,0,0,
Virginia,Greene,51079,0,0,0,0,0,0,0,0,0,0,0,0,0,
Virginia,Greensville,51081,0,0,0,0,0,0,0,0,0,0,0,0,0,
Virginia,Halifax,51083,0,0,0,0,0,0,0,0,0,0,0,0,0,
Virginia,Hanover,51085,0,0,0,0,0,0,0,0,0,0,0,0,0,
Virginia,Henrico,51087,0,0,0,0,0,0,0,0,0,0,0,0,0,
Virginia,Henry,51089,0,0,0,0,0,0,0,0,0,0,0,0,0,
Virginia,Highland,51091,0,0,0,0,0,0,0,0,0,0,0,0,0,
Virginia,Isle of Wight,51093,0,0,0,0,0,0,0,0,0,0,0,0,0,
Virginia,James City,51095,0,0,0,0,0,0,0,0,0,0,0,0,0,
Virginia,King and Queen,51097,0,0,0,0,0,0,0,0,0,0,0,0,0,
Virginia,King George,51099,0,0,0,0,0,0,0,0,0,0,0,0,0,
Virginia,King William,51101,0,0,0,0,0,0,0,0,0,0,0,0,0,
Virginia,Lancaster,51103,0,0,0,0,0,0,0,0,0,0,0,0,0,
Virginia,Lee,51105,0,0,0,0,0,0,0,0,0,0,0,0,0,
Virginia,Loudoun,51107,0,0,0,0,0,0,0,0,0,0,0,0,0,
Virginia,Louisa,51109,0,0,0,0,0,0,0,0,0,0,0,0,0,
Virginia,Lunenburg,51111,0,0,0,0,0,0,0,0,0,0,0,0,0,
Virginia,Madison,51113,0,0,0,0,0,0,0,0,0,0,0,0,0,
Virginia,Mathews,51115,0,0,0,0,0,0,0,0,0,0,0,0,0,
Virginia,Mecklenburg,51117,0,0,0,0,0,0,0,0,0,0,0,0,0,
Virginia,Middlesex,51119,0,0,0,0,0,0,0,0,0,0,0,0,0,
Virginia,Montgomery,51121,1,0,1,2,0,5,2,1,0,1,2,15,1.363636364,
Virginia,Nelson,51125,0,0,0,0,0,0,0,0,0,0,0,0,0,
Virginia,New Kent,51127,0,0,0,0,0,0,0,0,0,0,0,0,0,
Virginia,Northampton,51131,0,0,0,0,0,0,0,0,0,0,0,0,0,
Virginia,Northumberland,51133,0,0,0,0,0,0,0,0,0,0,0,0,0,
Virginia,Nottoway,51135,0,0,0,0,0,0,0,0,0,0,0,0,0,
Virginia,Orange,51137,0,0,0,0,0,0,0,0,0,0,0,0,0,
Virginia,Page,51139,0,0,0,0,0,0,0,0,0,0,0,0,0,
Virginia,Patrick,51141,0,0,0,0,0,0,0,0,0,0,0,0,0,
Virginia,Pittsylvania,51143,0,0,0,2,0,0,0,0,0,0,0,2,0.181818182,
Virginia,Powhatan,51145,0,0,0,0,0,0,0,0,0,0,0,0,0,
Virginia,Prince Edward,51147,0,0,0,0,0,0,0,0,0,0,0,0,0,
Virginia,Prince George,51149,0,0,0,0,0,0,0,0,0,0,0,0,0,
Virginia,Prince William,51153,0,0,0,0,0,0,0,0,0,0,0,0,0,
Virginia,Pulaski,51155,0,0,0,0,0,1,0,0,0,0,4,5,0.454545455,
Virginia,Rappahannock,51157,0,0,0,0,0,0,0,0,0,0,0,0,0,
Virginia,Richmond,51159,0,0,0,0,0,0,0,0,0,0,0,0,0,
Virginia,Roanoke,51161,0,0,0,0,0,0,0,0,0,0,0,0,0,
Virginia,Rockbridge,51163,0,0,0,0,0,0,0,0,0,0,0,0,0,
Virginia,Rockingham,51165,0,0,0,0,0,0,0,0,0,0,0,0,0,
Virginia,Russell,51167,0,0,0,0,0,0,0,0,0,0,0,0,0,
Virginia,Scott,51169,0,0,0,0,0,0,0,0,0,0,0,0,0,
Virginia,Shenandoah,51171,0,0,0,0,0,0,0,0,0,0,0,0,0,
Virginia,Smyth,51173,0,0,0,0,0,0,0,0,0,0,0,0,0,
Virginia,Southampton,51175,0,0,0,0,0,0,0,0,0,0,0,0,0,
Virginia,Spotsylvania,51177,0,0,0,0,0,0,0,0,0,0,0,0,0,
Virginia,Stafford,51179,0,0,0,0,0,0,0,0,0,0,0,0,0,
Virginia,Surry,51181,0,0,0,0,0,0,0,0,0,0,0,0,0,
Virginia,Sussex,51183,0,0,0,0,0,0,0,0,0,0,0,0,0,
Virginia,Tazewell,51185,0,0,0,0,0,0,0,0,0,0,0,0,0,
Virginia,Warren,51187,0,0,0,0,0,0,0,0,0,0,0,0,0,
Virginia,Washington,51191,0,1,1,0,0,0,0,0,0,0,2,4,0.363636364,
Virginia,Westmoreland,51193,0,0,0,0,0,0,0,0,0,0,0,0,0,
Virginia,Wise,51195,0,0,0,0,0,0,0,0,0,0,0,0,0,
Virginia,Wythe,51197,21,19,21,21,2,2,1,0,0,0,9,96,8.727272727,
Virginia,York,51199,0,0,0,0,0,0,0,0,0,0,0,0,0,
Virginia,Alexandria,51510,0,0,0,0,0,0,0,0,0,0,0,0,0,
Virginia,Bedford,51515,0,0,0,0,0,0,0,0,0,0,0,0,0,
Virginia,Bristol,51520,0,0,0,0,0,0,0,0,0,0,0,0,0,
Virginia,Buena Vista,51530,0,0,0,0,0,0,0,0,0,0,0,0,0,
Virginia,Charlottesville,51540,0,0,0,0,0,0,0,0,0,0,0,0,0,
Virginia,Chesapeake,51550,0,0,0,0,0,0,0,0,0,0,0,0,0,
Virginia,Colonial Heights,51570,0,0,0,0,0,0,0,0,0,0,0,0,0,
Virginia,Covington,51580,0,0,0,0,0,0,0,0,0,0,0,0,0,
Virginia,Danville,51590,0,0,0,0,0,0,0,0,0,0,0,0,0,
Virginia,Emporia,51595,0,0,0,0,0,0,0,0,0,0,0,0,0,
Virginia,Fairfax,51600,0,0,0,0,0,0,0,0,0,0,0,0,0,
Virginia,Falls Church,51610,0,0,0,0,0,0,0,0,0,0,0,0,0,
Virginia,Franklin,51620,0,0,0,0,0,0,0,0,0,0,0,0,0,
Virginia,Fredericksburg,51630,0,0,0,0,0,0,0,0,0,0,0,0,0,
Virginia,Galax,51640,0,0,0,0,0,0,0,0,0,0,0,0,0,
Virginia,Hampton,51650,0,0,0,0,0,0,0,0,0,0,0,0,0,
Virginia,Harrisonburg,51660,0,0,0,0,0,0,0,0,0,0,0,0,0,
Virginia,Hopewell,51670,0,0,0,0,0,0,0,0,0,0,0,0,0,
Virginia,Lexington,51678,0,0,0,0,0,0,0,0,0,0,0,0,0,
Virginia,Lynchburg,51680,0,0,0,0,0,0,0,0,0,0,0,0,0,
Virginia,Manassas,51683,0,0,0,0,0,0,0,0,0,0,0,0,0,
Virginia,Manassas Park,51685,0,0,0,0,0,0,0,0,0,0,0,0,0,
Virginia,Martinsville,51690,0,0,0,0,0,0,0,0,0,0,0,0,0,
Virginia,Newport News,51700,0,0,0,0,0,0,0,0,0,0,0,0,0,
Virginia,Norfolk,51710,0,0,0,0,0,0,0,0,0,0,0,0,0,
Virginia,Norton,51720,0,0,0,0,0,0,0,0,0,0,0,0,0,
Virginia,Petersburg,51730,0,0,0,0,0,0,0,0,0,0,0,0,0,
Virginia,Poquoson,51735,0,0,0,0,0,0,0,0,0,0,0,0,0,
Virginia,Portsmouth,51740,0,0,0,0,0,0,0,0,0,0,0,0,0,
Virginia,Radford,51750,0,0,0,0,0,0,0,0,0,0,0,0,0,
Virginia,Richmond,51760,0,0,0,0,0,0,0,0,0,0,0,0,0,
Virginia,Roanoke,51770,0,0,0,0,0,0,0,0,0,0,0,0,0,
Virginia,Salem,51775,0,0,0,0,0,0,0,0,0,0,0,0,0,
Virginia,Staunton,51790,0,0,0,0,0,0,0,0,0,0,0,0,0,
Virginia,Suffolk,51800,0,0,0,0,0,0,0,0,0,0,0,0,0,
Virginia,Virginia Beach,51810,0,0,0,0,0,0,0,0,0,0,0,0,0,
Virginia,Waynesboro,51820,0,0,0,0,0,0,0,0,0,0,0,0,0,
Virginia,Williamsburg,51830,0,0,0,0,0,0,0,0,0,0,0,0,0,
Virginia,Winchester,51840,0,0,0,0,0,0,0,0,0,0,0,0,0,
Washington,Adams,53001,28,28,27,15,5,0,0,0,0,4,11,118,10.72727273,
Washington,Asotin,53003,0,0,0,0,0,0,0,0,0,0,0,0,0,
Washington,Benton,53005,0,0,0,0,0,0,0,0,0,0,0,0,0,
Washington,Chelan,53007,0,0,0,0,0,0,0,0,0,0,0,0,0,
Washington,Clallam,53009,0,0,0,0,0,0,0,0,0,0,0,0,0,
Washington,Clark,53011,0,0,0,0,0,0,0,0,0,0,0,0,0,
Washington,Columbia,53013,13,19,10,2,2,0,0,0,0,0,0,46,4.181818182,
Washington,Cowlitz,53015,0,0,0,0,0,0,0,0,0,0,0,0,0,
Washington,Douglas,53017,0,0,0,0,0,0,0,0,0,0,0,0,0,
Washington,Ferry,53019,0,0,0,0,0,0,0,0,0,0,0,0,0,
Washington,Franklin,53021,0,0,0,0,0,0,0,0,0,0,0,0,0,
Washington,Garfield,53023,42,40,39,21,2,0,0,0,0,0,2,146,13.27272727,
Washington,Grant,53025,2,2,0,0,0,0,0,0,0,0,0,4,0.363636364,
Washington,Grays Harbor,53027,0,0,0,0,0,0,0,0,0,0,0,0,0,
Washington,Island,53029,0,0,0,0,0,0,0,0,0,0,0,0,0,
Washington,Jefferson,53031,0,0,0,0,0,0,0,0,0,0,0,0,0,
Washington,King,53033,0,0,0,0,0,0,0,0,0,0,0,0,0,
Washington,Kitsap,53035,0,0,0,0,0,0,0,0,0,0,0,0,0,
Washington,Kittitas,53037,0,0,0,0,0,0,0,0,0,0,0,0,0,
Washington,Klickitat,53039,0,2,3,3,0,0,0,0,0,0,0,8,0.727272727,
Washington,Lewis,53041,0,0,0,0,0,0,0,0,0,0,0,0,0,
Washington,Lincoln,53043,21,21,12,13,0,0,0,0,1,0,0,68,6.181818182,
Washington,Mason,53045,0,0,0,0,0,0,0,0,0,0,0,0,0,
Washington,Okanogan,53047,0,0,0,0,0,0,0,0,0,0,0,0,0,
Washington,Pacific,53049,0,0,0,0,0,0,0,0,0,0,0,0,0,
Washington,Pend Oreille,53051,0,0,0,0,0,0,0,0,0,0,0,0,0,
Washington,Pierce,53053,0,0,0,0,0,0,0,0,0,0,0,0,0,
Washington,San Juan,53055,0,0,0,0,0,0,0,0,0,0,0,0,0,
Washington,Skagit,53057,0,0,0,0,0,0,0,0,0,0,0,0,0,
Washington,Skamania,53059,0,0,0,0,0,0,0,0,0,0,0,0,0,
Washington,Snohomish,53061,1,0,0,0,0,0,0,0,0,0,0,1,0.090909091,
Washington,Spokane,53063,12,14,11,13,1,0,0,2,0,0,1,54,4.909090909,
Washington,Stevens,53065,0,0,0,0,0,0,0,0,0,0,0,0,0,
Washington,Thurston,53067,0,0,0,0,0,0,0,0,0,0,0,0,0,
Washington,Wahkiakum,53069,0,0,0,0,0,0,0,0,0,0,0,0,0,
Washington,Walla Walla,53071,9,9,10,1,0,0,0,0,1,12,9,51,4.636363636,
Washington,Whatcom,53073,8,9,9,9,1,1,0,0,0,0,0,37,3.363636364,
Washington,Whitman,53075,245,238,199,160,19,3,0,0,3,2,10,879,79.90909091,
Washington,Yakima,53077,0,0,0,0,0,0,0,0,0,0,0,0,0,
West Virginia,Barbour,54001,0,0,0,0,0,0,0,0,0,0,0,0,0,
West Virginia,Berkeley,54003,0,0,0,0,0,0,0,0,0,0,0,0,0,
West Virginia,Boone,54005,0,0,0,0,0,0,0,0,0,0,0,0,0,
West Virginia,Braxton,54007,0,0,0,0,0,0,0,0,0,0,0,0,0,
West Virginia,Brooke,54009,0,0,0,0,0,0,0,0,0,0,0,0,0,
West Virginia,Cabell,54011,0,0,0,0,0,0,0,0,0,0,0,0,0,
West Virginia,Calhoun,54013,0,0,0,0,0,0,0,0,0,0,0,0,0,
West Virginia,Clay,54015,0,0,0,0,0,0,0,0,0,0,0,0,0,
West Virginia,Doddridge,54017,0,0,0,0,0,0,0,0,0,0,0,0,0,
West Virginia,Fayette,54019,0,0,0,0,0,0,0,0,0,0,0,0,0,
West Virginia,Gilmer,54021,0,0,0,0,0,0,0,0,0,0,0,0,0,
West Virginia,Grant,54023,0,0,0,0,0,0,0,0,0,0,0,0,0,
West Virginia,Greenbrier,54025,0,0,0,0,0,0,0,0,0,0,0,0,0,
West Virginia,Hampshire,54027,1,1,0,0,1,0,0,0,0,0,0,3,0.272727273,
West Virginia,Hancock,54029,0,0,0,0,0,0,0,0,0,0,0,0,0,
West Virginia,Hardy,54031,4,5,5,5,2,0,0,0,0,0,0,21,1.909090909,
West Virginia,Harrison,54033,0,0,0,0,0,0,0,0,0,0,0,0,0,
West Virginia,Jackson,54035,0,0,0,0,0,0,0,0,0,0,0,0,0,
West Virginia,Jefferson,54037,0,0,0,0,0,0,0,0,0,0,0,0,0,
West Virginia,Kanawha,54039,0,0,0,0,0,0,0,0,0,0,0,0,0,
West Virginia,Lewis,54041,0,0,0,0,0,0,0,0,0,0,0,0,0,
West Virginia,Lincoln,54043,0,0,0,0,0,0,0,0,0,0,0,0,0,
West Virginia,Logan,54045,0,0,0,0,0,0,0,0,0,0,0,0,0,
West Virginia,McDowell,54047,0,0,0,0,0,0,0,0,0,0,0,0,0,
West Virginia,Marion,54049,0,0,0,0,0,0,0,0,0,0,0,0,0,
West Virginia,Marshall,54051,0,0,0,0,0,0,0,0,0,0,0,0,0,
West Virginia,Mason,54053,0,0,0,0,0,0,0,0,0,0,0,0,0,
West Virginia,Mercer,54055,0,0,0,0,0,0,0,0,0,0,0,0,0,
West Virginia,Mineral,54057,0,0,0,0,0,0,0,0,0,0,0,0,0,
West Virginia,Mingo,54059,0,0,0,0,0,0,0,0,0,0,0,0,0,
West Virginia,Monongalia,54061,0,0,0,0,0,0,0,0,0,0,0,0,0,
West Virginia,Monroe,54063,0,0,0,0,0,0,0,0,0,0,0,0,0,
West Virginia,Morgan,54065,0,0,1,0,1,1,0,0,0,0,1,4,0.363636364,
West Virginia,Nicholas,54067,0,0,0,0,0,0,0,0,0,0,0,0,0,
West Virginia,Ohio,54069,0,0,0,0,0,0,0,0,0,0,0,0,0,
West Virginia,Pendleton,54071,0,0,0,0,0,0,0,0,0,0,0,0,0,
West Virginia,Pleasants,54073,0,0,0,0,0,0,0,0,0,0,0,0,0,
West Virginia,Pocahontas,54075,0,0,0,0,0,0,0,0,0,0,0,0,0,
West Virginia,Preston,54077,0,0,0,0,0,0,0,0,0,0,0,0,0,
West Virginia,Putnam,54079,0,0,0,0,0,0,0,0,0,0,0,0,0,
West Virginia,Raleigh,54081,0,0,0,0,0,0,0,0,0,0,0,0,0,
West Virginia,Randolph,54083,0,0,0,0,0,0,0,0,0,0,0,0,0,
West Virginia,Ritchie,54085,0,0,0,0,0,0,0,0,0,0,0,0,0,
West Virginia,Roane,54087,0,0,0,0,0,0,0,0,0,0,0,0,0,
West Virginia,Summers,54089,0,0,0,0,0,0,0,0,0,0,0,0,0,
West Virginia,Taylor,54091,0,0,0,0,0,0,0,0,0,0,0,0,0,
West Virginia,Tucker,54093,0,0,0,0,0,0,0,0,0,0,0,0,0,
West Virginia,Tyler,54095,0,0,0,0,0,0,0,0,0,0,0,0,0,
West Virginia,Upshur,54097,0,0,0,0,0,0,0,0,0,0,0,0,0,
West Virginia,Wayne,54099,0,0,0,0,0,0,0,0,0,0,0,0,0,
West Virginia,Webster,54101,0,0,0,0,0,0,0,0,0,0,0,0,0,
West Virginia,Wetzel,54103,0,0,0,0,0,0,0,0,0,0,0,0,0,
West Virginia,Wirt,54105,0,0,0,0,0,0,0,0,0,0,0,0,0,
West Virginia,Wood,54107,0,0,0,0,0,0,0,0,0,0,0,0,0,
West Virginia,Wyoming,54109,0,0,0,0,0,0,0,0,0,0,0,0,0,
Wisconsin,Adams,55001,0,0,0,0,0,0,0,0,0,0,0,0,0,
Wisconsin,Ashland,55003,0,0,0,0,0,0,0,0,0,0,0,0,0,
Wisconsin,Barron,55005,3,1,2,1,0,9,0,0,0,1,1,18,1.636363636,
Wisconsin,Bayfield,55007,0,0,0,0,0,0,0,0,0,0,0,0,0,
Wisconsin,Brown,55009,0,0,0,0,0,24,5,1,0,0,0,30,2.727272727,
Wisconsin,Buffalo,55011,0,0,0,0,0,0,0,0,0,0,0,0,0,
Wisconsin,Burnett,55013,0,0,0,0,0,4,0,0,0,0,0,4,0.363636364,
Wisconsin,Calumet,55015,0,0,0,0,0,39,6,0,0,0,0,45,4.090909091,
Wisconsin,Chippewa,55017,3,2,1,0,0,8,2,0,0,0,0,16,1.454545455,
Wisconsin,Clark,55019,0,0,0,0,0,3,0,0,0,0,0,3,0.272727273,
Wisconsin,Columbia,55021,0,0,0,0,0,11,2,0,0,0,0,13,1.181818182,
Wisconsin,Crawford,55023,0,0,0,0,0,17,3,0,0,0,0,20,1.818181818,
Wisconsin,Dane,55025,0,0,0,0,0,41,6,0,0,0,0,47,4.272727273,
Wisconsin,Dodge,55027,0,0,0,0,0,44,2,0,0,0,1,47,4.272727273,
Wisconsin,Door,55029,0,0,0,0,0,3,0,0,0,0,0,3,0.272727273,
Wisconsin,Douglas,55031,0,0,0,0,0,0,0,0,0,0,0,0,0,
Wisconsin,Dunn,55033,1,1,0,0,0,16,2,0,0,0,0,20,1.818181818,
Wisconsin,Eau Claire,55035,3,2,0,0,0,1,0,0,0,0,0,6,0.545454545,
Wisconsin,Florence,55037,0,0,0,0,0,0,0,0,0,0,0,0,0,
Wisconsin,Fond du Lac,55039,0,0,0,0,0,27,6,0,0,0,0,33,3,
Wisconsin,Forest,55041,0,0,0,0,0,0,0,0,0,0,0,0,0,
Wisconsin,Grant,55043,0,0,0,0,0,0,0,0,0,0,2,2,0.181818182,
Wisconsin,Green,55045,0,0,0,0,0,12,1,0,0,1,3,17,1.545454545,
Wisconsin,Green Lake,55047,0,0,0,0,0,13,5,0,0,0,0,18,1.636363636,
Wisconsin,Iowa,55049,2,3,0,0,0,8,1,1,0,0,0,15,1.363636364,
Wisconsin,Iron,55051,0,0,0,0,0,0,0,0,0,0,0,0,0,
Wisconsin,Jackson,55053,0,0,0,0,0,2,0,0,0,0,0,2,0.181818182,
Wisconsin,Jefferson,55055,0,1,1,1,0,37,5,0,0,0,0,45,4.090909091,
Wisconsin,Juneau,55057,0,0,0,0,0,29,0,0,0,0,1,30,2.727272727,
Wisconsin,Kenosha,55059,0,0,0,0,0,23,3,0,0,0,0,26,2.363636364,
Wisconsin,Kewaunee,55061,0,0,0,0,0,6,1,0,0,0,0,7,0.636363636,
Wisconsin,La Crosse,55063,0,0,0,0,0,0,0,0,0,0,0,0,0,
Wisconsin,Lafayette,55065,0,0,0,0,0,8,0,0,0,0,4,12,1.090909091,
Wisconsin,Langlade,55067,0,0,0,0,0,0,0,0,0,0,0,0,0,
Wisconsin,Lincoln,55069,0,0,0,0,0,0,0,0,0,0,0,0,0,
Wisconsin,Manitowoc,55071,0,0,0,0,0,35,7,0,0,0,0,42,3.818181818,
Wisconsin,Marathon,55073,0,0,0,0,0,4,0,0,0,0,0,4,0.363636364,
Wisconsin,Marinette,55075,0,0,0,0,0,15,1,0,0,0,0,16,1.454545455,
Wisconsin,Marquette,55077,0,0,0,0,0,2,0,0,0,0,0,2,0.181818182,
Wisconsin,Menominee,55078,0,0,0,0,0,0,0,0,0,0,0,0,0,
Wisconsin,Milwaukee,55079,0,0,0,0,0,8,1,0,0,0,2,11,1,
Wisconsin,Monroe,55081,0,0,0,0,0,21,3,0,0,0,0,24,2.181818182,
Wisconsin,Oconto,55083,0,0,0,0,0,55,7,0,0,0,0,62,5.636363636,
Wisconsin,Oneida,55085,0,0,0,0,0,0,0,0,0,0,0,0,0,
Wisconsin,Outagamie,55087,0,0,0,0,0,84,11,0,0,0,0,95,8.636363636,
Wisconsin,Ozaukee,55089,0,0,0,0,0,13,6,0,0,0,0,19,1.727272727,
Wisconsin,Pepin,55091,0,0,0,0,0,0,0,0,0,0,0,0,0,
Wisconsin,Pierce,55093,0,0,0,0,0,1,0,0,0,0,0,1,0.090909091,
Wisconsin,Polk,55095,0,0,0,0,0,8,2,0,0,0,0,10,0.909090909,
Wisconsin,Portage,55097,0,0,0,0,0,0,0,0,0,0,0,0,0,
Wisconsin,Price,55099,0,0,0,0,0,0,0,0,0,0,0,0,0,
Wisconsin,Racine,55101,0,0,0,0,0,66,9,2,0,0,0,77,7,
Wisconsin,Richland,55103,0,0,0,0,0,2,0,0,0,0,0,2,0.181818182,
Wisconsin,Rock,55105,0,0,0,0,0,23,3,0,0,0,0,26,2.363636364,
Wisconsin,Rusk,55107,0,0,0,0,0,0,0,0,0,0,0,0,0,
Wisconsin,St. Croix,55109,0,0,0,0,0,13,2,0,0,0,0,15,1.363636364,
Wisconsin,Sauk,55111,0,2,1,2,1,5,2,0,0,1,0,14,1.272727273,
Wisconsin,Sawyer,55113,0,0,0,0,0,0,0,0,0,0,0,0,0,
Wisconsin,Shawano,55115,0,0,0,0,0,12,1,0,0,0,0,13,1.181818182,
Wisconsin,Sheboygan,55117,0,0,0,0,0,56,10,1,1,5,9,82,7.454545455,
Wisconsin,Taylor,55119,0,0,0,0,0,0,0,0,0,0,0,0,0,
Wisconsin,Trempealeau,55121,1,1,0,0,0,2,0,0,0,0,0,4,0.363636364,
Wisconsin,Vernon,55123,0,0,0,0,0,0,1,0,0,0,0,1,0.090909091,
Wisconsin,Vilas,55125,0,0,0,0,0,0,0,0,0,0,0,0,0,
Wisconsin,Walworth,55127,0,0,0,0,0,87,8,0,0,0,0,95,8.636363636,
Wisconsin,Washburn,55129,0,0,0,0,0,0,0,0,0,0,0,0,0,
Wisconsin,Washington,55131,0,0,0,0,0,18,4,0,0,0,0,22,2,
Wisconsin,Waukesha,55133,0,0,0,0,0,36,2,0,0,0,0,38,3.454545455,
Wisconsin,Waupaca,55135,0,0,0,0,0,11,3,0,0,0,0,14,1.272727273,
Wisconsin,Waushara,55137,0,0,0,0,0,3,2,0,1,0,0,6,0.545454545,
Wisconsin,Winnebago,55139,0,0,0,0,0,64,15,0,0,0,0,79,7.181818182,
Wisconsin,Wood,55141,0,0,0,0,0,12,0,0,0,0,0,12,1.090909091,
Wyoming,Albany,56001,0,0,0,0,0,0,0,0,0,0,0,0,0,
Wyoming,Big Horn,56003,0,0,0,0,0,0,0,0,0,0,0,0,0,
Wyoming,Campbell,56005,0,0,0,0,0,0,0,0,0,0,0,0,0,
Wyoming,Carbon,56007,0,0,0,0,0,0,0,0,0,0,0,0,0,
Wyoming,Converse,56009,0,0,0,0,0,0,0,0,0,0,0,0,0,
Wyoming,Crook,56011,4,9,9,8,4,0,0,0,0,0,0,34,3.090909091,
Wyoming,Fremont,56013,0,0,0,0,0,0,0,0,0,0,0,0,0,
Wyoming,Goshen,56015,0,1,1,0,0,9,1,0,0,0,0,12,1.090909091,
Wyoming,Hot Springs,56017,0,0,0,0,0,0,0,0,0,0,0,0,0,
Wyoming,Johnson,56019,0,0,0,0,0,0,0,0,0,0,0,0,0,
Wyoming,Laramie,56021,1,10,10,4,7,0,0,0,0,0,0,32,2.909090909,
Wyoming,Lincoln,56023,0,0,1,0,0,0,0,0,0,0,0,1,0.090909091,
Wyoming,Natrona,56025,0,0,0,0,0,0,0,0,0,0,0,0,0,
Wyoming,Niobrara,56027,0,0,0,0,0,0,0,0,0,0,0,0,0,
Wyoming,Park,56029,0,0,0,0,0,0,0,0,0,0,0,0,0,
Wyoming,Platte,56031,0,0,0,0,0,0,0,0,0,0,0,0,0,
Wyoming,Sheridan,56033,0,0,0,0,0,0,0,0,0,0,0,0,0,
Wyoming,Sublette,56035,0,0,0,0,0,0,0,0,0,0,0,0,0,
Wyoming,Sweetwater,56037,0,0,0,0,0,0,0,0,0,0,0,0,0,
Wyoming,Teton,56039,0,0,0,0,0,0,0,0,0,0,0,0,0,
Wyoming,Uinta,56041,0,0,0,0,0,0,0,0,0,0,0,0,0,
Wyoming,Washakie,56043,0,0,0,0,0,0,0,0,0,0,0,0,0,
Wyoming,Weston,56045,0,0,0,0,0,0,0,0,0,0,0,0,0,
American Samoa,Eastern,60010,0,0,0,0,0,0,0,0,0,0,0,0,0,
American Samoa,Manu'a,60020,0,0,0,0,0,0,0,0,0,0,0,0,0,
American Samoa,Rose Island,60030,0,0,0,0,0,0,0,0,0,0,0,0,0,
American Samoa,Swains Island,60040,0,0,0,0,0,0,0,0,0,0,0,0,0,
American Samoa,Western,60050,0,0,0,0,0,0,0,0,0,0,0,0,0,
Guam,Guam,66010,0,0,0,0,0,0,0,0,0,0,0,0,0,
,Northern Islands,85,0,0,0,0,0,0,0,0,0,0,0,0,0,
#N/A,Rota,100,0,0,0,0,0,0,0,0,0,0,0,0,0,
#N/A,Saipan,110,0,0,0,0,0,0,0,0,0,0,0,0,0,
#N/A,Tinian,120,0,0,0,0,0,0,0,0,0,0,0,0,0,
Puerto Rico,Adjuntas,72001,0,0,0,0,0,0,0,0,0,0,0,0,0,
Puerto Rico,Aguada,72003,0,0,0,0,0,0,0,0,0,0,0,0,0,
Puerto Rico,Aguadilla,72005,0,0,0,0,0,0,0,0,0,0,0,0,0,
Puerto Rico,Aguas Buenas,72007,0,0,0,0,0,0,0,0,0,0,0,0,0,
Puerto Rico,Aibonito,72009,0,0,0,0,0,0,0,0,0,0,0,0,0,
Puerto Rico,Anasco,72011,0,0,0,0,0,0,0,0,0,0,0,0,0,
Puerto Rico,Arecibo,72013,0,0,0,0,0,0,0,0,0,0,0,0,0,
Puerto Rico,Arroyo,72015,0,0,0,0,0,0,0,0,0,0,0,0,0,
Puerto Rico,Barceloneta,72017,0,0,0,0,0,0,0,0,0,0,0,0,0,
Puerto Rico,Barranquitas,72019,0,0,0,0,0,0,0,0,0,0,0,0,0,
Puerto Rico,Bayamon,72021,0,0,0,0,0,0,0,0,0,0,0,0,0,
Puerto Rico,Cabo Rojo,72023,0,0,0,0,0,0,0,0,0,0,0,0,0,
Puerto Rico,Caguas,72025,0,0,0,0,0,0,0,0,0,0,0,0,0,
Puerto Rico,Camuy,72027,0,0,0,0,0,0,0,0,0,0,0,0,0,
Puerto Rico,Canovanas,72029,0,0,0,0,0,0,0,0,0,0,0,0,0,
Puerto Rico,Carolina,72031,0,0,0,0,0,0,0,0,0,0,0,0,0,
Puerto Rico,Catano,72033,0,0,0,0,0,0,0,0,0,0,0,0,0,
Puerto Rico,Cayey,72035,0,0,0,0,0,0,0,0,0,0,0,0,0,
Puerto Rico,Ceiba,72037,0,0,0,0,0,0,0,0,0,0,0,0,0,
Puerto Rico,Ciales,72039,0,0,0,0,0,0,0,0,0,0,0,0,0,
Puerto Rico,Cidra,72041,0,0,0,0,0,0,0,0,0,0,0,0,0,
Puerto Rico,Coamo,72043,0,0,0,0,0,0,0,0,0,0,0,0,0,
Puerto Rico,Comerio,72045,0,0,0,0,0,0,0,0,0,0,0,0,0,
Puerto Rico,Corozal,72047,0,0,0,0,0,0,0,0,0,0,0,0,0,
Puerto Rico,Culebra,72049,0,0,0,0,0,0,0,0,0,0,0,0,0,
Puerto Rico,Dorado,72051,0,0,0,0,0,0,0,0,0,0,0,0,0,
Puerto Rico,Fajardo,72053,0,0,0,0,0,0,0,0,0,0,0,0,0,
Puerto Rico,Florida,72054,0,0,0,0,0,0,0,0,0,0,0,0,0,
Puerto Rico,Guanica,72055,0,0,0,0,0,0,0,0,0,0,0,0,0,
Puerto Rico,Guayama,72057,0,0,0,0,0,0,0,0,0,0,0,0,0,
Puerto Rico,Guayanilla,72059,0,0,0,0,0,0,0,0,0,0,0,0,0,
Puerto Rico,Guaynabo,72061,0,0,0,0,0,0,0,0,0,0,0,0,0,
Puerto Rico,Gurabo,72063,0,0,0,0,0,0,0,0,0,0,0,0,0,
Puerto Rico,Hatillo,72065,0,0,0,0,0,0,0,0,0,0,0,0,0,
Puerto Rico,Hormigueros,72067,0,0,0,0,0,0,0,0,0,0,0,0,0,
Puerto Rico,Humacao,72069,0,0,0,0,0,0,0,0,0,0,0,0,0,
Puerto Rico,Isabela,72071,0,0,0,0,0,0,0,0,0,0,0,0,0,
Puerto Rico,Jayuya,72073,0,0,0,0,0,0,0,0,0,0,0,0,0,
Puerto Rico,Juana Diaz,72075,0,0,0,0,0,0,0,0,0,0,0,0,0,
Puerto Rico,Juncos,72077,0,0,0,0,0,0,0,0,0,0,0,0,0,
Puerto Rico,Lajas,72079,0,0,0,0,0,0,0,0,0,0,0,0,0,
Puerto Rico,Lares,72081,0,0,0,0,0,0,0,0,0,0,0,0,0,
Puerto Rico,Las Marias,72083,0,0,0,0,0,0,0,0,0,0,0,0,0,
Puerto Rico,Las Piedras,72085,0,0,0,0,0,0,0,0,0,0,0,0,0,
Puerto Rico,Loiza,72087,0,0,0,0,0,0,0,0,0,0,0,0,0,
Puerto Rico,Luquillo,72089,0,0,0,0,0,0,0,0,0,0,0,0,0,
Puerto Rico,Manati,72091,0,0,0,0,0,0,0,0,0,0,0,0,0,
Puerto Rico,Maricao,72093,0,0,0,0,0,0,0,0,0,0,0,0,0,
Puerto Rico,Maunabo,72095,0,0,0,0,0,0,0,0,0,0,0,0,0,
Puerto Rico,Mayaguez,72097,0,0,0,0,0,0,0,0,0,0,0,0,0,
Puerto Rico,Moca,72099,0,0,0,0,0,0,0,0,0,0,0,0,0,
Puerto Rico,Morovis,72101,0,0,0,0,0,0,0,0,0,0,0,0,0,
Puerto Rico,Naguabo,72103,0,0,0,0,0,0,0,0,0,0,0,0,0,
Puerto Rico,Naranjito,72105,0,0,0,0,0,0,0,0,0,0,0,0,0,
Puerto Rico,Orocovis,72107,0,0,0,0,0,0,0,0,0,0,0,0,0,
Puerto Rico,Patillas,72109,0,0,0,0,0,0,0,0,0,0,0,0,0,
Puerto Rico,Penuelas,72111,0,0,0,0,0,0,0,0,0,0,0,0,0,
Puerto Rico,Ponce,72113,0,0,0,0,0,0,0,0,0,0,0,0,0,
Puerto Rico,Quebradillas,72115,0,0,0,0,0,0,0,0,0,0,0,0,0,
Puerto Rico,Rincon,72117,0,0,0,0,0,0,0,0,0,0,0,0,0,
Puerto Rico,Rio Grande,72119,0,0,0,0,0,0,0,0,0,0,0,0,0,
Puerto Rico,Sabana Grande,72121,0,0,0,0,0,0,0,0,0,0,0,0,0,
Puerto Rico,Salinas,72123,0,0,0,0,0,0,0,0,0,0,0,0,0,
Puerto Rico,San German,72125,0,0,0,0,0,0,0,0,0,0,0,0,0,
Puerto Rico,San Juan,72127,0,0,0,0,0,0,0,0,0,0,0,0,0,
Puerto Rico,San Lorenzo,72129,0,0,0,0,0,0,0,0,0,0,0,0,0,
Puerto Rico,San Sebastian,72131,0,0,0,0,0,0,0,0,0,0,0,0,0,
Puerto Rico,Santa Isabel,72133,0,0,0,0,0,0,0,0,0,0,0,0,0,
Puerto Rico,Toa Alta,72135,0,0,0,0,0,0,0,0,0,0,0,0,0,
Puerto Rico,Toa Baja,72137,0,0,0,0,0,0,0,0,0,0,0,0,0,
Puerto Rico,Trujillo Alto,72139,0,0,0,0,0,0,0,0,0,0,0,0,0,
Puerto Rico,Utuado,72141,0,0,0,0,0,0,0,0,0,0,0,0,0,
Puerto Rico,Vega Alta,72143,0,0,0,0,0,0,0,0,0,0,0,0,0,
Puerto Rico,Vega Baja,72145,0,0,0,0,0,0,0,0,0,0,0,0,0,
Puerto Rico,Vieques,72147,0,0,0,0,0,0,0,0,0,0,0,0,0,
Puerto Rico,Villalba,72149,0,0,0,0,0,0,0,0,0,0,0,0,0,
Puerto Rico,Yabucoa,72151,0,0,0,0,0,0,0,0,0,0,0,0,0,
Puerto Rico,Yauco,72153,0,0,0,0,0,0,0,0,0,0,0,0,0,
#N/A,Midway Islands,300,0,0,0,0,0,0,0,0,0,0,0,0,0,
Virgin Islands,St. Croix,78010,0,0,0,0,0,0,0,0,0,0,0,0,0,
Virgin Islands,St. John,78020,0,0,0,0,0,0,0,0,0,0,0,0,0,
Virgin Islands,St. Thomas,78030,0,0,0,0,0,0,0,0,0,0,0,0,0,
Alaska,Fairbanks,2001,0,0,0,0,0,0,0,0,0,0,0,0,0,
Alaska,Delta,2002,0,2,2,0,2,0,2,0,0,0,0,8,0.727272727,
Alaska,Homer,2003,0,0,0,0,0,0,0,0,0,0,0,0,0,
Alaska,Palmer,2005,0,0,0,0,0,0,0,0,0,0,0,0,0,
Florida,"Dade,Monroe",12025,0,0,0,0,0,0,0,0,0,0,0,0,0
Guam,Guam,14001,0,0,0,0,0,0,0,0,0,0,0,0,0,
American Samoa,American Samoa,60001,0,0,0,0,0,0,0,0,0,0,0,0,0,
Nevada,Southeast Nye,32035,0,0,0,0,0,0,0,0,0,0,0,0,0,
,,,3265,3840,3291,2864,1504,37557,5471,980,1474,1290,5498,67034,6094,
