State Name,County Name,County FIPS,2014,2015,2016,2017,2018,2019,2020,2021,2022,2023
Alabama,Autauga,01001,29113.0,55431.0,163842.0,54979.0,36552.0,18709.0,10880.0,0.0,0.0,7174.0
Alabama,Baldwin,01003,289517.0,538706.0,423203.0,54689.0,246.0,7739.0,0.0,0.0,0.0,1463.0
Alabama,Barbour,01005,51288.0,8908.0,55005.0,26905.0,13638.0,21246.0,16975.0,425.0,0.0,26253.0
Alabama,Bibb,01007,0.0,0.0,0.0,0.0,0.0,0.0,0.0,0.0,0.0,0.0
Alabama,Blount,01009,31605.0,65567.0,92479.0,644.0,4744.0,5680.0,458.0,0.0,0.0,0.0
Alabama,Bullock,01011,1632.0,2466.0,5665.0,0.0,1673.0,0.0,0.0,0.0,0.0,0.0
Alabama,Butler,01013,34714.0,6069.0,80449.0,70020.14,1569.0,25024.0,4425.0,0.0,0.0,0.0
Alabama,Calhoun,01015,42426.0,125276.0,170269.0,27224.0,1699.0,59413.0,0.0,0.0,0.0,0.0
Alabama,Chambers,01017,2074.0,7129.0,15321.0,8920.0,1379.0,1612.0,0.0,0.0,0.0,0.0
Alabama,Cherokee,01019,350953.0,573054.0,548532.0,15068.0,670.0,4804.0,0.0,0.0,0.0,0.0
Alabama,Chilton,01021,6982.0,1521.0,1369.0,4679.0,234.0,422.0,319.0,0.0,0.0,0.0
Alabama,Choctaw,01023,0.0,5674.0,1339.0,6729.0,0.0,0.0,0.0,0.0,0.0,0.0
Alabama,Clarke,01025,2573.0,39468.0,36785.0,28255.0,0.0,0.0,0.0,0.0,0.0,0.0
Alabama,Clay,01027,386.0,8219.0,4342.0,4158.0,0.0,682.0,0.0,0.0,0.0,0.0
Alabama,Cleburne,01029,2555.0,21811.0,28735.0,26495.0,478.0,3111.0,0.0,0.0,0.0,0.0
Alabama,Coffee,01031,44463.0,48100.0,77289.0,13789.0,12095.0,69994.0,4634.0,0.0,0.0,8344.75
Alabama,Colbert,01033,5636.0,1625968.0,1661380.0,32130.0,122384.0,42598.0,760.0,0.0,0.0,0.0
Alabama,Conecuh,01035,1979.0,63203.0,39400.0,10787.0,3025.0,1912.0,1277.0,0.0,0.0,0.0
Alabama,Coosa,01037,0.0,0.0,0.0,0.0,0.0,0.0,0.0,0.0,0.0,0.0
Alabama,Covington,01039,18335.0,23306.0,37542.0,6110.0,1610.0,17497.0,4675.0,0.0,0.0,12.0
Alabama,Crenshaw,01041,42245.0,33769.0,43073.0,6940.0,4555.0,6151.0,1394.0,0.0,0.0,4319.0
Alabama,Cullman,01043,50581.0,474.0,113234.0,8286.0,4735.0,69449.0,0.0,0.0,0.0,75096.0
Alabama,Dale,01045,5472.0,94378.0,67718.0,25607.0,15148.0,16057.0,5422.0,0.0,0.0,0.0
Alabama,Dallas,01047,329058.0,565777.0,454116.0,96160.0,6065.0,73893.0,6759.0,0.0,207.0,268967.0
Alabama,DeKalb,01049,4404.0,315934.0,777307.0,23019.0,2257.0,223596.0,166.0,4031.0,0.0,0.0
Alabama,Elmore,01051,166240.0,139910.0,258729.0,6520.0,119.0,26972.0,0.0,0.0,568.0,0.0
Alabama,Escambia,01053,17610.0,175889.0,31392.0,30092.0,14272.0,65185.0,7489.0,0.0,0.0,36198.0
Alabama,Etowah,01055,95622.0,136820.0,111562.0,212.0,23.0,47936.0,0.0,0.0,0.0,0.0
Alabama,Fayette,01057,59230.0,43437.0,145318.0,40997.0,17523.0,13562.0,132.0,0.0,0.0,40102.0
Alabama,Franklin,01059,69.0,141660.0,121856.0,1287.0,4274.0,26348.0,0.0,0.0,0.0,0.0
Alabama,Geneva,01061,108323.0,202152.0,367964.0,39661.0,115013.0,151121.12,16035.0,0.0,56.0,73932.0
Alabama,Greene,01063,6021.0,10711.0,11431.0,826.0,133.0,77.0,0.0,0.0,0.0,0.0
Alabama,Hale,01065,1864.0,0.0,7934.0,0.0,1010.0,2474.0,0.0,0.0,0.0,0.0
Alabama,Henry,01067,9221.0,23521.0,17316.0,9065.0,12858.0,27745.76,9770.0,5381.0,0.0,0.0
Alabama,Houston,01069,2951.0,18914.0,122562.0,15803.0,82206.0,43511.0,18961.0,0.0,3728.0,4428.0
Alabama,Jackson,01071,7067.0,943966.0,1901446.0,92643.0,4307.0,430743.0,1293.0,0.0,0.0,0.0
Alabama,Jefferson,01073,0.0,0.0,0.0,0.0,0.0,0.0,0.0,0.0,0.0,0.0
Alabama,Lamar,01075,1540.0,54619.0,111745.0,81962.0,15925.0,6833.0,158.0,0.0,0.0,0.0
Alabama,Lauderdale,01077,59410.0,794758.0,1825629.0,76259.0,173662.0,90794.0,3504.0,0.0,0.0,0.0
Alabama,Lawrence,01079,451034.0,2306756.0,2111013.0,93086.0,74295.0,125875.0,31.0,0.0,0.0,0.0
Alabama,Lee,01081,2460.0,24808.0,39067.0,19229.0,1935.0,1544.0,850.0,0.0,0.0,0.0
Alabama,Limestone,01083,1811796.17,940312.0,3179078.95,178107.0,16762.0,757681.0,503622.0,12.0,0.0,0.0
Alabama,Lowndes,01085,80522.0,73890.0,91044.0,79415.0,10856.0,7186.0,8352.0,0.0,4636.0,841.0
Alabama,Macon,01087,664.0,27490.0,34626.0,18570.0,2140.0,3503.0,10102.0,0.0,2495.0,0.0
Alabama,Madison,01089,66619.0,1262682.0,3472478.0,570852.0,259240.0,582001.0,0.0,0.0,0.0,0.0
Alabama,Marengo,01091,1223.0,35.0,5934.0,37691.0,10563.0,6188.0,0.0,0.0,0.0,2288.0
Alabama,Marion,01093,4366.0,105847.0,130845.0,14538.0,27687.0,18988.0,7330.0,0.0,0.0,0.0
Alabama,Marshall,01095,2604.0,71513.0,327731.0,11236.0,40261.0,87589.0,0.0,0.0,0.0,0.0
Alabama,Mobile,01097,2629.0,7354.0,24797.0,21675.0,67.0,0.0,0.0,0.0,0.0,0.0
Alabama,Monroe,01099,4658.0,73403.0,180052.0,21668.0,1612.0,0.0,0.0,0.0,0.0,0.0
Alabama,Montgomery,01101,265007.0,106714.0,390001.0,143005.0,20809.0,58662.0,251.0,0.0,0.0,111497.0
Alabama,Morgan,01103,120665.0,85590.0,276808.0,5668.0,71354.0,149730.0,0.0,0.0,0.0,0.0
Alabama,Perry,01105,343.0,100954.0,52984.0,36394.0,216.0,15571.0,0.0,0.0,0.0,5883.0
Alabama,Pickens,01107,2897.0,249.0,6903.0,5213.0,54813.0,2078.0,380.0,0.0,0.0,0.0
Alabama,Pike,01109,3757.0,32401.0,5126.0,2148.0,1749.0,11507.0,0.0,231.0,2513.0,0.0
Alabama,Randolph,01111,14094.0,31079.0,16296.0,9582.0,116.0,5009.0,0.0,0.0,0.0,0.0
Alabama,Russell,01113,10329.0,52552.0,56018.0,21899.0,9390.0,15430.0,3452.0,0.0,0.0,0.0
Alabama,St. Clair,01115,0.0,1727.0,3897.0,3063.0,0.0,0.0,0.0,0.0,0.0,0.0
Alabama,Shelby,01117,12252.0,33764.0,39886.0,18977.0,66.0,2710.0,0.0,0.0,0.0,0.0
Alabama,Sumter,01119,9781.0,24849.0,32785.0,17802.0,6753.0,1557.0,7795.0,0.0,0.0,0.0
Alabama,Talladega,01121,374808.0,610177.0,721940.0,104471.0,22530.0,96638.0,0.0,0.0,0.0,0.0
Alabama,Tallapoosa,01123,11049.0,4647.0,17442.0,7618.0,3412.0,3199.0,0.0,0.0,496.0,0.0
Alabama,Tuscaloosa,01125,3308.0,137364.0,222376.0,1081.0,954.0,13036.0,0.0,0.0,0.0,0.0
Alabama,Walker,01127,0.0,133.0,128.0,109.0,0.0,0.0,0.0,0.0,0.0,0.0
Alabama,Washington,01129,8185.0,7586.0,48907.0,4412.0,0.0,3421.0,2619.0,0.0,0.0,0.0
Alabama,Wilcox,01131,34566.0,42399.0,19054.0,24288.0,2074.0,0.0,0.0,182.0,0.0,5484.0
Alabama,Winston,01133,1.0,901.0,1849.0,1434.0,0.0,3.0,0.0,0.0,0.0,0.0
Alaska,Aleutians East,02013,0.0,0.0,0.0,0.0,0.0,0.0,0.0,0.0,0.0,0.0
Alaska,Aleutians West,02016,0.0,0.0,0.0,0.0,0.0,0.0,0.0,0.0,0.0,0.0
Alaska,Anchorage,02020,0.0,0.0,0.0,0.0,0.0,0.0,0.0,0.0,0.0,0.0
Alaska,Bethel,02050,0.0,0.0,0.0,0.0,0.0,0.0,0.0,0.0,0.0,0.0
Alaska,Bristol Bay,02060,0.0,0.0,0.0,0.0,0.0,0.0,0.0,0.0,0.0,0.0
Alaska,Denali,02068,0.0,0.0,0.0,0.0,0.0,0.0,0.0,0.0,0.0,0.0
Alaska,Dillingham,02070,0.0,0.0,0.0,0.0,0.0,0.0,0.0,0.0,0.0,0.0
Alaska,Fairbanks North Star,02090,0.0,0.0,0.0,0.0,0.0,0.0,0.0,0.0,0.0,0.0
Alaska,Haines,02100,0.0,0.0,0.0,0.0,0.0,0.0,0.0,0.0,0.0,0.0
Alaska,Juneau,02110,0.0,0.0,0.0,0.0,0.0,0.0,0.0,0.0,0.0,0.0
Alaska,Kenai Peninsula,02122,0.0,0.0,0.0,0.0,0.0,0.0,0.0,0.0,0.0,0.0
Alaska,Ketchikan Gateway,02130,0.0,0.0,0.0,0.0,0.0,0.0,0.0,0.0,0.0,0.0
Alaska,Kodiak Island,02150,0.0,0.0,0.0,0.0,0.0,0.0,0.0,0.0,0.0,0.0
Alaska,Lake and Peninsula,02164,0.0,0.0,0.0,0.0,0.0,0.0,0.0,0.0,0.0,0.0
Alaska,Matanuska-Susitna,02170,0.0,0.0,0.0,0.0,0.0,0.0,0.0,0.0,0.0,0.0
Alaska,Nome,02180,0.0,0.0,0.0,0.0,0.0,0.0,0.0,0.0,0.0,0.0
Alaska,North Slope,02185,0.0,0.0,0.0,0.0,0.0,0.0,0.0,0.0,0.0,0.0
Alaska,Northwest Arctic,02188,0.0,0.0,0.0,0.0,0.0,0.0,0.0,0.0,0.0,0.0
Alaska,Prince of Wales-Outer Ketchikan,02201,0.0,0.0,0.0,0.0,0.0,0.0,0.0,0.0,0.0,0.0
Alaska,Sitka,02220,0.0,0.0,0.0,0.0,0.0,0.0,0.0,0.0,0.0,0.0
Alaska,Skagway-Hoonah-Angoon,02232,0.0,0.0,0.0,0.0,0.0,0.0,0.0,0.0,0.0,0.0
Alaska,Southeast Fairbanks,02240,0.0,0.0,0.0,0.0,0.0,0.0,0.0,0.0,0.0,0.0
Alaska,Valdez-Cordova,02261,0.0,0.0,0.0,0.0,0.0,0.0,0.0,0.0,0.0,0.0
Alaska,Wade Hampton,02270,0.0,0.0,0.0,0.0,0.0,0.0,0.0,0.0,0.0,0.0
Alaska,Wrangell-Petersburg,02280,0.0,0.0,0.0,0.0,0.0,0.0,0.0,0.0,0.0,0.0
Alaska,Yakutat,02282,0.0,0.0,0.0,0.0,0.0,0.0,0.0,0.0,0.0,0.0
Alaska,Yukon-Koyukuk,02290,0.0,0.0,0.0,0.0,0.0,0.0,0.0,0.0,0.0,0.0
Arizona,Apache,04001,0.0,0.0,0.0,0.0,0.0,0.0,0.0,0.0,0.0,0.0
Arizona,Cochise,04003,0.0,0.0,0.0,0.0,0.0,0.0,0.0,0.0,0.0,0.0
Arizona,Coconino,04005,0.0,0.0,0.0,0.0,0.0,0.0,0.0,0.0,0.0,0.0
Arizona,Gila,04007,0.0,0.0,0.0,0.0,0.0,0.0,0.0,0.0,0.0,0.0
Arizona,Graham,04009,0.0,0.0,0.0,0.0,0.0,0.0,0.0,0.0,0.0,0.0
Arizona,Greenlee,04011,0.0,0.0,0.0,0.0,0.0,0.0,0.0,0.0,0.0,0.0
Arizona,La Paz,04012,88.0,13307.0,17640.0,620.0,28212.0,54923.0,9537.0,8.0,0.0,0.0
Arizona,Maricopa,04013,8765.0,47374.0,31993.0,0.0,0.0,871.0,152.0,0.0,0.0,0.0
Arizona,Mohave,04015,0.0,0.0,0.0,0.0,0.0,0.0,0.0,0.0,0.0,0.0
Arizona,Navajo,04017,0.0,0.0,0.0,0.0,0.0,0.0,0.0,0.0,0.0,0.0
Arizona,Pima,04019,0.0,0.0,0.0,0.0,0.0,0.0,0.0,0.0,0.0,0.0
Arizona,Pinal,04021,60.0,57021.0,36108.0,968.0,0.0,0.0,0.0,0.0,0.0,0.0
Arizona,Santa Cruz,04023,0.0,0.0,0.0,0.0,0.0,0.0,0.0,0.0,0.0,0.0
Arizona,Yavapai,04025,0.0,0.0,0.0,0.0,0.0,0.0,0.0,0.0,0.0,0.0
Arizona,Yuma,04027,0.0,5484.0,4276.0,6476.0,0.0,4127.0,2707.0,0.0,0.0,0.0
Arkansas,Arkansas,05001,758774.0,5501602.6,4866442.0,652513.0,1333447.0,756972.0,571112.0,0.0,0.0,0.0
Arkansas,Ashley,05003,741293.0,2085310.0,1501179.57,207228.0,77254.0,268757.0,11138.0,0.0,0.0,80.0
Arkansas,Baxter,05005,0.0,0.0,0.0,0.0,0.0,0.0,0.0,0.0,0.0,0.0
Arkansas,Benton,05007,0.0,10907.0,6174.0,5395.0,10461.0,0.0,5478.0,0.0,4633.0,0.0
Arkansas,Boone,05009,0.0,0.0,0.0,0.0,0.0,0.0,0.0,0.0,0.0,0.0
Arkansas,Bradley,05011,0.0,0.0,0.0,0.0,0.0,0.0,0.0,0.0,0.0,0.0
Arkansas,Calhoun,05013,0.0,0.0,0.0,0.0,0.0,0.0,0.0,0.0,0.0,0.0
Arkansas,Carroll,05015,0.0,0.0,0.0,0.0,0.0,0.0,0.0,0.0,0.0,0.0
Arkansas,Chicot,05017,617763.0,3455305.0,2673848.57,1327383.7,116837.8,974190.95,1560.0,0.0,0.0,459.0
Arkansas,Clark,05019,0.0,0.0,0.0,0.0,0.0,0.0,0.0,0.0,0.0,0.0
Arkansas,Clay,05021,1709225.68,4881693.0,6993644.0,762439.0,277621.0,506457.0,228522.39,0.0,107958.0,127564.0
Arkansas,Cleburne,05023,0.0,0.0,0.0,0.0,0.0,1451.0,1602.0,0.0,0.0,0.0
Arkansas,Cleveland,05025,0.0,0.0,0.0,0.0,0.0,0.0,0.0,0.0,0.0,0.0
Arkansas,Columbia,05027,0.0,0.0,0.0,0.0,0.0,0.0,0.0,0.0,0.0,0.0
Arkansas,Conway,05029,169984.9,329475.0,168002.0,16956.0,187096.0,405058.0,0.0,0.0,54986.0,12.0
Arkansas,Craighead,05031,1354864.88,2534916.0,5023276.0,440224.66,65933.0,1223222.21,2083.0,0.0,0.0,30882.0
Arkansas,Crawford,05033,0.0,277373.0,67998.0,99094.0,32103.0,223801.0,21398.0,0.0,7197.0,0.0
Arkansas,Crittenden,05035,633187.72,6510603.0,3436967.89,938593.0,1247359.0,2001862.85,3660.0,53.0,0.0,134748.0
Arkansas,Cross,05037,233162.0,4282730.0,3510504.0,797690.31,789136.0,2253213.0,408462.0,0.0,0.0,15077.0
Arkansas,Dallas,05039,0.0,0.0,0.0,0.0,0.0,0.0,0.0,0.0,0.0,0.0
Arkansas,Desha,05041,1340675.0,1700432.0,3468531.0,262815.99,14339.0,58807.0,4543.0,0.0,0.0,2116.0
Arkansas,Drew,05043,212542.0,610484.0,838135.91,132514.0,57123.0,88480.0,0.0,0.0,0.0,0.0
Arkansas,Faulkner,05045,7544.0,200133.0,80375.0,117450.0,58711.0,50904.0,0.0,0.0,32571.0,4706.0
Arkansas,Franklin,05047,2027.0,34960.0,20067.0,7414.0,26243.0,23565.0,1473.0,0.0,18622.0,0.0
Arkansas,Fulton,05049,0.0,8294.0,8363.0,6994.0,5674.0,2341.0,0.0,0.0,0.0,0.0
Arkansas,Garland,05051,0.0,0.0,0.0,0.0,0.0,0.0,0.0,0.0,0.0,0.0
Arkansas,Grant,05053,0.0,0.0,0.0,0.0,0.0,0.0,0.0,0.0,0.0,0.0
Arkansas,Greene,05055,16695.0,1929324.0,1648982.02,180946.0,639228.0,455285.36,131.0,0.0,0.0,32538.0
Arkansas,Hempstead,05057,8305.0,37586.0,31200.0,21727.0,22034.0,10584.0,4573.0,0.0,0.0,5049.0
Arkansas,Hot Spring,05059,0.0,0.0,0.0,0.0,0.0,0.0,0.0,0.0,0.0,0.0
Arkansas,Howard,05061,10549.0,13855.0,13424.0,9140.0,2684.0,157.0,0.0,0.0,0.0,0.0
Arkansas,Independence,05063,62523.0,230660.0,356399.0,221201.0,64997.0,0.0,0.0,0.0,0.0,0.0
Arkansas,Izard,05065,0.0,0.0,0.0,0.0,0.0,0.0,0.0,0.0,0.0,0.0
Arkansas,Jackson,05067,327661.0,2587953.08,3190960.71,386380.0,12490.0,140413.0,5590.0,0.0,0.0,8952.0
Arkansas,Jefferson,05069,771584.0,2299846.0,2652472.0,1018624.32,59357.0,1997403.0,178403.0,0.0,34609.0,0.0
Arkansas,Johnson,05071,0.0,123250.0,28309.0,20606.0,107833.0,105295.0,10585.0,0.0,30410.0,0.0
Arkansas,Lafayette,05073,117422.0,778710.0,926990.0,366139.0,164399.0,198481.0,0.0,0.0,3996.0,15701.0
Arkansas,Lawrence,05075,46316.0,1171831.0,2281317.0,343819.28,23536.0,77561.0,478.0,6781.0,0.0,312.0
Arkansas,Lee,05077,292854.0,3996645.0,4359418.0,1080960.0,1709188.0,268768.0,179.0,0.0,0.0,107315.09
Arkansas,Lincoln,05079,412256.0,819691.0,1099369.0,222064.0,9727.0,584811.0,6930.0,5386.0,7671.0,1755.0
Arkansas,Little River,05081,4176.0,148209.0,84613.0,15305.0,86725.0,91860.0,0.0,2935.0,71457.0,123952.0
Arkansas,Logan,05083,0.0,9747.0,36012.0,161162.0,146125.0,149595.0,8750.0,0.0,15502.0,0.0
Arkansas,Lonoke,05085,1055386.0,3545978.88,2839161.0,2690479.0,371757.0,532487.1,31770.0,0.0,0.0,8599.0
Arkansas,Madison,05087,0.0,0.0,0.0,0.0,0.0,0.0,0.0,0.0,0.0,0.0
Arkansas,Marion,05089,0.0,0.0,0.0,0.0,0.0,0.0,0.0,0.0,0.0,0.0
Arkansas,Miller,05091,73080.0,946450.0,733421.0,398162.0,503936.0,113725.0,4408.0,720.0,127404.0,21743.0
Arkansas,Mississippi,05093,47728.0,2737638.63,6172377.9399999995,1352017.0,417264.96,732039.0,345384.0,0.0,0.0,33443.0
Arkansas,Monroe,05095,281589.0,4315815.57,4650514.0,1143337.0,737617.0,103091.0,39866.0,0.0,0.0,882.0
Arkansas,Montgomery,05097,0.0,0.0,0.0,0.0,0.0,0.0,0.0,0.0,0.0,0.0
Arkansas,Nevada,05099,0.0,144.0,0.0,296.0,0.0,0.0,0.0,0.0,0.0,0.0
Arkansas,Newton,05101,0.0,0.0,0.0,0.0,0.0,0.0,0.0,0.0,0.0,0.0
Arkansas,Ouachita,05103,0.0,0.0,0.0,0.0,0.0,0.0,0.0,0.0,0.0,0.0
Arkansas,Perry,05105,39660.0,69239.0,42075.0,34009.0,11308.0,35803.0,0.0,0.0,6559.0,0.0
Arkansas,Phillips,05107,62415.0,7925964.0,3239426.0,2314240.0,218788.0,299255.0,61128.0,0.0,0.0,85516.0
Arkansas,Pike,05109,46434.0,51042.0,47113.0,36651.0,7157.0,4762.0,0.0,0.0,0.0,0.0
Arkansas,Poinsett,05111,278580.0,636283.5,1122686.25,93451.0,65150.0,1379272.0,60223.0,0.0,0.0,16025.0
Arkansas,Polk,05113,0.0,0.0,0.0,0.0,0.0,0.0,0.0,0.0,0.0,0.0
Arkansas,Pope,05115,4041.0,124495.0,15318.0,121723.0,42061.0,197233.0,0.0,0.0,26618.0,0.0
Arkansas,Prairie,05117,608411.57,4317324.0,1172552.9,306401.0,251959.0,296896.99,39630.0,206.0,0.0,47958.0
Arkansas,Pulaski,05119,11070.0,685457.0,692524.0,139982.0,481223.0,534151.0,6139.0,0.0,19070.0,76240.0
Arkansas,Randolph,05121,0.0,753908.0,1712313.0,403874.0,74907.0,307093.0,660.0,0.0,0.0,331.0
Arkansas,St. Francis,05123,3847822.0,3385844.0,2670894.52,915429.0,830669.0,706411.0,59074.0,1941.0,0.0,34574.0
Arkansas,Saline,05125,0.0,0.0,0.0,0.0,0.0,0.0,0.0,0.0,0.0,0.0
Arkansas,Scott,05127,0.0,0.0,0.0,0.0,0.0,0.0,0.0,0.0,0.0,0.0
Arkansas,Searcy,05129,0.0,0.0,0.0,0.0,0.0,0.0,0.0,0.0,0.0,0.0
Arkansas,Sebastian,05131,0.0,35269.0,8384.0,9571.0,8342.0,44940.0,4752.0,0.0,0.0,0.0
Arkansas,Sevier,05133,0.0,15771.0,15977.0,3110.0,556.0,8739.0,0.0,0.0,0.0,0.0
Arkansas,Sharp,05135,126.0,41678.0,57286.0,29202.0,27995.0,8700.0,0.0,0.0,0.0,0.0
Arkansas,Stone,05137,0.0,0.0,0.0,0.0,0.0,0.0,0.0,0.0,0.0,0.0
Arkansas,Union,05139,0.0,0.0,0.0,0.0,0.0,0.0,0.0,0.0,0.0,0.0
Arkansas,Van Buren,05141,0.0,0.0,0.0,0.0,0.0,0.0,0.0,0.0,0.0,0.0
Arkansas,Washington,05143,0.0,0.0,0.0,0.0,0.0,0.0,0.0,0.0,0.0,0.0
Arkansas,White,05145,136509.0,463289.0,862370.0,74353.0,4043.0,136049.0,94951.0,258.0,0.0,3009.0
Arkansas,Woodruff,05147,810029.0,1604857.0,4604591.0,584236.0,466737.0,46770.0,57731.0,0.0,0.0,3894.0
Arkansas,Yell,05149,15083.0,95558.0,63209.0,99794.0,138705.0,114906.0,0.0,0.0,0.0,0.0
California,Alameda,06001,20124.0,22321.0,9601.0,1690.0,1237.0,0.0,0.0,0.0,0.0,0.0
California,Alpine,06003,0.0,0.0,0.0,0.0,0.0,0.0,0.0,0.0,0.0,0.0
California,Amador,06005,22780.0,31216.0,28486.0,6173.0,0.0,0.0,0.0,0.0,0.0,0.0
California,Butte,06007,813.0,2791.0,2401692.0,821.0,430.0,3262.0,620.0,0.0,0.0,0.0
California,Calaveras,06009,0.0,0.0,0.0,0.0,0.0,0.0,0.0,0.0,0.0,0.0
California,Colusa,06011,239165.0,319594.0,4250802.640000001,210947.0,910.0,6332.0,1442.0,1176.0,9018.0,5069.0
California,Contra Costa,06013,155154.0,153394.0,44580.0,22154.0,0.0,0.0,0.0,0.0,0.0,0.0
California,Del Norte,06015,0.0,0.0,0.0,0.0,0.0,0.0,0.0,0.0,0.0,0.0
California,El Dorado,06017,0.0,0.0,0.0,0.0,0.0,0.0,0.0,0.0,0.0,0.0
California,Fresno,06019,14918.0,38452.0,16214.0,26228.0,649187.0,560839.0,0.0,290.0,2468.0,356.0
California,Glenn,06021,265251.0,271116.0,1558093.0,50119.0,60755.0,71333.0,4071.0,124.0,4087.0,13691.0
California,Humboldt,06023,0.0,0.0,0.0,0.0,0.0,0.0,0.0,0.0,0.0,0.0
California,Imperial,06025,0.0,0.0,0.0,0.0,0.0,0.0,0.0,0.0,0.0,0.0
California,Inyo,06027,0.0,0.0,0.0,0.0,0.0,0.0,0.0,0.0,0.0,0.0
California,Kern,06029,24426.0,117462.0,65890.0,17548.0,319.0,0.0,0.0,0.0,0.0,0.0
California,Kings,06031,317279.0,81273.0,270944.0,81532.0,1261.0,0.0,0.0,0.0,2436.0,10935.0
California,Lake,06033,6108.0,6540.0,5008.0,0.0,0.0,0.0,0.0,0.0,0.0,0.0
California,Lassen,06035,505.0,0.0,588.0,448.0,0.0,0.0,0.0,0.0,0.0,0.0
California,Los Angeles,06037,0.0,0.0,0.0,0.0,0.0,0.0,0.0,0.0,0.0,0.0
California,Madera,06039,0.0,0.0,0.0,0.0,0.0,0.0,0.0,0.0,0.0,0.0
California,Marin,06041,23263.0,25847.38,0.0,2407.0,0.0,0.0,0.0,0.0,0.0,0.0
California,Mariposa,06043,0.0,0.0,0.0,0.0,0.0,0.0,0.0,0.0,0.0,0.0
California,Mendocino,06045,0.0,0.0,0.0,0.0,0.0,0.0,0.0,0.0,0.0,0.0
California,Merced,06047,1664924.0,2429905.0,2131094.0,1036996.0,954.0,645229.0,0.0,5048.0,4689.0,0.0
California,Modoc,06049,23417.0,23814.0,22837.0,38013.0,24636.0,0.0,0.0,0.0,0.0,0.0
California,Mono,06051,0.0,0.0,0.0,0.0,0.0,0.0,0.0,0.0,0.0,0.0
California,Monterey,06053,82.0,89835.0,4629.0,74.0,0.0,2011.0,65470.0,78988.0,83043.0,0.0
California,Napa,06055,0.0,0.0,0.0,0.0,0.0,0.0,0.0,0.0,0.0,0.0
California,Nevada,06057,0.0,0.0,0.0,0.0,0.0,0.0,0.0,0.0,0.0,0.0
California,Orange,06059,0.0,0.0,0.0,0.0,0.0,0.0,0.0,0.0,0.0,0.0
California,Placer,06061,69703.0,78295.0,365182.0,20583.0,0.0,0.0,0.0,0.0,0.0,156.0
California,Plumas,06063,0.0,0.0,0.0,0.0,0.0,0.0,0.0,0.0,0.0,0.0
California,Riverside,06065,14318.0,2937.0,116411.0,1413.0,515.0,166657.0,27947.0,9661.0,0.0,0.0
California,Sacramento,06067,1679133.0,1868052.85,2084059.0,1040508.0,4663.0,20424.0,0.0,448.0,1221.0,24658.0
California,San Benito,06069,106313.0,45836.0,42204.0,17443.0,116.0,3537.0,284.0,2677.0,1880.0,0.0
California,San Bernardino,06071,0.0,0.0,0.0,0.0,0.0,0.0,0.0,0.0,0.0,0.0
California,San Diego,06073,0.0,0.0,0.0,0.0,0.0,0.0,0.0,0.0,0.0,0.0
California,San Francisco,06075,0.0,0.0,0.0,0.0,0.0,0.0,0.0,0.0,0.0,0.0
California,San Joaquin,06077,2630495.88,3804563.0,3216011.0,907627.0,1422646.0,0.0,0.0,0.0,0.0,283.0
California,San Luis Obispo,06079,0.0,110.0,1081.0,732.0,0.0,0.0,0.0,0.0,0.0,0.0
California,San Mateo,06081,0.0,0.0,0.0,0.0,0.0,0.0,0.0,0.0,0.0,0.0
California,Santa Barbara,06083,0.0,0.0,0.0,0.0,0.0,0.0,0.0,0.0,0.0,0.0
California,Santa Clara,06085,0.0,0.0,1641.0,0.0,0.0,5530.0,0.0,0.0,0.0,0.0
California,Santa Cruz,06087,0.0,0.0,0.0,0.0,0.0,0.0,0.0,0.0,0.0,0.0
California,Shasta,06089,0.0,15198.0,24997.0,8851.0,100.0,0.0,0.0,0.0,0.0,0.0
California,Sierra,06091,0.0,0.0,0.0,0.0,0.0,0.0,0.0,0.0,0.0,0.0
California,Siskiyou,06093,86632.0,122026.0,67852.0,139079.0,23531.0,902.0,2875.0,0.0,0.0,0.0
California,Solano,06095,1284348.0,2005803.0,2372145.81,1635387.0,618834.0,207.0,0.0,2254.0,1770.0,0.0
California,Sonoma,06097,1165.0,84414.0,35969.0,43027.0,642.0,0.0,0.0,0.0,0.0,0.0
California,Stanislaus,06099,49843.0,46795.0,33560.0,9325.0,9730.0,0.0,0.0,0.0,0.0,0.0
California,Sutter,06101,218034.0,357817.0,7200520.92,438072.0,23294.0,1255.0,0.0,0.0,135.0,16046.0
California,Tehama,06103,65827.0,185285.0,167877.0,65736.0,1369.0,11110.0,7934.0,0.0,0.0,0.0
California,Trinity,06105,0.0,0.0,0.0,0.0,0.0,0.0,0.0,0.0,0.0,0.0
California,Tulare,06107,264855.0,263755.0,222472.0,155684.0,0.0,1216259.0,0.0,4640.0,0.0,7274.0
California,Tuolumne,06109,0.0,0.0,0.0,0.0,0.0,0.0,0.0,0.0,0.0,0.0
California,Ventura,06111,0.0,0.0,0.0,0.0,0.0,0.0,0.0,0.0,0.0,0.0
California,Yolo,06113,2011132.74,1836720.0,1944124.0,702056.48,3203.0,282.0,0.0,0.0,0.0,0.0
California,Yuba,06115,108897.0,110601.0,1995520.0,76895.0,34.0,0.0,0.0,0.0,0.0,0.0
Colorado,Adams,08001,195551.0,1148248.0,1131467.45,964623.0,967386.0,172202.0,396214.0,93057.0,483623.0,59.0
Colorado,Alamosa,08003,6670.0,182976.0,198080.0,178480.0,5673.0,16152.0,2276.0,10853.0,0.0,1619.0
Colorado,Arapahoe,08005,96643.0,180757.0,13846.0,2495.0,120209.0,16054.0,37611.0,20425.0,367046.0,1861.0
Colorado,Archuleta,08007,0.0,0.0,0.0,0.0,0.0,0.0,0.0,0.0,0.0,0.0
Colorado,Baca,08009,2844261.78,2328323.0,1353683.0,585314.0,2757.0,174204.0,41151.0,24060.0,1365988.0,1069927.0
Colorado,Bent,08011,753797.0,646440.0,98314.0,85258.0,25144.0,17340.0,25862.0,1332.0,72832.0,54294.0
Colorado,Boulder,08013,104351.0,127699.0,108092.12,32976.0,88648.0,15580.0,23507.0,0.0,0.0,68.0
Colorado,Broomfield,08014,0.0,0.0,0.0,0.0,0.0,0.0,0.0,953.0,2052.0,0.0
Colorado,Chaffee,08015,0.0,0.0,0.0,0.0,0.0,0.0,0.0,0.0,0.0,0.0
Colorado,Cheyenne,08017,1677323.0,691187.0,645888.7999999999,527869.0,680624.0,326340.17,423034.0,3921.0,540548.0,239222.0
Colorado,Clear Creek,08019,0.0,0.0,0.0,0.0,0.0,0.0,0.0,0.0,0.0,0.0
Colorado,Conejos,08021,124970.0,107585.0,132805.0,91568.09,88941.0,51163.0,17021.0,2274.0,0.0,0.0
Colorado,Costilla,08023,47274.0,60206.0,57306.0,32280.0,34822.0,1632.0,6045.0,4709.0,0.0,0.0
Colorado,Crowley,08025,42261.0,9975.0,206756.0,3710.0,5451.0,363.0,74212.0,1063.0,1063.0,70380.0
Colorado,Custer,08027,411.0,61.0,5.0,0.0,380.0,366.0,144.0,0.0,0.0,0.0
Colorado,Delta,08029,235384.0,243609.0,227020.0,159312.0,15437.0,120715.0,25941.0,0.0,4293.0,6994.0
Colorado,Denver,08031,37752.0,49823.0,47905.0,4225.0,6302.0,0.0,0.0,0.0,0.0,0.0
Colorado,Dolores,08033,1895.0,3299.0,42452.0,2515.0,37906.0,27299.0,24280.0,3284.0,521.0,412.0
Colorado,Douglas,08035,2750.0,2945.0,1989.0,2116.0,2130.0,8.0,460.0,0.0,198.0,0.0
Colorado,Eagle,08037,0.0,0.0,0.0,0.0,0.0,1058.0,588.0,0.0,14.0,7.0
Colorado,Elbert,08039,12271.0,4190.0,12821.0,39199.0,35359.0,177.0,4270.0,90.0,830.0,8282.0
Colorado,El Paso,08041,11520.0,1456.0,345.0,0.0,566.0,614.0,7407.0,0.0,3342.0,1375.0
Colorado,Fremont,08043,0.0,0.0,0.0,0.0,0.0,0.0,0.0,0.0,0.0,0.0
Colorado,Garfield,08045,9384.9,4780.0,9398.0,7962.0,3293.0,9837.0,10883.0,0.0,0.0,5039.0
Colorado,Gilpin,08047,0.0,0.0,0.0,0.0,0.0,0.0,0.0,0.0,0.0,0.0
Colorado,Grand,08049,0.0,0.0,0.0,0.0,0.0,0.0,0.0,0.0,0.0,0.0
Colorado,Gunnison,08051,0.0,0.0,0.0,0.0,0.0,0.0,0.0,0.0,0.0,0.0
Colorado,Hinsdale,08053,0.0,0.0,0.0,0.0,0.0,0.0,0.0,0.0,0.0,0.0
Colorado,Huerfano,08055,10013.0,2416.0,2082.0,0.0,0.0,0.0,0.0,0.0,0.0,0.0
Colorado,Jackson,08057,0.0,0.0,0.0,0.0,0.0,0.0,0.0,0.0,0.0,0.0
Colorado,Jefferson,08059,0.0,0.0,0.0,0.0,0.0,0.0,0.0,0.0,0.0,0.0
Colorado,Kiowa,08061,2341164.0,47628.0,0.0,0.0,26284.0,0.0,55166.0,723038.0,1217176.0,1522589.0
Colorado,Kit Carson,08063,10273152.84,6093524.0,4848280.89,34465.0,2838607.0,200004.0,526466.0,37593.0,1052817.0,205480.0
Colorado,Lake,08065,0.0,0.0,0.0,0.0,0.0,0.0,0.0,0.0,0.0,0.0
Colorado,La Plata,08067,22530.0,18242.0,21814.0,9838.0,7472.0,220.0,912.0,4313.0,1605.0,26.0
Colorado,Larimer,08069,480842.0,509109.0,410210.0,35424.0,12265.0,10.0,1947.0,0.0,55.0,284.0
Colorado,Las Animas,08071,40241.0,3937.8,4169.0,1380.0,0.0,1157.0,17616.0,0.0,16964.0,24039.0
Colorado,Lincoln,08073,27414.0,149997.0,12481.0,132145.0,157375.0,0.0,54591.0,1144.0,293481.0,10537.0
Colorado,Logan,08075,4107644.0,5361100.0,3600956.17,590810.0,20993.0,1719062.0,345646.0,526.0,466791.0,0.0
Colorado,Mesa,08077,224836.0,333033.0,316297.0,183753.0,2878.0,12671.0,697.0,0.0,8014.0,0.0
Colorado,Mineral,08079,0.0,0.0,0.0,0.0,0.0,0.0,0.0,0.0,0.0,0.0
Colorado,Moffat,08081,2666.0,2841.0,77959.0,13401.0,80141.0,1267.0,8144.0,4497.0,0.0,0.0
Colorado,Montezuma,08083,45264.0,41306.0,34627.9,29375.0,7851.0,25293.0,7872.0,44.0,20085.0,17009.0
Colorado,Montrose,08085,44399.0,65573.0,58216.0,1445.0,1393.0,10104.0,65.0,0.0,794.0,0.0
Colorado,Morgan,08087,5348992.300000001,5233740.0,255897.0,370574.0,3823550.0,85665.0,177902.0,3634.0,416862.63,0.0
Colorado,Otero,08089,1357434.0,1663950.0,630011.72,231102.0,1126151.58,81310.0,20853.0,52184.0,66233.0,96006.0
Colorado,Ouray,08091,0.0,0.0,0.0,0.0,0.0,0.0,0.0,0.0,0.0,0.0
Colorado,Park,08093,0.0,0.0,0.0,0.0,0.0,0.0,0.0,0.0,0.0,0.0
Colorado,Phillips,08095,2578349.0,6483314.0,5026512.2299999995,10031.0,60724.0,22952.0,262255.0,484.0,2455233.0,2428494.89
Colorado,Pitkin,08097,0.0,0.0,0.0,0.0,0.0,0.0,0.0,0.0,0.0,0.0
Colorado,Prowers,08099,1124698.0,1577093.0,196100.0,140238.0,1115787.0,199616.0,126347.0,36348.0,1037855.0,945438.0
Colorado,Pueblo,08101,273904.97,435346.0,412440.0,181198.0,255446.0,62083.0,19251.0,935.0,9049.0,277786.0
Colorado,Rio Blanco,08103,19252.0,419.0,20833.0,11578.0,361.0,8.0,475.0,91.0,0.0,18.0
Colorado,Rio Grande,08105,29460.0,346427.0,336500.0,352118.0,52776.0,136102.0,107230.0,110024.0,0.0,490.0
Colorado,Routt,08107,6215.0,6425.0,95808.0,46447.07,5824.0,8.0,8212.0,4208.0,0.0,894.0
Colorado,Saguache,08109,6977.3,7571.5,482593.5,37285.2,4832.5,215055.0,199277.0,191786.0,0.0,205152.0
Colorado,San Juan,08111,0.0,0.0,0.0,0.0,0.0,0.0,0.0,0.0,0.0,0.0
Colorado,San Miguel,08113,3085.0,832.0,2891.0,2125.0,0.0,2467.0,1191.0,2489.0,0.0,0.0
Colorado,Sedgwick,08115,1352302.0,3704758.0,3096280.68,72980.0,89054.0,1030.0,23501.0,0.0,503266.0,6963.0
Colorado,Summit,08117,0.0,0.0,0.0,0.0,0.0,0.0,0.0,0.0,0.0,0.0
Colorado,Teller,08119,0.0,0.0,0.0,0.0,0.0,0.0,0.0,0.0,0.0,0.0
Colorado,Washington,08121,1550362.0,2501639.68,2251675.52,2345510.0,2070219.0,244423.0,374585.0,48230.0,1820726.0,168.0
Colorado,Weld,08123,5501275.6,5810996.0,5188614.850000001,461989.0,2963949.0,63651.0,151558.0,31320.0,938454.0,0.0
Colorado,Yuma,08125,11982759.0,15504682.0,14148932.22,1166028.34,883559.0,1036326.0,395268.54,164319.0,264855.0,58667.0
Connecticut,Fairfield,09001,622.0,622.0,562.0,0.0,0.0,0.0,0.0,0.0,0.0,0.0
Connecticut,Hartford,09003,88.0,0.0,39956.0,0.0,14382.0,0.0,6768.0,0.0,0.0,0.0
Connecticut,Litchfield,09005,26939.0,19613.0,65144.0,200.0,72575.0,0.0,0.0,0.0,0.0,0.0
Connecticut,Middlesex,09007,28667.0,32392.0,7821.0,0.0,0.0,0.0,0.0,0.0,0.0,0.0
Connecticut,New Haven,09009,29592.0,36261.0,8930.0,16198.0,0.0,0.0,0.0,0.0,0.0,0.0
Connecticut,New London,09011,95113.0,120561.0,113133.0,0.0,0.0,0.0,0.0,0.0,44.0,123.0
Connecticut,Tolland,09013,208399.44,204568.0,152883.0,0.0,0.0,0.0,231.0,0.0,0.0,0.0
Connecticut,Windham,09015,237848.0,152359.0,0.0,0.0,0.0,0.0,848.0,0.0,0.0,0.0
Delaware,Kent,10001,4997.0,2061668.0,2791158.0,17718.0,2656346.0,32342.0,58.0,0.0,0.0,0.0
Delaware,New Castle,10003,0.0,522850.0,1192336.0,0.0,172319.0,402813.0,0.0,0.0,0.0,0.0
Delaware,Sussex,10005,0.0,4851343.319999999,6206056.83,34396.0,3101827.0,1103678.0,684.0,0.0,0.0,0.0
District Of Columbia,District of Columbia,11001,0.0,0.0,0.0,0.0,0.0,0.0,0.0,0.0,0.0,0.0
Florida,Alachua,12001,143702.0,161932.0,150672.0,86641.0,1622.0,652.0,716.0,0.0,0.0,0.0
Florida,Baker,12003,0.0,226.0,5557.0,219.0,86.0,0.0,0.0,0.0,0.0,0.0
Florida,Bay,12005,0.0,0.0,0.0,0.0,0.0,0.0,0.0,0.0,0.0,0.0
Florida,Bradford,12007,162.0,0.0,0.0,0.0,0.0,0.0,0.0,0.0,0.0,0.0
Florida,Brevard,12009,0.0,0.0,0.0,0.0,0.0,0.0,0.0,0.0,0.0,0.0
Florida,Broward,12011,0.0,0.0,0.0,0.0,0.0,0.0,0.0,0.0,0.0,0.0
Florida,Calhoun,12013,95392.0,122233.0,93745.0,40515.0,515.0,44578.0,4612.0,2992.0,2093.0,2072.5
Florida,Charlotte,12015,0.0,0.0,0.0,0.0,0.0,0.0,0.0,0.0,0.0,0.0
Florida,Citrus,12017,0.0,0.0,0.0,0.0,0.0,0.0,0.0,0.0,0.0,0.0
Florida,Clay,12019,0.0,0.0,0.0,0.0,0.0,0.0,0.0,0.0,0.0,0.0
Florida,Collier,12021,0.0,0.0,0.0,0.0,0.0,0.0,0.0,0.0,0.0,0.0
Florida,Columbia,12023,195756.0,204883.0,174778.0,23628.0,619.0,0.0,0.0,37064.0,0.0,0.0
Florida,DeSoto,12027,0.0,0.0,0.0,0.0,0.0,0.0,0.0,0.0,0.0,0.0
Florida,Dixie,12029,0.0,0.0,0.0,0.0,0.0,0.0,0.0,0.0,0.0,0.0
Florida,Duval,12031,0.0,0.0,0.0,0.0,0.0,0.0,0.0,0.0,0.0,0.0
Florida,Escambia,12033,58957.0,244611.0,220145.0,36436.0,104822.0,39243.0,73699.0,1212.0,1216.0,110751.5
Florida,Flagler,12035,0.0,7054.0,5729.0,0.0,0.0,0.0,0.0,0.0,0.0,0.0
Florida,Franklin,12037,0.0,0.0,0.0,0.0,0.0,0.0,0.0,0.0,0.0,0.0
Florida,Gadsden,12039,6142.0,9166.0,15570.0,10278.0,15494.0,9043.0,37553.0,37633.0,0.0,0.0
Florida,Gilchrist,12041,424.0,1196.0,43426.0,4074.0,211.0,0.0,0.0,0.0,0.0,0.0
Florida,Glades,12043,0.0,0.0,0.0,0.0,0.0,0.0,0.0,0.0,0.0,0.0
Florida,Gulf,12045,0.0,0.0,0.0,0.0,0.0,0.0,0.0,0.0,0.0,0.0
Florida,Hamilton,12047,206002.0,182920.0,245984.0,15559.0,247.0,958.0,812.0,1063.0,794.0,1217.0
Florida,Hardee,12049,0.0,0.0,0.0,0.0,0.0,0.0,0.0,0.0,0.0,0.0
Florida,Hendry,12051,0.0,0.0,0.0,0.0,0.0,0.0,0.0,0.0,0.0,0.0
Florida,Hernando,12053,0.0,0.0,0.0,0.0,0.0,0.0,0.0,0.0,0.0,0.0
Florida,Highlands,12055,0.0,0.0,0.0,0.0,0.0,0.0,0.0,0.0,0.0,0.0
Florida,Hillsborough,12057,0.0,0.0,0.0,0.0,0.0,0.0,0.0,0.0,0.0,0.0
Florida,Holmes,12059,34295.0,31224.0,21376.0,32382.0,26511.0,45287.0,67.0,0.0,0.0,15839.0
Florida,Indian River,12061,0.0,0.0,0.0,0.0,0.0,0.0,0.0,0.0,0.0,0.0
Florida,Jackson,12063,75246.0,139888.0,324395.0,61361.0,388953.0,72859.0,28270.0,15795.0,11810.0,36044.73
Florida,Jefferson,12065,45663.0,117800.0,134716.0,82924.0,2377.0,78178.0,19619.0,0.0,0.0,1204.0
Florida,Lafayette,12067,0.0,8406.0,7694.0,7271.0,1471.0,561.0,0.0,0.0,0.0,0.0
Florida,Lake,12069,0.0,0.0,0.0,0.0,0.0,0.0,0.0,0.0,0.0,0.0
Florida,Lee,12071,0.0,0.0,0.0,0.0,0.0,0.0,0.0,0.0,0.0,0.0
Florida,Leon,12073,9805.0,12404.0,1180.0,11104.0,0.0,10736.0,5040.0,0.0,0.0,0.0
Florida,Levy,12075,0.0,3425.0,13048.0,10000.0,554.0,0.0,0.0,0.0,0.0,0.0
Florida,Liberty,12077,0.0,0.0,0.0,0.0,0.0,0.0,0.0,0.0,0.0,0.0
Florida,Madison,12079,118042.0,137817.0,155469.0,17201.0,664.0,397.0,1628.0,0.0,0.0,57038.0
Florida,Manatee,12081,0.0,0.0,0.0,0.0,0.0,0.0,0.0,0.0,0.0,0.0
Florida,Marion,12083,0.0,196.0,0.0,173.0,0.0,0.0,0.0,0.0,0.0,0.0
Florida,Martin,12085,0.0,0.0,0.0,0.0,0.0,0.0,0.0,0.0,0.0,0.0
Florida,Miami-Dade,12086,0.0,0.0,0.0,0.0,0.0,0.0,0.0,0.0,0.0,0.0
Florida,Monroe,12087,0.0,0.0,0.0,0.0,0.0,0.0,0.0,0.0,0.0,0.0
Florida,Nassau,12089,246.0,4041.0,3597.0,0.0,0.0,0.0,0.0,0.0,0.0,0.0
Florida,Okaloosa,12091,9745.0,53856.0,24625.0,9272.0,87.0,23342.0,1528.0,0.0,0.0,0.0
Florida,Okeechobee,12093,0.0,0.0,0.0,0.0,0.0,0.0,0.0,0.0,0.0,0.0
Florida,Orange,12095,0.0,0.0,0.0,0.0,0.0,0.0,0.0,0.0,0.0,0.0
Florida,Osceola,12097,0.0,0.0,0.0,0.0,0.0,0.0,0.0,0.0,0.0,0.0
Florida,Palm Beach,12099,0.0,0.0,0.0,0.0,0.0,0.0,0.0,0.0,0.0,0.0
Florida,Pasco,12101,0.0,0.0,0.0,0.0,0.0,0.0,0.0,0.0,0.0,0.0
Florida,Pinellas,12103,0.0,0.0,0.0,0.0,0.0,0.0,0.0,0.0,0.0,0.0
Florida,Polk,12105,0.0,0.0,0.0,0.0,0.0,0.0,0.0,0.0,0.0,0.0
Florida,Putnam,12107,909.0,100649.0,55368.0,683.0,262.0,0.0,0.0,0.0,0.0,0.0
Florida,St. Johns,12109,0.0,0.0,0.0,0.0,0.0,0.0,0.0,0.0,0.0,0.0
Florida,St. Lucie,12111,0.0,0.0,0.0,0.0,0.0,0.0,0.0,0.0,0.0,0.0
Florida,Santa Rosa,12113,887.0,37755.0,26121.0,5138.0,1152.0,6695.0,7047.0,0.0,0.0,7845.5
Florida,Sarasota,12115,0.0,0.0,0.0,0.0,0.0,0.0,0.0,0.0,0.0,0.0
Florida,Seminole,12117,0.0,0.0,0.0,0.0,0.0,0.0,0.0,0.0,0.0,0.0
Florida,Sumter,12119,5858.0,5530.0,5177.0,4434.0,1682.0,0.0,0.0,0.0,0.0,0.0
Florida,Suwannee,12121,103771.0,141266.0,91332.0,63300.0,629.0,27571.0,1045.0,0.0,0.0,0.0
Florida,Taylor,12123,2650.0,2650.0,2179.0,0.0,0.0,0.0,0.0,0.0,0.0,0.0
Florida,Union,12125,1567.0,871.0,21180.0,803.0,42.0,0.0,0.0,0.0,0.0,0.0
Florida,Volusia,12127,0.0,0.0,0.0,0.0,0.0,0.0,0.0,0.0,0.0,0.0
Florida,Wakulla,12129,6221.0,6296.0,78.0,64.0,24.0,0.0,0.0,0.0,0.0,0.0
Florida,Walton,12131,1983.0,68128.0,65329.0,17104.0,189.0,34650.0,480.0,0.0,0.0,8834.0
Florida,Washington,12133,81008.0,71673.0,62282.0,13311.0,15633.26,26321.0,237.0,86.0,0.0,276.0
Georgia,Appling,13001,1009.0,140327.0,234365.91,57286.0,50929.0,33680.0,4700.0,0.0,0.0,17809.0
Georgia,Atkinson,13003,109009.0,140467.0,124296.0,3555.0,27112.0,23131.0,0.0,5.0,34566.0,20827.0
Georgia,Bacon,13005,125677.0,248058.0,252524.0,30423.0,33453.0,72955.0,11661.0,4.0,0.0,1193.0
Georgia,Baker,13007,466356.0,456295.0,453385.0,4532.0,345419.0,1554.0,0.0,0.0,1039.0,1082.0
Georgia,Baldwin,13009,4424.0,8940.0,10073.0,6502.0,45.0,2428.0,0.0,0.0,0.0,2818.0
Georgia,Banks,13011,23.0,9684.0,6935.0,4361.0,1116.0,0.0,0.0,0.0,0.0,0.0
Georgia,Barrow,13013,6726.0,5371.0,10113.0,1319.0,150.0,294.0,0.0,10.0,0.0,146.0
Georgia,Bartow,13015,145767.0,169022.0,57234.0,16168.0,9814.0,61604.0,0.0,130.0,0.0,218.0
Georgia,Ben Hill,13017,175867.0,173005.0,163664.0,3677.0,7453.0,18464.0,5004.0,2.0,1858.0,1253.0
Georgia,Berrien,13019,80071.0,60962.0,82148.0,627.0,2133.0,12834.0,2330.0,0.0,5321.0,21971.0
Georgia,Bibb,13021,11235.0,32697.0,45103.0,20195.0,264.0,3531.0,0.0,0.0,0.0,11.0
Georgia,Bleckley,13023,10687.0,561947.0,571664.8,238303.0,27727.0,29759.0,50975.0,23.0,0.0,2756.0
Georgia,Brantley,13025,16519.0,15146.0,6957.0,298.0,7332.0,11143.0,0.0,0.0,0.0,0.0
Georgia,Brooks,13027,527242.0,588422.0,599330.0,285636.0,6873.0,2393.0,29.0,0.0,0.0,0.0
Georgia,Bryan,13029,17056.0,18444.0,33182.0,2336.0,0.0,25404.0,0.0,0.0,0.0,1547.0
Georgia,Bulloch,13031,39631.0,496367.0,965390.0,689531.0,606076.0,402884.0,1202.0,20.0,158554.0,1628.0
Georgia,Burke,13033,963305.1,1365002.0,1577190.0,221551.0,160387.0,29451.0,27565.0,0.0,0.0,510.0
Georgia,Butts,13035,3283.0,9855.0,9751.0,2903.0,64.0,113.0,0.0,0.0,0.0,0.0
Georgia,Calhoun,13037,1613619.17,1822358.0,1709633.0,154164.0,458054.0,819.0,0.0,0.0,16418.0,32061.0
Georgia,Camden,13039,0.0,0.0,0.0,0.0,0.0,0.0,0.0,0.0,0.0,0.0
Georgia,Candler,13043,104812.0,208474.0,215638.0,38315.0,37685.0,5366.0,11.0,4.0,75337.0,394.0
Georgia,Carroll,13045,0.0,0.0,0.0,0.0,0.0,0.0,0.0,0.0,0.0,0.0
Georgia,Catoosa,13047,33.0,22572.0,18533.0,4092.0,10.0,0.0,0.0,0.0,0.0,0.0
Georgia,Charlton,13049,0.0,0.0,21.0,123.0,0.0,994.0,0.0,0.0,0.0,0.0
Georgia,Chatham,13051,0.0,0.0,0.0,0.0,0.0,757.0,0.0,0.0,0.0,0.0
Georgia,Chattahoochee,13053,0.0,0.0,0.0,0.0,0.0,0.0,0.0,0.0,0.0,0.0
Georgia,Chattooga,13055,2760.0,10676.0,75304.0,7643.0,2137.0,137.0,0.0,149.0,0.0,627.0
Georgia,Cherokee,13057,0.0,0.0,0.0,0.0,0.0,0.0,0.0,0.0,0.0,0.0
Georgia,Clarke,13059,15322.0,12304.0,17992.0,4107.0,1422.0,1610.0,0.0,0.0,0.0,1695.0
Georgia,Clay,13061,202412.0,252770.0,200376.0,68830.0,130019.0,0.0,0.0,0.0,0.0,486.0
Georgia,Clayton,13063,0.0,0.0,0.0,0.0,0.0,0.0,0.0,0.0,0.0,0.0
Georgia,Clinch,13065,3638.0,2969.0,431.0,75.0,0.0,3836.0,0.0,0.0,0.0,1375.0
Georgia,Cobb,13067,0.0,0.0,0.0,0.0,0.0,0.0,0.0,0.0,0.0,0.0
Georgia,Coffee,13069,404707.0,291669.0,520608.0,47136.0,5034.0,31872.0,1960.0,153.0,979.0,3446.0
Georgia,Colquitt,13071,35140.0,384020.0,571812.0,14379.0,1515606.0,0.0,0.0,0.0,10823.0,238.0
Georgia,Columbia,13073,0.0,0.0,0.0,0.0,0.0,0.0,0.0,0.0,0.0,0.0
Georgia,Cook,13075,77918.0,117564.0,86492.0,26620.0,4537.0,4531.0,0.0,0.0,11218.0,2757.0
Georgia,Coweta,13077,0.0,0.0,0.0,0.0,0.0,0.0,0.0,0.0,0.0,0.0
Georgia,Crawford,13079,9266.0,30733.0,42429.0,21935.0,4935.0,992.0,0.0,0.0,0.0,0.0
Georgia,Crisp,13081,144650.0,210542.0,236343.5,16103.0,7965.0,0.0,0.0,0.0,0.0,0.0
Georgia,Dade,13083,0.0,8572.0,8952.0,550.0,0.0,816.0,0.0,0.0,0.0,0.0
Georgia,Dawson,13085,0.0,0.0,0.0,0.0,0.0,0.0,0.0,0.0,0.0,0.0
Georgia,Decatur,13087,1238413.0,1604465.0,1389360.0,119640.0,1188551.0,10654.0,982.0,0.0,493.0,6509.0
Georgia,DeKalb,13089,0.0,0.0,0.0,0.0,0.0,0.0,0.0,0.0,0.0,0.0
Georgia,Dodge,13091,483797.0,290659.0,531002.76,11680.0,44657.0,163793.3,108620.7,0.0,1426.0,112.0
Georgia,Dooly,13093,292552.0,401737.0,661260.0,159200.0,439912.0,3966.0,0.0,0.0,1147.0,1087.0
Georgia,Dougherty,13095,203411.0,154168.0,148418.0,48301.0,50487.0,0.0,0.0,0.0,0.0,4827.0
Georgia,Douglas,13097,0.0,0.0,0.0,0.0,0.0,0.0,0.0,0.0,0.0,0.0
Georgia,Early,13099,404674.0,1037262.0,1077530.58,214095.0,761623.0,60397.0,4617.0,0.0,0.0,23134.0
Georgia,Echols,13101,35931.0,45106.0,55692.0,20034.0,70.0,26374.0,0.0,0.0,0.0,27165.0
Georgia,Effingham,13103,1323.0,63684.0,108698.0,71666.0,40389.0,150966.0,90576.0,0.0,0.0,85.0
Georgia,Elbert,13105,0.0,799.0,336.0,524.0,0.0,0.0,0.0,0.0,0.0,0.0
Georgia,Emanuel,13107,170656.0,229789.0,159901.0,22677.0,32973.0,46580.0,146.0,21.0,14059.0,1126.0
Georgia,Evans,13109,100185.0,100128.0,86972.0,6084.0,195.0,49706.0,34.0,0.0,0.0,348.0
Georgia,Fannin,13111,585.0,437.0,11879.0,94.0,0.0,0.0,0.0,0.0,0.0,0.0
Georgia,Fayette,13113,336.0,1020.0,1299.0,747.0,0.0,0.0,0.0,0.0,0.0,0.0
Georgia,Floyd,13115,51879.0,159265.0,119350.0,6007.0,1537.0,13788.0,0.0,0.0,0.0,171.0
Georgia,Forsyth,13117,0.0,0.0,0.0,0.0,0.0,0.0,0.0,0.0,0.0,0.0
Georgia,Franklin,13119,728.0,16406.0,21711.0,12149.0,355.0,7252.0,0.0,90.0,0.0,582.0
Georgia,Fulton,13121,0.0,0.0,0.0,0.0,0.0,0.0,0.0,0.0,0.0,0.0
Georgia,Gilmer,13123,2447.0,1467.0,22694.0,516.0,224.0,0.0,0.0,0.0,0.0,0.0
Georgia,Glascock,13125,9750.0,23556.0,10060.0,3725.0,0.0,0.0,0.0,0.0,0.0,0.0
Georgia,Glynn,13127,0.0,0.0,0.0,0.0,0.0,0.0,0.0,0.0,0.0,0.0
Georgia,Gordon,13129,0.0,110977.0,168512.0,79054.0,394.0,48619.0,226.0,286.0,0.0,780.0
Georgia,Grady,13131,571955.0,198774.0,797494.0,30673.0,740385.08,994.0,0.0,0.0,0.0,11622.0
Georgia,Greene,13133,2727.0,10816.0,5815.0,4202.0,1205.0,3046.0,0.0,0.0,0.0,2091.0
Georgia,Gwinnett,13135,320.0,237.0,325.0,0.0,0.0,0.0,0.0,0.0,0.0,0.0
Georgia,Habersham,13137,0.0,0.0,0.0,0.0,0.0,0.0,0.0,0.0,0.0,0.0
Georgia,Hall,13139,0.0,1636.0,0.0,29.0,0.0,0.0,0.0,0.0,0.0,0.0
Georgia,Hancock,13141,1436.0,12123.0,12852.0,7282.0,0.0,677.0,0.0,0.0,0.0,0.0
Georgia,Haralson,13143,14667.0,15615.0,25878.0,4029.0,0.0,8616.0,0.0,0.0,0.0,0.0
Georgia,Harris,13145,0.0,0.0,0.0,0.0,0.0,0.0,0.0,0.0,0.0,0.0
Georgia,Hart,13147,9845.0,53933.0,143868.0,74487.0,3051.0,91583.0,0.0,360.0,0.0,1211.0
Georgia,Heard,13149,0.0,0.0,0.0,0.0,0.0,0.0,0.0,0.0,0.0,0.0
Georgia,Henry,13151,845.0,16946.0,22647.0,6951.0,435.0,4279.0,0.0,0.0,0.0,0.0
Georgia,Houston,13153,78400.0,171370.0,350755.0,148177.0,7496.0,12326.0,0.0,0.0,298.0,955.0
Georgia,Irwin,13155,398891.0,336593.0,312821.0,135542.0,11653.0,53566.0,796.0,0.0,33720.0,889.0
Georgia,Jackson,13157,24781.0,24667.0,27393.0,868.0,186.0,0.0,0.0,0.0,0.0,33.0
Georgia,Jasper,13159,0.0,0.0,0.0,0.0,0.0,0.0,0.0,0.0,0.0,0.0
Georgia,Jeff Davis,13161,87712.0,181201.0,248048.0,3967.0,758.0,6442.0,0.0,0.0,0.0,454.0
Georgia,Jefferson,13163,1022111.8099999999,1283054.0,1344188.0,230186.0,151570.0,117528.0,2935.0,0.0,48268.0,7178.0
Georgia,Jenkins,13165,268554.0,400755.0,339771.0,151857.0,50898.0,40605.0,35348.0,0.0,141.0,1252.0
Georgia,Johnson,13167,78236.0,335601.0,349938.0,200635.0,6061.0,48744.0,407.0,462.0,2529.0,2898.0
Georgia,Jones,13169,1525.0,0.0,650.0,267.0,0.0,98.0,0.0,0.0,0.0,460.0
Georgia,Lamar,13171,50616.0,107979.0,123559.0,63709.0,9122.0,10682.0,0.0,0.0,0.0,154.0
Georgia,Lanier,13173,20897.0,18673.0,35057.0,6126.0,0.0,11504.0,1420.0,0.0,181.0,11121.0
Georgia,Laurens,13175,284306.0,223330.0,482705.0,252848.0,86355.0,23273.0,1428.0,127.0,8832.0,907.0
Georgia,Lee,13177,890245.65,683559.0,1224601.0,105317.0,1016876.0,28845.0,18008.0,0.0,0.0,998.0
Georgia,Liberty,13179,2027.0,2244.0,2544.0,90.0,0.0,6093.0,0.0,0.0,0.0,0.0
Georgia,Lincoln,13181,257.0,335.0,3765.0,3136.0,687.0,353.0,0.0,40.0,0.0,993.0
Georgia,Long,13183,90.0,166.0,15782.0,1236.0,0.0,11213.0,0.0,0.0,0.0,0.0
Georgia,Lowndes,13185,80922.0,70413.0,88861.0,49842.0,868.0,128603.0,0.0,0.0,0.0,22054.0
Georgia,Lumpkin,13187,0.0,0.0,0.0,0.0,0.0,0.0,0.0,0.0,0.0,0.0
Georgia,McDuffie,13189,2958.0,12116.0,2864.0,0.0,0.0,0.0,0.0,0.0,0.0,1.0
Georgia,McIntosh,13191,0.0,0.0,0.0,0.0,0.0,0.0,0.0,0.0,0.0,0.0
Georgia,Macon,13193,674034.8099999999,939831.0,1063930.0,848824.0,27381.0,10164.0,239.0,0.0,0.0,10721.0
Georgia,Madison,13195,10226.0,66436.0,62995.0,78261.0,2824.0,0.0,0.0,0.0,0.0,0.0
Georgia,Marion,13197,43281.0,47519.0,113498.0,55140.0,32473.0,0.0,7.0,0.0,0.0,0.0
Georgia,Meriwether,13199,0.0,0.0,0.0,0.0,0.0,0.0,0.0,0.0,0.0,0.0
Georgia,Miller,13201,1152453.1300000001,1287930.0,1387284.0,42994.0,954931.0,7776.0,9784.0,0.0,0.0,86.0
Georgia,Mitchell,13205,1412428.0,1416794.0,1342838.0,177296.0,2316960.0,74633.0,8047.0,185.0,11289.0,1224.0
Georgia,Monroe,13207,10922.0,52111.0,69980.0,41234.0,17242.0,15945.0,0.0,0.0,0.0,0.0
Georgia,Montgomery,13209,134256.74,158408.0,97352.89,70491.0,0.0,85940.0,146.0,0.0,0.0,381.0
Georgia,Morgan,13211,32723.0,143205.87,123068.0,64401.0,9656.0,5740.0,0.0,8.0,12120.0,2634.0
Georgia,Murray,13213,0.0,7051.0,6586.0,3191.0,2901.0,8843.0,2682.0,0.0,0.0,12567.0
Georgia,Muscogee,13215,0.0,0.0,0.0,0.0,0.0,0.0,0.0,0.0,0.0,0.0
Georgia,Newton,13217,3614.0,21707.0,19843.0,8230.0,1371.0,6208.0,0.0,41.0,1215.0,1140.0
Georgia,Oconee,13219,57983.0,74709.0,65087.0,18613.0,9516.0,9177.0,0.0,136.0,0.0,3026.0
Georgia,Oglethorpe,13221,50.0,31.0,21.0,18.0,0.0,0.0,0.0,0.0,0.0,0.0
Georgia,Paulding,13223,0.0,0.0,0.0,0.0,0.0,0.0,0.0,0.0,0.0,0.0
Georgia,Peach,13225,104291.0,165377.0,313214.0,80756.0,62085.0,30483.0,0.0,0.0,0.0,943.0
Georgia,Pickens,13227,0.0,0.0,0.0,0.0,0.0,0.0,0.0,0.0,0.0,0.0
Georgia,Pierce,13229,435417.98,319854.69,532800.0,120747.0,53300.0,151611.0,24508.0,0.0,623.0,1854.0
Georgia,Pike,13231,16557.0,144240.0,151596.0,92433.0,6211.0,133.0,0.0,0.0,0.0,25.0
Georgia,Polk,13233,2656.0,21181.0,33950.0,5006.0,32.0,0.0,0.0,0.0,0.0,0.0
Georgia,Pulaski,13235,45241.0,64391.0,134542.0,59180.0,21350.0,2100.0,8762.0,0.0,0.0,215.0
Georgia,Putnam,13237,5059.0,0.0,4306.0,12.0,0.0,4996.0,0.0,0.0,0.0,41.0
Georgia,Quitman,13239,44600.0,69108.0,37508.0,9976.0,7250.0,0.0,0.0,0.0,0.0,562.0
Georgia,Rabun,13241,0.0,0.0,0.0,0.0,0.0,0.0,0.0,0.0,0.0,0.0
Georgia,Randolph,13243,837672.0,1113845.0,1153181.0,349595.0,266670.0,409.0,0.0,0.0,10877.0,34598.0
Georgia,Richmond,13245,55865.0,89372.0,37368.0,3089.0,71.0,776.0,0.0,0.0,0.0,128.0
Georgia,Rockdale,13247,53.0,100.0,97.0,0.0,0.0,0.0,0.0,0.0,0.0,0.0
Georgia,Schley,13249,15724.0,99204.0,72078.19,28942.0,32166.0,1707.0,0.0,0.0,0.0,45.0
Georgia,Screven,13251,124083.0,359164.0,464039.0,214000.0,1146.0,60615.0,7198.0,0.0,0.0,1217.0
Georgia,Seminole,13253,1371259.3800000001,1443497.0,1366893.0,83947.0,610653.05,5539.0,1448.0,46.0,0.0,1415.0
Georgia,Spalding,13255,8379.0,17700.0,22881.0,8928.0,248.0,0.0,0.0,0.0,0.0,0.0
Georgia,Stephens,13257,0.0,0.0,0.0,0.0,0.0,0.0,0.0,0.0,0.0,0.0
Georgia,Stewart,13259,49171.0,49299.0,83683.0,22087.0,6307.0,425.0,5900.0,8.0,0.0,100.0
Georgia,Sumter,13261,913057.65,1312025.09,1644729.26,375817.0,532803.0,8653.0,4826.8,31.0,575.0,218.0
Georgia,Talbot,13263,1149.0,1555.0,8880.0,3200.0,83.0,0.0,0.0,0.0,0.0,0.0
Georgia,Taliaferro,13265,501.0,0.0,9737.0,5653.0,580.0,2714.0,0.0,0.0,0.0,3469.0
Georgia,Tattnall,13267,241150.0,239201.0,358697.0,71543.0,87888.0,220270.0,5083.0,0.0,526.0,123.0
Georgia,Taylor,13269,26278.0,43685.0,43464.0,2971.0,9020.0,6435.0,3893.0,0.0,0.0,231.0
Georgia,Telfair,13271,250198.0,244611.0,257806.0,56201.0,41003.0,4720.0,855.0,0.0,0.0,838.0
Georgia,Terrell,13273,873682.4,1140817.0,1328954.0,286688.0,473021.0,56783.0,39023.0,0.0,6972.0,4635.0
Georgia,Thomas,13275,393025.0,410002.0,388714.0,301107.0,13796.0,31.0,0.0,0.0,29598.0,1632.0
Georgia,Tift,13277,147575.0,32150.0,86347.0,15551.0,60625.0,38038.0,0.0,0.0,14315.0,4699.0
Georgia,Toombs,13279,511482.0,548111.2,712526.24,129656.0,66130.0,48779.0,0.0,0.0,8056.0,7470.0
Georgia,Towns,13281,0.0,0.0,3552.0,0.0,0.0,0.0,0.0,0.0,0.0,0.0
Georgia,Treutlen,13283,74697.0,152879.0,128964.0,4612.0,7454.0,18145.0,7240.0,14805.0,0.0,57.0
Georgia,Troup,13285,0.0,0.0,0.0,0.0,0.0,0.0,0.0,0.0,0.0,0.0
Georgia,Turner,13287,212886.0,195336.0,179632.0,89724.0,294728.0,0.0,1142.0,0.0,0.0,0.0
Georgia,Twiggs,13289,100226.0,118274.0,106261.0,9879.0,1762.0,841.0,0.0,0.0,662.0,408.0
Georgia,Union,13291,3528.0,7082.0,14972.0,8.0,0.0,0.0,0.0,0.0,0.0,0.0
Georgia,Upson,13293,10919.0,11525.0,14418.0,3338.0,418.0,773.0,0.0,0.0,0.0,0.0
Georgia,Walker,13295,0.0,107612.0,111698.0,61340.0,4639.0,2157.0,0.0,0.0,0.0,8.0
Georgia,Walton,13297,91708.0,22927.0,111774.0,5033.0,4395.0,5557.0,3359.0,484.0,0.0,3093.0
Georgia,Ware,13299,12871.0,20940.0,44219.65,5738.0,19221.0,10674.0,0.0,0.0,0.0,0.0
Georgia,Warren,13301,36059.0,77591.0,49754.0,23553.0,462.0,6270.0,5330.0,161.0,0.0,554.0
Georgia,Washington,13303,174029.0,373026.0,572371.0,291119.0,243646.0,57806.0,0.0,0.0,0.0,1944.0
Georgia,Wayne,13305,38594.0,108306.0,207147.51,88790.0,43.0,111899.0,0.0,0.0,75945.0,11.0
Georgia,Webster,13307,138198.0,124027.0,99217.0,6308.0,131825.0,1122.0,0.0,0.0,1489.0,2412.0
Georgia,Wheeler,13309,206493.0,286997.0,287580.0,99593.0,43473.0,59836.0,4145.0,10.0,1261.0,4837.0
Georgia,White,13311,0.0,0.0,0.0,0.0,0.0,0.0,0.0,0.0,0.0,0.0
Georgia,Whitfield,13313,0.0,11885.0,12714.0,1072.0,4711.0,5061.0,0.0,0.0,0.0,1958.0
Georgia,Wilcox,13315,70867.9,153100.0,168346.0,10831.0,129749.0,16970.0,0.0,0.0,0.0,4476.0
Georgia,Wilkes,13317,15093.0,26954.0,63023.0,20245.0,1642.0,18320.0,0.0,0.0,0.0,4060.0
Georgia,Wilkinson,13319,4397.0,12518.0,16213.0,2637.0,167.0,262.0,0.0,0.0,0.0,71.0
Georgia,Worth,13321,694558.0,819188.0,708931.0,34240.0,936387.0,0.0,5308.0,4446.0,1102.0,2632.0
Hawaii,Hawaii,15001,0.0,0.0,0.0,0.0,0.0,0.0,0.0,0.0,0.0,0.0
Hawaii,Honolulu,15003,0.0,0.0,0.0,0.0,0.0,0.0,0.0,0.0,0.0,0.0
Hawaii,Kalawao,15005,0.0,0.0,0.0,0.0,0.0,0.0,0.0,0.0,0.0,0.0
Hawaii,Kauai,15007,0.0,0.0,0.0,0.0,0.0,0.0,0.0,0.0,0.0,0.0
Hawaii,Maui,15009,0.0,0.0,0.0,0.0,0.0,0.0,0.0,0.0,0.0,0.0
Idaho,Ada,16001,100321.0,106616.0,91140.0,26338.0,716.0,68859.0,0.0,0.0,0.0,200.0
Idaho,Adams,16003,0.0,0.0,0.0,0.0,0.0,0.0,0.0,0.0,0.0,0.0
Idaho,Bannock,16005,64227.0,22003.0,21216.0,20840.0,17535.0,0.0,2008.0,3853.0,0.0,3239.0
Idaho,Bear Lake,16007,0.0,623.0,73875.0,102851.0,12306.0,0.0,142.0,0.0,0.0,1028.0
Idaho,Benewah,16009,1593808.0,1921405.0,1546561.0,1709600.53,197363.0,45461.0,993.0,223198.0,22627.0,6126.0
Idaho,Bingham,16011,39742.0,297692.0,298996.0,164119.0,0.0,1634.0,15757.0,0.0,17178.0,5069.0
Idaho,Blaine,16013,3607.0,31627.0,79028.0,59201.0,0.0,0.0,695.0,19843.0,0.0,0.0
Idaho,Boise,16015,0.0,0.0,0.0,0.0,0.0,0.0,0.0,0.0,0.0,0.0
Idaho,Bonner,16017,512.0,8671.0,8598.0,7300.0,678.0,0.0,0.0,0.0,0.0,0.0
Idaho,Bonneville,16019,165952.0,441539.0,464741.7,675561.0,2141.0,67864.0,0.0,163677.54,197646.0,1034.0
Idaho,Boundary,16021,11301.0,850952.0,722037.0,585789.0,95962.0,0.0,0.0,0.0,0.0,0.0
Idaho,Butte,16023,0.0,61308.0,56258.0,28924.0,0.0,0.0,0.0,2056.0,0.0,0.0
Idaho,Camas,16025,0.0,0.0,2197.0,2125.0,1297.0,0.0,1948.0,238.0,88.0,0.0
Idaho,Canyon,16027,91855.0,144949.64,218228.0,10164.0,694.0,0.0,0.0,0.0,0.0,0.0
Idaho,Caribou,16029,604.0,48050.0,101614.0,236113.0,5367.0,0.0,0.0,14747.0,0.0,167915.0
Idaho,Cassia,16031,227935.0,1090161.0,945942.0,969990.0,318716.0,13957.0,0.0,2.0,345.0,12886.0
Idaho,Clark,16033,122533.0,164907.0,93194.0,86370.0,49.0,37652.0,0.0,8658.0,0.0,0.0
Idaho,Clearwater,16035,60669.0,78531.0,22042.0,55474.0,2485.0,0.0,0.0,0.0,4743.0,16037.0
Idaho,Custer,16037,0.0,0.0,0.0,0.0,0.0,0.0,0.0,0.0,0.0,0.0
Idaho,Elmore,16039,377783.0,513085.0,499179.0,121994.0,78035.0,70683.0,5500.0,0.0,3478.0,852.0
Idaho,Franklin,16041,111857.0,137294.0,285291.0,224149.0,20821.0,149397.0,2641.0,2328.0,0.0,166228.0
Idaho,Fremont,16043,33570.0,15269.0,36826.0,97408.0,213.0,0.0,0.0,0.0,0.0,0.0
Idaho,Gem,16045,213752.0,363932.0,359427.0,124153.0,177.0,1019.0,27.0,60.0,0.0,19.0
Idaho,Gooding,16047,304642.0,327850.0,270348.0,36317.0,224.0,0.0,28.0,0.0,0.0,0.0
Idaho,Idaho,16049,40728.0,3448681.0,2484532.23,3232232.0,15623.0,0.0,0.0,53749.0,20993.0,0.0
Idaho,Jefferson,16051,85353.0,210684.0,194383.0,153672.0,13.0,29965.0,0.0,0.0,0.0,0.0
Idaho,Jerome,16053,1393087.0,1416997.18,1457569.0,172510.0,0.0,252650.0,0.0,0.0,0.0,0.0
Idaho,Kootenai,16055,314593.0,681539.23,624482.0,616713.0,73385.0,21546.0,2933.0,88327.0,5601.0,29673.0
Idaho,Latah,16057,716250.0,3539977.6,2824136.6,3252565.3,347026.0,16078.0,0.0,65740.0,197313.99,12296.0
Idaho,Lemhi,16059,712.0,14460.0,12405.0,10657.0,0.0,0.0,0.0,789.0,0.0,0.0
Idaho,Lewis,16061,143843.0,2980537.0,2497343.0,2903208.0,123164.0,0.0,0.0,23377.0,143036.02,14656.0
Idaho,Lincoln,16063,234957.0,283625.0,485546.0,181253.0,0.0,36895.0,0.0,35675.0,0.0,0.0
Idaho,Madison,16065,0.0,54974.0,52672.0,4855.0,5271.0,2699.0,0.0,0.0,0.0,0.0
Idaho,Minidoka,16067,651888.0,1823747.0,1591017.0,1018616.0,347994.0,0.0,0.0,0.0,0.0,0.0
Idaho,Nez Perce,16069,1616806.0,3310595.0,2675791.0,980250.0,392955.0,23670.0,1016.0,111345.0,96184.0,16184.0
Idaho,Oneida,16071,36322.0,232735.0,7438.0,242642.0,21886.0,7446.0,914.0,0.0,33841.0,20770.0
Idaho,Owyhee,16073,65710.0,73095.0,97250.0,1407.0,0.0,0.0,0.0,0.0,0.0,0.0
Idaho,Payette,16075,190748.0,202612.0,167635.0,2360.0,2673.0,4196.0,0.0,8080.0,0.0,0.0
Idaho,Power,16077,116081.0,265565.0,78057.76,66821.0,15803.0,0.0,0.0,0.0,0.0,0.0
Idaho,Shoshone,16079,0.0,0.0,0.0,0.0,0.0,0.0,0.0,0.0,0.0,0.0
Idaho,Teton,16081,456.0,91.0,57137.0,18750.0,0.0,0.0,0.0,0.0,0.0,0.0
Idaho,Twin Falls,16083,1862662.0,2080617.0,2226869.0,1117358.33,0.0,4712.0,0.0,0.0,407.0,0.0
Idaho,Valley,16085,0.0,11283.0,11296.0,5193.0,386.0,2559.0,0.0,295.0,0.0,0.0
Idaho,Washington,16087,52681.0,91334.0,75741.0,2965.0,1677.0,698.0,0.0,0.0,0.0,0.0
Illinois,Adams,17001,2339.0,5518081.0,147149.0,343.0,406.0,25862.0,658.0,0.0,0.0,0.0
Illinois,Alexander,17003,0.0,1775862.0,1763450.0,845099.93,59127.0,573542.0,0.0,0.0,0.0,0.0
Illinois,Bond,17005,274.0,3335677.0,1517979.0,504.0,308.0,973476.0,11675.0,0.0,0.0,0.0
Illinois,Boone,17007,3191460.0,5387822.0,4301849.0,1275754.0,0.0,365979.0,5301.0,0.0,0.0,0.0
Illinois,Brown,17009,0.0,3935490.0,920216.0,3.0,100261.0,20358.0,18376.0,0.0,0.0,0.0
Illinois,Bureau,17011,15447999.5,25882605.0,19607842.0,2308.0,158.0,2808077.0,43.0,0.0,0.0,0.0
Illinois,Calhoun,17013,69758.0,1521515.13,688165.0,502956.0,21031.0,124993.0,0.0,0.0,0.0,0.0
Illinois,Carroll,17015,13379445.99,14275689.0,1618243.0,24.0,6880.0,15856.0,1546.0,0.0,0.0,0.0
Illinois,Cass,17017,91348.0,6771115.08,3485369.66,51349.0,0.0,18712.0,5089.0,0.0,0.0,0.0
Illinois,Champaign,17019,116.0,17617250.0,2635741.0,117556.0,0.0,9129329.0,139.0,0.0,0.0,0.0
Illinois,Christian,17021,0.0,19900283.0,10718883.0,70.0,0.0,2343478.18,24710.0,0.0,0.0,0.0
Illinois,Clark,17023,0.0,6938348.0,3267681.0,0.0,16810.0,2479446.0,9165.0,0.0,0.0,0.0
Illinois,Clay,17025,5518.0,5574166.0,2441156.0,4285983.0,7.0,1973715.0,6024.0,0.0,0.0,0.0
Illinois,Clinton,17027,1513.0,5099099.0,4523416.0,964413.0,22391.0,66040.0,1130.0,0.0,0.0,0.0
Illinois,Coles,17029,134.0,8130259.0,3090096.0,22782.0,45.0,3928080.0,481.0,0.0,0.0,0.0
Illinois,Cook,17031,303509.0,358565.0,4575.0,71412.0,0.0,27410.0,96.0,0.0,0.0,0.0
Illinois,Crawford,17033,23.0,6736979.0,4158470.0,62.0,5719.0,1619867.0,5437.0,0.0,0.0,0.0
Illinois,Cumberland,17035,0.0,4848376.0,3762264.43,20922.0,236.0,1286528.0,34629.0,0.0,0.0,0.0
Illinois,DeKalb,17037,15925246.58,23148353.16,8348721.0,3640739.0,64.0,1802358.0,7682.0,0.0,0.0,0.0
Illinois,De Witt,17039,9897.0,7702380.0,7110951.0,1916782.69,0.0,107686.0,5357.0,0.0,0.0,0.0
Illinois,Douglas,17041,22926.0,3588349.0,5760061.0,0.0,21135.0,1586664.0,1.0,0.0,0.0,0.0
Illinois,DuPage,17043,192485.0,142406.0,150178.0,43.0,0.0,2072.0,180.0,0.0,0.0,0.0
Illinois,Edgar,17045,418.0,19010673.0,9442228.36,90195.0,15968.0,313282.0,1784.0,0.0,0.0,0.0
Illinois,Edwards,17047,173390.0,2832394.0,2394263.0,720.0,837807.0,1040180.0,531.0,0.0,0.0,0.0
Illinois,Effingham,17049,0.0,7387880.8,6013632.0,89.0,6415.0,838924.0,633.0,0.0,0.0,0.0
Illinois,Fayette,17051,30.0,9115212.0,5575761.0,597.0,78086.0,320952.0,1532.0,0.0,0.0,0.0
Illinois,Ford,17053,104565.0,9495220.0,67514.0,40814.0,15.0,4522580.0,7.0,0.0,0.0,0.0
Illinois,Franklin,17055,33224.0,2339253.0,2922158.8,52810.0,379780.0,2033460.0,3558.0,0.0,0.0,0.0
Illinois,Fulton,17057,128677.0,9947066.0,1231249.0,5389.0,310.0,1287646.0,23522.0,0.0,0.0,0.0
Illinois,Gallatin,17059,14369.0,5814984.0,4960205.99,37325.0,119391.0,2519074.12,550.0,0.0,0.0,1212.0
Illinois,Greene,17061,378056.0,8558503.0,2136843.25,34830.0,0.0,22081.0,0.0,0.0,0.0,0.0
Illinois,Grundy,17063,121738.0,11926996.0,27183.0,9770.0,3.0,4284942.09,4408.0,0.0,0.0,0.0
Illinois,Hamilton,17065,174360.0,4179621.0,4077400.0,1516.0,189048.0,1807895.0,8806.0,0.0,0.0,0.0
Illinois,Hancock,17067,141642.0,3751378.0,195458.0,146.0,67.0,1047487.0,1000.0,0.0,0.0,0.0
Illinois,Hardin,17069,652.0,183840.0,178597.5,113114.0,16972.0,2629.0,0.0,0.0,0.0,44014.0
Illinois,Henderson,17071,425074.0,6372772.0,2742273.0,0.0,126.0,80854.0,817.0,0.0,0.0,0.0
Illinois,Henry,17073,14834865.0,23528686.0,13934812.0,115.0,127.0,2228446.0,3857.0,0.0,0.0,0.0
Illinois,Iroquois,17075,9080186.120000001,27253209.24,204211.0,5371.0,41.0,13177588.53,15224.0,0.0,0.0,0.0
Illinois,Jackson,17077,24206.0,2061631.0,2799985.0,171267.0,165546.0,1970527.0,256.0,0.0,0.0,0.0
Illinois,Jasper,17079,180.0,6662110.0,5520294.0,373.0,6019.0,1916226.0,5406.0,0.0,0.0,0.0
Illinois,Jefferson,17081,116914.0,3330871.0,2971169.29,1158751.0,260477.0,1818724.0,0.0,0.0,0.0,0.0
Illinois,Jersey,17083,52205.0,6697952.0,4428144.0,405656.0,26.0,1633.0,0.0,0.0,0.0,0.0
Illinois,Jo Daviess,17085,7824210.0,8833754.0,2820591.0,69520.0,1643.0,360289.0,29978.0,0.0,0.0,0.0
Illinois,Johnson,17087,226288.0,917928.0,1021219.0,21219.0,117296.0,576531.0,0.0,0.0,0.0,0.0
Illinois,Kane,17089,6784836.0,8122556.0,2840608.0,3853207.0,0.0,715531.0,687.0,0.0,0.0,0.0
Illinois,Kankakee,17091,10492654.61,16971660.43,128907.0,1660.0,0.0,720258.0,18063.0,0.0,0.0,0.0
Illinois,Kendall,17093,2795220.0,7751111.0,2243518.0,257.0,15041.0,1210717.0,128.0,0.0,0.0,0.0
Illinois,Knox,17095,6870830.42,8961110.81,3206905.0,31.0,178.0,2431683.0,31996.0,0.0,0.0,0.0
Illinois,Lake,17097,549211.0,626962.0,553796.0,552642.0,201286.0,348300.0,466.0,0.0,0.0,0.0
Illinois,LaSalle,17099,15351550.88,31777166.0,15439453.0,837.0,0.0,6436919.0,15560.0,0.0,0.0,0.0
Illinois,Lawrence,17101,22109.0,5946939.0,5325952.0,70869.0,292598.0,480160.0,14209.0,0.0,0.0,0.0
Illinois,Lee,17103,19089684.0,21707967.0,9331383.45,10397.0,0.0,3404042.0,3698.0,0.0,0.0,0.0
Illinois,Livingston,17105,231688.0,28167689.37,97363.0,5647.0,61.0,7707230.0,10251.0,0.0,0.0,0.0
Illinois,Logan,17107,59394.0,21393044.69,1769673.0,54831.0,123.0,65999.0,115.0,0.0,0.0,0.0
Illinois,McDonough,17109,1034940.0,13263627.0,1651743.0,0.0,0.0,651665.0,6084.0,0.0,0.0,0.0
Illinois,McHenry,17111,3747019.0,8370054.0,3316347.0,2481673.0,45.0,425206.0,2396.0,0.0,0.0,0.0
Illinois,McLean,17113,70539.0,23819246.58,6053440.0,692.0,24.0,3109590.0,12689.0,0.0,0.0,0.0
Illinois,Macon,17115,6692.0,4833071.0,4612572.0,17517.0,0.0,2338228.0,754.0,0.0,0.0,0.0
Illinois,Macoupin,17117,146.0,14427934.0,150158.0,79262.0,0.0,15322.0,0.0,0.0,0.0,0.0
Illinois,Madison,17119,5578.0,5982652.0,4015747.22,592911.0,150.0,168469.0,372.0,0.0,0.0,0.0
Illinois,Marion,17121,127.0,5361582.0,4318018.0,2156577.0,50692.0,1390501.0,10893.0,0.0,0.0,0.0
Illinois,Marshall,17123,1225712.0,9286744.0,4700087.2,1096.0,2.0,1931401.0,325.0,0.0,0.0,0.0
Illinois,Mason,17125,129567.0,11611096.0,536860.0,523.0,0.0,2116764.0,261.0,0.0,0.0,0.0
Illinois,Massac,17127,164384.0,382054.0,2221932.0,15325.0,182036.0,774870.0,24867.0,0.0,0.0,0.0
Illinois,Menard,17129,294.0,6535097.0,4336908.0,33828.0,0.0,32752.0,2833.0,0.0,0.0,0.0
Illinois,Mercer,17131,8540240.34,7684233.0,4983807.0,1605.0,461.0,1458384.0,132.0,0.0,0.0,0.0
Illinois,Monroe,17133,11886.0,2092633.0,3099348.0,2702604.0,36157.0,52413.0,0.0,0.0,0.0,0.0
Illinois,Montgomery,17135,0.0,11548400.0,1577731.0,25914.0,0.0,42114.0,3160.0,0.0,0.0,0.0
Illinois,Morgan,17137,2007.0,12887115.0,4117944.0,0.0,0.0,49603.0,8534.0,0.0,0.0,0.0
Illinois,Moultrie,17139,0.0,2808678.0,3332628.0,23976.0,3480.0,2616534.0,3163.0,0.0,0.0,0.0
Illinois,Ogle,17141,18127130.81,21286601.0,669769.0,1023278.0,1.0,534355.0,5861.0,0.0,0.0,0.0
Illinois,Peoria,17143,152110.0,9432992.0,818585.0,307.0,11.0,1638367.0,6898.0,0.0,0.0,0.0
Illinois,Perry,17145,603784.0,2145933.0,2948500.0,1430882.0,32876.0,2165666.04,166.0,0.0,0.0,0.0
Illinois,Piatt,17147,30989.0,1019590.0,4885438.0,452.0,6.0,1306661.0,927.0,0.0,0.0,0.0
Illinois,Pike,17149,5299.0,13343744.0,603465.0,12725.0,0.0,25082.0,20.0,0.0,0.0,0.0
Illinois,Pope,17151,37582.0,84673.0,777385.0,3732.0,67408.0,223657.0,0.0,0.0,0.0,405.0
Illinois,Pulaski,17153,1079.0,1605829.0,1609461.73,183158.0,41171.0,923579.0,0.0,0.0,0.0,0.0
Illinois,Putnam,17155,2268072.0,3700123.0,750320.0,134894.0,7826.0,568972.0,0.0,0.0,0.0,0.0
Illinois,Randolph,17157,10319.0,5034885.0,2839616.0,2146696.0,34913.0,151947.0,8138.0,0.0,0.0,0.0
Illinois,Richland,17159,49371.0,5605913.0,5328010.0,15.0,241985.0,1997302.0,264.0,0.0,0.0,0.0
Illinois,Rock Island,17161,5607023.0,5921967.0,2282210.0,2203.0,14.0,398130.0,0.0,0.0,0.0,0.0
Illinois,St. Clair,17163,1691531.0,6232439.0,4623392.0,3835.0,24945.0,177452.0,224.0,0.0,0.0,0.0
Illinois,Saline,17165,0.0,1605775.0,3228230.0,43827.0,110939.0,1068655.0,27.0,0.0,0.0,1140.0
Illinois,Sangamon,17167,0.0,19830528.46,746133.0,43700.0,0.0,745079.0,0.0,0.0,0.0,0.0
Illinois,Schuyler,17169,6136.0,5855330.0,1289342.0,145681.0,0.0,1010172.0,15654.0,0.0,0.0,0.0
Illinois,Scott,17171,1860.0,4929721.0,52042.0,46.0,15.0,27491.0,0.0,0.0,0.0,0.0
Illinois,Shelby,17173,0.0,12867724.0,9069405.0,26670.0,778.0,2906806.0,47640.0,0.0,0.0,0.0
Illinois,Stark,17175,2263812.0,7031706.0,3445410.0,78.0,115.0,829273.0,210.0,0.0,0.0,0.0
Illinois,Stephenson,17177,14656137.0,15846732.0,7218527.0,2858.0,39085.0,188434.0,13468.0,0.0,0.0,0.0
Illinois,Tazewell,17179,94165.0,14407502.0,111948.0,506.0,663.0,58734.0,445.0,0.0,0.0,0.0
Illinois,Union,17181,25.0,1397422.0,1085705.0,763.0,28417.0,560477.0,0.0,0.0,0.0,0.0
Illinois,Vermilion,17183,107508.0,15942450.0,120355.0,118454.0,37.0,8645360.0,16186.0,0.0,0.0,0.0
Illinois,Wabash,17185,102084.0,4684967.0,2906964.0,55.0,235319.0,933205.0,2.0,0.0,0.0,0.0
Illinois,Warren,17187,526883.0,13533721.0,1026846.0,0.0,23.0,241442.0,551.0,0.0,0.0,0.0
Illinois,Washington,17189,2267.0,7519999.0,5632992.13,4141792.0,23996.0,891133.0,0.0,0.0,0.0,0.0
Illinois,Wayne,17191,87583.0,8307080.0,5078136.0,74903.0,372454.0,3257960.0,48116.0,0.0,0.0,0.0
Illinois,White,17193,45710.0,9611898.75,6332391.99,194421.0,346121.0,1141518.0,84127.0,0.0,0.0,0.0
Illinois,Whiteside,17195,17808300.68,18638514.0,10744624.0,18757.0,49083.0,336572.0,1253.0,0.0,0.0,0.0
Illinois,Will,17197,4129867.0,10144460.0,188601.0,178530.0,263.0,719910.0,11117.0,0.0,0.0,0.0
Illinois,Williamson,17199,198355.0,339990.0,937033.0,22311.0,33115.0,639469.0,0.0,0.0,0.0,0.0
Illinois,Winnebago,17201,4301770.01,6939623.0,4359713.0,1053115.0,47621.0,332434.0,4762.0,0.0,0.0,0.0
Illinois,Woodford,17203,3356286.0,14871807.0,1701416.0,45424.0,0.0,1615057.0,2017.0,0.0,0.0,0.0
Indiana,Adams,18001,663680.0,7667686.0,3388309.0,2548415.0,0.0,1621151.0,61582.0,0.0,0.0,0.0
Indiana,Allen,18003,677291.46,8773957.0,4183722.35,2127555.0,8.0,195338.0,73802.0,0.0,0.0,0.0
Indiana,Bartholomew,18005,0.0,4646804.0,3888648.0,940100.0,219009.0,4426920.0,140520.0,0.0,0.0,0.0
Indiana,Benton,18007,3607412.45,10914161.0,3747803.0,40984.0,6.0,3222106.0,2011.0,84.0,0.0,0.0
Indiana,Blackford,18009,2711598.0,2909353.0,572871.0,158978.0,0.0,111588.0,0.0,0.0,0.0,0.0
Indiana,Boone,18011,767653.0,13483956.0,6386681.0,818950.0,0.0,1556009.0,1843.0,0.0,0.0,0.0
Indiana,Brown,18013,0.0,17778.0,187524.0,175.0,11266.0,34430.0,0.0,0.0,0.0,0.0
Indiana,Carroll,18015,1870660.44,11174216.0,4762326.0,2143954.0,946.0,2286986.0,36078.0,0.0,0.0,0.0
Indiana,Cass,18017,168981.0,9203816.0,720684.0,801413.0,0.0,805546.0,43811.0,0.0,0.0,0.0
Indiana,Clark,18019,2819.0,1550173.0,1861700.0,158160.0,2907.0,773071.0,7044.0,0.0,0.0,0.0
Indiana,Clay,18021,64626.0,4959909.4,3007284.06,57087.0,356.0,788920.0,6102.0,0.0,0.0,0.0
Indiana,Clinton,18023,2565470.0,12747094.0,6355272.0,579664.0,88223.0,1126488.0,3198.0,0.0,0.0,0.0
Indiana,Crawford,18025,452.0,192238.0,177411.0,9480.0,9016.0,31827.0,4583.0,77.0,0.0,0.0
Indiana,Daviess,18027,5996.0,6290231.0,5362790.0,130456.0,91973.0,763099.0,13741.0,0.0,0.0,0.0
Indiana,Dearborn,18029,0.0,169770.0,101485.0,23676.0,21208.0,506819.0,11651.0,0.0,0.0,4.0
Indiana,Decatur,18031,0.0,5432375.0,4909210.0,198439.0,0.0,1709915.0,35180.0,0.0,0.0,0.0
Indiana,DeKalb,18033,11711.0,4829311.0,3320842.0,501135.0,477869.0,31214.0,29243.0,0.0,0.0,0.0
Indiana,Delaware,18035,2691197.48,7836166.47,4007584.0,1386201.0,31737.0,2581407.34,15084.0,0.0,0.0,0.0
Indiana,Dubois,18037,1200287.0,5721382.0,5391767.0,4001.0,33876.0,1494883.0,852.0,0.0,0.0,0.0
Indiana,Elkhart,18039,3958653.0,5102065.0,3549971.0,93976.0,64830.0,660071.0,4084.0,0.0,0.0,0.0
Indiana,Fayette,18041,33249.0,1476301.0,2644056.0,805859.0,121372.0,564336.0,0.0,0.0,0.0,0.0
Indiana,Floyd,18043,124287.0,122912.0,134707.0,6248.0,11964.0,74035.0,5897.0,0.0,0.0,0.0
Indiana,Fountain,18045,1435827.0,11399234.0,4560564.0,190506.0,177896.3,736293.0,16056.0,1468.0,0.0,0.0
Indiana,Franklin,18047,45210.0,2214779.0,2944467.0,821120.0,0.0,2339687.0,40754.0,0.0,0.0,0.0
Indiana,Fulton,18049,6345709.0,8782776.0,4435579.17,102968.0,45.0,83905.0,627.0,0.0,0.0,0.0
Indiana,Gibson,18051,520985.0,8601178.0,7751538.0,180015.0,10535.0,722681.0,2063.0,0.0,0.0,0.0
Indiana,Grant,18053,2126210.0,9705030.0,1151013.94,1373439.0,0.0,716527.0,75.0,0.0,0.0,0.0
Indiana,Greene,18055,536.0,1313053.0,2580044.44,63110.0,7970.0,1330163.0,564.0,0.0,0.0,13.0
Indiana,Hamilton,18057,2043.0,4150367.0,326779.0,1282994.0,21313.0,879617.33,8733.0,0.0,0.0,0.0
Indiana,Hancock,18059,1376839.0,8484893.0,4581212.0,3355897.0,0.0,3414628.0,17927.0,898.0,0.0,0.0
Indiana,Harrison,18061,1761.0,108645.0,1594918.0,247828.0,146147.0,1135651.0,70232.65,595.0,0.0,0.0
Indiana,Hendricks,18063,24563.0,3953107.5,1473290.0,324893.0,0.0,397554.0,6151.0,0.0,0.0,0.0
Indiana,Henry,18065,3029371.78,8839707.0,5547192.0,4610497.0,86353.0,2785946.0,17555.0,0.0,0.0,0.0
Indiana,Howard,18067,2642694.0,8828925.0,4254716.0,2026854.0,0.0,1257709.0,4336.0,0.0,0.0,0.0
Indiana,Huntington,18069,2771061.0,9250635.0,147942.0,1244933.0,0.0,157389.0,5961.0,0.0,0.0,0.0
Indiana,Jackson,18071,437.0,4857754.0,2494452.0,223909.0,133084.0,5089637.5,21316.0,0.0,0.0,0.0
Indiana,Jasper,18073,11248973.0,14393198.0,4565944.0,0.0,0.0,895754.0,10104.0,0.0,0.0,612.0
Indiana,Jay,18075,3588700.0,8374735.0,1501699.0,1359616.77,0.0,2551616.0,5920.0,0.0,0.0,0.0
Indiana,Jefferson,18077,0.0,1760045.0,1399673.0,92171.0,9962.0,1715847.0,37134.0,0.0,0.0,0.0
Indiana,Jennings,18079,0.0,1491342.0,2671438.0,81784.0,25843.0,3211468.0,18866.0,0.0,0.0,97.0
Indiana,Johnson,18081,1289.0,4195936.0,2907768.74,54927.0,133648.0,440010.0,1676.0,0.0,0.0,0.0
Indiana,Knox,18083,1109340.0,13425985.91,8961250.0,66763.0,4856.0,1209857.0,2377.0,0.0,0.0,0.0
Indiana,Kosciusko,18085,7115531.0,9687158.0,7290898.0,162478.0,0.0,86074.0,2871.0,0.0,0.0,0.0
Indiana,LaGrange,18087,3264980.0,3042985.0,2606745.0,1263.0,0.0,223949.0,853.0,0.0,0.0,0.0
Indiana,Lake,18089,3084333.94,4034707.0,1867981.0,35.0,0.0,43354.0,7321.0,0.0,0.0,0.0
Indiana,LaPorte,18091,10252600.0,12340133.0,9393168.0,560224.0,2264.0,809398.0,448.0,0.0,0.0,0.0
Indiana,Lawrence,18093,967.0,512570.0,1818770.0,1786.0,40845.0,973178.0,764.0,0.0,0.0,0.0
Indiana,Madison,18095,1624584.0,10116378.09,3356842.0,2805999.0,34757.0,2984073.0,2848.0,0.0,0.0,0.0
Indiana,Marion,18097,31712.0,349042.0,403261.0,405043.0,14926.0,120643.0,2387.0,2352.0,0.0,0.0
Indiana,Marshall,18099,3767940.0,8245327.19,5568084.0,86386.0,120.0,897359.0,378.0,0.0,0.0,0.0
Indiana,Martin,18101,5510.0,1006308.0,781387.0,144.0,32.0,298315.0,0.0,0.0,0.0,0.0
Indiana,Miami,18103,3044141.0,7978396.0,3729061.0,855135.0,0.0,1279033.13,1408.0,0.0,0.0,0.0
Indiana,Monroe,18105,0.0,464142.0,431195.0,287678.0,75544.48,91633.0,0.0,0.0,0.0,3561.0
Indiana,Montgomery,18107,4979530.0,13883716.78,7679997.0,103353.0,92381.0,1143599.0,3374.0,30461.0,0.0,0.0
Indiana,Morgan,18109,966.0,3072265.0,1920192.0,288630.0,7.0,107026.0,5.0,0.0,0.0,0.0
Indiana,Newton,18111,9081409.0,11615973.0,60317.0,0.0,0.0,203732.82,8182.0,0.0,0.0,0.0
Indiana,Noble,18113,1339644.0,4028688.0,3576535.0,17676.5,109.0,40095.0,63.0,0.0,0.0,0.0
Indiana,Ohio,18115,0.0,34901.0,184461.0,4816.0,52221.0,127451.02,3372.0,0.0,0.0,0.0
Indiana,Orange,18117,283.0,482080.0,1929508.0,86226.0,205.0,1374656.0,4.0,0.0,0.0,0.0
Indiana,Owen,18119,15023.0,906092.0,828610.0,381596.0,36998.0,268759.0,14229.0,0.0,0.0,6.0
Indiana,Parke,18121,122478.0,6930927.0,2044432.0,177083.0,0.0,197861.0,36921.0,3.0,0.0,0.0
Indiana,Perry,18123,47747.0,698252.0,649165.0,14831.0,212924.0,277324.0,69.0,0.0,0.0,0.0
Indiana,Pike,18125,956600.0,3365363.0,2384970.0,106.0,3083.0,413959.0,0.0,0.0,0.0,0.0
Indiana,Porter,18127,4703154.0,6204511.0,4321090.51,281620.0,0.0,441667.75,2878.0,0.0,0.0,0.0
Indiana,Posey,18129,8054.0,6409841.0,7594065.08,54891.0,0.0,154463.0,6822.0,0.0,0.0,0.0
Indiana,Pulaski,18131,7959363.0,9824966.0,4125047.0,303.0,54960.0,137510.0,6264.0,0.0,0.0,174.0
Indiana,Putnam,18133,31797.0,6069585.47,3896450.0,195833.0,133188.0,95775.0,41137.0,0.0,0.0,0.0
Indiana,Randolph,18135,3749376.0,10108039.0,5612524.0,915974.0,160923.0,3496327.0,187.0,0.0,0.0,0.0
Indiana,Ripley,18137,150.0,4361057.0,3632123.0,86977.0,42.0,4689193.0,16986.0,0.0,0.0,0.0
Indiana,Rush,18139,46995.0,10342879.0,5300658.0,973147.0,8925.0,1715582.5,63265.0,4.0,0.0,0.0
Indiana,St. Joseph,18141,3390480.0,4342782.8,3073553.0,231364.0,64.0,440854.0,2010.0,0.0,0.0,0.0
Indiana,Scott,18143,0.0,1733670.63,1630679.0,45036.0,26836.0,982719.0,3952.0,0.0,0.0,0.0
Indiana,Shelby,18145,3516.0,7833376.0,5640825.0,196431.0,171902.0,964119.0,7098.0,0.0,0.0,0.0
Indiana,Spencer,18147,1995663.4,4246220.0,4038273.0,107326.0,232356.0,697649.0,64094.13,0.0,0.0,0.0
Indiana,Starke,18149,3901826.77,4816167.0,3774649.0,868.0,151.0,129121.0,4.0,0.0,0.0,0.0
Indiana,Steuben,18151,312035.0,1692310.0,2709478.85,3522.0,16494.0,26855.0,26552.0,0.0,0.0,0.0
Indiana,Sullivan,18153,0.0,6828534.0,4649302.0,691.0,701.0,230634.0,19448.0,0.0,0.0,0.0
Indiana,Switzerland,18155,17932.0,317164.0,402257.0,114355.0,57645.0,439106.0,6208.0,0.0,0.0,0.0
Indiana,Tippecanoe,18157,1192441.0,10714741.0,462414.0,65488.0,831.0,1233839.0,43113.21,742.0,0.0,0.0
Indiana,Tipton,18159,842202.04,8198690.0,3195513.0,3494471.0,0.0,1186850.0,680.0,0.0,0.0,0.0
Indiana,Union,18161,1140739.0,3596338.0,2557855.0,567158.0,6738.0,477654.0,4847.0,0.0,0.0,0.0
Indiana,Vanderburgh,18163,752755.0,3038002.0,2903597.75,274229.0,944.0,262253.0,1273.0,0.0,0.0,0.0
Indiana,Vermillion,18165,0.0,2302458.13,1410.0,331158.0,0.0,6886.0,3517.0,0.0,0.0,0.0
Indiana,Vigo,18167,32303.0,4844736.55,1640280.0,0.0,15610.0,189907.0,3881.0,0.0,0.0,0.0
Indiana,Wabash,18169,3689330.0,8655616.0,2377538.0,149425.0,0.0,27670.0,13977.0,0.0,0.0,0.0
Indiana,Warren,18171,90545.0,8374114.0,189815.0,155859.0,0.0,1710190.0,0.0,0.0,0.0,0.0
Indiana,Warrick,18173,1370719.0,3512662.0,3156756.0,163.0,147712.0,571345.0,4364.0,0.0,0.0,0.0
Indiana,Washington,18175,57867.0,1644209.0,2777457.0,110904.0,101258.0,1437631.0,305.0,0.0,0.0,0.0
Indiana,Wayne,18177,948382.0,5070973.0,4074402.0,190732.0,169282.0,1872739.0,17330.0,0.0,0.0,0.0
Indiana,Wells,18179,2697959.0,10147179.0,2381253.0,2685226.0,0.0,714934.0,13818.0,0.0,0.0,0.0
Indiana,White,18181,8488235.0,14468630.0,3001850.0,0.0,0.0,3785583.2,431.0,0.0,0.0,0.0
Indiana,Whitley,18183,105347.0,5680679.0,2474582.0,376483.0,0.0,48783.0,23347.0,0.0,0.0,0.0
Iowa,Adair,19001,4381078.0,1562078.0,47905.0,1064.0,1353764.47,366.0,0.0,0.0,0.0,0.0
Iowa,Adams,19003,2618626.0,3992890.0,670529.0,1637.0,15798.0,1114.0,0.0,0.0,0.0,0.0
Iowa,Allamakee,19005,7045820.0,7283489.27,222376.0,14735.0,944.0,12046.0,3147.0,0.0,0.0,0.0
Iowa,Appanoose,19007,14475.0,21840.0,17463.0,579.0,98886.0,5505.0,4958.0,0.0,0.0,0.0
Iowa,Audubon,19009,7537071.0,7540414.0,1750793.0,806.0,1506043.0,2146.0,0.0,0.0,0.0,0.0
Iowa,Benton,19011,13801936.2,16379700.0,2645601.0,155.0,2080.0,798276.0,574736.0,0.0,0.0,0.0
Iowa,Black Hawk,19013,12232645.0,8544359.0,2126028.0,113.0,1399.0,323142.0,5205.0,0.0,0.0,0.0
Iowa,Boone,19015,11741705.04,8500028.0,1300727.0,442.0,7937.0,598288.0,15532.0,0.0,0.0,0.0
Iowa,Bremer,19017,12406505.0,3743074.0,1731771.0,23.0,15.0,1499.0,0.0,0.0,0.0,0.0
Iowa,Buchanan,19019,14658690.0,11632823.0,4521051.0,16.0,1052.0,1137.0,0.0,0.0,0.0,0.0
Iowa,Buena Vista,19021,13962265.0,4517133.17,2974164.0,0.0,1741.0,2163012.62,0.0,0.0,0.0,0.0
Iowa,Butler,19023,15909356.0,13924844.0,4832834.0,5688.0,9974.0,485880.0,0.0,0.0,0.0,0.0
Iowa,Calhoun,19025,3973497.0,4904814.0,4994.0,2418.0,3.0,1676822.0,0.0,0.0,0.0,0.0
Iowa,Carroll,19027,12354691.0,6814132.0,13297.0,8305.0,8936.0,4138.0,878.0,0.0,0.0,0.0
Iowa,Cass,19029,10062628.0,4705930.0,3478302.95,553.0,807824.0,1.0,0.0,0.0,0.0,0.0
Iowa,Cedar,19031,14874635.5,17475187.0,1866370.0,25.0,768.0,2300.0,0.0,0.0,0.0,0.0
Iowa,Cerro Gordo,19033,13970447.0,6466690.0,4416022.0,3505.0,769049.0,973424.0,0.0,0.0,0.0,921.0
Iowa,Cherokee,19035,12907940.0,7006902.0,7020.0,221.0,4360.0,520455.0,0.0,0.0,0.0,5319.0
Iowa,Chickasaw,19037,13463801.0,3061651.0,17520.0,8116.0,1058.0,1884.0,0.0,0.0,0.0,0.0
Iowa,Clarke,19039,2.0,713319.0,41860.0,2632435.0,6888.0,851.0,0.0,0.0,484.0,0.0
Iowa,Clay,19041,16008118.0,6083406.0,4467087.0,141.0,4973241.0,3493988.0,0.0,0.0,0.0,0.0
Iowa,Clayton,19043,13410101.25,13361063.5,3216917.25,115584.0,3382.0,27.0,725.0,0.0,0.0,0.0
Iowa,Clinton,19045,17600606.64,19010503.0,6721115.54,24593.0,29083.0,701257.0,0.0,0.0,0.0,0.0
Iowa,Crawford,19047,16006705.0,12876768.66,33057.0,288.0,2141.0,142.0,0.0,0.0,0.0,0.0
Iowa,Dallas,19049,175948.0,5067936.0,10454.0,1343.0,5112.0,2893.0,389592.0,0.0,0.0,0.0
Iowa,Davis,19051,9675.0,600710.0,67166.0,3773563.0,62.0,35425.0,93077.0,0.0,0.0,739.0
Iowa,Decatur,19053,86571.0,26718.0,31828.0,1176525.0,47.0,3677.0,0.0,0.0,0.0,0.0
Iowa,Delaware,19055,16711280.0,14227929.0,7148494.0,1200.0,1850.0,992.0,0.0,0.0,0.0,0.0
Iowa,Des Moines,19057,32952.0,4904792.66,3077.0,264.0,34812.0,615845.0,6361.0,0.0,0.0,141.0
Iowa,Dickinson,19059,9823536.0,2141690.0,2364474.0,0.0,1087328.0,793296.0,0.0,0.0,0.0,0.0
Iowa,Dubuque,19061,11251761.0,8817447.25,1801172.2,22752.0,1914.0,152291.0,4034.0,0.0,0.0,0.0
Iowa,Emmet,19063,12800942.0,2434820.0,1538664.0,4.0,7414344.0,243310.0,0.0,0.0,0.0,0.0
Iowa,Fayette,19065,17039495.0,16251698.0,7613645.25,4901.0,40624.0,3.0,871.0,0.0,0.0,0.0
Iowa,Floyd,19067,13831837.0,7486676.0,4898981.0,19.0,386715.0,53662.0,0.0,0.0,0.0,0.0
Iowa,Franklin,19069,17368913.0,8792604.0,7515748.0,27.0,4347.0,202387.0,56.0,0.0,0.0,0.0
Iowa,Fremont,19071,36447.0,3857659.0,4248917.0,348.0,917346.0,507.0,82.0,192.0,0.0,106.0
Iowa,Greene,19073,10514492.0,8014901.0,7741.0,1182.0,5634.0,24271.0,145396.0,0.0,0.0,0.0
Iowa,Grundy,19075,15030993.0,15525451.95,9995512.0,34.0,2939.0,2231023.0,5234.0,0.0,0.0,0.0
Iowa,Guthrie,19077,4463785.64,1694266.0,40007.0,9680.0,6992.0,2031.0,309607.0,0.0,0.0,0.0
Iowa,Hamilton,19079,14403439.65,2318273.0,116.0,33.0,1009301.0,745353.0,0.0,0.0,0.0,0.0
Iowa,Hancock,19081,15600683.0,9777352.0,7159118.0,547.0,969004.0,32725.0,0.0,0.0,0.0,0.0
Iowa,Hardin,19083,16837490.97,11938687.0,862236.0,0.0,9.0,705138.0,24401.0,0.0,0.0,0.0
Iowa,Harrison,19085,12992522.0,10349573.92,395127.0,6321.0,6265.0,93436.0,0.0,0.0,0.0,6.0
Iowa,Henry,19087,4.0,37965.0,30815.0,130.0,27859.0,509922.0,6832.0,0.0,0.0,128.0
Iowa,Howard,19089,10051651.0,2494369.0,111550.0,27724.0,20586.0,8406.0,0.0,0.0,0.0,0.0
Iowa,Humboldt,19091,10741696.0,3376983.0,1865262.0,20.0,3174833.0,25832.0,0.0,0.0,0.0,0.0
Iowa,Ida,19093,10738041.0,10313942.8,1343727.0,10258.0,645.0,441.0,0.0,0.0,0.0,80921.0
Iowa,Iowa,19095,6862060.5,4977893.02,1469521.0,6382.0,4550.0,59602.0,454840.0,0.0,0.0,0.0
Iowa,Jackson,19097,8717911.0,6175058.15,2334232.0,50.0,94656.0,70186.0,60.0,0.0,0.0,0.0
Iowa,Jasper,19099,2543084.0,1428566.0,23613.0,220.0,20603.0,11244.0,148869.0,0.0,0.0,0.0
Iowa,Jefferson,19101,0.0,534975.0,24860.0,2230479.0,520.0,17458.0,317.0,0.0,0.0,429.0
Iowa,Johnson,19103,9053611.0,9738543.0,8597332.0,624.0,13491.0,16744.0,995.0,0.0,0.0,0.0
Iowa,Jones,19105,13066634.77,14004919.59,4128777.0,23.0,5136.0,141542.0,9.0,0.0,0.0,0.0
Iowa,Keokuk,19107,16553.0,1173396.85,46015.0,528437.0,16690.0,41926.0,0.0,0.0,0.0,0.0
Iowa,Kossuth,19109,32107953.0,19507384.0,7374855.0,384.0,5806.0,30991.0,0.0,0.0,0.0,0.0
Iowa,Lee,19111,54507.0,3071715.0,62062.0,61.0,51188.0,40348.0,407.0,43.0,0.0,87.0
Iowa,Linn,19113,13108481.0,13840282.73,5542080.0,21.0,23391.0,2846.0,157143.0,0.0,0.0,0.0
Iowa,Louisa,19115,1003919.0,4692601.0,1190672.0,22.0,2.0,950129.0,0.0,0.0,0.0,0.0
Iowa,Lucas,19117,0.0,17287.0,31143.0,1689909.0,180075.0,1185.0,78.0,0.0,0.0,0.0
Iowa,Lyon,19119,16309493.0,12691754.38,2293780.0,1719.0,1152.0,4905985.0,0.0,0.0,0.0,0.0
Iowa,Madison,19121,4757.0,587388.0,60221.0,259.0,7137.0,0.0,5530.0,0.0,0.0,0.0
Iowa,Mahaska,19123,1485831.0,1351934.0,1822052.0,2279775.0,1188.0,13148.0,11079.0,0.0,0.0,8.0
Iowa,Marion,19125,1302215.0,22175.0,28369.0,7765.0,11125.0,259.0,0.0,0.0,0.0,0.0
Iowa,Marshall,19127,12337247.57,13311370.25,1693.0,368.0,5723.0,370846.0,811767.0,0.0,0.0,0.0
Iowa,Mills,19129,4387382.0,5522098.0,5061183.0,850.0,1618804.0,0.0,0.0,0.0,0.0,0.0
Iowa,Mitchell,19131,11989632.0,4130546.0,2581566.0,307.0,4910.0,1092379.0,0.0,0.0,0.0,41454.0
Iowa,Monona,19133,16089406.0,12808588.0,6202611.0,14867.0,304812.0,102410.0,0.0,0.0,0.0,142898.0
Iowa,Monroe,19135,0.0,22074.0,27959.0,1518850.0,6237.0,1178.0,0.0,0.0,0.0,0.0
Iowa,Montgomery,19137,6969902.47,4337458.0,1863895.0,163.0,17147.0,0.0,0.0,0.0,0.0,0.0
Iowa,Muscatine,19139,2751830.0,8239941.55,165865.0,111.0,3271.0,4925.0,0.0,0.0,0.0,0.0
Iowa,O'Brien,19141,14530262.3,14160472.0,5637154.0,249.0,0.0,3390277.0,0.0,0.0,0.0,0.0
Iowa,Osceola,19143,9872350.0,5527130.0,3733145.02,346.0,3837.0,2275955.0,0.0,0.0,0.0,0.0
Iowa,Page,19145,28893.0,7358960.0,63689.0,944.0,410366.0,887.0,20.0,0.0,0.0,0.0
Iowa,Palo Alto,19147,17409564.0,9675453.0,6601486.0,0.0,6447142.0,53545.0,0.0,0.0,0.0,0.0
Iowa,Plymouth,19149,19341805.48,13004168.77,5629513.0,2796937.0,5118.0,73648.0,0.0,0.0,669.0,29615.0
Iowa,Pocahontas,19151,14487116.0,4958575.0,2538807.0,3.0,2247033.0,1191147.0,0.0,0.0,0.0,0.0
Iowa,Polk,19153,1747614.0,2215965.0,4721.0,345.0,2757.0,37191.0,441.0,0.0,0.0,0.0
Iowa,E Pottawattamie,19155,10905627.0,559447.0,23897.0,707.0,13933.0,0.0,0.0,0.0,0.0,0.0
Iowa,W Pottawattamie,19156,9566972.0,405336.85,22283.0,0.0,10703.0,2394.0,0.0,0.0,0.0,0.0
Iowa,Poweshiek,19157,8116579.18,5371128.0,174108.0,403.0,15387.78,402249.0,1322171.0,0.0,0.0,0.0
Iowa,Ringgold,19159,5354.0,1606841.0,133595.0,1837.0,48650.0,51317.0,0.0,0.0,3.0,153.0
Iowa,Sac,19161,13096244.45,2380891.0,9931.0,8248.0,2697.0,31440.0,0.0,0.0,0.0,0.0
Iowa,Scott,19163,4188726.46,5821932.0,368027.0,156.0,1668.0,228594.0,0.0,0.0,0.0,0.0
Iowa,Shelby,19165,14349948.0,16959203.0,1735349.0,3817.0,2132.0,0.0,0.0,0.0,0.0,0.0
Iowa,Sioux,19167,20858297.0,11020813.0,17936.0,1433.0,1525.0,1796280.0,0.0,0.0,0.0,59.0
Iowa,Story,19169,14672159.0,10714558.0,2907.0,935.0,4600.0,1779859.0,574979.0,0.0,386.0,361.0
Iowa,Tama,19171,15631221.22,13925755.0,17018.0,160.0,18965.0,1505949.0,1209517.0,0.0,0.0,0.0
Iowa,Taylor,19173,0.0,6669578.0,2432306.0,2865.0,39833.0,109148.0,0.0,0.0,0.0,0.0
Iowa,Union,19175,0.0,853142.0,14943.0,894692.0,4249.0,0.0,0.0,0.0,0.0,0.0
Iowa,Van Buren,19177,50727.0,740914.64,8087.0,3604290.22,6.0,31825.0,22504.0,6248.0,0.0,477.0
Iowa,Wapello,19179,2215.0,766889.0,23288.0,3408997.0,6971.0,7114.0,210.0,26.0,0.0,0.0
Iowa,Warren,19181,267974.0,34089.0,29786.0,684.0,9303.0,1338.0,0.0,0.0,0.0,0.0
Iowa,Washington,19183,63344.0,166139.0,428301.66,394.0,14616.0,120508.0,0.0,0.0,0.0,3.0
Iowa,Wayne,19185,8425.0,753100.0,59943.0,3145952.0,85.0,12474.0,1573.0,0.0,0.0,0.0
Iowa,Webster,19187,8100796.0,8558764.0,8763947.0,0.0,1406433.0,2623384.0,0.0,0.0,0.0,0.0
Iowa,Winnebago,19189,11972157.0,4580909.0,4153321.51,0.0,729343.0,45195.0,0.0,0.0,0.0,0.0
Iowa,Winneshiek,19191,13006960.73,13862850.93,118429.0,13487.0,1540.0,3459.0,2639.0,0.0,0.0,0.0
Iowa,Woodbury,19193,18822793.31,5291819.0,1851456.0,26407.0,4236.0,2045.0,0.0,0.0,0.0,8003274.56
Iowa,Worth,19195,9217333.0,3716240.0,5193720.37,0.0,3501.0,1091538.0,0.0,0.0,0.0,0.0
Iowa,Wright,19197,18193978.0,4977133.0,8193210.0,48.0,1577.0,16250.0,0.0,0.0,0.0,0.0
Kansas,Allen,20001,534.0,470760.0,473728.0,428194.0,85615.0,597921.0,252978.0,0.0,1455654.0,1107494.0
Kansas,Anderson,20003,119835.0,534337.0,425601.0,176279.0,30838.0,2268083.0,215335.0,0.0,1464632.0,1631651.0
Kansas,Atchison,20005,14.0,3633904.69,855671.0,24139.0,396509.0,76451.0,0.0,0.0,0.0,0.0
Kansas,Barber,20007,2203985.0,1722967.0,257477.0,230589.0,2027997.0,46307.0,14685.0,0.0,189208.25,1770829.0
Kansas,Barton,20009,2470134.04,2025992.0,1957602.0,1207739.0,5009.0,38127.0,0.0,0.0,699268.0,2836187.0
Kansas,Bourbon,20011,236.0,237305.0,215837.0,139584.0,253149.0,345485.0,199798.72,0.0,421789.0,16595.0
Kansas,Brown,20013,7434.0,11573206.0,6699585.0,8222125.2,7779934.0,171738.0,6111.0,0.0,4345.0,5015.0
Kansas,Butler,20015,1043958.79,711453.0,943845.0,100051.0,369581.0,902587.0,2863.0,0.0,1129604.0,1546052.0
Kansas,Chase,20017,18636.0,438417.0,363486.0,106563.0,417631.0,197516.0,13500.0,0.0,2355.0,464885.0
Kansas,Chautauqua,20019,378.0,7176.0,58788.0,56875.0,68730.0,33966.0,24101.0,4545.0,148186.0,79127.0
Kansas,Cherokee,20021,281.0,1229180.0,1276131.0,242889.0,1731761.0,1376551.0,1610006.0,6.0,4402877.0,1459.0
Kansas,Cheyenne,20023,7121971.0,4848358.05,382002.0,6115.0,39501.0,39050.0,12580.0,220798.0,521691.0,82149.0
Kansas,Clark,20025,805224.92,64729.0,38520.0,66680.0,882941.04,31566.0,0.0,0.0,1083181.0,2175170.0
Kansas,Clay,20027,3886028.0,4194058.0,4437850.0,2720117.0,3390555.0,1517338.0,1231.0,0.0,76950.0,3091479.0
Kansas,Cloud,20029,7379291.43,6205284.0,3304185.0,2474050.09,1262864.0,5695.0,2689.0,0.0,960674.0,5859324.0
Kansas,Coffey,20031,17159.0,499956.0,738595.0,91236.0,1054.0,634066.0,21207.0,0.0,153345.56,1330710.0
Kansas,Comanche,20033,1151.0,0.0,383.0,0.0,1193.0,0.0,0.0,0.0,5754.0,15663.0
Kansas,Cowley,20035,1003292.0,2442324.0,2364822.0,1032246.0,134773.0,851559.0,28063.0,124351.0,1256934.0,2337394.0
Kansas,Crawford,20037,827.0,1021364.0,990494.0,700802.0,1350313.0,1358638.0,1353294.0,115.0,2732314.0,5355.0
Kansas,Decatur,20039,6301326.0,4547611.0,39605.0,21604.0,18511.0,733.0,11042.0,30782.0,2321388.03,1461597.0
Kansas,Dickinson,20041,4186080.0,3807687.97,4711888.0,2727244.0,4971139.0,286868.0,0.0,0.0,1006882.0,2686281.0
Kansas,Doniphan,20043,0.0,3116715.7,4410058.0,19180.0,2970131.56,319465.0,16.0,0.0,0.0,0.0
Kansas,Douglas,20045,7825.0,304166.0,885953.3,125699.0,1738193.0,182304.0,318.0,0.0,92.0,56070.0
Kansas,Edwards,20047,6502253.0,5888267.0,7169042.41,4875989.0,1492647.0,162442.0,0.0,0.0,255508.0,2559897.0
Kansas,Elk,20049,2.0,122810.0,35949.0,3.0,2.0,29030.0,0.0,1697.0,52358.0,60279.0
Kansas,Ellis,20051,1505463.0,1440764.0,0.0,10501.0,344323.0,0.0,0.0,0.0,120799.0,354848.0
Kansas,Ellsworth,20053,2258318.0,2083210.0,998707.0,536374.0,16290.0,88452.0,81.0,0.0,605040.0,2263223.0
Kansas,Finney,20055,7383175.49,33057.0,6524.0,3038479.0,84102.0,60987.0,157438.0,165533.0,1735771.0,2598806.0
Kansas,Ford,20057,2098675.0,318121.0,900907.0,1772373.0,20952.0,50560.0,0.0,0.0,455197.0,2136988.0
Kansas,Franklin,20059,629612.0,358052.0,532990.0,503709.0,1252899.0,680894.0,45646.0,0.0,10714.0,1679911.0
Kansas,Geary,20061,259531.0,187716.0,234773.0,64844.0,359431.0,66425.0,0.0,0.0,42.0,209253.0
Kansas,Gove,20063,2449320.17,1405556.0,29356.0,1578688.65,59961.0,20599.0,0.0,0.0,669108.0,1627986.49
Kansas,Graham,20065,1544633.0,1911875.0,49196.0,9099.0,8319.0,17085.0,0.0,0.0,1405803.0,3054156.0
Kansas,Grant,20067,2911061.0,759918.0,2153931.2,515951.0,1672027.4,20607.0,191232.0,0.0,452390.0,1853120.0
Kansas,Gray,20069,9660475.0,9051414.43,8111942.36,7946533.0,354475.0,1328883.0,16274.0,447.0,1412605.0,1996270.0
Kansas,Greeley,20071,3423224.47,2453706.0,756560.98,1804591.99,400437.0,65707.0,184722.0,2226.0,670158.0,43221.0
Kansas,Greenwood,20073,17413.0,332135.0,138294.0,53304.0,56392.0,53856.0,763.0,0.0,258413.0,384853.0
Kansas,Hamilton,20075,1587914.0,704889.0,448996.25,367968.0,225884.0,33025.0,116899.0,7999.0,1612201.0,1088710.0
Kansas,Harper,20077,4179811.0,4065864.0,135379.0,205385.0,3879047.93,79591.0,6872.0,0.0,147877.0,4081591.0
Kansas,Harvey,20079,3572281.69,2676323.0,3804643.0,3909753.0,2337046.0,202652.0,181410.0,0.0,1345330.0,3343826.0
Kansas,Haskell,20081,3044621.34,2343476.0,8879086.78,7511584.0,221010.0,62057.0,1950.0,0.0,841462.44,2002317.0
Kansas,Hodgeman,20083,631488.0,16117.0,781270.0,877600.0,7668.0,58239.0,13194.0,0.0,200202.0,1395138.0
Kansas,Jackson,20085,13458.0,1329015.0,1285649.0,935996.0,1699145.0,94457.0,58212.0,0.0,929.0,1016.0
Kansas,Jefferson,20087,334.0,1338806.0,833867.0,91261.0,2186141.0,137915.0,0.0,0.0,0.0,0.0
Kansas,Jewell,20089,4987423.0,4052479.0,3894387.0,2531014.0,3529375.0,245577.0,120.0,0.0,27665.0,6142039.46
Kansas,Johnson,20091,4353.0,94029.0,105570.0,4755.0,763120.0,63596.0,23797.0,0.0,0.0,15294.0
Kansas,Kearny,20093,5033129.89,746724.0,2571415.1,331733.0,25571.0,6472.0,124999.0,42962.0,1145480.0,2504540.43
Kansas,Kingman,20095,3561799.0,1108122.0,3818782.0,286225.0,3767979.2,452508.0,1095.0,838.0,243916.0,3974457.0
Kansas,Kiowa,20097,2808484.0,1568421.45,3146989.76,2953956.0,2249217.0,292743.0,1250.0,0.0,402198.0,2132208.0
Kansas,Labette,20099,391.0,748517.0,738842.0,735798.0,1206676.0,573481.92,355555.0,8381.0,1571997.0,221651.0
Kansas,Lane,20101,1540882.0,36887.0,151372.0,16479.0,132728.0,175032.0,0.0,0.0,1210910.0,3506972.0
Kansas,Leavenworth,20103,40493.0,655268.0,531831.0,70.0,285638.0,76869.0,0.0,0.0,367.0,372.0
Kansas,Lincoln,20105,3509523.0,3054956.0,2765293.0,958871.0,754226.0,2901.0,156.0,0.0,633702.18,3181055.0
Kansas,Linn,20107,691.0,285373.0,388809.0,301407.0,692.0,513313.0,43257.0,0.0,257667.0,25883.0
Kansas,Logan,20109,2501239.0,1810489.0,37835.0,1692433.0,249388.0,1480.0,4926.0,3912.0,2183649.0,3704781.46
Kansas,Lyon,20111,847973.0,892244.0,1110572.0,239071.0,670798.0,930742.0,15.0,0.0,6752.0,909178.0
Kansas,McPherson,20113,3945223.0,3714772.0,4678498.74,1289692.0,3907611.0,509062.0,88363.0,0.0,449723.0,1361042.0
Kansas,Marion,20115,3403157.19,1793251.0,3473333.0,1972264.0,3957836.0,344328.0,4117.0,0.0,968506.0,1820274.0
Kansas,Marshall,20117,7955431.0,6330581.0,5884420.0,7470854.8,1124504.0,63469.0,23880.0,0.0,1729.0,53648.0
Kansas,Meade,20119,7419403.12,6861970.0,6020680.24,1886915.0,761906.0,35048.96,0.0,0.0,509509.0,1929699.0
Kansas,Miami,20121,187.0,171265.0,229022.0,0.0,484929.0,223569.0,22137.0,0.0,9336.0,6138.0
Kansas,Mitchell,20123,8123769.0,5391467.0,4533303.0,2196655.0,2488575.0,847.0,0.0,0.0,976131.0,6546259.64
Kansas,Montgomery,20125,355.0,808168.0,937611.0,881842.0,83527.0,650334.57,40681.0,10208.0,1371431.0,823061.0
Kansas,Morris,20127,774032.0,572586.0,969696.0,125332.0,1770490.0,112610.0,0.0,0.0,5000.0,913544.0
Kansas,Morton,20129,2209334.0,1338803.0,996845.6,945529.0,15421.0,66633.0,102465.0,0.0,1552426.0,1172452.0
Kansas,Nemaha,20131,6898973.0,4080722.0,5312756.0,7329328.0,4229405.0,69091.0,38580.0,0.0,6499.0,6476.0
Kansas,Neosho,20133,310.0,719900.0,458044.0,821994.0,328453.0,712515.0,50593.0,0.0,1545303.78,30990.0
Kansas,Ness,20135,2229919.0,1798972.0,8433.0,163721.0,7290.0,31810.0,0.0,2992.0,939232.0,2949008.0
Kansas,Norton,20137,5611680.02,2457366.0,18067.0,5179.0,7521.0,2047.0,5187.0,6703.0,2328666.0,4208585.0
Kansas,Osage,20139,279199.0,297938.0,836208.0,191402.0,2218768.0,850168.0,876.0,0.0,2524.0,1628451.0
Kansas,Osborne,20141,4439010.0,3324984.0,254006.0,592617.0,1706088.0,259.0,0.0,0.0,661658.0,3221370.92
Kansas,Ottawa,20143,4029803.0,3194181.0,1915222.0,862121.0,1907039.0,93824.0,137.0,0.0,1022016.0,2614639.0
Kansas,Pawnee,20145,3082592.27,1336400.0,1815850.0,1213684.38,267090.22,53226.0,2090.0,0.0,169846.0,2226358.0
Kansas,Phillips,20147,4714359.67,2972731.0,32603.0,4914.0,6178.0,813.0,0.0,0.0,791348.0,4573677.0
Kansas,Pottawatomie,20149,276636.0,1583062.0,1796361.0,979067.0,2123976.0,189366.0,341.0,0.0,0.0,20512.0
Kansas,Pratt,20151,4833856.0,5973387.0,7042116.27,2552218.0,3079393.0,460388.0,14329.0,0.0,729769.03,4077935.0
Kansas,Rawlins,20153,5625805.0,3594138.0,318006.0,7701.0,7887.0,103474.0,370584.0,1006922.0,2467197.0,1003674.0
Kansas,Reno,20155,3676388.0,1529848.13,4968520.95,1642145.0,3485250.0,1145427.0,1572.0,0.0,1459345.94,3901566.72
Kansas,Republic,20157,6120898.0,8389669.0,5598490.0,975832.0,3527409.94,569202.0,0.0,0.0,12537.0,5839263.4
Kansas,Rice,20159,3464093.0,4302969.52,4476996.58,1606772.0,3575283.0,523806.01,2858.0,0.0,944213.0,3544627.0
Kansas,Riley,20161,677985.0,448617.0,745190.0,1300724.15,758112.0,296874.0,454.0,0.0,1068.0,736837.0
Kansas,Rooks,20163,3329655.24,3257935.0,12825.0,12162.0,1826124.0,2394.0,0.0,0.0,1225812.0,4005385.0
Kansas,Rush,20165,1226956.0,207773.0,64810.0,280054.0,6632.0,8000.0,0.0,0.0,103623.0,1629684.0
Kansas,Russell,20167,2011729.0,2113950.0,562000.0,521918.0,1295150.0,116.0,0.0,0.0,414650.0,2525639.0
Kansas,Saline,20169,4480805.0,3527653.0,3899967.46,1112984.0,3809909.26,393504.0,2461.0,13.0,586153.0,1287269.33
Kansas,Scott,20171,2521127.26,43870.0,127887.0,2449.0,1216181.0,14811.0,120653.0,9749.0,1877381.0,2727719.0
Kansas,Sedgwick,20173,3227052.0,3768012.0,3767474.0,3247995.0,2570574.0,603020.0,4509.0,0.0,822904.0,2655039.0
Kansas,Seward,20175,4322051.180000001,3175852.0,4800011.9,4643022.0,909695.0,83008.0,2379.0,0.0,1079264.0,1227261.0
Kansas,Shawnee,20177,767241.0,869930.0,921582.0,865033.0,1191850.0,98282.0,24409.0,0.0,148.0,50656.0
Kansas,Sheridan,20179,6455908.4399999995,4416263.01,2967186.0,747304.0,13404.0,11117.0,5712.0,1693.0,3040789.0,6463636.0
Kansas,Sherman,20181,10985221.0,4182919.0,5461421.0,3251060.0,447415.0,2870.0,163091.0,329953.0,1389718.0,1053829.0
Kansas,Smith,20183,7178867.0,4661111.27,1262027.48,11109.0,317807.0,44597.0,112453.47,0.0,962417.0,5004273.0
Kansas,Stafford,20185,3446751.0,4935447.0,6192709.0,2373156.0,196699.0,291802.0,0.0,0.0,601755.0,2955384.0
Kansas,Stanton,20187,3040787.0,1082204.0,3716150.94,3772028.0,2326157.0,1015129.92,507764.0,0.0,2592369.0,2144623.0
Kansas,Stevens,20189,8777472.0,7208399.66,7588919.0,6868061.0,375109.0,68776.0,52591.0,9.0,1183137.0,1235315.05
Kansas,Sumner,20191,8546048.1,8960284.56,7121604.0,1148185.0,228522.06,904294.0,1831.0,334.0,1080628.0,6467611.0
Kansas,Thomas,20193,9384743.0,8600340.0,4393043.82,3364876.0,295760.96,6858.0,31444.0,64941.0,3445396.0,3634393.0
Kansas,Trego,20195,1609114.0,1398638.0,4136.0,4518.0,709180.0,13860.0,0.0,5129.0,650271.0,2137498.0
Kansas,Wabaunsee,20197,130694.0,152453.0,972852.0,651535.0,1212113.0,20195.0,0.0,0.0,0.0,375747.0
Kansas,Wallace,20199,3428038.93,3519040.0,2281495.0,1277684.0,1162678.0,182106.0,115625.0,100.0,468688.0,39277.0
Kansas,Washington,20201,9228638.0,6408520.72,3070766.0,4186645.0,1556984.0,244489.0,95.0,0.0,5910.0,4231549.0
Kansas,Wichita,20203,3962221.0,1102673.52,9226.0,1232178.0,20135.0,2710.0,25138.0,0.0,1711385.0,3236545.0
Kansas,Wilson,20205,1531.0,1198019.0,1179844.0,1580811.0,69298.0,56977.0,175.0,0.0,1022842.0,629272.0
Kansas,Woodson,20207,944.0,328874.0,346664.0,487468.0,109277.0,15692.0,4517.0,0.0,333704.0,321168.0
Kansas,Wyandotte,20209,0.0,24522.0,98228.0,1839.0,1448.0,29597.0,0.0,0.0,0.0,0.0
Kentucky,Adair,21001,308671.0,277997.0,514745.0,560.0,35326.0,20084.0,6534.0,0.0,0.0,0.0
Kentucky,Allen,21003,569452.0,14520.0,112482.0,11843.0,101344.0,135819.0,9833.0,0.0,0.0,0.0
Kentucky,Anderson,21005,46987.0,53775.0,64064.0,84.0,918.0,10399.0,16.0,0.0,0.0,0.0
Kentucky,Ballard,21007,4461.0,1959422.0,2162283.0,5088.0,413416.0,11802.0,0.0,0.0,0.0,0.0
Kentucky,Barren,21009,1105939.0,281691.0,1013833.0,320002.0,115845.0,79612.0,28271.0,0.0,0.0,0.0
Kentucky,Bath,21011,30877.0,52280.0,24399.0,13171.0,11572.0,0.0,0.0,0.0,0.0,0.0
Kentucky,Bell,21013,0.0,0.0,0.0,0.0,0.0,0.0,0.0,0.0,0.0,0.0
Kentucky,Boone,21015,2210.0,188899.0,180490.0,2339.0,777.0,32531.0,273.0,0.0,0.0,0.0
Kentucky,Bourbon,21017,153145.0,208944.0,292072.5,250739.45,4017.0,51546.0,95.0,0.0,0.0,0.0
Kentucky,Boyd,21019,766.0,1677.0,2216.0,1938.0,1333.0,0.0,0.0,0.0,0.0,0.0
Kentucky,Boyle,21021,109173.0,140730.0,114679.0,11626.0,7018.0,22527.0,24.0,0.0,0.0,0.0
Kentucky,Bracken,21023,68719.0,66823.0,66260.0,3467.0,1252.0,1692.0,70.0,0.0,0.0,0.0
Kentucky,Breathitt,21025,0.0,0.0,0.0,0.0,0.0,0.0,0.0,0.0,0.0,0.0
Kentucky,Breckinridge,21027,208399.0,193125.0,2063091.0,3003.0,210235.0,1774711.0,23913.0,0.0,0.0,0.0
Kentucky,Bullitt,21029,0.0,38552.0,104582.0,0.0,5939.0,79429.0,1553.0,0.0,0.0,0.0
Kentucky,Butler,21031,11822.0,1267735.0,1670993.86,79960.0,41805.0,18513.0,11413.0,0.0,0.0,0.0
Kentucky,Caldwell,21033,1798230.0,1508515.0,2099307.0,117456.0,261282.0,34977.0,0.0,0.0,8449.0,0.0
Kentucky,Calloway,21035,413930.5,747332.98,3365521.0,1434300.0,38839.0,205280.0,12762.0,0.0,0.0,0.0
Kentucky,Campbell,21037,860.0,507.0,1776.0,49.0,18.0,2322.0,17.0,0.0,0.0,0.0
Kentucky,Carlisle,21039,435192.0,224431.0,1889410.0,137624.0,232378.0,107592.0,0.0,0.0,0.0,0.0
Kentucky,Carroll,21041,0.0,65171.0,97307.0,1256.0,22215.39,1620.0,0.0,0.0,0.0,0.0
Kentucky,Carter,21043,4020.0,13.0,0.0,3713.0,0.0,0.0,0.0,0.0,0.0,0.0
Kentucky,Casey,21045,474782.0,499395.0,428210.0,9921.0,24959.28,0.0,951.0,0.0,0.0,0.0
Kentucky,Christian,21047,6665768.0,1988993.0,3259417.0,1110566.0,654339.0,1689305.0,15992.0,0.0,9229.0,0.0
Kentucky,Clark,21049,77105.0,2138.0,58628.0,0.0,0.0,953.0,0.0,0.0,0.0,0.0
Kentucky,Clay,21051,0.0,0.0,0.0,0.0,0.0,0.0,0.0,0.0,0.0,0.0
Kentucky,Clinton,21053,31655.0,78508.0,52271.0,169.0,13671.0,14569.0,2055.0,0.0,0.0,0.0
Kentucky,Crittenden,21055,937219.91,87642.0,982795.0,1984.0,113476.0,100786.0,1714.0,0.0,0.0,0.0
Kentucky,Cumberland,21057,15026.0,28899.0,43736.0,45946.0,6593.0,7902.0,1239.0,0.0,0.0,0.0
Kentucky,Daviess,21059,2181400.0,5875397.0,5279407.0,137045.0,268281.0,97582.0,1479.0,0.0,0.0,0.0
Kentucky,Edmonson,21061,861.0,258465.0,192176.0,5362.0,7037.0,71982.0,1443.0,0.0,0.0,0.0
Kentucky,Elliott,21063,719.0,4069.0,5046.0,2121.0,2283.0,232.0,0.0,0.0,0.0,0.0
Kentucky,Estill,21065,15.0,37004.0,32687.0,133.0,520.0,1373.0,0.0,0.0,0.0,0.0
Kentucky,Fayette,21067,149431.0,35951.0,258428.0,16781.0,5140.0,34435.0,1903.0,0.0,0.0,0.0
Kentucky,Fleming,21069,336119.0,750519.41,483565.0,13983.0,54931.0,6180.0,2443.0,0.0,0.0,0.0
Kentucky,Floyd,21071,0.0,0.0,0.0,0.0,0.0,0.0,0.0,0.0,0.0,0.0
Kentucky,Franklin,21073,61049.0,9885.0,65330.0,799.0,3551.0,29431.0,0.0,0.0,0.0,0.0
Kentucky,Fulton,21075,10691.0,1890195.36,2130160.99,548458.0,48733.0,140998.0,4329.0,0.0,0.0,0.0
Kentucky,Gallatin,21077,42119.0,10235.0,61094.0,493.0,13328.57,19966.0,72.0,0.0,0.0,0.0
Kentucky,Garrard,21079,29043.0,72123.0,93635.94,6764.0,2542.0,6125.0,1164.0,0.0,0.0,5282.0
Kentucky,Grant,21081,4882.0,639.0,15691.0,538.0,0.0,9195.0,229.0,0.0,0.0,0.0
Kentucky,Graves,21083,4713447.34,880438.0,5294760.0,236155.0,1021983.0,742387.0,591.0,0.0,0.0,0.0
Kentucky,Grayson,21085,1276993.94,954550.0,1183164.0,36576.0,1703.0,389481.0,28715.0,0.0,0.0,0.0
Kentucky,Green,21087,429748.07,220011.0,228401.0,5334.0,4487.0,53960.0,609.0,0.0,0.0,0.0
Kentucky,Greenup,21089,0.0,2734.0,29066.0,16056.0,3508.0,17633.0,0.0,0.0,0.0,0.0
Kentucky,Hancock,21091,715.0,279008.0,845342.0,343.0,99610.0,213566.0,2271.0,0.0,0.0,0.0
Kentucky,Hardin,21093,1960312.0,123365.0,2025026.0,5387.0,25982.0,919349.0,5503.0,0.0,0.0,0.0
Kentucky,Harlan,21095,0.0,0.0,0.0,0.0,0.0,0.0,0.0,0.0,0.0,0.0
Kentucky,Harrison,21097,182805.0,71038.0,330216.0,18388.0,11391.0,41629.0,10346.0,3353.0,0.0,0.0
Kentucky,Hart,21099,445350.0,27221.0,206766.0,13579.0,13294.0,38905.0,2435.0,0.0,0.0,0.0
Kentucky,Henderson,21101,134303.0,4287978.0,5151417.0,221538.0,117282.0,134822.0,0.0,0.0,0.0,0.0
Kentucky,Henry,21103,14761.0,74049.0,115135.0,11607.0,484.0,171109.0,0.0,0.0,0.0,0.0
Kentucky,Hickman,21105,578494.0,1845497.0,3413096.0,658152.0,255753.0,30782.0,0.0,0.0,0.0,0.0
Kentucky,Hopkins,21107,739923.0,774992.0,2083881.0,34044.0,96973.0,59743.0,0.0,0.0,0.0,0.0
Kentucky,Jackson,21109,0.0,6670.0,23212.0,6009.0,0.0,0.0,0.0,0.0,0.0,0.0
Kentucky,Jefferson,21111,65647.0,69901.0,43421.0,5169.0,18493.0,26170.0,710.0,0.0,0.0,0.0
Kentucky,Jessamine,21113,28459.0,49569.0,59405.0,2243.0,970.0,8412.0,0.0,0.0,0.0,282.0
Kentucky,Johnson,21115,0.0,0.0,0.0,0.0,0.0,2.0,0.0,0.0,0.0,0.0
Kentucky,Kenton,21117,1985.0,290.0,8605.0,0.0,0.0,4257.0,0.0,0.0,0.0,0.0
Kentucky,Knott,21119,0.0,0.0,0.0,0.0,0.0,0.0,0.0,0.0,0.0,0.0
Kentucky,Knox,21121,0.0,0.0,0.0,0.0,0.0,0.0,0.0,0.0,0.0,0.0
Kentucky,Larue,21123,1495343.0,668263.0,1289552.0,101055.0,92080.0,431364.0,3722.74,0.0,0.0,0.0
Kentucky,Laurel,21125,0.0,1474.0,18538.0,1083.0,902.0,6896.0,352.0,0.0,0.0,0.0
Kentucky,Lawrence,21127,555.0,1216.0,1655.0,1434.0,0.0,0.0,0.0,0.0,0.0,0.0
Kentucky,Lee,21129,0.0,0.0,0.0,0.0,0.0,0.0,0.0,0.0,0.0,0.0
Kentucky,Leslie,21131,0.0,0.0,0.0,0.0,0.0,0.0,0.0,0.0,0.0,0.0
Kentucky,Letcher,21133,0.0,0.0,0.0,0.0,0.0,0.0,0.0,0.0,0.0,0.0
Kentucky,Lewis,21135,1412.0,71972.0,98823.0,8022.0,54273.0,23781.0,0.0,0.0,0.0,0.0
Kentucky,Lincoln,21137,77912.0,392545.0,494419.0,21129.0,18742.0,103332.0,11624.0,0.0,0.0,0.0
Kentucky,Livingston,21139,123613.0,277359.0,1043992.0,180167.0,73788.0,92909.0,0.0,0.0,0.0,0.0
Kentucky,Logan,21141,5602943.0,1836423.0,738697.0,352156.0,263545.0,1778355.0,107178.0,0.0,0.0,0.0
Kentucky,Lyon,21143,77568.0,378746.0,501776.0,9739.0,83242.0,92722.0,0.0,0.0,0.0,0.0
Kentucky,McCracken,21145,177973.0,145318.0,939718.0,103931.0,103318.0,213477.0,0.0,0.0,0.0,0.0
Kentucky,McCreary,21147,276.0,666.0,1759.0,0.0,0.0,0.0,0.0,0.0,0.0,0.0
Kentucky,McLean,21149,4963.0,3145820.0,3168856.0,24234.0,224847.0,208886.0,10065.0,0.0,0.0,0.0
Kentucky,Madison,21151,1409.0,71581.0,98357.0,4059.0,1949.0,18606.0,1107.0,0.0,0.0,0.0
Kentucky,Magoffin,21153,0.0,0.0,0.0,0.0,0.0,0.0,0.0,0.0,0.0,0.0
Kentucky,Marion,21155,1079713.0,614806.0,1162451.0,34231.0,58550.0,162631.0,195.0,0.0,0.0,0.0
Kentucky,Marshall,21157,876313.0,165452.0,970689.0,173621.0,160086.0,190247.0,493.0,0.0,0.0,0.0
Kentucky,Martin,21159,0.0,0.0,0.0,0.0,0.0,0.0,0.0,0.0,0.0,0.0
Kentucky,Mason,21161,463047.0,184719.0,451599.0,24269.0,0.0,62426.0,323.0,0.0,0.0,0.0
Kentucky,Meade,21163,32780.0,95065.0,1358982.0,249023.0,227839.0,898403.0,5046.0,0.0,0.0,0.0
Kentucky,Menifee,21165,0.0,0.0,0.0,0.0,0.0,0.0,0.0,0.0,0.0,0.0
Kentucky,Mercer,21167,14384.0,66366.0,215563.0,14683.0,13447.0,1970.0,301.0,0.0,0.0,0.0
Kentucky,Metcalfe,21169,14003.0,27307.0,278733.0,17826.0,22373.0,28509.0,3273.0,0.0,0.0,0.0
Kentucky,Monroe,21171,283588.56,60257.0,559471.59,2230.0,46343.0,1992.0,1408.0,0.0,0.0,0.0
Kentucky,Montgomery,21173,4102.0,0.0,2561.0,0.0,0.0,1472.0,47.0,1503.0,0.0,0.0
Kentucky,Morgan,21175,0.0,0.0,0.0,0.0,0.0,0.0,578.0,0.0,0.0,0.0
Kentucky,Muhlenberg,21177,7298.0,262555.0,983111.0,2929.0,41422.0,384772.0,10.0,0.0,0.0,0.0
Kentucky,Nelson,21179,464623.49,528993.0,886167.0,18549.0,113407.0,374666.0,8138.0,0.0,0.0,0.0
Kentucky,Nicholas,21181,622.0,15971.0,2119.0,1286.0,1062.0,3321.0,869.0,0.0,0.0,0.0
Kentucky,Ohio,21183,4770.0,2482558.0,2126617.0,616.0,38823.0,1267973.0,0.0,0.0,0.0,0.0
Kentucky,Oldham,21185,17105.0,21193.0,119720.0,68642.0,4808.0,82971.0,262.0,0.0,0.0,0.0
Kentucky,Owen,21187,13609.0,879.0,47809.0,38938.0,0.0,72665.0,599.0,0.0,0.0,0.0
Kentucky,Owsley,21189,0.0,0.0,0.0,0.0,0.0,0.0,0.0,0.0,0.0,0.0
Kentucky,Pendleton,21191,69373.0,64870.0,77419.0,3035.0,13653.0,2140.0,515.0,0.0,0.0,0.0
Kentucky,Perry,21193,0.0,0.0,0.0,0.0,0.0,0.0,0.0,0.0,0.0,0.0
Kentucky,Pike,21195,0.0,0.0,0.0,0.0,0.0,0.0,0.0,0.0,0.0,0.0
Kentucky,Powell,21197,0.0,0.0,0.0,0.0,0.0,10707.0,48.0,8538.0,0.0,0.0
Kentucky,Pulaski,21199,7658.0,200587.0,258708.0,28344.0,112729.0,73322.0,14115.0,0.0,0.0,0.0
Kentucky,Robertson,21201,595.0,828.0,607.0,556.0,307.0,572.0,349.0,0.0,0.0,0.0
Kentucky,Rockcastle,21203,0.0,6920.0,27420.0,16882.0,1986.0,3452.0,2592.0,0.0,0.0,0.0
Kentucky,Rowan,21205,65305.0,95790.0,76096.0,340.0,8207.0,3.0,43.0,0.0,0.0,0.0
Kentucky,Russell,21207,53359.0,162886.0,80340.0,831.0,9809.0,2368.0,2276.0,0.0,0.0,0.0
Kentucky,Scott,21209,70657.0,3853.0,120591.0,9693.0,877.0,15135.0,6794.0,0.0,0.0,0.0
Kentucky,Shelby,21211,883637.0,909373.0,1343721.0,43568.0,5590.0,1005600.0,8188.0,0.0,0.0,0.0
Kentucky,Simpson,21213,3272518.0,1726942.0,675798.0,456329.0,170922.0,253670.0,9234.0,0.0,0.0,0.0
Kentucky,Spencer,21215,3158.0,119491.0,167153.0,6181.0,18893.0,250237.0,2819.0,0.0,0.0,0.0
Kentucky,Taylor,21217,958300.0,690822.0,748158.0,195749.0,90462.0,83363.0,1371.0,0.0,0.0,0.0
Kentucky,Todd,21219,3041189.0,1488343.0,1076722.0,655653.0,252717.0,1235788.0,15828.0,0.0,0.0,0.0
Kentucky,Trigg,21221,1178110.0,272612.0,1168923.0,227457.0,25040.0,331327.0,12971.0,0.0,273625.0,0.0
Kentucky,Trimble,21223,0.0,18229.0,64701.0,10062.0,2936.0,86495.0,0.0,0.0,0.0,0.0
Kentucky,Union,21225,821392.0,7138756.0,5573152.0,21375.0,259497.0,661373.0,0.0,0.0,0.0,0.0
Kentucky,Warren,21227,2401110.0,998632.0,244455.0,225268.0,214046.0,591922.0,31615.0,0.0,0.0,0.0
Kentucky,Washington,21229,179025.0,350662.0,429927.0,1868.0,43665.0,79248.0,1445.0,0.0,0.0,0.0
Kentucky,Wayne,21231,323478.0,279820.0,358163.0,6591.0,37812.0,110777.0,2484.0,0.0,0.0,0.0
Kentucky,Webster,21233,3033923.54,1788146.0,3237182.0,142596.0,130180.0,690566.0,0.0,0.0,0.0,0.0
Kentucky,Whitley,21235,0.0,0.0,0.0,0.0,0.0,0.0,0.0,0.0,0.0,0.0
Kentucky,Wolfe,21237,0.0,734.0,532.0,120.0,0.0,976.0,0.0,4485.12,0.0,0.0
Kentucky,Woodford,21239,79150.0,83241.0,81742.0,5101.0,0.0,17420.0,0.0,0.0,0.0,0.0
Louisiana,Acadia,22001,44962.0,1287519.0,1234991.0,69542.0,900827.0,193648.0,77672.0,26586.0,0.0,1063949.0
Louisiana,Allen,22003,27831.0,91680.53,82895.0,17160.0,10393.0,28812.0,2072.31,0.0,1843.0,32976.0
Louisiana,Ascension,22005,20631.0,23642.0,22872.0,20903.0,11520.0,16110.0,0.0,0.0,2145.0,0.0
Louisiana,Assumption,22007,0.0,3230.0,7078.0,6467.0,1010.0,5727.0,0.0,0.0,0.0,0.0
Louisiana,Avoyelles,22009,336435.87,2923023.85,1589068.09,283972.0,1404779.0,1749697.54,55558.0,3490.0,0.0,1367489.32
Louisiana,Beauregard,22011,194.0,125022.0,115031.0,488.0,91939.0,0.0,78623.0,0.0,0.0,0.0
Louisiana,Bienville,22013,0.0,0.0,0.0,0.0,0.0,0.0,0.0,0.0,0.0,0.0
Louisiana,Bossier,22015,48272.0,217475.0,222134.0,44506.0,98937.0,59840.0,0.0,0.0,144943.0,136626.0
Louisiana,Caddo,22017,19706.0,506595.0,391868.0,30477.0,116147.0,45691.0,0.0,0.0,424.0,16132.0
Louisiana,Calcasieu,22019,142923.0,212615.0,124794.0,1050.0,38309.0,287.0,2332.0,0.0,0.0,428.0
Louisiana,Caldwell,22021,22260.0,391425.0,354662.0,78927.0,20651.0,21641.0,0.0,0.0,17792.0,94459.0
Louisiana,Cameron,22023,35662.0,34358.0,13299.0,19919.0,26820.0,10984.0,5266.0,0.0,0.0,7325.0
Louisiana,Catahoula,22025,1201765.0,4250278.0,2415045.0,401957.0,941565.0,867994.0,18734.0,19091.0,807.0,264011.0
Louisiana,Claiborne,22027,0.0,17596.0,0.0,0.0,0.0,0.0,0.0,0.0,0.0,0.0
Louisiana,Concordia,22029,1119686.0,5463372.39,2866043.0,492143.0,401011.0,776225.0,464.0,235.0,70574.0,638966.0
Louisiana,De Soto,22031,13428.0,35638.0,30882.0,10450.0,3109.0,864.0,0.0,0.0,0.0,1354.0
Louisiana,East Baton Rouge,22033,0.0,0.0,0.0,0.0,0.0,0.0,0.0,0.0,0.0,2256.0
Louisiana,East Carroll,22035,874219.0,7219390.0,5998090.0,64649.0,24775.0,1585231.0,16.0,0.0,0.0,51838.0
Louisiana,East Feliciana,22037,33442.0,43659.0,23203.0,11701.0,408.0,0.0,0.0,0.0,0.0,0.0
Louisiana,Evangeline,22039,86737.44,630577.0,533741.0,57625.0,378584.0,506283.84,47746.0,0.0,0.0,208620.0
Louisiana,Franklin,22041,3651094.84,7514089.53,7238060.11,2036348.0,37476.0,102999.0,117.0,0.0,58.0,586239.0
Louisiana,Grant,22043,4675.0,305407.0,129735.0,97192.0,113531.0,66090.0,0.0,0.0,55022.0,124735.0
Louisiana,Iberia,22045,4310.0,40805.0,38633.0,28275.0,15962.0,23267.0,519.0,0.0,0.0,0.0
Louisiana,Iberville,22047,421372.0,524353.0,354821.0,321314.0,278058.0,20729.0,10409.0,0.0,0.0,0.0
Louisiana,Jackson,22049,0.0,0.0,0.0,0.0,0.0,0.0,0.0,0.0,0.0,0.0
Louisiana,Jefferson,22051,0.0,0.0,0.0,0.0,0.0,0.0,0.0,0.0,0.0,0.0
Louisiana,Jefferson Davis,22053,16154.0,650824.0,606934.0,148415.0,305854.0,478993.0,73796.0,0.0,0.0,304550.0
Louisiana,Lafayette,22055,24231.0,92449.0,78791.0,33209.0,33577.0,23552.0,0.0,24771.0,0.0,10.0
Louisiana,Lafourche,22057,0.0,0.0,0.0,0.0,0.0,0.0,0.0,0.0,0.0,0.0
Louisiana,La Salle,22059,0.0,16807.0,11831.0,10124.0,0.0,822.0,83.0,297.0,0.0,0.0
Louisiana,Lincoln,22061,0.0,0.0,0.0,0.0,0.0,0.0,0.0,0.0,0.0,0.0
Louisiana,Livingston,22063,0.0,0.0,0.0,0.0,0.0,0.0,0.0,0.0,0.0,0.0
Louisiana,Madison,22065,2090331.0,9001879.0,6610295.07,102733.0,48269.0,1418275.0,941.0,0.0,1274.0,934084.0
Louisiana,Morehouse,22067,1019585.0,6224744.0,4961572.17,16226.0,222286.0,861754.16,2410.0,0.0,0.0,765.0
Louisiana,Natchitoches,22069,438408.27,2112193.8200000003,1510766.0,284196.0,326262.0,295147.0,525.0,0.0,62405.0,204760.0
Louisiana,Orleans,22071,0.0,0.0,0.0,0.0,0.0,0.0,0.0,0.0,0.0,0.0
Louisiana,Ouachita,22073,207913.0,916601.0,1037656.0,40118.0,18744.0,127903.0,162.0,0.0,69469.0,84047.0
Louisiana,Plaquemines,22075,0.0,0.0,0.0,0.0,0.0,0.0,0.0,0.0,0.0,0.0
Louisiana,Pointe Coupee,22077,1598879.0,4662601.46,4141512.0,117748.0,3194.0,537196.0,20055.0,0.0,164313.0,339607.0
Louisiana,Rapides,22079,304112.0,2553151.0,1177090.0,1312493.0,465216.0,524543.0,0.0,0.0,0.0,190563.0
Louisiana,Red River,22081,77025.0,616461.0,526430.0,161879.0,115273.0,51689.0,2945.0,0.0,41546.0,66571.0
Louisiana,Richland,22083,49951.0,4772765.0,4335313.25,90817.58,19973.0,140879.0,0.0,0.0,0.0,96221.0
Louisiana,Sabine,22085,0.0,0.0,0.0,0.0,0.0,0.0,0.0,0.0,0.0,0.0
Louisiana,St. Bernard,22087,0.0,0.0,0.0,0.0,0.0,0.0,0.0,0.0,0.0,0.0
Louisiana,St. Charles,22089,0.0,0.0,0.0,0.0,0.0,0.0,0.0,0.0,0.0,0.0
Louisiana,St. Helena,22091,6737.0,3932.0,11287.0,3054.0,2438.0,0.0,0.0,0.0,0.0,0.0
Louisiana,St. James,22093,15060.0,21809.0,18740.0,22.0,0.0,11595.0,491.0,0.0,0.0,0.0
Louisiana,St. John the Baptist,22095,0.0,0.0,0.0,0.0,0.0,10298.0,27.0,0.0,0.0,0.0
Louisiana,St. Landry,22097,87882.0,2874830.0,2298312.0,94768.0,2152270.0,1772848.42,82581.0,0.0,0.0,929025.0
Louisiana,St. Martin,22099,18974.0,122746.0,119147.0,554.0,67303.0,58032.0,0.0,0.0,0.0,8688.0
Louisiana,St. Mary,22101,0.0,18425.0,17809.0,7462.0,10925.0,11181.0,0.0,0.0,1362.0,0.0
Louisiana,St. Tammany,22103,0.0,0.0,0.0,0.0,0.0,0.0,0.0,0.0,0.0,0.0
Louisiana,Tangipahoa,22105,13221.0,39133.0,10837.0,9126.0,1246.0,0.0,0.0,0.0,0.0,0.0
Louisiana,Tensas,22107,484403.0,6405674.0,4204985.0,212022.0,39368.0,83347.0,1.0,0.0,49049.0,256621.0
Louisiana,Terrebonne,22109,0.0,0.0,0.0,0.0,0.0,0.0,0.0,0.0,0.0,0.0
Louisiana,Union,22111,0.0,0.0,0.0,0.0,0.0,0.0,0.0,0.0,0.0,0.0
Louisiana,Vermilion,22113,97384.0,267855.0,257168.0,70190.0,150656.0,65071.0,2508.0,14006.0,0.0,83115.0
Louisiana,Vernon,22115,0.0,0.0,0.0,0.0,0.0,0.0,0.0,0.0,0.0,0.0
Louisiana,Washington,22117,17821.0,82430.0,5563.0,33218.0,4688.0,6134.0,487.0,0.0,0.0,0.0
Louisiana,Webster,22119,0.0,0.0,0.0,0.0,0.0,0.0,0.0,0.0,0.0,0.0
Louisiana,West Baton Rouge,22121,1415.0,336251.0,209448.0,12166.0,347.0,14078.0,2667.0,0.0,0.0,0.0
Louisiana,West Carroll,22123,87984.0,2506888.0,2587947.0,106134.0,60.0,42972.0,0.0,0.0,0.0,21245.0
Louisiana,West Feliciana,22125,0.0,0.0,0.0,0.0,0.0,0.0,0.0,0.0,0.0,0.0
Louisiana,Winn,22127,0.0,806.0,2543.0,1985.0,0.0,720.0,0.0,0.0,0.0,0.0
Maine,Androscoggin,23001,146857.0,147039.0,138502.0,117420.0,0.0,0.0,0.0,0.0,0.0,0.0
Maine,Houlton,23002,84251.0,139242.0,144080.0,107742.0,6429.0,5704.0,59815.0,24.0,0.0,0.0
Maine,Aroostook,23003,23102.0,109531.0,125380.0,60557.0,13852.0,5114.0,151293.0,7.0,0.0,11053.0
Maine,Fort Kent,23004,785.0,76315.0,68115.0,31339.0,2021.0,3257.0,68320.0,99.0,0.0,0.0
Maine,Cumberland,23005,29680.0,30052.0,26957.0,23558.0,62.0,0.0,0.0,0.0,0.0,0.0
Maine,Franklin,23007,73201.0,76962.0,72655.0,61567.0,0.0,0.0,1050.0,0.0,0.0,0.0
Maine,Hancock,23009,0.0,0.0,0.0,0.0,0.0,0.0,0.0,0.0,0.0,0.0
Maine,Kennebec,23011,168277.0,168555.0,164010.0,123198.0,30.0,116.0,534.0,2.0,0.0,0.0
Maine,Knox,23013,2309.0,2434.0,2237.0,1869.0,0.0,0.0,0.0,0.0,0.0,0.0
Maine,Lincoln,23015,4755.0,5676.0,5062.0,1982.0,0.0,0.0,0.0,0.0,0.0,0.0
Maine,Oxford,23017,127759.0,133332.0,52025.0,93989.0,0.0,0.0,59.0,0.0,0.0,0.0
Maine,Penobscot,23019,412565.0,446839.0,413283.0,346964.0,1936.0,699.0,4434.0,0.0,0.0,0.0
Maine,Piscataquis,23021,71024.0,64167.0,52935.0,48700.0,625.0,1639.0,5793.0,0.0,0.0,0.0
Maine,Sagadahoc,23023,5667.0,5973.0,5485.0,4584.0,0.0,0.0,0.0,0.0,0.0,0.0
Maine,Somerset,23025,369224.48,384461.0,355583.0,292726.0,644.0,289.0,1081.0,0.0,0.0,0.0
Maine,Waldo,23027,100173.0,104591.0,90876.0,76754.0,117.0,0.0,387.0,0.0,0.0,0.0
Maine,Washington,23029,0.0,0.0,0.0,0.0,0.0,0.0,0.0,0.0,0.0,0.0
Maine,York,23031,35140.82,42510.0,36196.0,30239.0,0.0,0.0,0.0,0.0,0.0,0.0
Maryland,Allegany,24001,39400.0,3459.0,2481.0,34905.0,32300.0,0.0,0.0,0.0,0.0,0.0
Maryland,Anne Arundel,24003,180.0,153309.0,297099.0,17659.0,118580.0,0.0,0.0,0.0,0.0,0.0
Maryland,Baltimore,24005,55640.0,1080580.0,957675.0,13.0,242421.0,120218.0,0.0,0.0,0.0,0.0
Maryland,Calvert,24009,41933.0,79569.0,160100.0,12900.0,48539.0,0.0,0.0,0.0,0.0,0.0
Maryland,Caroline,24011,589349.0,2287912.0,3398576.0,541215.0,988281.0,1054923.0,0.0,0.0,0.0,0.0
Maryland,Carroll,24013,318679.0,801367.42,1911865.0,29435.0,535471.0,15488.0,7039.0,0.0,0.0,3383.0
Maryland,Cecil,24015,4650.0,655109.0,1239730.0,66620.0,1310105.47,465293.0,0.0,0.0,0.0,0.0
Maryland,Charles,24017,0.0,212454.0,366844.0,45013.0,41201.0,143915.0,0.0,0.0,0.0,0.0
Maryland,Dorchester,24019,614.0,847489.0,2510439.97,36972.0,1363112.0,1235748.0,5036.0,0.0,0.0,0.0
Maryland,Frederick,24021,46686.0,841682.0,2552429.0,77268.0,153880.0,379.0,65.0,0.0,0.0,640977.0
Maryland,Garrett,24023,60715.66,128868.0,114572.38,107767.0,86656.0,454.0,0.0,0.0,0.0,0.0
Maryland,Harford,24025,227783.0,779523.0,950761.0,1924.0,512946.0,3307.0,0.0,0.0,0.0,0.0
Maryland,Howard,24027,238.0,210193.0,199882.0,16125.0,57159.0,72103.0,0.0,0.0,0.0,0.0
Maryland,Kent,24029,0.0,1457725.0,2085856.0,5494.0,1074440.0,344929.0,0.0,0.0,0.0,0.0
Maryland,Montgomery,24031,694778.0,397218.0,754066.0,68006.0,81254.0,299.0,0.0,0.0,0.0,23905.0
Maryland,Prince George's,24033,25547.0,64221.0,155187.0,119.0,127271.0,3660.0,0.0,0.0,0.0,0.0
Maryland,Queen Anne's,24035,5936.0,2392524.94,615394.04,259566.0,2134.0,1553177.0,0.0,0.0,0.0,0.0
Maryland,St. Mary's,24037,0.0,425357.0,722355.0,35623.0,9037.0,325536.0,0.0,0.0,0.0,0.0
Maryland,Somerset,24039,0.0,458130.0,637041.52,12279.0,72511.0,5916.0,0.0,0.0,0.0,0.0
Maryland,Talbot,24041,8358.0,1303886.0,3242375.89,188475.0,2804.0,1849488.63,0.0,0.0,0.0,0.0
Maryland,Washington,24043,4705.0,185602.0,624030.0,2909.0,4947.0,23643.0,6282.0,0.0,0.0,242957.47
Maryland,Wicomico,24045,0.0,618501.0,1411060.0,1265.0,940429.0,547601.0,12897.0,0.0,0.0,7442.0
Maryland,Worcester,24047,0.0,2825090.0,2701759.84,177738.13,624692.0,28041.0,61179.0,0.0,0.0,0.0
Maryland,Baltimore,24510,0.0,0.0,0.0,0.0,0.0,0.0,0.0,0.0,0.0,0.0
Massachusetts,Barnstable,25001,0.0,0.0,0.0,0.0,0.0,0.0,0.0,0.0,0.0,0.0
Massachusetts,Berkshire,25003,162659.0,177266.0,154724.0,1084.0,673.0,0.0,0.0,0.0,0.0,0.0
Massachusetts,Bristol,25005,114869.0,110154.0,96100.0,61517.0,20.0,0.0,0.0,0.0,0.0,0.0
Massachusetts,Dukes,25007,0.0,0.0,0.0,0.0,0.0,0.0,0.0,0.0,0.0,0.0
Massachusetts,Essex,25009,8168.0,16352.0,13619.0,0.0,0.0,0.0,0.0,0.0,0.0,0.0
Massachusetts,Franklin,25011,131940.2,129830.0,123029.0,0.0,0.0,0.0,0.0,0.0,0.0,17880.0
Massachusetts,Hampden,25013,35018.0,26102.0,29663.0,14573.0,0.0,0.0,0.0,0.0,0.0,0.0
Massachusetts,Hampshire,25015,131170.43,132566.0,122990.0,289.0,183.0,0.0,0.0,0.0,0.0,0.0
Massachusetts,Middlesex,25017,13504.94,27735.0,23268.69,0.0,0.0,0.0,0.0,0.0,0.0,0.0
Massachusetts,Nantucket,25019,0.0,0.0,0.0,0.0,0.0,0.0,0.0,0.0,0.0,0.0
Massachusetts,Norfolk,25021,5440.0,5763.0,5281.0,3360.0,0.0,0.0,0.0,0.0,0.0,0.0
Massachusetts,Plymouth,25023,70717.0,74966.0,68498.0,43581.0,0.0,0.0,0.0,0.0,0.0,0.0
Massachusetts,Suffolk,25025,0.0,0.0,0.0,0.0,0.0,0.0,0.0,0.0,0.0,0.0
Massachusetts,Worcester,25027,202040.0,196173.0,183707.0,22108.0,90.0,0.0,0.0,0.0,0.0,0.0
Michigan,Alcona,26001,161482.0,7258.0,34380.0,25281.0,20967.0,0.0,0.0,0.0,0.0,0.0
Michigan,Alger,26003,11159.0,1503.0,10517.0,9877.0,7427.0,1544.0,0.0,0.0,0.0,0.0
Michigan,Allegan,26005,4138526.29,5813044.71,4828086.0,208130.0,1515.0,529046.0,1768.0,0.0,0.0,41.0
Michigan,Alpena,26007,461913.0,184767.0,508497.0,53294.0,71374.0,30128.0,372.0,0.0,0.0,0.0
Michigan,Antrim,26009,43490.0,126064.0,95910.0,7211.0,255.0,36367.0,903.0,0.0,0.0,0.0
Michigan,Arenac,26011,1738055.0,1828451.0,1535945.14,204501.0,10490.0,257991.0,12502.0,0.0,22.0,25.0
Michigan,Baraga,26013,4143.0,2890.0,6427.0,5578.0,3883.0,5316.0,2816.0,0.0,0.0,0.0
Michigan,Barry,26015,3123803.0,3750750.0,2813434.0,267371.0,58224.0,600620.29,6661.86,0.0,0.0,0.0
Michigan,Bay,26017,3486155.01,3827126.0,3504396.0,1879599.0,2424.0,1043964.0,804.0,0.0,0.0,0.0
Michigan,Benzie,26019,18909.0,14081.0,16786.0,15.0,0.0,236.0,0.0,0.0,0.0,285.0
Michigan,Berrien,26021,1779399.0,2117303.0,2531493.0,446391.0,162.0,870731.0,23294.0,369.0,0.0,0.0
Michigan,Branch,26023,3344446.0,6745621.0,5302328.83,1042365.0,911210.0,211729.0,2007.0,0.0,0.0,0.0
Michigan,Calhoun,26025,6734021.0,7168381.0,5280605.0,5061749.0,19369.0,1344076.26,47771.0,241.0,58.0,65.0
Michigan,Cass,26027,4557887.0,4700564.0,4040846.0,4811.0,1913358.0,299283.0,334.0,171.0,431.0,478.0
Michigan,Charlevoix,26029,171298.0,158642.0,140956.0,6487.0,5901.0,4258.0,1630.0,0.0,0.0,0.0
Michigan,Cheboygan,26031,12746.0,79042.0,69185.0,4519.0,9223.0,5153.0,4485.0,0.0,0.0,0.0
Michigan,Chippewa,26033,7049.0,31371.0,43007.0,28127.0,26831.0,0.0,105.0,1.0,478.0,0.0
Michigan,Clare,26035,332484.0,369937.0,333338.0,52706.0,38487.0,22139.0,27.0,0.0,0.0,0.0
Michigan,Clinton,26037,4149494.02,3292938.0,4356733.0,5106904.0,548436.0,1506392.89,109254.0,0.0,40.0,0.0
Michigan,Crawford,26039,0.0,0.0,0.0,0.0,0.0,0.0,0.0,0.0,0.0,0.0
Michigan,Delta,26041,187015.74,18185.0,93551.0,123932.0,48726.0,63541.0,10178.0,22.0,29982.0,0.0
Michigan,Dickinson,26043,31855.0,3299.0,33857.0,27702.0,7957.0,32397.0,6663.0,23.0,0.0,0.0
Michigan,Eaton,26045,2487201.18,5307190.0,3873718.0,1961478.0,51127.0,2646234.0,1782.0,0.0,0.0,0.0
Michigan,Emmet,26047,84647.0,104530.0,85706.0,4239.0,3165.0,2116.0,816.0,0.0,0.0,0.0
Michigan,Genesee,26049,2870952.0,643746.0,2505515.0,921425.0,2535.0,467433.0,1889.0,0.0,0.0,0.0
Michigan,Gladwin,26051,661704.0,727174.0,651117.0,219888.0,17228.0,71991.0,132.0,0.0,0.0,0.0
Michigan,Gogebic,26053,0.0,201.0,201.0,181.0,0.0,154.0,0.0,0.0,0.0,0.0
Michigan,Grand Traverse,26055,286005.0,31445.0,254923.0,8400.0,16293.0,1670.0,303.0,0.0,161.0,178.0
Michigan,Gratiot,26057,6325283.0,4024541.2,5329064.0,3356423.0,33.0,1437026.0,6989.0,0.0,0.0,0.0
Michigan,Hillsdale,26059,5871050.0,6746420.0,5396234.14,2358998.58,151759.0,567561.0,44265.0,0.0,683.0,834.0
Michigan,Houghton,26061,13600.0,4863.0,17382.0,16072.0,8274.0,23160.0,7106.0,0.0,0.0,0.0
Michigan,Huron,26063,12005374.84,4825988.0,11796874.75,977753.42,2003008.0,1464272.0,22780.0,0.0,1401.0,1566.0
Michigan,Ingham,26065,2024767.0,4620298.0,3553402.0,2845091.0,1263250.0,1299588.0,32534.0,0.0,3.0,3.0
Michigan,Ionia,26067,5892726.91,4684775.0,4692662.49,1808545.9,4559.0,707366.0,49531.0,0.0,0.0,0.0
Michigan,Iosco,26069,594264.0,607946.0,570937.0,66626.0,50860.0,24102.0,237.0,0.0,0.0,0.0
Michigan,Iron,26071,1988.0,1724.0,4695.0,2290.0,1570.0,2778.0,31.0,0.0,0.0,0.0
Michigan,Isabella,26073,3594606.0,3598776.0,2715839.0,1619528.0,441722.0,980886.88,87347.0,0.0,254.0,280.0
Michigan,Jackson,26075,1816200.0,4487242.0,3511366.0,3073902.0,188549.0,107167.0,792.0,0.0,72.0,53.0
Michigan,Kalamazoo,26077,3849044.0,4091482.0,3400697.0,1583887.0,1864666.0,693040.0,3132.0,7746.0,55.0,62.0
Michigan,Kalkaska,26079,20725.0,52385.0,57379.0,9941.0,138.0,31661.0,11031.0,0.0,0.0,0.0
Michigan,Kent,26081,2046232.0,1496272.0,1688831.0,304177.0,576.0,25616.0,3584.0,0.0,0.0,0.0
Michigan,Keweenaw,26083,0.0,0.0,0.0,0.0,0.0,0.0,0.0,0.0,0.0,0.0
Michigan,Lake,26085,20965.0,21156.0,16444.0,4576.0,105.0,77.0,88.0,0.0,0.0,0.0
Michigan,Lapeer,26087,2972618.0,842776.0,1448613.76,522508.98,87342.0,976289.0,36438.0,0.0,0.0,16.0
Michigan,Leelanau,26089,84205.0,76575.0,63349.11,4400.0,3533.0,1017.0,857.0,0.0,0.0,76132.0
Michigan,Lenawee,26091,7485508.81,10478309.0,8596808.39,1842919.95,49.0,612371.84,114136.0,0.0,0.0,0.0
Michigan,Livingston,26093,209315.0,1543334.58,1370223.99,188349.0,40768.0,84551.0,2010.0,0.0,0.0,0.0
Michigan,Luce,26095,11180.0,4797.0,4922.0,3600.0,948.0,0.0,0.0,0.0,0.0,0.0
Michigan,Mackinac,26097,9971.0,3929.0,15348.0,12742.0,2585.0,0.0,0.0,0.0,0.0,0.0
Michigan,Macomb,26099,782206.0,987259.76,685284.0,127866.0,660.0,299172.0,156.0,0.0,811.0,896.0
Michigan,Manistee,26101,12049.0,15008.0,15240.0,1509.0,1326.0,544.0,180.0,0.0,0.0,0.0
Michigan,Marquette,26103,24238.0,1627.0,17463.0,15734.0,3161.0,0.0,0.0,0.0,0.0,0.0
Michigan,Mason,26105,842643.55,812863.27,595651.0,97378.0,1325.0,19401.0,2418.0,0.0,0.0,0.0
Michigan,Mecosta,26107,1458921.0,1446575.0,894198.0,21803.0,2460.0,19754.0,13142.0,0.0,1.0,1.0
Michigan,Menominee,26109,478463.0,15477.0,455040.0,429933.0,30051.0,481461.0,1066.0,0.0,626.0,0.0
Michigan,Midland,26111,1785366.0,2076665.0,1655791.0,710671.0,97.0,562252.0,8408.0,0.0,123.0,135.0
Michigan,Missaukee,26113,877637.21,897359.0,763779.0,19747.0,1439.0,3081.0,946.0,0.0,0.0,0.0
Michigan,Monroe,26115,2693018.0,6569978.0,3318114.0,1114330.0,327644.0,331331.0,31396.0,0.0,0.0,0.0
Michigan,Montcalm,26117,3476597.0,3255319.0,2575823.0,1500073.0,203438.0,381605.0,115961.0,0.0,0.0,0.0
Michigan,Montmorency,26119,138852.0,77467.0,139879.0,17912.0,91917.0,1058.0,164.0,0.0,0.0,0.0
Michigan,Muskegon,26121,666081.0,585682.67,6926.0,17318.0,55498.0,137123.0,6537.0,0.0,0.0,0.0
Michigan,Newaygo,26123,994025.65,865429.0,31993.0,61713.0,562316.0,5444.0,4984.0,0.0,0.0,0.0
Michigan,Oakland,26125,102053.0,125586.0,100432.0,10745.0,4.0,23866.0,23.0,0.0,0.0,0.0
Michigan,Oceana,26127,398554.0,431278.0,32890.0,2841.0,41811.0,56144.0,2819.0,0.0,0.0,0.0
Michigan,Ogemaw,26129,608341.25,631482.0,479496.0,53076.0,29703.0,5833.0,47.0,0.0,0.0,0.0
Michigan,Ontonagon,26131,3479.0,5641.0,8906.0,5485.0,2270.0,6587.0,525.0,0.0,0.0,0.0
Michigan,Osceola,26133,473040.0,469408.0,426299.0,11490.0,285891.0,7125.0,4046.0,0.0,0.0,0.0
Michigan,Oscoda,26135,18207.0,14743.0,14022.0,400.0,312.0,75.0,101.0,0.0,0.0,0.0
Michigan,Otsego,26137,22223.0,57910.0,56574.0,5730.0,877.0,4327.0,4118.0,0.0,0.0,36.0
Michigan,Ottawa,26139,2226413.0,2219934.0,2023774.0,85028.0,836.0,232301.0,2743.0,0.0,0.0,0.0
Michigan,Presque Isle,26141,314806.0,434404.0,432316.0,55874.0,95705.0,41379.0,562.0,0.0,0.0,0.0
Michigan,Roscommon,26143,3162.0,3122.0,3545.0,778.0,559.0,0.0,13.0,0.0,0.0,0.0
Michigan,Saginaw,26145,5276997.96,6036802.0,6464550.0,4416442.0,746.0,4011869.0,25006.62,0.0,52.0,58.0
Michigan,St. Clair,26147,1952647.26,2211646.0,1811402.0,840756.0,1210.0,948796.0,1194.0,0.0,78.0,107.0
Michigan,St. Joseph,26149,6206405.0,5996869.0,5194359.0,4783304.0,820.0,975536.0,26374.0,4.0,80.0,97.0
Michigan,Sanilac,26151,10936483.79,6491566.03,6102565.1,1072462.0,56246.0,3049598.1,3775.0,0.0,0.0,0.0
Michigan,Schoolcraft,26153,5222.0,4338.0,9512.0,7219.0,7963.0,332.0,0.0,0.0,0.0,0.0
Michigan,Shiawassee,26155,4670376.0,628587.0,4620371.0,3010866.0,2099.0,2154965.0,46131.0,0.0,0.0,0.0
Michigan,Tuscola,26157,6545213.88,2694409.0,6606653.0,1137909.0,208868.0,953331.69,586.0,0.0,0.0,0.0
Michigan,Van Buren,26159,709154.0,1560298.0,1335622.0,221745.0,1095.0,791308.0,98.0,10294.0,312.0,317.0
Michigan,Washtenaw,26161,202934.0,3640726.0,2596627.0,1220385.0,251850.0,117439.0,2164.0,0.0,0.0,1523.0
Michigan,Wayne,26163,53963.0,62690.0,64033.0,23767.0,0.0,0.0,0.0,0.0,0.0,0.0
Michigan,Wexford,26165,41764.0,36557.0,103138.0,6292.0,8448.0,1802.0,243.0,0.0,0.0,0.0
Minnesota,Aitkin,27001,96093.0,2412.0,20580.0,7911.0,48763.0,46264.0,29834.0,486.0,0.0,55.0
Minnesota,Anoka,27003,618758.0,292589.0,1942.0,1399.0,1814.0,31161.0,1589.0,8556.0,0.0,8216.0
Minnesota,Becker,27005,4117811.0,112948.87,1038064.0,1074055.0,9040.0,1381037.0,7980.0,10549.0,0.0,4586.0
Minnesota,Beltrami,27007,731742.0,371628.0,297022.0,71157.0,2568.0,58449.0,46694.0,50520.0,0.0,0.0
Minnesota,Benton,27009,4271507.94,54535.0,34884.0,16938.0,5512.0,2046852.5,2600.0,701415.0,0.0,2581059.98
Minnesota,Big Stone,27011,5756852.0,5652672.0,540475.0,486692.0,446383.0,2443905.0,72550.0,0.0,0.0,0.0
Minnesota,Blue Earth,27013,21717764.11,9855425.0,14375377.0,37287.0,43169.0,5017941.0,59.0,0.0,0.0,0.0
Minnesota,Brown,27015,12108519.0,7797765.0,3961563.0,2819.0,3272680.0,2399723.0,17521.0,0.0,0.0,0.0
Minnesota,Carlton,27017,26955.0,21.0,181.0,1966.0,976.0,1781.0,412.0,0.0,0.0,0.0
Minnesota,Carver,27019,5868986.0,0.0,47953.0,32823.0,27964.0,142855.0,7664.0,0.0,0.0,0.0
Minnesota,Cass,27021,314304.09,53569.0,1120.0,97074.0,55.0,7611.0,4750.0,117549.08,0.0,94142.0
Minnesota,Chippewa,27023,11473027.0,14969356.0,5491979.0,109578.0,112977.0,1917583.0,21423.0,0.0,0.0,0.0
Minnesota,Chisago,27025,2553182.0,80381.0,1373593.0,12178.0,12736.0,190571.0,501.0,0.0,0.0,1651.0
Minnesota,Clay,27027,7590604.0,7247403.0,2247240.0,2690.0,9837.0,4397426.0,14043.0,3428.0,0.0,0.0
Minnesota,Clearwater,27029,510948.0,211181.0,226134.0,79880.0,218653.0,175022.0,41930.0,186742.71,0.0,0.0
Minnesota,Cook,27031,0.0,0.0,0.0,0.0,0.0,0.0,0.0,0.0,0.0,0.0
Minnesota,Cottonwood,27033,13806866.47,6019373.0,2440230.0,1006.0,37576.0,16954619.0,2663.0,0.0,0.0,0.0
Minnesota,Crow Wing,27035,549701.0,418924.0,23232.0,6156.0,4151.0,3594.0,3689.0,5985.0,0.0,16922.0
Minnesota,Dakota,27037,7693460.0,3944328.0,1339208.0,13739.0,62285.0,412235.0,784.0,0.0,0.0,6.0
Minnesota,Dodge,27039,10159104.0,10101718.08,8678362.85,485184.0,15233.0,2630932.0,1015.0,0.0,0.0,41686.0
Minnesota,Douglas,27041,3871082.0,591366.0,282466.23,963756.0,183201.0,73973.0,59559.0,5279.92,0.0,223.0
Minnesota,Faribault,27043,21233885.05,8471013.0,3808837.0,1992.0,9412609.0,2391447.0,1368.0,0.0,0.0,0.0
Minnesota,Fillmore,27045,14338558.97,14727537.0,6090564.0,75565.0,68620.0,519272.0,0.0,0.0,0.0,32336.0
Minnesota,Freeborn,27047,15796775.0,9873563.0,10371344.0,3356.0,18787.0,1441110.0,2069.0,0.0,0.0,11875.0
Minnesota,Goodhue,27049,12016235.33,10846077.0,10641362.77,50039.0,71270.0,658431.0,1834.0,0.0,0.0,99.0
Minnesota,Grant,27051,8258665.0,9243837.0,484909.0,46033.0,430276.0,114747.0,4787.0,62.0,0.0,0.0
Minnesota,Hennepin,27053,1565165.0,4689.0,101501.0,64112.0,9134.0,211125.0,124.0,0.0,0.0,0.0
Minnesota,Houston,27055,5125413.0,4767606.0,2007640.0,84446.0,210674.0,58033.0,0.0,0.0,0.0,0.0
Minnesota,Hubbard,27057,810463.45,585879.0,168742.0,12877.0,10201.0,31197.0,4258.0,19085.0,0.0,48019.0
Minnesota,Isanti,27059,2821686.0,12.0,0.0,3954.0,0.0,289877.0,1308.0,158.0,0.0,418.0
Minnesota,Itasca,27061,26669.0,8469.0,11769.0,0.0,4585.0,1516.0,4157.0,0.0,0.0,0.0
Minnesota,Jackson,27063,15614813.0,8745425.0,8754426.0,16710.0,2875555.0,13715311.0,4875.0,0.0,0.0,0.0
Minnesota,Kanabec,27065,970883.0,15571.0,16928.0,4499.0,15033.0,184894.0,3418.0,138573.37,0.0,34.0
Minnesota,Kandiyohi,27067,15356548.94,9809804.24,4605672.32,1261948.0,176997.58,1333936.0,52032.0,0.0,0.0,0.0
Minnesota,Kittson,27069,3479164.0,7338808.64,5290146.89,0.0,719730.0,2889845.0,211969.0,688.0,0.0,0.0
Minnesota,Koochiching,27071,77998.0,23129.0,43020.0,19532.0,0.0,29545.0,229.0,0.0,0.0,0.0
Minnesota,Lac qui Parle,27073,12029756.0,15148194.0,1553448.0,233001.0,290107.84,2979765.0,56226.0,0.0,0.0,0.0
Minnesota,Lake,27075,0.0,0.0,0.0,0.0,0.0,0.0,0.0,0.0,0.0,0.0
Minnesota,Lake of the Woods,27077,548322.0,724862.0,667192.0,208436.0,5967.0,250893.0,9386.0,0.0,0.0,0.0
Minnesota,Le Sueur,27079,11126481.0,780896.0,406884.0,10030.0,118688.0,2399041.0,5090.0,0.0,0.0,0.0
Minnesota,Lincoln,27081,7607859.0,3339493.0,345044.0,320622.0,284195.0,3371776.0,81063.0,0.0,0.0,0.0
Minnesota,Lyon,27083,12775793.0,172957.0,122760.0,146091.0,123650.43,2052011.0,29859.0,0.0,0.0,0.0
Minnesota,McLeod,27085,10777414.55,2686843.0,2428009.0,6359.0,72220.0,498391.0,20392.0,0.0,0.0,0.0
Minnesota,Mahnomen,27087,2280928.0,2378676.2,504095.25,10171.0,438013.43,763263.0,4585.0,6.0,0.0,16.0
Minnesota,Marshall,27089,10457503.0,13803336.0,7818430.0,6488383.0,21.0,236646.0,523097.0,46840.0,0.0,0.0
Minnesota,Martin,27091,23811206.91,14562560.420000002,6487782.0,774.0,17195895.0,3966891.0,166.0,0.0,0.0,0.0
Minnesota,Meeker,27093,11670348.13,2586356.0,1691141.0,110278.0,97025.0,1286249.0,37821.0,0.0,0.0,0.0
Minnesota,Mille Lacs,27095,1787098.85,1561.0,17147.0,65389.0,2284.0,656724.0,1780.0,5038.0,0.0,6903.0
Minnesota,Morrison,27097,6472317.19,5841.0,90357.0,128378.0,3572.0,50635.0,49434.0,2302773.18,0.0,3587386.36
Minnesota,Mower,27099,15081742.45,11088909.0,7471174.0,18697.0,35393.0,3121090.0,107.0,0.0,0.0,5082624.0
Minnesota,Murray,27101,18905575.0,3340935.0,57338.0,1408.0,1468516.0,17218015.0,37299.0,0.0,0.0,0.0
Minnesota,Nicollet,27103,7974775.0,185931.0,5867.0,2798.0,29351.0,1128069.0,8906.0,0.0,0.0,0.0
Minnesota,Nobles,27105,21604313.0,6893541.0,7827274.0,1319.0,883903.0,18836494.09,6635.0,235.0,0.0,0.0
Minnesota,Norman,27107,5384110.24,957440.0,3414460.0,1241834.0,201104.0,1207464.0,49742.0,2371.0,0.0,0.0
Minnesota,Olmsted,27109,10782011.95,12281837.92,9691064.45,20413.0,42604.0,1294661.99,248.0,0.0,0.0,3641.0
Minnesota,East Otter Tail,27111,4995471.0,1511510.0,896839.0,104129.0,27485.0,165295.0,18879.0,56406.0,0.0,6954.1
Minnesota,West Otter Tail,27112,7340061.31,1228093.0,790147.0,8385.0,324.0,230122.0,30797.0,14748.0,0.0,0.0
Minnesota,Pennington,27113,2887789.0,3519458.0,2552613.0,3007611.0,4410.0,65370.0,91436.0,1293538.0,0.0,0.0
Minnesota,Pine,27115,1490762.0,6917.0,33366.0,53906.0,16838.0,113409.0,3014.0,0.0,0.0,3910.0
Minnesota,Pipestone,27117,9968985.0,134992.16,68705.0,40100.0,46743.0,8827079.0,28072.0,22.0,0.0,0.0
Minnesota,East Polk,27119,2326835.0,3807819.0,2061667.0,538208.0,203.0,89113.0,89326.0,160304.0,0.0,0.0
Minnesota,West Polk,27120,2564658.0,13642617.0,8379716.0,2217956.0,136.0,615063.0,256664.0,372255.0,0.0,0.0
Minnesota,Pope,27121,7083641.0,6146328.0,304783.0,983016.0,259817.0,1497975.0,74125.0,20276.0,0.0,129.0
Minnesota,Ramsey,27123,0.0,0.0,0.0,0.0,0.0,0.0,0.0,0.0,0.0,0.0
Minnesota,Red Lake,27125,1743522.0,1321757.24,1473929.0,250.0,747.0,139321.0,89952.0,1623571.0,0.0,0.0
Minnesota,Redwood,27127,18823838.53,5335608.0,103557.0,95363.0,664104.0,4656827.0,8194.0,0.0,0.0,0.0
Minnesota,Renville,27129,28569086.0,13367090.68,1904714.0,3284.0,239185.0,4351834.0,28157.0,0.0,0.0,0.0
Minnesota,Rice,27131,7333329.0,3313350.0,4819325.0,34005.0,35482.0,1187815.43,0.0,0.0,0.0,4144.0
Minnesota,Rock,27133,15322041.0,4493340.0,1038776.45,8953.0,12014.0,13050397.0,5764.0,3612.0,0.0,34.0
Minnesota,Roseau,27135,1552027.0,3321976.0,3198717.0,2867924.0,46278.0,272332.0,408842.0,207567.0,0.0,0.0
Minnesota,North St. Louis,27137,3325.0,0.0,8602.0,0.0,1072.0,8207.0,5102.0,0.0,0.0,0.0
Minnesota,South St. Louis,27138,2042.0,0.0,1949.0,0.0,1053.0,74.0,60.0,0.0,0.0,0.0
Minnesota,Scott,27139,1386649.13,259858.0,7282.0,10061.0,14349.0,127249.0,712.0,0.0,0.0,0.0
Minnesota,Sherburne,27141,2325799.0,1403611.41,1133276.0,211133.0,0.0,231429.0,1277.0,253094.0,0.0,257609.0
Minnesota,Sibley,27143,13823925.98,7533932.83,60889.0,19331.0,72903.0,1026819.0,1201.0,0.0,0.0,0.0
Minnesota,Stearns,27145,16361219.68,59006.0,328147.52,184501.0,77659.0,377891.0,26841.0,15712.0,0.0,24236.0
Minnesota,Steele,27147,9543945.43,5467334.94,3027259.0,21675.0,34195.0,2609936.98,99.0,0.0,0.0,0.0
Minnesota,Stevens,27149,10120628.0,12572318.0,305907.0,805370.0,285692.0,1983048.0,28881.0,15.0,0.0,0.0
Minnesota,Swift,27151,13847147.0,14834639.0,1592380.0,1570028.0,350044.0,1701100.0,28431.0,0.0,0.0,0.0
Minnesota,Todd,27153,4881580.12,55743.0,171241.0,174811.0,96283.23,91127.0,48254.0,27018.0,0.0,140345.0
Minnesota,Traverse,27155,8622564.99,5774552.0,459819.0,54759.0,46518.0,2962355.0,1638.0,0.0,0.0,0.0
Minnesota,Wabasha,27157,6759043.0,6548703.0,5623461.0,392674.0,78452.0,172981.0,502.0,0.0,0.0,0.0
Minnesota,Wadena,27159,1352401.47,1070974.0,417474.0,2841.0,20680.0,4369.0,2358.0,302539.15,0.0,396523.3
Minnesota,Waseca,27161,11400450.57,7779510.97,3462546.0,1386.0,29114.0,1025976.0,696.0,0.0,0.0,0.0
Minnesota,Washington,27163,1488474.0,354096.0,662280.0,1584.0,7261.0,10395.0,0.0,0.0,0.0,4.0
Minnesota,Watonwan,27165,10193469.0,8899568.0,9459155.0,11057.0,9313964.98,5416829.0,324.0,0.0,0.0,0.0
Minnesota,Wilkin,27167,5748172.0,4339912.0,2545216.8,1331161.8,621296.1,240863.0,73711.0,7028.0,0.0,0.0
Minnesota,Winona,27169,6356948.72,6704996.87,1409659.0,305068.0,50424.0,8387.0,104.0,0.0,0.0,0.0
Minnesota,Wright,27171,7738870.85,7670.0,63286.0,4116.0,26737.0,839477.0,9425.0,0.0,0.0,0.0
Minnesota,Yellow Medicine,27173,14136820.0,7065149.0,318385.0,5923.0,289079.0,4885563.88,50359.0,0.0,0.0,0.0
Mississippi,Adams,28001,44333.0,451505.0,105688.0,287310.0,0.0,7420.0,2380.0,0.0,0.0,386.0
Mississippi,Alcorn,28003,9.0,896661.0,725093.0,41001.0,259877.0,69232.0,0.0,0.0,0.0,0.0
Mississippi,Amite,28005,680.0,55920.0,37976.0,7892.0,0.0,1171.0,3479.0,0.0,0.0,173.0
Mississippi,Attala,28007,1856.0,144596.0,129541.0,142046.0,858.0,24168.0,17495.0,7634.0,0.0,3108.0
Mississippi,Benton,28009,4.0,237191.0,311716.0,19957.0,30180.0,0.0,0.0,0.0,0.0,0.0
Mississippi,Bolivar,28011,528827.0,8316516.31,1771921.0,471387.0,394330.22,1713981.0,49106.0,3870.0,4387.0,0.0
Mississippi,Calhoun,28013,0.0,1154562.0,1218690.0,217731.63,1032022.12,61288.0,5019.0,0.0,0.0,0.0
Mississippi,Carroll,28015,362676.0,206530.0,829475.0,12793.0,31079.0,41722.0,3071.0,0.0,0.0,0.0
Mississippi,Chickasaw,28017,0.0,1265136.0,1412705.0,26901.0,323699.0,390588.0,38.0,5842.0,0.0,19960.0
Mississippi,Choctaw,28019,16093.0,152297.0,168036.0,36591.0,0.0,0.0,0.0,0.0,0.0,530.0
Mississippi,Claiborne,28021,14382.0,211190.0,328941.0,46438.0,26.0,55156.0,0.0,0.0,0.0,3421.0
Mississippi,Clarke,28023,245.0,7632.0,7468.0,1464.0,0.0,0.0,0.0,0.0,0.0,6335.0
Mississippi,Clay,28025,103.0,511487.0,694345.0,104218.0,207534.0,187938.0,0.0,140.0,0.0,49902.0
Mississippi,Coahoma,28027,853298.0,7859390.0,2849593.0,77973.0,60444.0,149894.0,19790.0,60.0,11656.0,12825.0
Mississippi,Copiah,28029,7930.0,176347.0,133505.0,32246.0,0.0,0.0,0.0,0.0,0.0,0.0
Mississippi,Covington,28031,576.0,24406.0,19889.0,813.0,6148.0,12271.0,0.0,0.0,0.0,4929.0
Mississippi,DeSoto,28033,195446.0,444507.0,482920.0,48621.0,38767.0,11396.0,1162.0,0.0,0.0,0.0
Mississippi,Forrest,28035,292.0,1974.0,1976.0,1951.0,0.0,1083.0,0.0,0.0,0.0,659.0
Mississippi,Franklin,28037,4089.0,119640.0,90817.0,21166.0,0.0,0.0,0.0,0.0,0.0,0.0
Mississippi,George,28039,0.0,0.0,0.0,0.0,0.0,0.0,0.0,0.0,0.0,0.0
Mississippi,Greene,28041,1752.0,2213.0,178.0,2821.0,0.0,0.0,0.0,0.0,0.0,0.0
Mississippi,Grenada,28043,1067.0,366093.0,228643.0,75929.0,11460.0,697.0,2414.0,0.0,0.0,0.0
Mississippi,Hancock,28045,733.0,5117.0,2544.0,2609.0,0.0,0.0,0.0,0.0,0.0,0.0
Mississippi,Harrison,28047,0.0,0.0,0.0,0.0,0.0,0.0,0.0,0.0,0.0,0.0
Mississippi,Hinds,28049,11163.0,838047.0,488176.0,12450.0,0.0,163321.0,4339.0,0.0,0.0,141323.0
Mississippi,Holmes,28051,18003.0,2947351.0,2051099.0,9352.0,68.0,27500.0,0.0,0.0,0.0,32120.0
Mississippi,Humphreys,28053,49380.59,3098635.65,2846208.41,74652.0,52621.0,345875.0,1268.0,26492.0,0.0,87426.0
Mississippi,Issaquena,28055,1909.0,3211315.0,1516638.0,416560.0,19282.0,1048132.0,0.0,0.0,0.0,644.0
Mississippi,Itawamba,28057,11.0,229395.0,478491.0,6583.0,162252.0,71276.0,199.0,0.0,0.0,0.0
Mississippi,Jackson,28059,0.0,0.0,0.0,0.0,0.0,0.0,0.0,0.0,0.0,0.0
Mississippi,Jasper,28061,941.0,11110.0,8503.0,6560.0,0.0,465.0,0.0,0.0,0.0,2538.0
Mississippi,Jefferson,28063,119586.0,293938.0,1860.0,174116.0,0.0,7150.0,0.0,0.0,383.0,22.0
Mississippi,Jefferson Davis,28065,0.0,11309.0,3937.0,202.0,0.0,0.0,0.0,0.0,0.0,0.0
Mississippi,Jones,28067,3952.0,23637.0,19818.0,8017.0,0.0,647.0,0.0,0.0,0.0,2891.0
Mississippi,Kemper,28069,0.0,0.0,0.0,0.0,0.0,0.0,0.0,0.0,0.0,0.0
Mississippi,Lafayette,28071,0.0,196462.0,333865.0,22816.0,12327.0,17972.0,0.0,0.0,0.0,0.0
Mississippi,Lamar,28073,0.0,3237.0,65.0,0.0,0.0,348.0,0.0,0.0,0.0,0.0
Mississippi,Lauderdale,28075,245.0,4020.0,4029.0,1675.0,0.0,0.0,0.0,0.0,0.0,0.0
Mississippi,Lawrence,28077,25574.0,28971.0,20217.0,610.0,0.0,1007.0,0.0,0.0,525.0,6670.0
Mississippi,Leake,28079,7779.0,59762.0,51468.0,15532.0,19908.0,20151.0,12852.0,0.0,7552.0,9221.0
Mississippi,Lee,28081,74.0,730671.0,1327142.0,14640.0,471366.0,807800.0,5977.0,0.0,0.0,33.0
Mississippi,Leflore,28083,159002.0,7035205.0,7805049.0,106613.0,41127.0,395907.0,0.0,8.0,0.0,4872.0
Mississippi,Lincoln,28085,20140.0,90001.0,93069.0,25185.0,0.0,2229.0,0.0,0.0,701.0,3868.0
Mississippi,Lowndes,28087,27832.0,737640.0,1028640.0,15202.0,120.0,97755.0,37753.0,0.0,0.0,50.0
Mississippi,Madison,28089,54673.0,1137129.0,544096.0,10524.0,22.0,91426.0,25152.0,0.0,0.0,100518.05
Mississippi,Marion,28091,344.0,8641.0,6045.0,726.0,0.0,0.0,0.0,0.0,0.0,0.0
Mississippi,Marshall,28093,35573.0,1229192.0,1214074.0,69218.0,140513.0,4525.0,252.0,0.0,0.0,0.0
Mississippi,Monroe,28095,45123.0,1741295.0,2048149.0,160911.0,33619.0,556683.0,530.0,3.0,0.0,87785.0
Mississippi,Montgomery,28097,14121.0,259333.0,433348.0,2758.0,98.0,10505.0,415.0,0.0,0.0,19516.0
Mississippi,Neshoba,28099,0.0,0.0,0.0,0.0,0.0,0.0,0.0,0.0,0.0,0.0
Mississippi,Newton,28101,2681.0,103017.0,93028.0,59171.0,0.0,1314.0,0.0,0.0,0.0,53900.0
Mississippi,Noxubee,28103,40.0,2879732.0,2730337.0,92878.0,202849.0,171430.0,4689.0,26457.0,0.0,23645.0
Mississippi,Oktibbeha,28105,94.0,157609.0,156220.9,84742.0,0.0,19140.0,980.0,0.0,0.0,18305.0
Mississippi,Panola,28107,288009.0,1030550.0,2047451.0,44596.0,280567.0,512088.0,12.0,0.0,3939.0,6004.0
Mississippi,Pearl River,28109,1742.0,5283.0,293.0,5386.0,0.0,0.0,0.0,0.0,0.0,0.0
Mississippi,Perry,28111,772.0,3691.0,3718.0,2303.0,0.0,874.0,0.0,0.0,0.0,931.0
Mississippi,Pike,28113,105.0,26862.0,16450.0,484.0,0.0,333.0,0.0,0.0,0.0,615.0
Mississippi,Pontotoc,28115,7541.0,1022894.0,609219.0,27456.0,66677.0,337441.0,1772.0,0.0,0.0,0.0
Mississippi,Prentiss,28117,94.0,917977.0,341431.0,49354.0,325676.0,227228.0,4835.0,3.0,0.0,8389.0
Mississippi,Quitman,28119,5156.0,2405180.0,742420.0,212378.0,675963.84,21038.0,3023.0,12342.0,0.0,0.0
Mississippi,Rankin,28121,295.0,388460.0,143117.0,2460.0,65988.0,40292.0,1217.0,0.0,0.0,21455.0
Mississippi,Scott,28123,40728.0,131646.0,135706.0,31120.0,0.0,3892.0,401.0,0.0,0.0,26907.0
Mississippi,Sharkey,28125,326566.0,4277550.0,2917108.0,26539.0,8501.0,866426.0,548.0,0.0,0.0,275745.0
Mississippi,Simpson,28127,0.0,1359.0,758.0,0.0,0.0,0.0,0.0,0.0,0.0,0.0
Mississippi,Smith,28129,56.0,2005.0,1565.0,104.0,0.0,337.0,124.0,0.0,0.0,0.0
Mississippi,Stone,28131,249.0,293.0,291.0,1496.0,0.0,0.0,0.0,0.0,0.0,0.0
Mississippi,Sunflower,28133,130224.0,9379598.19,6099562.0,201533.0,44467.0,522495.0,230.0,31781.0,154089.0,43.0
Mississippi,Tallahatchie,28135,97610.0,3615838.0,2331254.0,76284.0,57900.0,94868.0,317.0,138.0,0.0,0.0
Mississippi,Tate,28137,0.0,512252.0,443209.0,76372.0,1538.0,58823.0,3389.0,0.0,1767.0,613.0
Mississippi,Tippah,28139,39.0,400085.0,466809.0,32196.0,103824.0,50320.0,0.0,0.0,0.0,0.0
Mississippi,Tishomingo,28141,66.0,254259.0,185315.0,5777.0,85317.0,58898.0,0.0,0.0,0.0,0.0
Mississippi,Tunica,28143,407467.51,2724438.0,1064526.0,394856.0,79814.0,1588076.0,3640.0,0.0,0.0,0.0
Mississippi,Union,28145,0.0,493514.0,465413.0,39951.0,243091.0,103642.0,0.0,0.0,0.0,242.0
Mississippi,Walthall,28147,923.0,5219.0,59663.0,276.0,0.0,0.0,0.0,0.0,0.0,192.0
Mississippi,Warren,28149,13811.0,1355383.0,748290.0,954242.51,17.0,312112.0,0.0,0.0,0.0,1515.0
Mississippi,Washington,28151,82952.0,10988214.81,5210686.0,182343.0,120078.34,3161723.0,1569.0,0.0,0.0,9578.0
Mississippi,Wayne,28153,3444.0,10869.0,10585.0,8730.0,0.0,0.0,0.0,0.0,0.0,0.0
Mississippi,Webster,28155,33433.0,367781.0,392693.0,110942.0,15285.0,12469.0,215.0,0.0,0.0,2375.0
Mississippi,Wilkinson,28157,1096.0,71405.0,21844.0,9770.0,0.0,1663.0,957.0,0.0,0.0,287.0
Mississippi,Winston,28159,15.0,103270.0,104102.0,19386.0,966.0,7324.0,722.0,0.0,0.0,2883.0
Mississippi,Yalobusha,28161,13.0,167095.14,200191.0,6937.0,11388.0,636.0,0.0,1398.0,0.0,0.0
Mississippi,Yazoo,28163,219.0,5903886.0,4146228.0,51342.0,690.0,239665.0,1265.0,6.0,0.0,319509.0
Missouri,Adair,29001,29534.0,556204.0,1327.0,0.0,406132.0,674052.0,18932.0,70.0,0.0,4.0
Missouri,Andrew,29003,0.0,3436264.0,1944902.0,96426.0,3405992.0,909386.0,59015.0,0.0,0.0,38.0
Missouri,Atchison,29005,40666.0,1585640.0,7460903.0,0.0,2246480.0,2177.0,416.0,17320.0,0.0,0.0
Missouri,Audrain,29007,1090.0,4747428.0,568728.0,1491.0,873939.0,31387.0,830.0,0.0,0.0,2161941.0
Missouri,Barry,29009,318.0,305.0,3744.0,0.0,14474.0,2490.0,22322.0,0.0,7994.0,0.0
Missouri,Barton,29011,6487.0,56298.0,78427.0,0.0,208820.0,653026.94,30240.0,0.0,2509351.0,27573.0
Missouri,Bates,29013,1099.0,346804.0,191299.0,49594.0,115907.0,748973.0,70126.0,0.0,37248.0,2294324.0
Missouri,Benton,29015,165.0,690088.0,74999.0,39.0,103169.0,51307.0,13227.0,0.0,0.0,266956.0
Missouri,Bollinger,29017,296408.0,1085703.0,1295596.0,280.0,5698.0,388832.0,23.0,0.0,0.0,100271.0
Missouri,Boone,29019,0.0,988450.0,138818.0,187.0,17063.0,94278.0,136.0,0.0,0.0,55319.0
Missouri,Buchanan,29021,0.0,2928846.0,946092.0,41237.0,43311.0,52886.0,38.0,0.0,0.0,0.0
Missouri,Butler,29023,378518.0,3711853.0,3976717.76,66.0,158.0,1774996.0,7801.0,0.0,516.0,774.0
Missouri,Caldwell,29025,127.0,975505.0,260271.49,25182.0,1178515.36,274924.0,1004.0,0.0,0.0,0.0
Missouri,Callaway,29027,477.0,1916924.18,104073.0,741.0,1144.0,18074.0,0.0,0.0,0.0,21126.0
Missouri,Camden,29029,0.0,533.0,0.0,0.0,461.0,0.0,402.0,0.0,0.0,0.0
Missouri,Cape Girardeau,29031,820248.0,2629513.0,2457042.0,161108.0,225513.0,359951.0,176.0,0.0,0.0,2071.0
Missouri,Carroll,29033,0.0,4678261.0,159505.0,0.0,1087635.0,299954.0,259.0,0.0,0.0,0.0
Missouri,Carter,29035,0.0,0.0,0.0,0.0,0.0,0.0,0.0,0.0,0.0,0.0
Missouri,Cass,29037,713.0,369772.24,26408.0,1022.0,22995.0,20451.0,704.0,38.0,0.0,39858.0
Missouri,Cedar,29039,5847.0,64510.0,34215.0,53.0,7240.0,15686.0,185.0,0.0,105878.0,156085.0
Missouri,Chariton,29041,0.0,3194047.0,5312.0,21.0,2244897.0,2210605.0,336.0,0.0,0.0,62.0
Missouri,Christian,29043,0.0,0.0,0.0,0.0,0.0,0.0,0.0,0.0,0.0,0.0
Missouri,Clark,29045,122126.0,131189.0,108526.0,0.0,112989.0,220984.0,1678.0,0.0,0.0,0.0
Missouri,Clay,29047,133.0,865411.0,80221.0,3472.0,397090.0,260855.0,189.0,0.0,0.0,0.0
Missouri,Clinton,29049,0.0,2340516.0,402870.0,37274.0,2039080.0,1376992.83,436.0,0.0,0.0,0.0
Missouri,Cole,29051,751.0,422020.0,144286.0,316.0,66089.0,130519.0,1018.0,0.0,0.0,0.0
Missouri,Cooper,29053,354.0,1278370.0,274139.0,498.0,1099423.0,8011.0,10.0,0.0,0.0,226740.0
Missouri,Crawford,29055,0.0,930.0,0.0,222.0,0.0,0.0,0.0,0.0,334.0,0.0
Missouri,Dade,29057,558941.0,20753.0,9725.0,375.0,25110.0,32504.0,34.0,0.0,87156.0,214678.0
Missouri,Dallas,29059,1365.0,252.0,249.0,1010.0,949.0,0.0,0.0,0.0,0.0,0.0
Missouri,Daviess,29061,0.0,87960.0,61409.0,81674.0,2016371.0,1021460.0,36765.0,0.0,0.0,250.0
Missouri,DeKalb,29063,217017.0,1293175.0,802046.0,185926.0,2211567.0,1214509.0,7691.0,0.0,0.0,0.0
Missouri,Dent,29065,0.0,920.0,825.0,0.0,756.0,0.0,0.0,0.0,0.0,0.0
Missouri,Douglas,29067,0.0,0.0,0.0,0.0,0.0,0.0,0.0,0.0,0.0,0.0
Missouri,Dunklin,29069,54931.0,2390872.61,5195963.0,95646.0,612080.0,1163695.0,28783.0,0.0,0.0,26214.0
Missouri,Franklin,29071,360.0,474866.0,38694.77,381969.0,452918.0,18497.0,59.0,0.0,0.0,0.0
Missouri,Gasconade,29073,158.0,62667.0,18991.0,1464.0,950.0,12224.0,9645.0,0.0,0.0,9611.0
Missouri,Gentry,29075,236824.0,1389491.0,1251507.58,203090.0,2246825.0,1335545.0,4023.0,0.0,0.0,158.0
Missouri,Greene,29077,391.0,0.0,0.0,276.0,7811.0,0.0,3504.0,0.0,4062.0,0.0
Missouri,Grundy,29079,35804.0,1264117.0,36750.0,0.0,935270.0,328499.0,1168.0,240.0,0.0,14.0
Missouri,Harrison,29081,6797.0,1513093.0,122905.0,0.0,2210259.0,1018386.0,14853.0,0.0,0.0,0.0
Missouri,Henry,29083,0.0,204617.0,129919.0,116403.0,504.0,5228.0,466.0,0.0,0.0,28537.0
Missouri,Hickory,29085,1029.0,36669.0,20757.0,1789.0,3297.0,914.0,952.0,0.0,1690.0,10124.0
Missouri,Holt,29087,793.0,3549624.69,4879864.39,214.0,1846696.0,155196.0,222.0,368.0,0.0,59.0
Missouri,Howard,29089,0.0,1818228.0,280400.0,2.0,278520.0,695134.0,568.0,0.0,0.0,947.0
Missouri,Howell,29091,0.0,0.0,0.0,0.0,0.0,0.0,0.0,0.0,0.0,0.0
Missouri,Iron,29093,0.0,2794.0,2631.0,0.0,1165.0,0.0,0.0,0.0,0.0,0.0
Missouri,Jackson,29095,0.0,1006685.0,100574.0,46.0,0.0,789.0,17.0,23281.0,0.0,0.0
Missouri,Jasper,29097,12957.0,320169.0,155962.0,1971.0,5103.0,407117.0,239224.0,0.0,822271.0,0.0
Missouri,Jefferson,29099,97596.0,73049.0,105826.0,92563.0,1550.0,1620.0,0.0,0.0,0.0,31126.0
Missouri,Johnson,29101,78.0,1366831.0,79173.0,5917.0,37128.0,5389.0,403.0,0.0,0.0,0.0
Missouri,Knox,29103,2872.0,1048426.0,8841.0,0.0,1847728.0,305431.0,1356.0,0.0,0.0,0.0
Missouri,Laclede,29105,3907.0,7774.0,2102.0,0.0,5856.0,3.0,613.0,0.0,0.0,0.0
Missouri,Lafayette,29107,50.0,6760967.0,198167.0,70.0,1317.0,9494.0,164.0,0.0,0.0,0.0
Missouri,Lawrence,29109,2639.0,5324.0,110025.0,93215.0,57352.0,8506.0,12422.0,0.0,90617.7,11904.0
Missouri,Lewis,29111,5173.0,315548.0,96020.0,0.0,621104.0,263263.0,228.0,0.0,0.0,0.0
Missouri,Lincoln,29113,0.0,2438542.0,112028.0,6.0,133.0,42779.0,9038.0,0.0,0.0,0.0
Missouri,Linn,29115,0.0,1201799.0,100734.0,0.0,840967.96,696354.0,12588.0,313.0,0.0,24.0
Missouri,Livingston,29117,8.0,2420572.0,170219.0,12.0,419807.0,589236.0,610.0,0.0,0.0,0.0
Missouri,McDonald,29119,0.0,0.0,0.0,0.0,0.0,0.0,0.0,0.0,0.0,0.0
Missouri,Macon,29121,197.0,687185.0,221993.0,0.0,2321896.0,1049973.0,5537.0,0.0,0.0,0.0
Missouri,Madison,29123,480.0,11500.0,9340.0,1145.0,5362.0,1314.0,0.0,0.0,0.0,0.0
Missouri,Maries,29125,63.0,18722.0,222.0,1954.0,14851.0,123.0,51.0,0.0,0.0,8838.0
Missouri,Marion,29127,98171.0,2709945.44,424915.0,667.0,59844.0,146679.0,1765.0,0.0,0.0,27992.0
Missouri,Mercer,29129,45584.0,326900.0,55107.0,0.0,376147.0,141788.0,1474.0,0.0,0.0,0.0
Missouri,Miller,29131,0.0,129204.0,64.0,837.0,93776.0,24753.0,26.0,0.0,0.0,30956.0
Missouri,Mississippi,29133,57527.0,10781639.98,7502863.01,1109173.0,1161564.0,2913218.75,0.0,0.0,0.0,162.0
Missouri,Moniteau,29135,205.0,295342.0,17244.0,216.0,260192.0,384.0,0.0,0.0,0.0,69868.0
Missouri,Monroe,29137,583.0,480588.0,363180.0,791.0,684329.0,75009.0,8994.0,0.0,0.0,936436.0
Missouri,Montgomery,29139,689.0,3078526.0,346557.0,1069.0,750660.0,5121.0,24.0,0.0,0.0,15637.0
Missouri,Morgan,29141,5355.0,192181.0,48170.0,0.0,183231.0,1914.0,0.0,0.0,0.0,129147.0
Missouri,New Madrid,29143,2763953.4899999998,13656146.0,11491642.0,517986.0,674797.0,785545.0,3330.0,0.0,0.0,549104.0
Missouri,Newton,29145,6598.0,2635.0,76718.0,1536.0,87394.0,3540.0,34588.0,0.0,43182.0,0.0
Missouri,Nodaway,29147,35312.0,8876398.0,157560.0,0.0,7137917.0,156702.0,4551.0,38.0,0.0,0.0
Missouri,Oregon,29149,0.0,0.0,0.0,0.0,0.0,0.0,0.0,0.0,0.0,0.0
Missouri,Osage,29151,1529.0,384356.0,14365.0,9373.0,4247.0,102123.0,668.0,0.0,0.0,157.0
Missouri,Ozark,29153,0.0,0.0,0.0,0.0,0.0,0.0,0.0,0.0,0.0,0.0
Missouri,Pemiscot,29155,322125.0,7581332.01,4093497.51,501774.0,561157.0,243400.0,2915.0,0.0,0.0,9121.0
Missouri,Perry,29157,434758.0,619692.0,1745719.0,1351121.0,1500.0,4922.0,0.0,0.0,0.0,794.0
Missouri,Pettis,29159,0.0,2788378.0,157555.0,563.0,531812.0,35592.0,347.0,0.0,0.0,181779.0
Missouri,Phelps,29161,0.0,1978.0,199.0,0.0,1560.0,0.0,0.0,0.0,0.0,0.0
Missouri,Pike,29163,250.0,4475669.0,495642.0,350.0,949361.0,7565.0,6995.0,0.0,0.0,9825.0
Missouri,Platte,29165,0.0,3056160.9,888600.49,119157.0,457685.0,445290.0,0.0,0.0,0.0,0.0
Missouri,Polk,29167,13733.0,70617.0,32056.0,28609.0,58225.0,17188.0,521.0,0.0,44073.0,13143.0
Missouri,Pulaski,29169,0.0,6344.0,0.0,0.0,0.0,0.0,0.0,0.0,0.0,141.0
Missouri,Putnam,29171,0.0,376928.1,25577.0,0.0,139691.0,268369.0,3140.0,1851.0,0.0,108.0
Missouri,Ralls,29173,2774.0,4837854.0,694655.0,0.0,527317.0,78642.0,9123.0,0.0,0.0,1496711.98
Missouri,Randolph,29175,525.0,504350.0,176239.0,721.0,376047.0,169531.0,1058.0,0.0,0.0,8617.0
Missouri,Ray,29177,4.0,3911402.0,430004.0,5.0,325165.0,527774.0,67192.0,0.0,0.0,0.0
Missouri,Reynolds,29179,0.0,0.0,0.0,0.0,0.0,0.0,0.0,0.0,0.0,0.0
Missouri,Ripley,29181,46623.0,298093.0,339848.0,1310.0,44568.0,5525.0,0.0,0.0,0.0,0.0
Missouri,St. Charles,29183,6.0,3278409.73,116640.0,592495.45,6.0,314055.0,0.0,0.0,0.0,0.0
Missouri,St. Clair,29185,89.0,100360.0,376.0,36476.0,6698.0,17917.0,55027.0,0.0,1336.0,363594.93
Missouri,Ste. Genevieve,29193,23222.0,1624808.0,877851.0,1070624.0,320.0,7298.0,0.0,0.0,0.0,4249.0
Missouri,St. Francois,29187,9474.0,116235.0,119053.0,13353.0,453.0,16502.0,0.0,0.0,0.0,323.0
Missouri,St. Louis,29189,0.0,194724.0,3270.0,73720.0,0.0,17088.0,0.0,0.0,0.0,0.0
Missouri,Saline,29195,115.0,8734882.0,485350.0,159.0,7781413.46,9075.0,419.0,0.0,0.0,12410.0
Missouri,Schuyler,29197,55584.0,884887.0,58944.0,0.0,526021.0,118828.0,2094.0,0.0,977.0,0.0
Missouri,Scotland,29199,114678.0,331748.0,120427.0,54219.0,361361.0,83207.0,2450.0,0.0,12.0,0.0
Missouri,Scott,29201,484577.0,8744858.32,7846896.0,127872.0,812821.0,2113957.0,0.0,0.0,0.0,22085.0
Missouri,Shannon,29203,0.0,0.0,0.0,0.0,0.0,0.0,0.0,0.0,0.0,0.0
Missouri,Shelby,29205,33.0,787649.0,116143.0,44.0,75952.0,81011.0,13692.0,0.0,0.0,16496.0
Missouri,Stoddard,29207,388518.99,9070901.27,9946894.0,49617.0,891746.0,1107960.0,966.0,0.0,0.0,1328534.62
Missouri,Stone,29209,0.0,0.0,0.0,0.0,0.0,0.0,0.0,0.0,0.0,0.0
Missouri,Sullivan,29211,9060.0,539080.0,6613.0,0.0,344329.0,114033.0,734.0,8848.0,0.0,717.0
Missouri,Taney,29213,0.0,0.0,0.0,0.0,0.0,0.0,0.0,0.0,0.0,0.0
Missouri,Texas,29215,0.0,14564.0,12332.0,0.0,10464.0,0.0,8596.0,0.0,0.0,8094.0
Missouri,Vernon,29217,181.0,529678.0,205150.0,159171.0,182171.0,757128.0,194321.0,0.0,986012.0,1582725.0
Missouri,Warren,29219,30.0,73115.0,5806.0,5488.0,5000.0,0.0,0.0,0.0,0.0,0.0
Missouri,Washington,29221,0.0,0.0,0.0,0.0,0.0,0.0,0.0,0.0,0.0,0.0
Missouri,Wayne,29223,8.0,67869.55,98613.0,0.0,37964.0,51193.0,285.0,0.0,0.0,0.0
Missouri,Webster,29225,1539.0,0.0,0.0,3750.0,5487.0,0.0,3079.0,0.0,51.0,0.0
Missouri,Worth,29227,49452.0,1371257.0,9849.0,0.0,973808.0,29429.0,2493.0,0.0,0.0,12604.0
Missouri,Wright,29229,0.0,0.0,0.0,0.0,0.0,0.0,0.0,0.0,0.0,0.0
Missouri,St. Louis,29510,0.0,0.0,0.0,0.0,0.0,0.0,0.0,0.0,0.0,0.0
Montana,Beaverhead,30001,0.0,15212.0,1342.0,0.0,0.0,0.0,0.0,0.0,0.0,0.0
Montana,Big Horn,30003,40553.0,403678.0,398440.0,310241.0,49263.0,32725.0,0.0,124582.0,415.0,0.0
Montana,Blaine,30005,770450.0,1778467.0,1310456.03,1546993.0,1109371.0,12024.0,43.0,73415.0,348500.0,47054.0
Montana,Broadwater,30007,0.0,57461.0,59154.0,49881.0,46011.0,0.0,0.0,0.0,5338.0,0.0
Montana,Carbon,30009,33377.0,31219.0,68314.0,1392.0,76098.0,1320.0,0.0,7468.0,126.0,0.0
Montana,Carter,30011,76606.0,66147.0,445101.0,440969.0,11348.0,26104.0,87838.0,348504.0,87.0,1496.0
Montana,Cascade,30013,7830.0,10150.0,305798.0,61853.0,4753.0,4127.0,0.0,61127.0,2287230.0,0.0
Montana,Chouteau,30015,34066.0,550481.0,555035.0,564099.0,8.0,0.0,0.0,248616.0,4590210.27,269.0
Montana,Custer,30017,112893.0,266308.0,234024.0,114150.0,16077.0,0.0,74.0,7806.0,2901.0,0.0
Montana,Daniels,30019,136153.0,872194.0,740136.0,968378.0,862353.0,28838.0,0.0,705533.0,20938.0,666.0
Montana,Dawson,30021,7541.0,674425.0,508653.0,566482.0,79190.0,0.0,0.0,827520.0,2051.0,17987.0
Montana,Deer Lodge,30023,0.0,0.0,0.0,0.0,0.0,0.0,0.0,0.0,0.0,0.0
Montana,Fallon,30025,90479.0,237019.0,529766.0,490302.0,130309.73,30124.0,82600.0,366644.0,1948.0,586.0
Montana,Fergus,30027,182.0,4221.0,336457.0,320806.0,0.0,152.0,206.0,160463.0,359.0,0.0
Montana,Flathead,30029,16708.0,161310.0,129502.0,170401.0,89458.0,25.0,92.0,0.0,0.0,0.0
Montana,Gallatin,30031,6904.0,65192.0,62897.0,323.0,324.0,8861.0,3788.0,24860.0,78967.0,0.0
Montana,Garfield,30033,44991.0,803304.42,753011.0,986502.0,194714.0,59060.0,42432.0,134517.0,49699.0,0.0
Montana,Glacier,30035,185284.0,806057.0,700531.0,700027.0,219889.0,26566.0,2198.0,62864.0,84481.46,36016.0
Montana,Golden Valley,30037,38237.0,584920.0,547549.0,33450.0,2964.0,0.0,0.0,47745.0,7687.0,2752.0
Montana,Granite,30039,0.0,0.0,0.0,0.0,0.0,0.0,0.0,0.0,0.0,0.0
Montana,Hill,30041,1659536.54,2489924.75,1993892.0,2166899.76,101055.0,189864.0,243.0,198808.0,568444.0,0.0
Montana,Jefferson,30043,0.0,431.0,396.0,0.0,0.0,0.0,0.0,0.0,0.0,0.0
Montana,Judith Basin,30045,245.0,0.0,269098.0,253896.0,0.0,17597.0,0.0,41771.0,0.0,0.0
Montana,Lake,30047,9818.0,55345.0,71294.0,71502.0,37579.0,7373.0,261.0,517.0,0.0,0.0
Montana,Lewis and Clark,30049,41838.0,11138.0,23952.0,9952.0,88.0,0.0,0.0,0.0,0.0,0.0
Montana,Liberty,30051,835068.0,1941399.85,1483591.0,1702425.0,30498.0,0.0,0.0,156498.0,3836846.0,966.0
Montana,Lincoln,30053,0.0,0.0,0.0,0.0,0.0,0.0,0.0,0.0,0.0,0.0
Montana,McCone,30055,19586.0,134751.0,705308.0,869784.0,262336.25,0.0,0.0,374379.0,590.0,654.0
Montana,Madison,30057,100.0,8986.0,16073.0,5266.0,12343.0,0.0,0.0,0.0,302.0,0.0
Montana,Meagher,30059,0.0,13176.0,42686.0,31467.0,70.0,0.0,0.0,0.0,57404.0,0.0
Montana,Mineral,30061,0.0,0.0,0.0,0.0,0.0,0.0,0.0,0.0,0.0,0.0
Montana,Missoula,30063,614.0,32434.0,19141.0,25440.0,15878.0,0.0,789.0,809.0,0.0,0.0
Montana,Musselshell,30065,24404.0,172354.0,331958.0,170807.0,7860.0,13872.0,0.0,222776.0,318036.0,0.0
Montana,Park,30067,0.0,490.0,452.0,405.0,0.0,0.0,0.0,0.0,680.0,0.0
Montana,Petroleum,30069,43155.0,1401.0,57165.0,69948.0,1379.0,0.0,0.0,0.0,0.0,0.0
Montana,Phillips,30071,294010.0,1589290.0,1228014.0,1541392.0,1354906.0,448766.0,72706.0,802467.0,1263239.0,1028297.0
Montana,Pondera,30073,2229.0,383248.0,374749.0,412111.0,0.0,0.0,0.0,0.0,740677.0,2580.0
Montana,Powder River,30075,0.0,75430.0,80634.0,25703.0,3502.0,159.0,0.0,1122.0,0.0,0.0
Montana,Powell,30077,0.0,0.0,0.0,0.0,0.0,0.0,0.0,0.0,0.0,0.0
Montana,Prairie,30079,26706.0,228670.0,251854.0,307360.0,29612.0,14259.0,17077.0,44890.0,0.0,0.0
Montana,Ravalli,30081,0.0,0.0,0.0,0.0,0.0,0.0,0.0,0.0,0.0,0.0
Montana,Richland,30083,126603.0,928062.0,956962.0,1076101.0,320256.0,70705.0,8911.0,601297.0,0.0,976.0
Montana,Roosevelt,30085,7996.0,629298.0,527477.0,657328.0,520234.0,200.0,61.0,662406.0,9509.0,4717.0
Montana,Rosebud,30087,265705.0,233641.0,416599.0,256844.0,347097.0,35919.0,71505.0,312628.0,0.0,194.0
Montana,Sanders,30089,0.0,0.0,0.0,0.0,0.0,0.0,0.0,0.0,0.0,0.0
Montana,Sheridan,30091,22297.0,1039991.0,417466.0,1746352.0,1515270.0,212206.0,28513.0,846269.0,22632.0,3486.0
Montana,Silver Bow,30093,0.0,0.0,0.0,0.0,0.0,0.0,0.0,0.0,0.0,0.0
Montana,Stillwater,30095,51300.0,60727.0,258359.0,39333.0,0.0,0.0,0.0,0.0,1526.0,6.0
Montana,Sweet Grass,30097,370.0,0.0,892.0,75.0,0.0,0.0,0.0,60.0,0.0,0.0
Montana,Teton,30099,6981.0,367704.0,345346.0,403694.0,846.0,0.0,230.0,88450.0,1291078.0,142.0
Montana,Toole,30101,20772.0,1524383.0,1407195.0,1348342.0,332355.0,35479.0,3026.0,136138.0,72242.0,14519.0
Montana,Treasure,30103,64196.0,78016.0,103901.0,31678.0,36956.0,41318.0,40042.0,4340.0,17.0,0.0
Montana,Valley,30105,34615.0,1492128.0,1428695.0,1783868.0,1378255.0,177482.0,0.0,597791.0,889115.0,48986.0
Montana,Wheatland,30107,0.0,10168.0,296806.0,17927.0,0.0,0.0,0.0,56617.0,0.0,0.0
Montana,Wibaux,30109,91431.0,24231.0,558751.0,751128.0,546877.0,46014.0,6152.0,467174.0,5573.0,963.0
Montana,Yellowstone,30111,323967.0,163362.0,476359.0,97.0,0.0,4790.0,6690.0,6272.0,33562.0,126.0
Nebraska,Adams,31001,17329102.5,13966990.0,14466911.0,97505.0,134300.0,168618.0,3005.0,0.0,4543.0,569307.0
Nebraska,Antelope,31003,18071981.88,19031667.0,11362744.0,10343.0,6002.0,776.0,0.0,0.0,200851.0,14516.0
Nebraska,Arthur,31005,180566.0,239416.0,189023.0,1875.0,171675.0,0.0,0.0,0.0,958.0,2363.0
Nebraska,Banner,31007,241244.0,511007.0,416983.0,79401.0,8181.0,0.0,7066.0,0.0,73098.0,203.0
Nebraska,Blaine,31009,162858.0,104884.0,144061.0,3446.0,418.0,0.0,41641.0,0.0,706.0,0.0
Nebraska,Boone,31011,11865088.46,16008590.64,8991206.0,976330.0,62214.0,3805.0,0.0,0.0,73806.0,561709.0
Nebraska,Box Butte,31013,3699398.76,4139829.06,2740901.2,3177157.0,10037.0,19225.0,25167.0,48363.0,224792.0,7350.0
Nebraska,Boyd,31015,1927340.24,2342112.0,1820594.0,76304.0,22470.0,80040.0,0.0,30423.0,1002077.0,58409.0
Nebraska,Brown,31017,3924184.0,2337905.0,638285.0,4949.0,1569.0,4111.0,27505.0,582.0,92324.0,114.0
Nebraska,Buffalo,31019,19274043.76,14984910.0,10269281.0,784.0,2541.0,147795.0,2647.0,14.0,671108.0,803453.0
Nebraska,Burt,31021,13300484.98,5178205.82,8466331.0,13617.0,6211.0,811069.0,220.0,0.0,0.0,56944.0
Nebraska,Butler,31023,11098072.0,11895337.0,11103396.0,208739.0,0.0,1430.0,4.0,0.0,0.0,1388208.73
Nebraska,Cass,31025,7142603.25,6107147.0,5001903.0,134067.0,133970.0,12047.0,145.0,0.0,0.0,97915.0
Nebraska,Cedar,31027,12353107.25,14484975.37,11476498.0,6853757.0,9272.0,4122.0,3974.0,0.0,36666.0,36274.0
Nebraska,Chase,31029,2291035.0,11868053.28,10127910.51,194148.0,132350.0,732320.0,207943.0,163515.0,532166.0,12971.0
Nebraska,Cherry,31031,1484675.0,1469351.0,1429744.0,30062.0,4968.0,891.0,1619.0,3087.0,38112.0,14601.0
Nebraska,Cheyenne,31033,55263.0,1585936.0,1010973.0,655312.0,17013.0,1312.0,21360.0,61.0,211279.0,4699.0
Nebraska,Clay,31035,6141985.0,11081775.0,10973463.0,36478.0,0.0,566735.0,522.0,0.0,43.0,1331841.0
Nebraska,Colfax,31037,5306932.0,3357592.0,7494423.0,3257731.0,13585.0,2154.0,6434.0,0.0,0.0,97900.0
Nebraska,Cuming,31039,16662695.0,11388171.23,8524237.0,15615.0,3527.0,357119.0,0.0,0.0,0.0,5795029.0
Nebraska,Custer,31041,17254219.02,14167398.0,12545387.04,7165495.67,74.0,70345.0,44326.0,5.0,522867.0,238739.0
Nebraska,Dakota,31043,3157488.2199999997,1581698.0,2955445.0,483530.0,0.0,2949.0,0.0,0.0,0.0,44949.0
Nebraska,Dawes,31045,20195.0,320341.0,533427.08,30218.0,3829.0,3830.0,25215.0,0.0,8006.0,0.0
Nebraska,Dawson,31047,16263605.0,12894990.15,15999285.0,25626.0,22863.0,0.0,0.0,2075.0,40179.0,41965.0
Nebraska,Deuel,31049,763259.0,1152254.0,1100945.06,510616.0,724913.0,0.0,3146.0,0.0,71591.0,7762.0
Nebraska,Dixon,31051,6794548.0,6279745.0,6368925.0,4749663.0,595.0,544.0,0.0,0.0,1136.0,104982.0
Nebraska,Dodge,31053,14751174.0,7801743.0,10726070.0,5073.0,10158.0,10681.0,775.0,0.0,0.0,126930.0
Nebraska,Douglas,31055,851408.0,840675.0,1046966.0,2459.0,1714.0,4218.0,691.0,0.0,0.0,2061.0
Nebraska,Dundy,31057,1294957.0,4882932.0,3709312.0,27574.0,0.0,274.0,30407.0,319998.31,848861.0,40549.0
Nebraska,Fillmore,31059,15285165.0,17468260.0,14450678.0,338529.0,538348.0,52004.0,1487.0,0.0,0.0,830909.0
Nebraska,Franklin,31061,7890642.0,7119567.0,5159950.28,209210.0,15.0,125886.0,427.0,0.0,79540.0,746061.0
Nebraska,Frontier,31063,3501556.0,2088155.0,1263003.0,1167447.0,0.0,890.0,274.0,94.0,837105.0,106620.0
Nebraska,Furnas,31065,7474036.32,2285389.48,2413991.17,1190.0,230.0,639.0,153.0,0.0,2325825.0,4512059.0
Nebraska,Gage,31067,1105654.0,13022452.0,7546571.0,2111405.0,157229.0,71240.0,33143.0,0.0,395.0,78229.0
Nebraska,Garden,31069,1075356.0,2146330.0,1958663.0,567718.0,1019590.0,0.0,298.0,8.0,131971.0,8354.0
Nebraska,Garfield,31071,1132042.0,690715.0,14964.0,4414.0,0.0,599.0,0.0,0.0,48018.0,7507.0
Nebraska,Gosper,31073,8578036.0,4753039.0,6232377.14,531479.0,531.0,279.0,0.0,0.0,99915.0,98483.0
Nebraska,Grant,31075,0.0,0.0,0.0,0.0,0.0,0.0,0.0,0.0,0.0,0.0
Nebraska,Greeley,31077,4772597.0,4140071.0,3177805.0,18302.0,0.0,358.0,162.0,0.0,159500.0,194842.0
Nebraska,Hall,31079,11270662.0,16111394.51,14646091.54,3732.0,0.0,289475.0,1658.0,0.0,33139.0,280640.0
Nebraska,Hamilton,31081,20753563.0,21560374.0,19230624.0,5956.0,70772.0,120826.0,1108.0,0.0,509.0,1043064.0
Nebraska,Harlan,31083,8220626.74,5446599.0,4230235.0,71.0,54.0,83122.0,11.0,0.0,184396.0,1513997.0
Nebraska,Hayes,31085,2681186.0,3474572.0,2591368.43,13745.0,0.0,12666.0,12232.0,212296.0,574493.0,346434.0
Nebraska,Hitchcock,31087,1180668.0,1074080.0,504413.0,664.0,0.0,604.0,44891.0,35349.0,307109.0,272125.0
Nebraska,Holt,31089,17060430.0,12456989.0,11148519.97,31690.0,789.0,157570.0,0.0,9766.0,345416.0,45275.0
Nebraska,Hooker,31091,0.0,0.0,0.0,0.0,0.0,0.0,0.0,0.0,0.0,0.0
Nebraska,Howard,31093,10298855.0,10306116.23,8243973.49,4298.0,624357.0,209514.0,721.0,0.0,274434.0,358437.0
Nebraska,Jefferson,31095,3405211.0,8487331.0,5651940.66,3622569.0,343155.0,29375.0,0.0,0.0,0.0,2840261.31
Nebraska,Johnson,31097,821933.0,4594582.73,2923565.75,71302.0,289167.0,80525.0,39989.0,0.0,501.0,66.0
Nebraska,Kearney,31099,17813354.86,16645219.0,14408019.0,56.0,4215.0,6111.0,113009.0,0.0,117444.0,609140.0
Nebraska,Keith,31101,2642793.03,6052211.0,4855687.69,20300.0,75453.0,11892.0,19742.0,977.0,194783.0,198217.0
Nebraska,Keya Paha,31103,896096.0,771644.0,861648.0,46351.0,3103.0,2087.0,0.0,1209.0,88757.0,4483.0
Nebraska,Kimball,31105,730733.0,844368.0,976221.0,128644.0,1487.0,0.0,143.0,0.0,55647.0,0.0
Nebraska,Knox,31107,5417294.43,8021413.0,11026812.0,7334676.2,171966.0,59489.0,903.0,1914.0,560142.0,65771.0
Nebraska,Lancaster,31109,9520658.0,8608787.0,6754991.39,265130.0,177952.0,86904.0,3401.0,0.0,69.0,182971.0
Nebraska,Lincoln,31111,14427115.0,12558533.58,13814202.0,1705338.98,0.0,1742.0,10311.0,2393.0,392392.0,278438.0
Nebraska,Logan,31113,1686032.0,1616043.91,1343679.0,508827.0,602.0,1533.0,1639.0,0.0,54454.0,16130.0
Nebraska,Loup,31115,842193.0,300646.0,693182.97,55381.0,323.0,5839.0,27180.0,0.0,57800.0,49369.0
Nebraska,McPherson,31117,664512.12,733689.0,680764.0,3969.0,0.0,0.0,0.0,0.0,157.0,674.0
Nebraska,Madison,31119,12756447.0,8295334.0,6341735.14,15111.0,317766.46,165.0,0.0,0.0,12402.0,53035.0
Nebraska,Merrick,31121,13093627.0,10784674.05,11417332.0,2348.0,192398.0,81865.0,195.0,0.0,56639.0,205550.0
Nebraska,Morrill,31123,2347436.0,4257494.0,3215815.2,353509.0,594.0,0.0,18214.0,19450.0,30718.0,11746.0
Nebraska,Nance,31125,6170339.44,5807495.0,5966930.98,1840328.98,244681.96,1062.0,593.0,0.0,562670.0,1136614.32
Nebraska,Nemaha,31127,2168550.26,6385148.0,5027124.0,99458.0,439234.0,35501.0,4955.0,0.0,0.0,0.0
Nebraska,Nuckolls,31129,3543730.0,7431641.0,5857097.0,145965.0,480144.0,86155.0,4899.0,0.0,167.0,3801152.0
Nebraska,Otoe,31131,4121384.0,5523807.0,3427804.17,227957.0,1528862.0,34019.0,34.0,0.0,0.0,79854.0
Nebraska,Pawnee,31133,219950.0,2901018.0,2668365.0,3497527.0,166184.0,84515.0,40808.0,0.0,84806.0,0.0
Nebraska,Perkins,31135,3252668.0,7798117.26,8977716.79,1422565.0,30268.0,191257.0,18938.0,26672.0,1118865.0,31434.0
Nebraska,Phelps,31137,19831988.0,18880838.0,16736330.0,0.0,35273.0,8661.0,1260.0,105.0,22839.0,119581.0
Nebraska,Pierce,31139,12396265.0,11850203.23,9820017.0,4036001.0,2826.0,4894.0,0.0,0.0,9400.0,1422439.0
Nebraska,Platte,31141,18076369.75,16116335.0,17246579.0,1683722.0,3308109.17,2848.0,569.0,0.0,86744.0,383239.0
Nebraska,Polk,31143,10986898.24,7899097.0,9877700.0,20489.0,99053.0,14554.0,214.0,0.0,0.0,264706.0
Nebraska,Red Willow,31145,10035647.0,5840655.58,2949540.0,8978.0,0.0,5512.0,369904.0,524947.0,3404589.0,2451729.0
Nebraska,Richardson,31147,1620832.86,10261785.03,6289517.0,169822.0,201785.0,27052.0,213.0,0.0,474.0,0.0
Nebraska,Rock,31149,2911207.0,2921088.0,1467218.0,8315.0,3335.0,4747.0,0.0,3472.0,323.0,1267.0
Nebraska,Saline,31151,6085951.0,10870792.0,7289203.0,84677.67,186765.0,2139.0,4019.0,0.0,0.0,2253112.0
Nebraska,Sarpy,31153,18421.0,1320100.0,1459221.0,10735.0,2421.0,562.0,1762.0,0.0,0.0,5898.0
Nebraska,Saunders,31155,10045221.44,12869707.28,12864046.51,820505.0,262795.0,34712.0,2221.0,0.0,0.0,99419.0
Nebraska,Scotts Bluff,31157,1736794.85,4969650.83,4261097.05,38248.0,73.0,11362.0,2176.0,0.0,14736.0,5793.0
Nebraska,Seward,31159,7737261.0,12688005.0,9592627.0,1338849.0,690181.0,18982.0,12298.0,0.0,0.0,1385792.0
Nebraska,Sheridan,31161,478609.0,2021653.0,2168746.0,86157.0,10540.0,41575.0,122507.0,82553.0,106530.33,0.0
Nebraska,Sherman,31163,3389833.0,3219037.0,1266813.0,132209.0,0.0,48853.82,170.0,0.0,245708.0,342288.0
Nebraska,Sioux,31165,855269.0,894937.0,783841.0,22665.0,32.0,0.0,6.0,0.0,252.0,166.0
Nebraska,Stanton,31167,7149924.0,6053659.54,5744157.0,31114.0,5131.0,3037.0,0.0,0.0,0.0,4232531.0
Nebraska,Thayer,31169,10571179.34,15622856.0,12765543.0,1025484.0,1567635.0,31386.0,3161.0,0.0,2751.0,4415369.0
Nebraska,Thomas,31171,43610.0,24675.0,59625.0,1070.0,0.0,0.0,0.0,0.0,0.0,0.0
Nebraska,Thurston,31173,8074201.0,5585498.15,7446664.0,62981.0,10300.0,6648.0,0.0,0.0,232.0,2119213.0
Nebraska,Valley,31175,9700612.0,7489488.0,4547499.66,63681.0,24.0,173464.0,494.0,0.0,263620.0,448542.0
Nebraska,Washington,31177,8745207.08,2684954.0,2113410.83,12828.0,6606.95,63025.0,8560.0,0.0,0.0,23442.0
Nebraska,Wayne,31179,9253682.13,7734481.0,8330926.73,2056813.0,1013.0,678.0,60.0,0.0,164.0,2973012.0
Nebraska,Webster,31181,5427475.0,5169662.0,3326406.0,296.0,69775.0,17669.0,4489.0,0.0,3716.0,2914097.0
Nebraska,Wheeler,31183,818728.0,1361878.0,1641274.0,0.0,0.0,0.0,0.0,0.0,48576.0,15989.0
Nebraska,York,31185,19573992.0,17111236.35,17765800.0,31750.0,1332924.0,43273.0,3098.0,0.0,29758.0,953341.0
Nevada,Churchill,32001,83547.0,84355.0,76966.0,38887.0,39015.0,0.0,0.0,0.0,0.0,0.0
Nevada,Clark,32003,0.0,0.0,0.0,0.0,339.0,0.0,0.0,0.0,0.0,0.0
Nevada,Douglas,32005,0.0,0.0,0.0,0.0,0.0,0.0,0.0,0.0,0.0,0.0
Nevada,Elko,32007,0.0,0.0,0.0,0.0,101.0,0.0,0.0,0.0,0.0,0.0
Nevada,Esmeralda,32009,0.0,0.0,0.0,0.0,0.0,0.0,0.0,0.0,0.0,0.0
Nevada,Eureka,32011,0.0,0.0,0.0,0.0,0.0,0.0,0.0,0.0,0.0,0.0
Nevada,Humboldt,32013,0.0,0.0,0.0,0.0,0.0,0.0,0.0,0.0,0.0,0.0
Nevada,Lander,32015,0.0,0.0,0.0,0.0,0.0,0.0,0.0,0.0,0.0,0.0
Nevada,Lincoln,32017,0.0,0.0,0.0,0.0,0.0,0.0,0.0,0.0,0.0,0.0
Nevada,Lyon,32019,0.0,0.0,0.0,0.0,0.0,0.0,0.0,0.0,0.0,0.0
Nevada,Mineral,32021,0.0,0.0,0.0,0.0,0.0,0.0,0.0,0.0,0.0,0.0
Nevada,Nye,32023,0.0,0.0,0.0,0.0,0.0,0.0,0.0,0.0,0.0,0.0
Nevada,Pershing,32027,6938.0,6938.0,208922.0,7974.0,11695.0,0.0,0.0,0.0,0.0,6936.0
Nevada,Storey,32029,0.0,0.0,0.0,0.0,0.0,0.0,0.0,0.0,0.0,0.0
Nevada,Washoe,32031,0.0,0.0,0.0,0.0,0.0,0.0,0.0,0.0,0.0,0.0
Nevada,White Pine,32033,0.0,14831.0,12629.0,7929.0,802.0,0.0,0.0,0.0,0.0,0.0
Nevada,Carson City,32510,0.0,0.0,0.0,0.0,0.0,0.0,0.0,0.0,0.0,0.0
New Hampshire,Belknap,33001,0.0,10748.0,8834.0,0.0,0.0,0.0,2286.0,0.0,0.0,0.0
New Hampshire,Carroll,33003,28074.0,28020.0,25073.0,1949.0,0.0,0.0,0.0,0.0,0.0,0.0
New Hampshire,Cheshire,33005,59477.0,37857.0,55090.0,0.0,0.0,0.0,0.0,0.0,0.0,0.0
New Hampshire,Coos,33007,88828.0,88494.0,80763.0,51681.0,634.0,0.0,0.0,0.0,0.0,0.0
New Hampshire,Grafton,33009,181523.0,172841.0,147512.0,117480.0,11281.0,1101.0,0.0,0.0,0.0,0.0
New Hampshire,Hillsborough,33011,13171.0,16180.0,17694.0,0.0,0.0,0.0,9772.0,0.0,0.0,0.0
New Hampshire,Merrimack,33013,99101.0,100187.0,90019.0,0.0,0.0,0.0,45166.0,0.0,0.0,0.0
New Hampshire,Rockingham,33015,0.0,0.0,15597.0,11221.0,4500.0,0.0,0.0,0.0,0.0,0.0
New Hampshire,Strafford,33017,16309.0,0.0,21329.0,15156.0,14244.0,0.0,0.0,0.0,0.0,0.0
New Hampshire,Sullivan,33019,86236.0,54817.0,73632.0,0.0,0.0,0.0,0.0,0.0,0.0,0.0
New Jersey,Atlantic,34001,3419.0,5201.0,5718.0,0.0,1028.0,779.0,0.0,0.0,0.0,0.0
New Jersey,Bergen,34003,0.0,0.0,0.0,0.0,0.0,0.0,0.0,0.0,0.0,0.0
New Jersey,Burlington,34005,10791.0,369550.0,764389.0,89.0,359897.0,324501.0,0.0,0.0,33.0,217.0
New Jersey,Camden,34007,0.0,2859.0,2779.0,0.0,1384.0,1502.0,0.0,0.0,0.0,0.0
New Jersey,Cape May,34009,0.0,0.0,0.0,0.0,0.0,276.0,0.0,0.0,0.0,0.0
New Jersey,Cumberland,34011,14064.0,327837.0,282522.0,351.0,70219.0,155627.0,0.0,0.0,53458.0,989.0
New Jersey,Essex,34013,0.0,0.0,0.0,0.0,0.0,0.0,0.0,0.0,0.0,0.0
New Jersey,Gloucester,34015,5889.0,314680.0,304067.0,258.0,106282.0,114795.0,0.0,0.0,95.0,1029.0
New Jersey,Hudson,34017,0.0,0.0,0.0,0.0,0.0,0.0,0.0,0.0,0.0,0.0
New Jersey,Hunterdon,34019,1430.0,300294.54000000004,184788.0,31774.0,36335.0,12025.0,0.0,0.0,150116.0,1011.0
New Jersey,Mercer,34021,37953.0,177555.0,95890.0,0.0,22995.0,75008.0,0.0,0.0,1277.0,0.0
New Jersey,Middlesex,34023,223007.0,170348.0,126551.0,438.0,10466.0,48521.0,0.0,0.0,15405.0,0.0
New Jersey,Monmouth,34025,2942.0,185634.0,178140.0,0.0,27730.0,73422.0,0.0,0.0,157.0,157.0
New Jersey,Morris,34027,47651.0,65188.0,1707.0,0.0,149.0,0.0,0.0,0.0,0.0,0.0
New Jersey,Ocean,34029,846.0,7199.0,17731.0,52.0,85.0,1637.0,0.0,0.0,21.0,0.0
New Jersey,Passaic,34031,0.0,0.0,0.0,0.0,0.0,0.0,0.0,0.0,0.0,0.0
New Jersey,Salem,34033,82045.0,1442880.0,1507203.22,1241.0,500819.78,434972.37,0.0,23.0,13727.0,319.0
New Jersey,Somerset,34035,67595.0,25842.0,66589.0,20.0,150.0,108.0,0.0,0.0,58857.0,108.0
New Jersey,Sussex,34037,165224.0,152418.0,103885.0,44.0,3785.0,0.0,0.0,0.0,0.0,0.0
New Jersey,Union,34039,0.0,0.0,0.0,0.0,0.0,0.0,0.0,0.0,0.0,0.0
New Jersey,Warren,34041,590150.0,1028699.0,866502.0,101.0,50542.0,547.0,0.0,0.0,1906.0,377.0
New Mexico,Bernalillo,35001,0.0,0.0,0.0,0.0,0.0,0.0,0.0,0.0,0.0,0.0
New Mexico,Catron,35003,0.0,0.0,0.0,0.0,0.0,0.0,0.0,0.0,0.0,0.0
New Mexico,Chaves,35005,23690.0,49394.0,54210.0,5500.0,28109.0,1585.0,0.0,0.0,0.0,0.0
New Mexico,Cibola,35006,0.0,0.0,0.0,0.0,0.0,0.0,0.0,0.0,0.0,0.0
New Mexico,Colfax,35007,0.0,0.0,0.0,0.0,0.0,0.0,0.0,0.0,0.0,0.0
New Mexico,Curry,35009,2403521.0,2221972.0,1613549.78,1451312.0,45486.0,509532.0,465532.0,150748.0,480647.73,2401382.54
New Mexico,De Baca,35011,0.0,0.0,0.0,0.0,0.0,0.0,0.0,0.0,0.0,0.0
New Mexico,Dona Ana,35013,142326.0,161477.0,174878.0,132405.0,113323.0,5353.0,3447.0,14690.0,0.0,0.0
New Mexico,Eddy,35015,998.0,1046.0,967.0,269.0,149.0,0.0,0.0,0.0,0.0,0.0
New Mexico,Grant,35017,0.0,0.0,0.0,0.0,0.0,0.0,0.0,0.0,0.0,0.0
New Mexico,Guadalupe,35019,0.0,0.0,0.0,0.0,0.0,0.0,0.0,0.0,0.0,0.0
New Mexico,Harding,35021,0.0,0.0,0.0,0.0,0.0,0.0,0.0,0.0,0.0,6634.0
New Mexico,Hidalgo,35023,0.0,34836.0,108070.0,75718.0,20167.0,3696.0,0.0,1954.0,0.0,0.0
New Mexico,Lea,35025,372501.06,355150.13,310864.0,205902.0,209648.0,148552.0,1142.0,2440.0,14202.0,228463.58
New Mexico,Lincoln,35027,0.0,0.0,0.0,0.0,0.0,0.0,0.0,0.0,0.0,0.0
New Mexico,Los Alamos,35028,0.0,0.0,0.0,0.0,0.0,0.0,0.0,0.0,0.0,0.0
New Mexico,Luna,35029,137211.0,105457.0,61700.0,50487.0,672.0,0.0,0.0,0.0,0.0,0.0
New Mexico,McKinley,35031,0.0,0.0,0.0,0.0,0.0,0.0,0.0,0.0,0.0,0.0
New Mexico,Mora,35033,0.0,0.0,0.0,0.0,0.0,0.0,0.0,0.0,0.0,0.0
New Mexico,Otero,35035,0.0,0.0,0.0,0.0,0.0,0.0,0.0,0.0,0.0,0.0
New Mexico,Quay,35037,9744.0,114133.0,118746.0,9843.0,19256.0,0.0,0.0,0.0,68682.0,125090.0
New Mexico,Rio Arriba,35039,11072.0,76818.76,73938.0,68406.0,47708.59,27798.0,22519.99,0.0,0.0,0.0
New Mexico,Roosevelt,35041,46301.0,571642.0,4730.0,194601.0,10351.0,17073.0,14779.0,1160.0,20654.0,83540.0
New Mexico,Sandoval,35043,0.0,0.0,0.0,0.0,0.0,0.0,0.0,0.0,0.0,0.0
New Mexico,San Juan,35045,1939698.0,2257137.0,2073397.0,884718.0,269171.0,267739.0,245844.0,228170.0,5094.0,0.0
New Mexico,San Miguel,35047,0.0,0.0,0.0,0.0,0.0,0.0,0.0,0.0,0.0,0.0
New Mexico,Santa Fe,35049,6321.0,6321.0,5753.0,0.0,0.0,0.0,0.0,0.0,0.0,0.0
New Mexico,Sierra,35051,0.0,0.0,0.0,0.0,0.0,0.0,0.0,0.0,0.0,0.0
New Mexico,Socorro,35053,0.0,0.0,0.0,0.0,0.0,0.0,0.0,0.0,0.0,0.0
New Mexico,Taos,35055,0.0,141.0,141.0,131.0,120.0,0.0,0.0,0.0,0.0,0.0
New Mexico,Torrance,35057,141500.69,536031.0,482237.0,462319.0,9097.0,62389.14,39808.0,0.0,0.0,0.0
New Mexico,Union,35059,173937.0,190369.0,184886.0,202090.0,18241.0,845.0,0.0,0.0,3256.0,311369.0
New Mexico,Valencia,35061,0.0,0.0,0.0,0.0,0.0,0.0,0.0,0.0,0.0,0.0
New York,Albany,36001,9642.0,251981.85,236331.0,3021.0,1322.0,0.0,0.0,0.0,0.0,0.0
New York,Allegany,36003,667505.09,685404.0,556704.0,313625.0,0.0,2253.0,130.0,0.0,0.0,0.0
New York,Bronx,36005,0.0,0.0,0.0,0.0,0.0,0.0,0.0,0.0,0.0,0.0
New York,Broome,36007,70394.32,292726.0,183744.76,3124.0,0.0,0.0,0.0,0.0,0.0,0.0
New York,Cattaraugus,36009,1261777.0,1245646.0,125388.0,282471.12,18318.0,1476.0,0.0,0.0,0.0,18.0
New York,Cayuga,36011,2697746.0,4048293.0,3685733.29,351904.14,0.0,745.0,11.0,560.0,0.0,0.0
New York,Chautauqua,36013,862449.87,875732.7799999999,709728.73,57072.0,0.0,523.0,0.0,0.0,0.0,1.0
New York,Chemung,36015,302735.94,317047.0,280075.37,5834.0,0.0,0.0,0.0,0.0,0.0,0.0
New York,Chenango,36017,509528.0,449657.0,88877.0,40049.0,7444.0,0.0,0.0,0.0,0.0,0.0
New York,Clinton,36019,1195895.25,1179109.0,4047.0,3.0,0.0,610070.0,498.0,0.0,0.0,0.0
New York,Columbia,36021,26617.0,698706.0,610860.0,32430.0,0.0,0.0,0.0,0.0,0.0,0.0
New York,Cortland,36023,753810.5,740768.0,245727.0,8302.0,14260.0,0.0,0.0,0.0,0.0,0.0
New York,Delaware,36025,277454.76,335699.0,307526.0,160476.5,108.0,0.0,0.0,0.0,0.0,0.0
New York,Dutchess,36027,356577.0,346073.0,327209.0,2653.0,0.0,0.0,0.0,0.0,0.0,0.0
New York,Erie,36029,1132177.1,1131343.0,908700.0,39630.0,15504.0,18004.0,1883.0,0.0,0.0,0.0
New York,Essex,36031,121187.0,129588.0,105736.0,1368.0,0.0,687.0,0.0,0.0,0.0,28125.0
New York,Franklin,36033,558060.0,546786.0,496094.0,12067.0,0.0,48954.0,717.0,0.0,0.0,0.0
New York,Fulton,36035,1188.0,7065.0,116259.0,65099.0,73.0,0.0,0.0,0.0,0.0,0.0
New York,Genesee,36037,2693074.0,3122948.0,3152890.0,294934.0,0.0,31588.0,61.0,0.0,0.0,0.0
New York,Greene,36039,93486.0,3796.0,50581.0,688.0,367.0,8.0,0.0,0.0,0.0,0.0
New York,Hamilton,36041,0.0,0.0,0.0,0.0,0.0,0.0,0.0,0.0,0.0,0.0
New York,Herkimer,36043,394279.09,558438.0,320826.0,214310.0,1239.0,0.0,0.0,0.0,0.0,0.0
New York,Jefferson,36045,1734190.23,1793282.0,1648703.0,39011.0,0.0,32453.0,0.0,0.0,0.0,0.0
New York,Kings,36047,0.0,0.0,0.0,0.0,0.0,0.0,0.0,0.0,0.0,0.0
New York,Lewis,36049,744403.0,741883.0,234969.0,7013.0,0.0,0.0,0.0,0.0,0.0,0.0
New York,Livingston,36051,4293176.06,4852746.0,4267573.0,582711.0,0.0,584.0,342.0,0.0,0.0,0.0
New York,Madison,36053,944132.25,1039671.23,262375.0,55026.0,28975.0,3526.0,1997.91,0.0,0.0,0.0
New York,Monroe,36055,543935.0,1854459.0,1616334.0,299087.0,3755.0,448.0,0.0,0.0,0.0,0.0
New York,Montgomery,36057,157298.0,809858.57,16601.629999999997,24271.86,4915.0,8937.0,0.0,0.0,4415.0,0.0
New York,Nassau,36059,0.0,0.0,0.0,0.0,0.0,0.0,0.0,0.0,0.0,0.0
New York,New York,36061,0.0,0.0,0.0,0.0,0.0,0.0,0.0,0.0,0.0,0.0
New York,Niagara,36063,2317758.0,1855776.0,2335864.0,285246.0,6333.0,6996.0,170.0,0.0,0.0,0.0
New York,Oneida,36065,965745.73,1383494.93,953021.0,40976.0,0.0,0.0,0.0,0.0,0.0,0.0
New York,Onondaga,36067,2221579.5399999996,2507060.42,2026139.82,114408.0,0.0,95.0,669.0,0.0,0.0,0.0
New York,Ontario,36069,3049912.0,3571284.0,3119823.0,19861.0,0.0,26242.0,8435.0,0.0,0.0,0.0
New York,Orange,36071,23596.0,440014.0,2673.0,929.0,0.0,0.0,0.0,0.0,0.0,0.0
New York,Orleans,36073,2155661.81,3341003.0,3093640.0,135405.0,0.0,0.0,0.0,0.0,0.0,32.0
New York,Oswego,36075,25289.0,517762.0,31713.0,120460.0,861.0,0.0,0.0,0.0,0.0,0.0
New York,Otsego,36077,547445.5900000001,565705.0,326490.27,442550.0,652.0,31.0,0.0,0.0,0.0,0.0
New York,Putnam,36079,0.0,0.0,0.0,0.0,0.0,0.0,0.0,0.0,0.0,0.0
New York,Queens,36081,0.0,0.0,0.0,0.0,0.0,0.0,0.0,0.0,0.0,0.0
New York,Rensselaer,36083,75805.78,12877.0,777233.98,5110.0,896.0,0.0,0.0,0.0,0.0,3.0
New York,Richmond,36085,0.0,0.0,0.0,0.0,0.0,0.0,0.0,0.0,0.0,0.0
New York,Rockland,36087,0.0,0.0,0.0,0.0,0.0,0.0,0.0,0.0,0.0,0.0
New York,St. Lawrence,36089,1026450.31,511220.0,1126043.0,923143.0,2704.0,25065.0,593.0,0.0,0.0,0.0
New York,Saratoga,36091,157101.0,25965.0,7491.0,7115.0,3706.0,26.0,0.0,0.0,0.0,0.0
New York,Schenectady,36093,16793.0,33444.0,30050.0,7065.0,453.0,0.0,0.0,0.0,8638.0,0.0
New York,Schoharie,36095,127416.0,545622.24,227118.0,3260.0,1808.0,158.0,0.0,0.0,0.0,0.0
New York,Schuyler,36097,180737.0,186024.0,176208.0,5064.0,1792.0,0.0,0.0,0.0,0.0,0.0
New York,Seneca,36099,1556097.0,2173605.0,1983915.0,251624.0,4579.0,890.0,1437.0,50.0,0.0,0.0
New York,Steuben,36101,2028285.0,2031406.98,1839934.0,116751.0,62428.0,2008.0,38239.0,0.0,0.0,0.0
New York,Suffolk,36103,9511.0,13786.0,10713.0,2038.0,0.0,0.0,0.0,0.0,0.0,0.0
New York,Sullivan,36105,10.0,35124.95,61978.82,50.0,0.0,0.0,0.0,0.0,0.0,0.0
New York,Tioga,36107,527875.0,541698.0,465068.0,6372.0,0.0,0.0,0.0,0.0,0.0,0.0
New York,Tompkins,36109,833857.0,864885.53,759866.0,14885.0,550966.0,2702.0,0.0,2825.0,0.0,0.0
New York,Ulster,36111,62796.0,93411.0,78693.22,45955.2,0.0,412.0,0.0,0.0,0.0,5.0
New York,Warren,36113,6131.0,6173.0,5478.0,0.0,0.0,0.0,0.0,0.0,0.0,0.0
New York,Washington,36115,845267.85,1484930.0,1299396.92,667291.0,1872.0,51.0,0.0,0.0,0.0,0.0
New York,Wayne,36117,1487013.0,1785722.0,1470777.7,266422.32,154.0,2294.0,1498.0,0.0,0.0,0.0
New York,Westchester,36119,0.0,0.0,0.0,0.0,0.0,0.0,0.0,0.0,0.0,0.0
New York,Wyoming,36121,2725363.0,2857809.0,2442667.0,104176.0,23817.0,86.0,249.0,0.0,0.0,1.0
New York,Yates,36123,520424.0,746159.0,670349.0,81980.0,0.0,0.0,29.0,0.0,0.0,0.0
North Carolina,Alamance,37001,9.0,59772.0,70412.0,26776.0,76936.0,42203.0,0.0,0.0,0.0,0.0
North Carolina,Alexander,37003,0.0,108768.0,94877.0,815.0,73945.0,18757.0,0.0,0.0,0.0,0.0
North Carolina,Alleghany,37005,0.0,45842.0,34283.0,0.0,0.0,24.0,0.0,0.0,0.0,0.0
North Carolina,Anson,37007,7658.0,760626.0,479202.0,243329.0,68.0,217162.0,12994.0,0.0,0.0,0.0
North Carolina,Ashe,37009,2466.0,2544.0,2163.0,0.0,0.0,0.0,0.0,0.0,0.0,0.0
North Carolina,Avery,37011,212.0,218.0,198.0,58.0,0.0,0.0,0.0,0.0,0.0,0.0
North Carolina,Beaufort,37013,2329631.0,4171948.0,4244961.0,382568.92,3556451.0,3395697.0,5415.0,138.0,0.0,296.0
North Carolina,Bertie,37015,853.0,1958223.81,1436328.0,128762.0,68744.0,740486.0,234355.0,0.0,0.0,0.0
North Carolina,Bladen,37017,85796.0,1076406.0,1461419.0,57160.0,286027.0,1105165.0,758849.0,0.0,0.0,0.0
North Carolina,Brunswick,37019,295518.0,297278.0,453476.0,15329.0,113735.0,176.0,0.0,1370.0,0.0,0.0
North Carolina,Buncombe,37021,0.0,30102.0,30742.0,0.0,0.0,0.0,0.0,0.0,0.0,0.0
North Carolina,Burke,37023,46859.0,55308.0,48516.0,188.0,6101.0,10589.0,0.0,0.0,0.0,0.0
North Carolina,Cabarrus,37025,10006.0,243272.0,176986.0,55122.0,0.0,93525.0,20490.0,0.0,0.0,0.0
North Carolina,Caldwell,37027,10102.0,26272.0,59434.0,16643.0,0.0,403.0,0.0,0.0,0.0,0.0
North Carolina,Camden,37029,777699.0,2230821.0,1731202.0,212581.0,169.0,41651.0,0.0,0.0,0.0,0.0
North Carolina,Carteret,37031,170846.0,232476.0,151889.0,45119.0,132103.0,67908.0,22550.0,4751.0,0.0,0.0
North Carolina,Caswell,37033,18.0,78404.0,84330.0,43186.0,61436.0,78859.0,0.0,0.0,0.0,5491.0
North Carolina,Catawba,37035,72653.0,212897.0,176214.0,2971.0,1131.0,112322.0,0.0,278.0,0.0,0.0
North Carolina,Chatham,37037,67678.0,39145.0,161592.0,15784.0,26340.0,125863.49,19431.0,16552.0,0.0,15208.0
North Carolina,Cherokee,37039,0.0,44565.0,44422.0,36749.0,27641.0,2572.0,0.0,0.0,0.0,0.0
North Carolina,Chowan,37041,247622.0,977868.0,613230.0,114953.0,102790.0,16081.0,0.0,0.0,0.0,0.0
North Carolina,Clay,37043,18171.0,29427.0,29088.0,10194.0,5302.0,198.0,0.0,0.0,0.0,0.0
North Carolina,Cleveland,37045,31.0,532126.0,512543.0,117867.0,0.0,223581.0,31001.0,0.0,0.0,0.0
North Carolina,Columbus,37047,225518.0,2606604.0,1053520.0,150833.0,664655.01,2016850.1,800515.2,456.0,0.0,0.0
North Carolina,Craven,37049,1080.0,1683218.0,1466283.0,0.0,930804.0,606370.0,419776.67,0.0,0.0,193952.79
North Carolina,Cumberland,37051,386517.0,487116.0,104714.58,53675.0,136291.0,360283.0,2267.0,0.0,0.0,0.0
North Carolina,Currituck,37053,679510.0,1259806.0,1206369.0,416990.0,4324.0,12583.0,7818.0,0.0,0.0,0.0
North Carolina,Dare,37055,53162.0,109142.0,108527.0,31139.0,29230.0,37284.0,24097.0,0.0,0.0,0.0
North Carolina,Davidson,37057,140451.0,261836.0,259806.0,13645.0,107814.0,79560.0,0.0,0.0,0.0,0.0
North Carolina,Davie,37059,163017.0,227651.0,216595.0,1058.0,11006.0,58550.0,0.0,0.0,0.0,0.0
North Carolina,Duplin,37061,560.0,2053967.0,1489706.0,663616.2899999999,2105026.29,1934680.0,3589.0,0.0,3078.0,1239.0
North Carolina,Durham,37063,3.0,15035.0,12532.0,1394.0,15200.0,8280.0,1609.0,38.0,0.0,0.0
North Carolina,Edgecombe,37065,0.0,2614793.0,1079705.39,426467.37,778156.0,827525.0,609782.0,0.0,0.0,0.0
North Carolina,Forsyth,37067,15414.0,100273.0,79602.0,14497.0,29846.0,31876.0,0.0,0.0,0.0,0.0
North Carolina,Franklin,37069,3749.0,451710.0,456459.0,208172.0,121927.0,495741.0,136827.0,762.0,0.0,316.0
North Carolina,Gaston,37071,0.0,63036.0,64678.0,8068.0,15975.0,53521.0,72.0,0.0,0.0,0.0
North Carolina,Gates,37073,54700.0,1190840.0,553909.0,47761.0,58828.0,51266.0,57738.0,0.0,0.0,0.0
North Carolina,Graham,37075,1040.0,1641.0,1875.0,425.0,0.0,0.0,0.0,0.0,0.0,0.0
North Carolina,Granville,37077,129.0,40675.0,136882.53,40069.0,20855.0,154161.0,95472.0,10992.0,0.0,0.0
North Carolina,Greene,37079,214.0,1859649.0,443919.0,174545.0,747931.0,910837.0,12903.0,0.0,0.0,0.0
North Carolina,Guilford,37081,97467.0,145212.0,143560.0,9864.0,84918.0,249253.0,0.0,0.0,0.0,0.0
North Carolina,Halifax,37083,0.0,1380675.0,479811.0,104751.0,72746.0,140776.0,128009.0,0.0,0.0,0.0
North Carolina,Harnett,37085,78145.0,772298.0,418645.0,20102.0,409159.0,12773.0,2054.0,0.0,0.0,0.0
North Carolina,Haywood,37087,0.0,0.0,10665.0,0.0,3169.0,0.0,0.0,0.0,0.0,0.0
North Carolina,Henderson,37089,66060.0,54245.0,99422.0,73682.0,64271.49,0.0,0.0,0.0,0.0,0.0
North Carolina,Hertford,37091,1647.0,457863.0,360518.0,136.0,0.0,64318.0,98853.0,0.0,0.0,0.0
North Carolina,Hoke,37093,297493.0,589325.0,294211.0,60.0,40574.0,103280.0,724.0,0.0,0.0,0.0
North Carolina,Hyde,37095,1862883.16,2846782.58,2403938.0,349965.0,879221.0,85566.0,21401.0,0.0,0.0,0.0
North Carolina,Iredell,37097,416914.0,853250.0,618177.0,7641.0,252487.0,113605.0,0.0,0.0,0.0,0.0
North Carolina,Jackson,37099,349.0,1974.0,1807.0,114.0,0.0,0.0,0.0,0.0,0.0,0.0
North Carolina,Johnston,37101,0.0,2157129.0,1154921.0,358433.0,630242.0,1029381.0,71102.0,0.0,502089.47,8984.0
North Carolina,Jones,37103,0.0,1316763.0,1060796.25,15943.0,561589.0,645702.0,2646.0,0.0,0.0,0.0
North Carolina,Lee,37105,19688.0,112132.0,75208.0,68216.0,5636.0,56955.0,7224.0,519.0,0.0,593.0
North Carolina,Lenoir,37107,3967.0,1390685.0,1653973.0,221345.98,675329.0,1316584.0,360073.0,0.0,43.0,47.0
North Carolina,Lincoln,37109,365.0,72413.0,74387.0,8008.0,0.0,75330.0,298.0,0.0,0.0,0.0
North Carolina,McDowell,37111,13856.0,6582.0,12817.0,2214.0,1901.0,204.0,0.0,0.0,0.0,0.0
North Carolina,Macon,37113,0.0,15051.0,14542.0,14982.0,7838.0,0.0,0.0,0.0,0.0,0.0
North Carolina,Madison,37115,4158.0,5844.0,6720.0,1924.0,0.0,327.0,0.0,0.0,0.0,0.0
North Carolina,Martin,37117,6016.0,1101450.0,545290.0,116524.0,192172.0,320773.0,1837.0,0.0,0.0,0.0
North Carolina,Mecklenburg,37119,13.0,23175.0,30296.0,6247.0,15054.0,20701.0,5584.0,0.0,0.0,0.0
North Carolina,Mitchell,37121,0.0,697.0,589.0,267.0,0.0,6.0,0.0,0.0,0.0,0.0
North Carolina,Montgomery,37123,45892.0,32903.0,9556.0,19992.0,0.0,22769.0,2630.0,0.0,573.0,0.0
North Carolina,Moore,37125,23696.0,49196.0,44570.0,40841.0,27791.0,73625.0,9954.0,0.0,19986.0,5986.0
North Carolina,Nash,37127,0.0,1316913.0,1002264.0,78850.0,360189.0,672819.0,27914.0,0.0,0.0,0.0
North Carolina,New Hanover,37129,1205.0,14289.0,9545.0,0.0,16459.0,5078.0,0.0,0.0,0.0,0.0
North Carolina,Northampton,37131,0.0,1455930.0,1481561.0,127227.0,66091.0,233096.0,189849.0,6.0,0.0,6.0
North Carolina,Onslow,37133,2992.0,1085211.0,1049325.0,67886.0,556367.0,746891.0,70687.0,0.0,0.0,0.0
North Carolina,Orange,37135,151766.0,81368.0,153127.0,101501.0,10317.0,234897.0,0.0,0.0,0.0,0.0
North Carolina,Pamlico,37137,1108604.0,1710191.0,1079785.0,165536.0,820285.0,314966.0,725.0,0.0,0.0,731.0
North Carolina,Pasquotank,37139,385641.0,1818045.68,3120083.4,604016.02,929572.0,109919.0,9420.0,0.0,0.0,0.0
North Carolina,Pender,37141,202684.0,1059345.0,652979.65,20300.0,239587.0,520549.0,6310.0,0.0,0.0,0.0
North Carolina,Perquimans,37143,764530.0,2799638.0,2465279.0,180950.0,653250.0,2861.0,4153.0,0.0,0.0,101.0
North Carolina,Person,37145,63.0,191362.0,218642.0,150804.0,76865.0,248084.0,143.0,0.0,0.0,0.0
North Carolina,Pitt,37147,0.0,3248253.54,2111301.17,249322.54,800351.0,1369647.0,145141.0,0.0,0.0,0.0
North Carolina,Polk,37149,6652.0,17981.0,19916.0,9272.0,23.0,1987.0,0.0,0.0,0.0,0.0
North Carolina,Randolph,37151,129849.0,145291.0,202831.0,37101.0,104614.0,2818.0,69.0,0.0,201.0,37.0
North Carolina,Richmond,37153,196407.0,200055.0,117591.0,54110.0,20541.0,26531.0,59010.0,0.0,1033.0,3631.0
North Carolina,Robeson,37155,846226.73,5742634.0,3036887.0,822912.7,1630965.0,3591640.0,5114.0,0.0,0.0,0.0
North Carolina,Rockingham,37157,49966.0,144234.0,138457.0,120969.0,28366.0,51978.0,4.0,0.0,0.0,0.0
North Carolina,Rowan,37159,323030.0,671317.0,635416.0,61907.0,123100.0,257087.0,1792.0,0.0,0.0,0.0
North Carolina,Rutherford,37161,24193.0,55731.0,45564.0,12842.0,0.0,8988.0,0.0,0.0,0.0,0.0
North Carolina,Sampson,37163,0.0,3572493.98,428759.0,20238.0,1952779.27,1070587.31,79432.0,0.0,60.0,0.0
North Carolina,Scotland,37165,268226.0,660989.0,273371.0,99194.0,94262.0,161641.0,4921.0,0.0,0.0,0.0
North Carolina,Stanly,37167,363986.0,1272436.0,835300.0,226382.0,512321.0,15805.0,716.0,0.0,0.0,0.0
North Carolina,Stokes,37169,36355.0,22724.0,27493.0,4713.0,5692.0,13128.0,0.0,0.0,0.0,0.0
North Carolina,Surry,37171,252011.3,619397.0,606823.19,197685.0,0.0,40601.0,0.0,0.0,0.0,0.0
North Carolina,Swain,37173,4591.0,5575.0,5442.0,1171.0,0.0,0.0,0.0,0.0,0.0,0.0
North Carolina,Transylvania,37175,0.0,10731.0,12832.0,9313.0,31224.0,0.0,0.0,0.0,0.0,0.0
North Carolina,Tyrrell,37177,1965201.99,2659240.81,2395558.0,21386.0,28126.0,54220.0,40908.0,0.0,0.0,0.0
North Carolina,Union,37179,48.0,3170895.0,1694175.0,152442.0,1791913.0,1773263.0,562.0,0.0,0.0,0.0
North Carolina,Vance,37181,1793.0,154633.0,146418.0,59252.0,2061.0,142617.0,695.0,370.0,0.0,53.0
North Carolina,Wake,37183,1553.0,241426.0,240084.0,102545.0,28530.31,143756.0,790.0,0.0,0.0,75.0
North Carolina,Warren,37185,173.0,232010.0,249774.0,115098.51,84228.0,327593.95,103671.0,31930.0,0.0,60562.0
North Carolina,Washington,37187,899743.72,3494111.13,3599290.58,110568.0,765518.0,81263.0,14200.0,0.0,0.0,0.0
North Carolina,Watauga,37189,8461.0,8660.0,7019.0,0.0,0.0,0.0,0.0,0.0,0.0,0.0
North Carolina,Wayne,37191,0.0,3511250.13,3319028.0,388858.94,1808840.91,1263718.0,4561.0,0.0,98.0,2792.0
North Carolina,Wilkes,37193,25453.0,147707.0,141925.0,5773.0,4405.0,21760.0,0.0,0.0,0.0,0.0
North Carolina,Wilson,37195,0.0,2121279.21,463098.0,289900.0,676755.12,456532.0,5378.0,0.0,1186.0,0.0
North Carolina,Yadkin,37197,627661.14,850651.0,341981.0,74991.0,0.0,790.0,0.0,0.0,0.0,0.0
North Carolina,Yancey,37199,2526.0,5046.0,5647.0,865.0,0.0,0.0,0.0,0.0,0.0,0.0
North Dakota,Adams,38001,536479.0,297613.0,3537059.0,3381421.0,162280.0,527316.0,498565.0,210004.0,0.0,6.0
North Dakota,Barnes,38003,5947029.0,15731670.41,3051271.0,3084172.0,12458.0,6734015.0,295749.0,22653.0,0.0,0.0
North Dakota,Benson,38005,2964014.0,10063514.0,4019955.0,3872149.0,255359.0,4709519.0,0.0,213303.0,0.0,20121.0
North Dakota,Billings,38007,83443.0,210473.0,840941.0,786441.0,1204.0,172734.0,29970.0,375376.0,0.0,0.0
North Dakota,Bottineau,38009,1901853.0,8427588.0,8247655.1,6063554.0,1862755.0,534413.0,1367.0,318857.0,0.0,0.0
North Dakota,Bowman,38011,505721.0,397299.0,3496670.0,3180093.0,137990.0,525152.0,792223.0,1709101.81,172.0,0.0
North Dakota,Burke,38013,42803.0,143967.0,2845535.0,2830283.0,201440.0,60899.0,5974.0,13034.0,0.0,0.0
North Dakota,Burleigh,38015,2472740.0,5913336.0,3722713.0,3798990.0,82370.0,18672.0,2373.0,2088039.0,0.0,1065.0
North Dakota,Cass,38017,13235432.0,19331112.0,3203096.0,132147.0,969913.05,9487168.0,184593.0,450.0,0.0,0.0
North Dakota,Cavalier,38019,954332.0,7873776.0,7056604.0,2095986.0,5383.0,1148704.0,1242.0,69570.0,0.0,59016.0
North Dakota,Dickey,38021,5865329.0,13466129.0,837602.0,738646.0,51828.0,143461.0,869.0,64608.0,0.0,0.0
North Dakota,Divide,38023,310371.64,121279.0,2842739.0,3156878.0,109790.0,66752.0,23883.0,20868.0,0.0,0.0
North Dakota,Dunn,38025,595854.0,2183999.0,2956623.0,3054761.0,2399856.0,234527.0,27860.0,737179.0,0.0,0.0
North Dakota,Eddy,38027,842678.0,4289895.0,1173489.0,973821.0,1533653.0,710158.0,33776.0,547371.0,0.0,60832.0
North Dakota,Emmons,38029,5154231.0,5045776.0,3390222.0,3123302.0,817104.58,230369.0,7101.0,3760169.0,873.0,1253.0
North Dakota,Foster,38031,2989347.0,7357284.0,1439066.0,5625859.0,8447.0,241396.0,6426.0,48244.0,0.0,1559.0
North Dakota,Golden Valley,38033,238052.0,503477.44,2049308.63,2251179.0,1107211.95,299901.0,65385.0,1612415.0,2137.0,0.0
North Dakota,Grand Forks,38035,5880491.0,13461230.0,7435701.0,39815.0,3779.0,1611477.0,158845.0,45811.0,0.0,3376.0
North Dakota,Grant,38037,2016731.0,4365374.0,2922461.0,4391959.0,1066150.0,231582.0,75226.0,1277957.04,0.0,2096.0
North Dakota,Griggs,38039,1699110.0,5838635.0,2336091.0,761414.0,26611.0,1903041.0,99815.0,91087.0,0.0,0.0
North Dakota,Hettinger,38041,752087.0,600095.0,7176589.0,6933391.0,512889.0,497789.0,553564.0,154878.0,0.0,0.0
North Dakota,Kidder,38043,1617438.0,3922395.0,1630303.0,1777351.0,100729.0,108794.0,180555.0,1216359.0,187077.0,244551.0
North Dakota,LaMoure,38045,726020.0,17213791.0,1537299.0,5189104.0,797630.0,3467066.0,126382.0,116879.0,0.0,0.0
North Dakota,Logan,38047,246183.0,3563998.0,2165497.0,2116557.84,2312.0,170335.0,299581.0,1942767.0,8465.0,17706.0
North Dakota,McHenry,38049,1952580.0,6189991.0,3398205.0,4418547.0,967764.0,67347.0,8495.0,1623794.0,0.0,0.0
North Dakota,McIntosh,38051,884326.0,3910239.0,1836972.0,1663217.0,2667.0,89160.0,80940.0,3102236.0,0.0,0.0
North Dakota,McKenzie,38053,119566.0,1351041.0,1159544.0,1235167.0,182340.0,120660.0,15237.0,508613.0,1948.0,39394.0
North Dakota,McLean,38055,2002792.0,10997988.0,9116488.0,10255771.0,739735.0,618673.0,40241.0,4423861.0,50.0,0.0
North Dakota,Mercer,38057,1759660.0,792944.0,1908754.0,2464973.0,610999.0,732020.0,3702.0,1507012.39,0.0,0.0
North Dakota,Morton,38059,2448980.0,1875125.25,4451991.0,5748315.0,9244.0,457564.0,16931.0,2462334.0,0.0,0.0
North Dakota,Mountrail,38061,68580.0,656548.0,4379520.0,4528210.0,417496.0,85023.0,1811.0,43879.0,0.0,0.0
North Dakota,Nelson,38063,3289243.0,8213174.0,3970602.0,1626993.0,633150.0,980957.0,5896.0,28161.0,0.0,4728.0
North Dakota,Oliver,38065,1363455.0,1083334.0,1231315.0,1608481.0,54714.0,134677.0,13627.0,1326180.54,0.0,0.0
North Dakota,Pembina,38067,2798927.0,7319430.0,7550324.0,798859.0,1266291.0,3215140.5,0.0,20532.0,0.0,589.0
North Dakota,Pierce,38069,1959655.0,5571682.0,2107174.96,2105139.0,1482216.0,617207.0,5054.0,1826335.0,0.0,233.0
North Dakota,Ramsey,38071,4569061.0,10546752.0,5375106.0,3024062.0,209120.0,4596989.0,0.0,5430.0,0.0,161.0
North Dakota,Ransom,38073,3397927.0,11856523.0,1313635.0,1130362.0,1787.0,946208.0,47605.0,557.0,0.0,0.0
North Dakota,Renville,38075,484775.0,5816546.0,5742165.0,5293779.0,304362.0,117568.0,0.0,59947.0,0.0,0.0
North Dakota,Richland,38077,16500520.0,14815856.0,2007506.0,237.0,10212.0,877863.0,14545.0,74.0,0.0,0.0
North Dakota,Rolette,38079,752044.0,2769060.0,2113413.0,1350589.0,0.0,226497.0,5853.0,94462.0,0.0,65547.0
North Dakota,Sargent,38081,7444490.0,13114824.0,977699.0,1357.0,13709.0,82108.0,2214.0,16887.0,0.0,0.0
North Dakota,Sheridan,38083,469804.0,4494401.0,3312672.0,4233800.0,65537.0,131699.0,1235.0,1483340.0,0.0,0.0
North Dakota,Sioux,38085,763948.0,486255.0,1303386.0,1181793.0,79997.0,209819.0,185344.0,115429.0,446.0,28636.0
North Dakota,Slope,38087,162651.0,188297.0,2644957.0,2426762.0,50777.0,259955.0,335074.0,1069078.26,0.0,0.0
North Dakota,Stark,38089,4316435.0,963185.0,6667255.0,6632982.0,121953.0,685095.0,686987.0,467518.0,0.0,0.0
North Dakota,Steele,38091,2653157.0,5107086.0,1914865.0,158965.0,433563.0,3427601.0,11867.0,4385.0,0.0,0.0
North Dakota,Stutsman,38093,7314382.0,18441742.0,2618374.0,2787666.0,2247338.0,10184605.0,216920.0,64066.0,666.0,10994.2
North Dakota,Towner,38095,937989.0,5368682.0,4976453.48,109790.0,439089.0,1315562.0,7494.0,58990.0,0.0,66657.0
North Dakota,Traill,38097,6750738.0,7826206.0,2857924.0,56.0,1174873.0,2746090.0,149847.0,1398.0,0.0,0.0
North Dakota,Walsh,38099,2601531.0,9296232.0,6393233.0,1392.0,6049.0,2463063.0,7921.0,39852.0,0.0,29179.0
North Dakota,Ward,38101,187879.0,8136481.0,8243512.0,9021802.0,879956.0,138093.0,19785.0,1276757.0,8.0,0.0
North Dakota,Wells,38103,4862547.0,12388223.0,4882285.0,4168131.0,2361211.0,3825825.0,2889.0,898395.0,0.0,126.0
North Dakota,Williams,38105,234609.0,2683653.0,3233454.0,3570954.0,112587.0,4860.0,9724.0,198254.0,9628.0,13160.0
Ohio,Adams,39001,1599086.0,1554410.0,1624786.0,2669.0,188.0,231526.0,23966.0,65.0,15.0,69.0
Ohio,Allen,39003,2914580.0,8172274.0,4167594.25,1145036.0,57.0,52647.0,37119.0,0.0,0.0,0.0
Ohio,Ashland,39005,3083627.0,3536298.0,2851496.66,314152.0,32727.0,69980.0,44301.0,66.0,26.0,225.0
Ohio,Ashtabula,39007,1630794.58,1681822.61,18365.0,63200.0,14319.0,8667.0,7005.0,92.0,1.0,4.0
Ohio,Athens,39009,289365.52,306234.0,272705.0,35452.0,64112.0,5211.0,219.0,36.0,1.0,5.0
Ohio,Auglaize,39011,4138285.0,8992160.0,5804766.0,1147643.0,413.0,903483.0,39721.0,19.0,37.0,239.0
Ohio,Belmont,39013,26885.0,28466.0,13320.0,422.0,11889.0,10967.0,19.0,0.0,0.0,0.0
Ohio,Brown,39015,2796878.0,3606183.0,3300967.1,204330.0,0.0,740710.09,60811.0,3.0,4.0,17.0
Ohio,Butler,39017,1136865.0,2694131.0,1971480.0,111150.0,102238.0,1219162.0,14537.0,0.0,0.0,0.0
Ohio,Carroll,39019,387384.0,466552.0,322158.0,18896.0,0.0,5369.0,63.0,764.0,0.0,0.0
Ohio,Champaign,39021,7460981.0,8425134.0,6856330.43,295841.0,92.0,4998137.0,11879.0,9.0,9.0,37.0
Ohio,Clark,39023,4847129.77,6343344.81,4743235.0,0.0,0.0,3383936.0,3652.0,0.0,0.0,0.0
Ohio,Clermont,39025,1315877.0,2533818.0,1704060.0,17987.0,0.0,123849.0,8398.0,0.0,0.0,0.0
Ohio,Clinton,39027,6013412.0,7569939.0,6866183.0,300348.0,130283.0,91403.0,840.0,3.0,0.0,0.0
Ohio,Columbiana,39029,1582547.47,2107029.0,1457247.0,464254.0,118.0,366297.0,0.0,88.0,50.0,250.0
Ohio,Coshocton,39031,2060007.0,2266020.0,1811896.0,78597.0,41049.0,122815.0,195.0,50.0,0.0,0.0
Ohio,Crawford,39033,7451554.0,11099366.0,8522929.0,2306714.0,0.0,2008532.0,89768.0,0.0,0.0,0.0
Ohio,Cuyahoga,39035,5684.0,3408.0,4157.0,155.0,0.0,0.0,0.0,0.0,0.0,0.0
Ohio,Darke,39037,5218893.0,9794445.0,8529954.0,3943625.0,1331.0,4906421.0,255.0,0.0,78.0,86.0
Ohio,Defiance,39039,105074.0,6472926.33,2290243.0,2544840.0,14.0,104153.0,104323.0,0.0,1.0,7.0
Ohio,Delaware,39041,5132662.0,5507051.0,2710559.74,358.0,0.0,2964135.0,15393.0,3.0,8.0,0.0
Ohio,Erie,39043,2537707.74,3482673.66,2586563.0,40990.0,0.0,21395.0,6126.0,51.0,0.0,0.0
Ohio,Fairfield,39045,5459735.0,7226877.0,5204277.0,268247.0,202276.05,55789.0,21258.0,139.0,25.0,130.0
Ohio,Fayette,39047,7243888.88,9006726.0,7161748.0,282729.0,66199.0,3447386.0,9494.0,0.0,0.0,28.0
Ohio,Franklin,39049,1532052.0,1932461.0,1187013.0,249311.0,25.0,401160.0,0.0,11.0,2.0,14.0
Ohio,Fulton,39051,6538300.0,9702414.0,6308702.6,996065.0,12757.0,62628.0,53814.0,0.0,1088.0,1200.0
Ohio,Gallia,39053,208421.0,250651.0,220892.0,3239.0,27225.0,35707.0,21.0,15.0,0.0,0.0
Ohio,Geauga,39055,217139.0,252305.0,176367.0,28011.0,15565.0,520.0,0.0,3.0,0.0,0.0
Ohio,Greene,39057,5462607.76,6226708.0,5024034.0,146961.0,7.0,1367083.0,827.0,0.0,0.0,0.0
Ohio,Guernsey,39059,73187.0,331871.0,297063.0,10227.0,144.0,0.0,237.0,0.0,0.0,0.0
Ohio,Hamilton,39061,19648.0,269550.0,234183.0,33278.0,62465.0,119601.0,4436.0,13.0,0.0,0.0
Ohio,Hancock,39063,1905152.0,10941736.0,10187889.0,713646.65,133.0,503079.0,334098.0,44.0,13.0,64.0
Ohio,Hardin,39065,6696342.45,10739766.0,6086874.98,4818578.0,0.0,945349.0,62861.0,0.0,0.0,0.0
Ohio,Harrison,39067,88354.0,200435.0,139984.0,396.0,46.0,0.0,0.0,36.0,31.0,122.0
Ohio,Henry,39069,4231488.0,10012753.14,6022536.0,1880799.0,0.0,131461.0,30715.0,0.0,0.0,0.0
Ohio,Highland,39071,5735391.0,6797016.0,5899203.0,2758630.1,38535.0,182468.0,85642.0,0.0,0.0,199.0
Ohio,Hocking,39073,181792.0,235529.0,186995.0,52198.0,133382.0,898.0,293.0,0.0,2.0,0.0
Ohio,Holmes,39075,1563652.0,1832969.0,1304162.0,13696.0,0.0,60630.0,17747.0,84.0,0.0,0.0
Ohio,Huron,39077,7129545.0,5479104.0,5032057.0,595109.0,0.0,78729.0,22504.0,57.0,46.0,220.0
Ohio,Jackson,39079,410549.0,451185.0,371204.0,8951.0,6081.0,10923.0,138.0,0.0,0.0,0.0
Ohio,Jefferson,39081,28427.0,66308.0,57833.0,4750.0,121.0,0.0,45.0,19.0,15.0,73.0
Ohio,Knox,39083,4099556.74,4795434.0,3499326.0,57967.0,0.0,8640.0,0.0,13.0,0.0,0.0
Ohio,Lake,39085,9223.0,11807.0,4689.0,1269.0,357.0,2583.0,0.0,0.0,0.0,0.0
Ohio,Lawrence,39087,103764.0,121519.0,118499.0,5704.0,13196.0,128.0,0.0,0.0,0.0,0.0
Ohio,Licking,39089,4946453.46,6209320.02,4198399.640000001,276320.0,0.0,119754.0,11261.0,1.0,0.0,1.0
Ohio,Logan,39091,6304883.85,8317871.88,5276990.98,1213357.0,296.0,3208822.0,1159.0,14.0,15.0,77.0
Ohio,Lorain,39093,2018783.34,3208823.0,2166510.44,1419079.0,504.0,10542.0,0.0,3.0,29.0,137.0
Ohio,East Lucas,39094,329102.0,774892.0,338357.0,243696.0,0.0,2502.0,77.0,0.0,0.0,0.0
Ohio,West Lucas,39095,1415587.58,2130048.0,1396623.0,361875.0,0.0,78149.0,15486.0,0.0,0.0,0.0
Ohio,Madison,39097,7830694.0,11091308.0,6650340.0,33573.0,279557.0,3996821.0,5205.0,0.0,0.0,0.0
Ohio,Mahoning,39099,1368314.27,1407039.0,976633.0,333720.0,178.0,264067.0,9.0,0.0,0.0,0.0
Ohio,Marion,39101,5395535.0,8364679.0,4829212.0,1043968.0,0.0,1148997.0,142900.0,0.0,0.0,0.0
Ohio,Medina,39103,1294709.0,1885488.0,1013427.0,334967.0,58.0,15689.0,0.0,0.0,6.0,28.0
Ohio,Meigs,39105,94271.0,158052.0,170860.0,557.0,18786.0,16664.0,230.0,73.0,0.0,0.0
Ohio,Mercer,39107,559393.0,11755994.0,6730471.0,1309387.0,7.0,843763.0,9966.0,0.0,0.0,1.0
Ohio,Miami,39109,5321387.0,5794322.0,5228006.0,211326.0,99.0,4186037.15,7591.0,16.0,2.0,8.0
Ohio,Monroe,39111,23136.0,24120.0,15185.0,7387.0,0.0,0.0,42.0,0.0,0.0,0.0
Ohio,Montgomery,39113,397554.0,2511361.0,2001429.0,935894.0,23.0,851901.0,0.0,0.0,6.0,27.0
Ohio,Morgan,39115,7524.0,195667.0,132997.0,12791.0,17603.0,444.0,179.0,0.0,0.0,0.0
Ohio,Morrow,39117,4969401.0,5322636.0,3238863.0,808067.0,0.0,766877.0,100508.0,56.0,0.0,0.0
Ohio,Muskingum,39119,1493036.0,1580294.63,1356389.75,190.0,4492.0,643.0,163.0,3.0,2.0,9.0
Ohio,Noble,39121,18961.0,23822.0,19924.0,4682.0,0.0,0.0,0.0,0.0,0.0,0.0
Ohio,Ottawa,39123,2458033.0,4186477.75,2003880.0,1894640.0,8.0,265283.0,716.0,11.0,1.0,3.0
Ohio,Paulding,39125,3914.0,7516144.0,3511901.47,1831974.0,0.0,164439.0,122995.0,0.0,0.0,0.0
Ohio,Perry,39127,1372342.0,1590419.0,1129541.0,11.0,35591.0,2181.0,2638.0,0.0,0.0,0.0
Ohio,Pickaway,39129,7595752.0,10958641.0,7430737.0,27603.0,275350.0,3211516.0,13582.0,154.0,0.0,753.0
Ohio,Pike,39131,610961.0,608881.0,519030.0,62975.0,19419.0,89563.0,119.0,0.0,0.0,0.0
Ohio,Portage,39133,1174551.0,1253494.0,793851.0,391094.0,0.0,656.0,0.0,104.0,0.0,0.0
Ohio,Preble,39135,3882359.0,7044921.0,4688500.0,283005.0,175.0,1996047.0,2057.0,42.0,11.0,52.0
Ohio,Putnam,39137,841372.0,11386071.0,6413409.0,2218431.55,0.0,319698.0,328968.86,9.0,0.0,0.0
Ohio,Richland,39139,2168683.0,3183431.0,2167104.0,613363.34,0.0,44573.0,809.0,1.0,0.0,0.0
Ohio,Ross,39141,4155513.0,4018021.0,4699644.0,246119.0,33104.0,183009.0,12496.0,0.0,0.0,0.0
Ohio,Sandusky,39143,5135889.0,8994218.0,5178477.0,2579376.0,0.0,35004.0,14750.0,64.0,0.0,0.0
Ohio,Scioto,39145,491676.0,727589.0,484279.0,18930.0,218510.0,0.0,0.0,0.0,0.0,0.0
Ohio,Seneca,39147,5525355.0,6063790.0,7248039.0,1301183.0,28.0,9256.0,5950.0,9.0,0.0,0.0
Ohio,Shelby,39149,5230651.0,8149104.0,6408438.0,454751.0,0.0,1027461.0,3561.0,0.0,0.0,0.0
Ohio,Stark,39151,2417559.0,2502953.0,2006286.0,125763.0,103.0,32384.0,0.0,462.0,6.0,24.0
Ohio,Summit,39153,103031.0,113566.0,63364.0,27481.0,0.0,175.0,188.0,20.0,0.0,0.0
Ohio,Trumbull,39155,1763249.96,1909046.0,463742.0,428891.0,0.0,16503.0,2563.0,524.0,0.0,0.0
Ohio,Tuscarawas,39157,1508011.0,1727908.0,1313782.0,31392.0,9.0,2923.0,0.0,330.0,1.0,6.0
Ohio,Union,39159,5683774.0,6332641.0,3903084.0,356.0,12.0,1498160.0,4594.0,89.0,1.0,7.0
Ohio,Van Wert,39161,27763.0,10610568.54,5268233.0,2927101.0,30.0,493647.0,136195.0,0.0,0.0,2.0
Ohio,Vinton,39163,141844.0,160784.0,66312.0,39.0,25390.0,6277.0,59.0,0.0,0.0,0.0
Ohio,Warren,39165,1845557.0,2225759.0,2159577.0,931061.0,83188.0,368601.0,3889.0,0.0,0.0,0.0
Ohio,Washington,39167,139256.0,743698.0,644969.0,1340.0,110104.0,772.0,0.0,13.0,0.0,0.0
Ohio,Wayne,39169,3616521.78,4749046.0,2908317.0,685304.0,85982.0,7530.0,151.0,8.0,7.0,33.0
Ohio,Williams,39171,3792056.0,5918082.0,4208125.0,588483.0,555166.49,193992.0,179455.0,0.0,0.0,0.0
Ohio,Wood,39173,8280152.0,14459026.28,9232811.3,4626064.0,0.0,92953.0,649.0,0.0,0.0,0.0
Ohio,Wyandot,39175,5507900.0,8295735.0,6573021.0,108584.0,100.0,1148732.0,111308.0,8.0,42.0,205.0
Oklahoma,Adair,40001,116.0,11583.0,8516.0,111.0,8592.0,1307.0,0.0,0.0,0.0,0.0
Oklahoma,Alfalfa,40003,3877247.69,3939597.0,648005.0,33701.0,3626315.0,4890.0,921.0,0.0,3296943.0,5261433.0
Oklahoma,Atoka,40005,0.0,4121.0,5733.0,599.0,0.0,4667.0,0.0,0.0,0.0,0.0
Oklahoma,Beaver,40007,2024778.79,1383231.0,375922.0,1056799.0,133485.0,16675.0,22149.0,0.0,1614095.0,2721185.0
Oklahoma,Beckham,40009,1249494.08,1279278.0,16899.0,347159.0,1689151.0,67402.0,101421.0,0.0,1556775.0,1392395.0
Oklahoma,Blaine,40011,2786682.0,3010482.81,14431.0,324435.0,2936702.0,1554.0,372.0,0.0,124588.0,3580731.0
Oklahoma,Bryan,40013,14199.0,375777.0,304856.0,41854.0,33362.0,99082.0,58913.0,0.0,0.0,0.0
Oklahoma,Caddo,40015,1046810.43,1155277.0,1078907.55,1161568.0,87338.0,83996.0,7534.0,2142.0,102353.0,76913.0
Oklahoma,Canadian,40017,1442127.0,1530946.0,635240.96,1535351.0,7690.0,0.0,0.0,0.0,28257.0,1052127.0
Oklahoma,Carter,40019,714.0,8699.0,43319.0,1768.0,2427.0,2266.0,553.0,0.0,0.0,10531.0
Oklahoma,Cherokee,40021,607.0,12319.0,12568.0,411.0,10366.0,3159.0,0.0,0.0,0.0,0.0
Oklahoma,Choctaw,40023,0.0,44779.0,37975.0,0.0,27488.0,11326.0,0.0,0.0,12280.0,12024.0
Oklahoma,Cimarron,40025,3170831.0,1257152.0,1394031.33,1542041.0,522404.0,550912.0,96450.0,703690.0,2332306.0,1946380.0
Oklahoma,Cleveland,40027,1074.0,24587.0,17641.0,2970.0,952.0,195.0,0.0,0.0,881.0,0.0
Oklahoma,Coal,40029,720.0,4630.0,4911.0,1464.0,27.0,1753.0,0.0,0.0,0.0,0.0
Oklahoma,Comanche,40031,389536.0,409207.0,357479.0,311934.0,62561.0,21059.0,86375.0,0.0,28811.0,38889.0
Oklahoma,Cotton,40033,664438.0,10712.0,697321.0,654803.0,191831.0,51979.0,80946.0,0.0,137647.0,116248.0
Oklahoma,Craig,40035,8219.0,720827.0,645057.0,137675.0,486456.0,200301.0,148360.0,81004.0,165786.0,1808.0
Oklahoma,Creek,40037,4817.0,6028.0,5244.0,902.0,0.0,2180.0,0.0,0.0,691.0,0.0
Oklahoma,Custer,40039,2497735.67,23140.0,46479.0,41999.0,2436265.0,1867.0,1688.0,0.0,766650.0,601492.0
Oklahoma,Delaware,40041,2377.0,137336.0,131819.0,124712.0,31100.0,25262.0,0.0,0.0,704.0,0.0
Oklahoma,Dewey,40043,1668413.0,1740710.99,41318.0,25862.0,1648077.0,7274.0,45082.0,0.0,1371224.0,1997026.0
Oklahoma,Ellis,40045,1087443.0,228684.29,189858.0,291896.0,932676.07,4427.0,320.0,0.0,49405.0,827567.52
Oklahoma,Garfield,40047,5417869.720000001,5508822.45,5158209.31,40651.0,4907202.0,2108.0,1235.0,0.0,80178.0,6306093.25
Oklahoma,Garvin,40049,54138.41,51792.0,59699.0,37192.0,5477.0,0.0,0.0,0.0,160.0,536.0
Oklahoma,Grady,40051,964339.0,1019750.0,719952.6,902408.0,53697.0,12752.0,2437.0,28045.0,114282.0,118316.0
Oklahoma,Grant,40053,5175052.33,5267020.0,1426512.48,70256.0,4544580.0,110693.0,1102.0,134.0,152526.0,6370969.62
Oklahoma,Greer,40055,182903.0,208466.0,170975.0,11938.0,320427.0,100887.0,132280.0,0.0,1003723.0,995596.6
Oklahoma,Harmon,40057,161052.0,166466.0,2641.0,11992.2,2720640.0,2130.0,4948.0,0.0,1609046.9,1330784.0
Oklahoma,Harper,40059,1100848.37,66852.0,45160.0,218484.0,1033358.0,1170.0,3217.0,0.0,779702.0,1625637.85
Oklahoma,Haskell,40061,182.0,84274.95,62342.0,3399.0,62768.0,49183.0,0.0,0.0,7596.0,0.0
Oklahoma,Hughes,40063,31302.55,60102.0,15814.0,2635.0,47533.0,0.0,0.0,0.0,0.0,0.0
Oklahoma,Jackson,40065,199803.0,201039.0,2661.0,2455.0,589379.0,77322.0,125202.0,0.0,2163796.0,552714.0
Oklahoma,Jefferson,40067,25762.0,532.0,501.0,439.0,0.0,0.0,0.0,0.0,102.0,0.0
Oklahoma,Johnston,40069,289.0,9416.0,9496.0,465.0,0.0,4477.0,0.0,0.0,0.0,0.0
Oklahoma,Kay,40071,3428671.0,3806396.0,3448287.0,893123.0,113031.0,737201.0,70.0,39203.0,516540.0,2995035.0
Oklahoma,Kingfisher,40073,3514460.48,3603997.0,2867046.0,3968033.0,3433231.0,346.0,232.0,0.0,4730.0,3662359.0
Oklahoma,Kiowa,40075,1814956.5,1836452.79,24358.0,440075.0,2003488.0,294568.0,297728.0,803.0,2367867.0,691249.0
Oklahoma,Latimer,40077,0.0,0.0,0.0,0.0,0.0,0.0,0.0,0.0,0.0,0.0
Oklahoma,Le Flore,40079,401.0,114869.0,213980.0,7893.0,95714.0,388179.27,10875.0,34361.0,106287.0,236.0
Oklahoma,Lincoln,40081,147207.0,40104.0,135822.0,21671.0,52932.0,5425.0,5799.0,0.0,4227.0,0.0
Oklahoma,Logan,40083,769563.0,799610.0,458727.0,838082.0,2199.0,34181.0,0.0,427.0,6201.0,881728.0
Oklahoma,Love,40085,1653.0,58307.0,52102.0,1691.0,275.0,106.0,0.0,0.0,0.0,0.0
Oklahoma,McClain,40087,7001.0,187397.0,137551.0,66163.0,7616.0,125.0,0.0,0.0,4120.0,4122.0
Oklahoma,McCurtain,40089,12.0,229887.0,193177.0,86.0,217336.0,73032.0,0.0,56789.0,25609.0,34958.0
Oklahoma,McIntosh,40091,0.0,2519.0,881.0,1800.0,7773.0,698.0,113.0,197.0,235.0,0.0
Oklahoma,Major,40093,2286280.1,2716873.0,389894.0,23600.0,2399282.0,4317.0,61886.0,0.0,87080.0,1949966.75
Oklahoma,Marshall,40095,2056.0,24436.0,24933.0,20015.0,1890.0,196.0,722.0,0.0,0.0,0.0
Oklahoma,Mayes,40097,1337.0,193160.0,275473.0,182133.0,86289.0,12818.0,0.0,75300.0,112425.0,0.0
Oklahoma,Murray,40099,3.0,2758.0,2888.0,183.0,1218.0,0.0,0.0,0.0,0.0,0.0
Oklahoma,Muskogee,40101,6561.0,835805.0,481696.0,242457.0,271245.0,397511.31,29465.0,2026.0,61121.0,0.0
Oklahoma,Noble,40103,1416133.0,1551390.0,1674469.0,330237.0,1381509.0,33693.0,0.0,163.0,24674.0,492029.0
Oklahoma,Nowata,40105,2658.0,152551.0,139090.0,98960.0,9318.0,44873.0,24519.0,2781.0,32336.0,21382.0
Oklahoma,Okfuskee,40107,37571.0,62131.0,33314.0,57277.0,1281.0,0.0,0.0,0.0,72.0,0.0
Oklahoma,Oklahoma,40109,88104.0,92074.0,12319.0,68256.0,4742.0,2826.0,0.0,0.0,3637.0,4943.0
Oklahoma,Okmulgee,40111,2220.0,270179.0,107711.0,172572.0,16270.0,171579.0,44814.0,0.0,327.0,0.0
Oklahoma,Osage,40113,4729.0,334111.0,325565.0,20572.0,110346.0,61730.0,3021.0,3742.0,36467.0,60478.0
Oklahoma,Ottawa,40115,2370.0,619269.0,683997.0,864250.0,115973.0,186240.0,131950.0,1988.0,298802.0,166509.0
Oklahoma,Pawnee,40117,34002.0,141055.0,139265.0,5978.0,17596.0,9053.0,0.0,1073.0,15880.0,12477.0
Oklahoma,Payne,40119,302418.3,314959.0,174347.0,94900.0,5554.0,0.0,48.0,112.0,1665.0,7421.0
Oklahoma,Pittsburg,40121,0.0,9541.0,11963.0,0.0,5761.0,3601.0,0.0,0.0,0.0,0.0
Oklahoma,Pontotoc,40123,1632.0,61778.0,58466.0,389.0,0.0,13281.0,0.0,0.0,3163.0,0.0
Oklahoma,Pottawatomie,40125,777.0,32605.29,13579.0,1273.0,691.0,409.0,44.0,0.0,5813.0,0.0
Oklahoma,Pushmataha,40127,0.0,0.0,0.0,0.0,0.0,0.0,0.0,0.0,0.0,0.0
Oklahoma,Roger Mills,40129,597926.0,11955.0,31320.0,29203.0,579660.0,44401.0,52681.0,11162.0,867302.0,131558.0
Oklahoma,Rogers,40131,3903.0,154755.0,138817.0,67396.0,15963.0,34708.0,0.0,445.0,18136.0,0.0
Oklahoma,Seminole,40133,33688.0,41381.0,5017.0,6428.0,383.0,0.0,0.0,0.0,0.0,0.0
Oklahoma,Sequoyah,40135,67.0,610747.0,508174.0,61905.0,657965.0,477768.0,0.0,0.0,3833.0,0.0
Oklahoma,Stephens,40137,5266.0,6080.0,16060.0,296.0,145.0,0.0,0.0,0.0,327.0,0.0
Oklahoma,Texas,40139,8375915.0,573394.0,5730723.37,6368281.0,1005338.0,158137.0,123975.0,1396.0,1326483.0,1398938.0
Oklahoma,Tillman,40141,43178.0,1490.0,61346.0,53301.0,3118750.75,186323.0,227472.0,0.0,389776.0,1459238.0
Oklahoma,Tulsa,40143,951.0,50045.0,55075.0,1401.0,3910.0,50337.0,0.0,0.0,4768.0,0.0
Oklahoma,Wagoner,40145,80.0,315859.0,325048.0,102005.0,570.0,213305.0,6755.0,130.0,464502.0,48.0
Oklahoma,Washington,40147,3015.0,239569.0,248330.32,151135.0,13025.0,56368.0,31701.0,131.0,23627.0,0.0
Oklahoma,Washita,40149,1934566.0,1987314.09,23565.0,1828264.0,2848839.0,151399.0,179196.0,0.0,3823827.0,1231279.0
Oklahoma,Woods,40151,2246643.05,2063436.54,11114.0,4435.0,1970674.0,485.0,837.0,0.0,3258648.0,3689120.0
Oklahoma,Woodward,40153,1518589.0,1505462.0,504052.93,39853.0,1561261.0,212.0,31157.0,0.0,271320.0,135751.0
Oregon,Baker,41001,137250.0,379187.0,291877.0,309844.0,60441.0,14722.0,0.0,11428.0,0.0,15992.0
Oregon,Benton,41003,23.0,4273.0,4251.0,3936.0,841.0,0.0,0.0,263.0,0.0,0.0
Oregon,Clackamas,41005,12267.0,81156.0,74687.0,29932.0,1673.0,4513.0,7663.0,184.0,0.0,0.0
Oregon,Clatsop,41007,0.0,0.0,0.0,0.0,0.0,0.0,0.0,0.0,0.0,0.0
Oregon,Columbia,41009,8171.0,8634.0,1676.0,0.0,0.0,0.0,37.0,38.0,0.0,0.0
Oregon,Coos,41011,0.0,0.0,0.0,0.0,0.0,0.0,0.0,0.0,0.0,0.0
Oregon,Crook,41013,32254.0,13999.0,30044.0,20066.0,2435.0,930.0,20409.0,19763.0,1152.0,8774.0
Oregon,Curry,41015,0.0,0.0,0.0,0.0,0.0,0.0,0.0,0.0,0.0,0.0
Oregon,Deschutes,41017,21878.0,7173.0,23727.0,3514.0,5732.0,0.0,0.0,10354.0,18674.0,0.0
Oregon,Douglas,41019,0.0,0.0,0.0,0.0,0.0,0.0,0.0,0.0,0.0,0.0
Oregon,Gilliam,41021,2280141.0,2306494.91,1945737.0,188.0,62242.0,0.0,0.0,16643.0,0.0,562734.0
Oregon,Grant,41023,0.0,0.0,0.0,0.0,0.0,0.0,0.0,0.0,0.0,0.0
Oregon,Harney,41025,168788.0,124970.0,75604.0,137095.0,110259.0,111529.0,71961.0,101936.0,33884.0,108294.0
Oregon,Hood River,41027,0.0,0.0,0.0,0.0,0.0,0.0,0.0,0.0,0.0,0.0
Oregon,Jackson,41029,4179.0,2335.0,4002.0,3205.0,369.0,0.0,0.0,0.0,0.0,0.0
Oregon,Jefferson,41031,334243.0,353105.0,332460.0,250118.0,12955.0,9042.0,126343.0,6764.0,222712.0,187471.0
Oregon,Josephine,41033,0.0,0.0,0.0,0.0,0.0,0.0,0.0,0.0,0.0,0.0
Oregon,Klamath,41035,314750.0,160976.0,121036.0,66547.0,94954.0,48299.0,95100.0,18935.0,13191.0,1878.0
Oregon,Lake,41037,236762.0,250435.0,250657.0,107941.0,19730.0,0.0,237675.0,307656.0,0.0,142544.0
Oregon,Lane,41039,2817.0,4458.0,2855.0,1382.0,0.0,0.0,0.0,0.0,0.0,0.0
Oregon,Lincoln,41041,0.0,0.0,0.0,0.0,0.0,0.0,0.0,0.0,0.0,0.0
Oregon,Linn,41043,3398.0,22346.0,17445.0,15682.0,7262.0,10004.0,0.0,0.0,0.0,0.0
Oregon,Malheur,41045,530292.0,754132.0,753244.0,346863.0,87584.0,69549.0,56345.0,67747.0,0.0,27916.0
Oregon,Marion,41047,64414.0,537094.0,403031.0,357374.0,78181.0,265.0,987.0,5.0,0.0,0.0
Oregon,Morrow,41049,4994482.0,4937165.0,4137061.0,381971.0,40977.0,12930.0,151.0,57656.0,1886.0,376121.0
Oregon,Multnomah,41051,0.0,31342.0,2154.0,386.0,1759.0,0.0,0.0,0.0,0.0,0.0
Oregon,Polk,41053,53914.0,333075.0,280359.0,236015.0,31937.0,18481.0,7226.0,547.0,0.0,0.0
Oregon,Sherman,41055,370264.0,2314030.0,2047227.0,856785.0,0.0,0.0,0.0,647.0,0.0,213789.0
Oregon,Tillamook,41057,0.0,0.0,0.0,0.0,0.0,0.0,0.0,0.0,0.0,0.0
Oregon,Umatilla,41059,8097598.0,10729873.0,9607641.77,717100.0,30209.0,243.0,2132.0,24010.0,108.0,655350.56
Oregon,Union,41061,33859.0,2003264.0,2131315.0,2157983.93,201353.0,0.0,1815.0,1431.0,1406.0,870225.0
Oregon,Wallowa,41063,398260.0,914255.0,298568.0,738274.0,192048.0,14448.0,0.0,30658.0,0.0,69999.0
Oregon,Wasco,41065,238027.0,1228853.0,1140215.0,493577.0,0.0,17023.0,6011.0,15662.93,0.0,34801.0
Oregon,Washington,41067,64768.0,1001705.0,898766.0,845991.0,296026.0,2491.0,28792.0,3498.0,0.0,0.0
Oregon,Wheeler,41069,57839.0,57844.0,75690.0,28309.0,0.0,0.0,0.0,3011.0,45470.0,19413.0
Oregon,Yamhill,41071,173423.0,955448.78,845575.0,795103.0,161517.0,14521.0,9872.0,805.0,0.0,0.0
Pennsylvania,Adams,42001,5168.0,125621.0,888171.0,30276.0,806034.0,154405.0,2883.0,0.0,0.0,0.0
Pennsylvania,Allegheny,42003,103.0,10696.0,9228.0,526.0,450.0,2273.0,3127.0,0.0,0.0,215.0
Pennsylvania,Armstrong,42005,494598.85,573181.0,446834.0,84464.0,35429.0,1894.0,5975.0,0.0,0.0,0.0
Pennsylvania,Beaver,42007,22553.0,106329.0,74344.0,82.0,4265.0,22497.0,735.0,0.0,0.0,0.0
Pennsylvania,Bedford,42009,274457.45,737398.0,657034.0,16362.0,12526.0,35.0,10980.0,0.0,0.0,0.0
Pennsylvania,Berks,42011,4619.0,488730.87,1908747.0,11433.0,185072.0,20529.0,0.0,0.0,0.0,0.0
Pennsylvania,Blair,42013,6107.0,154046.0,796467.0,4705.0,40909.0,1724.0,482170.0,0.0,0.0,0.0
Pennsylvania,Bradford,42015,423168.52,789149.0,703561.15,12827.0,348433.0,29069.0,460.0,0.0,0.0,6602.0
Pennsylvania,Bucks,42017,177783.0,34522.0,363368.0,3771.0,80091.0,30512.0,0.0,0.0,0.0,0.0
Pennsylvania,Butler,42019,522507.0,622901.0,531516.4,104707.05,22004.0,156014.0,4.0,0.0,0.0,0.0
Pennsylvania,Cambria,42021,431760.0,549083.0,428750.0,25305.0,40743.0,2267.0,22645.0,0.0,0.0,0.0
Pennsylvania,Cameron,42023,7606.0,8198.0,7669.0,4584.0,302.0,76.0,0.0,0.0,0.0,0.0
Pennsylvania,Carbon,42025,17592.0,168155.0,46212.0,17111.0,84916.0,23292.0,0.0,0.0,0.0,0.0
Pennsylvania,Centre,42027,119223.0,693083.0,1220535.0,220497.0,48326.0,21567.0,528476.23,0.0,0.0,0.0
Pennsylvania,Chester,42029,44004.0,826852.0,1195259.0,25919.0,82992.0,9.0,0.0,0.0,0.0,0.0
Pennsylvania,Clarion,42031,507593.0,497517.0,415755.0,36172.0,1095.0,50031.0,25372.0,0.0,0.0,0.0
Pennsylvania,Clearfield,42033,111040.0,133321.0,141157.0,1104.0,109411.0,310.0,5456.0,0.0,0.0,0.0
Pennsylvania,Clinton,42035,34871.0,331831.0,365788.0,258.0,1168.0,5756.0,166898.0,0.0,0.0,0.0
Pennsylvania,Columbia,42037,485111.0,1123367.0,867544.0,55945.0,405251.0,54727.0,87033.0,13.0,0.0,0.0
Pennsylvania,Crawford,42039,1135558.0,1046022.0,18449.0,83543.19,13706.0,3991.0,3588.0,0.0,0.0,0.0
Pennsylvania,Cumberland,42041,674734.0,532564.0,1598188.0,57843.0,100785.0,98726.0,11509.0,0.0,0.0,0.0
Pennsylvania,Dauphin,42043,316.0,266434.0,807654.0,4232.0,2298.0,57876.0,433136.0,0.0,0.0,0.0
Pennsylvania,Delaware,42045,0.0,4744.0,49267.0,567.0,13218.0,0.0,0.0,0.0,0.0,0.0
Pennsylvania,Elk,42047,22150.0,20053.0,18401.0,15574.0,741.0,383.0,0.0,0.0,0.0,0.0
Pennsylvania,Erie,42049,607251.0,708867.0,178026.0,94602.0,27.0,4378.0,22.0,0.0,0.0,0.0
Pennsylvania,Fayette,42051,381166.0,392951.0,296631.0,14045.0,32799.0,30614.0,418.0,0.0,0.0,0.0
Pennsylvania,Forest,42053,4960.0,26580.0,12742.0,9304.0,0.0,327.0,0.0,0.0,0.0,0.0
Pennsylvania,Franklin,42055,109848.0,574242.0,1552064.0,57797.0,52231.0,29334.0,0.0,0.0,0.0,0.0
Pennsylvania,Fulton,42057,186481.0,131031.0,188475.0,3937.0,12836.0,0.0,1194.0,0.0,0.0,0.0
Pennsylvania,Greene,42059,22618.0,24871.0,22830.0,1154.0,307.0,0.0,0.0,0.0,0.0,0.0
Pennsylvania,Huntingdon,42061,5409.0,638513.0,674343.0,10486.0,541651.0,1762.0,516289.0,0.0,0.0,0.0
Pennsylvania,Indiana,42063,1064588.0,1130094.0,893694.0,16764.0,32768.0,19876.0,3824.0,0.0,0.0,0.0
Pennsylvania,Jefferson,42065,184535.0,194870.0,171747.0,24061.0,52.0,114.0,0.0,0.0,0.0,0.0
Pennsylvania,Juniata,42067,58163.0,137965.0,430263.0,1021.0,5613.0,10830.0,325646.0,0.0,18.0,0.0
Pennsylvania,Lackawanna,42069,1288.0,38159.0,33506.0,1924.0,25047.0,480.0,0.0,0.0,0.0,0.0
Pennsylvania,Lancaster,42071,21.0,1305054.0,2585067.0,259.0,199406.0,18893.0,1134.0,0.0,0.0,0.0
Pennsylvania,Lawrence,42073,655232.0,680617.0,546009.0,164996.0,4038.0,247422.0,0.0,0.0,0.0,0.0
Pennsylvania,Lebanon,42075,212.0,156634.0,676609.0,29667.0,253506.0,23236.0,0.0,0.0,0.0,0.0
Pennsylvania,Lehigh,42077,14727.0,543725.0,842624.0,62577.0,122374.0,241758.0,3.0,0.0,0.0,0.0
Pennsylvania,Luzerne,42079,91570.0,335439.0,280262.0,19251.0,199215.0,21080.0,252.0,0.0,0.0,0.0
Pennsylvania,Lycoming,42081,521799.01,1013108.0,892757.0,67556.0,105763.0,881.0,5999.0,0.0,0.0,0.0
Pennsylvania,McKean,42083,43075.0,59341.0,48258.0,43265.0,1080.0,162.0,0.0,0.0,0.0,64.0
Pennsylvania,Mercer,42085,1602927.0,1649507.0,1093071.6,395931.0,1755.0,147223.0,0.0,0.0,0.0,0.0
Pennsylvania,Mifflin,42087,187.0,107113.0,347037.0,0.0,278010.0,3198.0,226968.0,0.0,0.0,0.0
Pennsylvania,Monroe,42089,147936.0,97508.38,151262.0,18869.0,22448.0,7137.0,0.0,0.0,0.0,0.0
Pennsylvania,Montgomery,42091,18436.0,43282.0,185354.0,17758.0,12605.0,18412.0,830.0,0.0,0.0,0.0
Pennsylvania,Montour,42093,124124.0,368074.0,373292.0,2925.0,188853.0,111704.0,294849.0,984.0,0.0,0.0
Pennsylvania,Northampton,42095,1362.0,787770.0,999103.0,150562.0,484488.0,122659.0,0.0,0.0,0.0,0.0
Pennsylvania,Northumberland,42097,156764.0,638929.0,1769609.0,9289.0,395546.0,69549.0,29899.0,44.0,31.0,0.0
Pennsylvania,Perry,42099,303.0,176095.0,708884.0,63338.0,10216.0,182792.0,444985.0,0.0,0.0,0.0
Pennsylvania,Philadelphia,42101,0.0,0.0,0.0,0.0,0.0,0.0,0.0,0.0,0.0,0.0
Pennsylvania,Pike,42103,0.0,37010.0,39081.0,7519.0,14747.0,0.0,0.0,0.0,0.0,0.0
Pennsylvania,Potter,42105,221506.48,210659.0,191139.0,6559.0,3478.0,12.0,0.0,0.0,0.0,0.0
Pennsylvania,Schuylkill,42107,18517.0,1270502.11,1229126.0,57230.0,132272.0,166027.0,202.0,0.0,0.0,0.0
Pennsylvania,Snyder,42109,3800.0,390559.0,379141.0,2794.0,26.0,1602.0,23259.0,0.0,3646.0,0.0
Pennsylvania,Somerset,42111,528644.0,612802.0,494361.0,409550.0,153099.0,0.0,0.0,0.0,0.0,0.0
Pennsylvania,Sullivan,42113,61908.0,74718.81,58656.0,54583.0,1184.0,181.0,23058.0,0.0,33728.0,16779.54
Pennsylvania,Susquehanna,42115,0.0,78550.0,71999.81,802.0,65199.0,16460.0,0.0,0.0,0.0,0.0
Pennsylvania,Tioga,42117,332082.14,278078.0,338760.0,13653.0,72758.0,806.0,947.0,0.0,0.0,0.0
Pennsylvania,Union,42119,708.0,229576.0,347492.0,20479.0,116537.0,11370.0,236068.0,0.0,12.0,0.0
Pennsylvania,Venango,42121,170805.0,165138.0,0.0,8237.0,3347.0,50239.0,74.0,0.0,0.0,0.0
Pennsylvania,Warren,42123,137975.0,124098.0,1294.0,3495.0,0.0,636.0,0.0,0.0,0.0,0.0
Pennsylvania,Washington,42125,2158.0,130918.0,106586.0,78226.0,1178.0,81.0,2379.0,0.0,0.0,0.0
Pennsylvania,Wayne,42127,34874.0,52257.0,41564.0,25.0,9275.0,4103.0,0.0,0.0,0.0,0.0
Pennsylvania,Westmoreland,42129,385101.65,692860.0,587922.0,7474.0,8960.0,2718.0,0.0,0.0,0.0,0.0
Pennsylvania,Wyoming,42131,32819.0,96989.0,100017.0,2892.0,66938.0,2668.0,445.0,0.0,0.0,0.0
Pennsylvania,York,42133,1889306.0,2415906.0,3722157.0,32778.0,1131172.0,1982.0,11559.0,0.0,0.0,0.0
Rhode Island,Bristol,44001,870.0,904.0,829.0,0.0,0.0,0.0,623.0,0.0,0.0,0.0
Rhode Island,Kent,44003,2619.0,2739.0,2512.0,17.0,0.0,0.0,1706.0,0.0,0.0,0.0
Rhode Island,Newport,44005,12724.0,13441.0,16253.0,0.0,0.0,0.0,6447.0,0.0,0.0,0.0
Rhode Island,Providence,44007,4670.0,4848.0,4443.0,0.0,0.0,0.0,3460.0,0.0,0.0,0.0
Rhode Island,Washington,44009,12889.0,13388.0,17494.0,0.0,0.0,0.0,0.0,0.0,0.0,0.0
South Carolina,Abbeville,45001,1743.0,20592.0,14666.0,5975.0,409.0,1957.0,0.0,0.0,0.0,0.0
South Carolina,Aiken,45003,108472.0,238996.0,63845.0,31827.0,38306.0,81275.0,44742.0,0.0,50246.0,6394.0
South Carolina,Allendale,45005,408826.0,905750.0,929128.0,268595.0,55190.0,481153.0,138521.0,0.0,0.0,0.0
South Carolina,Anderson,45007,13106.0,185414.0,193429.0,133428.0,4054.0,37337.0,3493.0,0.0,0.0,0.0
South Carolina,Bamberg,45009,166242.0,480669.0,397226.0,47793.0,20920.0,336266.0,11715.0,0.0,0.0,0.0
South Carolina,Barnwell,45011,292505.0,524700.4199999999,463928.63,83774.09,91872.0,294649.0,5115.0,0.0,476.0,0.0
South Carolina,Beaufort,45013,0.0,18189.0,10972.0,0.0,0.0,17594.0,1055.0,0.0,10841.0,0.0
South Carolina,Berkeley,45015,59869.0,97246.0,25285.0,1059.0,48261.0,45007.0,12304.0,0.0,28433.0,0.0
South Carolina,Calhoun,45017,800610.0,733193.0,517235.25,8272.0,77842.0,181852.5,0.0,0.0,3049.0,0.0
South Carolina,Charleston,45019,327.0,2205.0,1378.0,0.0,0.0,8466.0,647.0,0.0,0.0,0.0
South Carolina,Cherokee,45021,979.0,47593.0,39489.0,7213.0,571.0,19206.0,0.0,0.0,0.0,0.0
South Carolina,Chester,45023,1015.0,61359.0,54575.0,31852.0,17809.0,34888.0,0.0,0.0,0.0,82.0
South Carolina,Chesterfield,45025,54555.0,469858.0,338076.0,10610.0,95153.0,279262.0,0.0,0.0,0.0,0.0
South Carolina,Clarendon,45027,1786022.0,2448110.0,715400.0,286956.0,396482.0,1252382.0,629.0,0.0,0.0,0.0
South Carolina,Colleton,45029,15808.0,436649.0,309910.0,55253.0,41555.0,306942.0,8183.0,0.0,0.0,0.0
South Carolina,Darlington,45031,1022844.55,2399873.3,289628.0,242919.0,622989.0,1473458.91,151463.4,0.0,0.0,0.0
South Carolina,Dillon,45033,901111.35,2230259.0,433819.0,345231.0,602572.0,864129.0,16216.0,0.0,0.0,0.0
South Carolina,Dorchester,45035,420638.53,673291.0,506127.0,31322.0,799.0,364904.0,3787.0,0.0,2358.0,0.0
South Carolina,Edgefield,45037,3279.0,15852.0,8117.0,3718.0,1528.0,9691.0,0.0,0.0,0.0,0.0
South Carolina,Fairfield,45039,0.0,1397.0,1353.0,684.0,0.0,8089.0,0.0,0.0,0.0,0.0
South Carolina,Florence,45041,927454.63,1803839.0,429991.0,138636.0,330589.0,1075263.36,58978.9,3599.0,2864.0,0.0
South Carolina,Georgetown,45043,101376.0,126110.0,60134.0,1051.0,20263.0,29755.0,17279.0,0.0,0.0,0.0
South Carolina,Greenville,45045,436.0,16085.0,13680.0,2092.0,657.0,640.0,24.0,0.0,0.0,0.0
South Carolina,Greenwood,45047,480.0,3139.0,2074.0,508.0,58.0,536.0,0.0,0.0,211.0,0.0
South Carolina,Hampton,45049,168350.99,533438.0,538051.0,155495.0,43.0,400949.64,20067.0,0.0,12837.0,0.0
South Carolina,Horry,45051,53.0,1538844.82,140390.0,112854.0,354457.0,932619.0,47221.0,0.0,0.0,0.0
South Carolina,Jasper,45053,1615.0,67846.0,58946.0,7928.0,0.0,44582.0,4204.0,0.0,30169.0,0.0
South Carolina,Kershaw,45055,13079.0,81320.0,181672.0,28135.0,20454.0,25379.0,5652.0,0.0,0.0,0.0
South Carolina,Lancaster,45057,440.0,41781.0,37368.0,7628.0,25337.0,23813.0,0.0,0.0,0.0,11502.0
South Carolina,Laurens,45059,21.0,35104.0,29560.0,5959.0,0.0,3666.0,296.0,0.0,2375.0,0.0
South Carolina,Lee,45061,618478.92,2383957.0,1596864.52,264473.0,360162.0,945204.02,30029.0,0.0,0.0,0.0
South Carolina,Lexington,45063,161431.0,308918.0,233434.0,3844.0,34176.0,85362.64,573.0,0.0,36678.0,0.0
South Carolina,McCormick,45065,0.0,116.0,116.0,12.0,0.0,182.0,0.0,0.0,7.0,0.0
South Carolina,Marion,45067,496124.0,1049790.0,575388.0,143880.0,225462.0,597230.0,24537.0,0.0,0.0,0.0
South Carolina,Marlboro,45069,511009.0,1558779.0,337202.0,221690.0,356993.0,447558.0,0.0,0.0,0.0,0.0
South Carolina,Newberry,45071,3054.0,141050.0,158563.0,7320.0,0.0,7145.0,0.0,0.0,0.0,0.0
South Carolina,Oconee,45073,7507.0,13827.0,15574.0,6874.0,243.0,9218.0,58.0,0.0,0.0,0.0
South Carolina,Orangeburg,45075,1741686.42,2837672.0,2249777.55,125165.0,11737.0,912537.5,4843.0,0.0,0.0,0.0
South Carolina,Pickens,45077,0.0,8751.0,8405.0,1864.0,69.0,462.0,59.0,0.0,0.0,0.0
South Carolina,Richland,45079,140794.0,267193.0,199291.0,90949.0,45944.0,72750.0,335.0,0.0,0.0,0.0
South Carolina,Saluda,45081,5277.0,71057.0,75756.0,34388.0,6273.0,13793.0,0.0,0.0,0.0,0.0
South Carolina,Spartanburg,45083,41786.0,79384.0,64338.0,11449.0,731.0,8020.0,0.0,0.0,0.0,0.0
South Carolina,Sumter,45085,1442776.8,2176706.31,693455.0,175781.0,356189.0,917289.0,50883.6,0.0,0.0,0.0
South Carolina,Union,45087,1778.0,5400.0,4740.0,2927.0,0.0,1651.0,0.0,0.0,0.0,0.0
South Carolina,Williamsburg,45089,1099877.0,1647282.0,505654.0,121721.0,182098.0,618174.52,4325.0,0.0,1171.0,0.0
South Carolina,York,45091,4692.0,66923.0,68103.0,27203.0,17034.0,30971.0,240.0,0.0,0.0,3117.0
South Dakota,Aurora,46003,5862151.0,5262012.0,3832965.0,560986.0,0.0,64212.0,54.0,35013.0,0.0,293547.0
South Dakota,Beadle,46005,10539784.0,4275321.0,10174665.0,5512474.87,484564.0,6418742.0,11242.0,10289.0,0.0,436189.0
South Dakota,Bennett,46007,175102.0,401463.0,195543.0,47916.0,5624.0,7498.0,2398.0,16786.0,277424.0,2869.0
South Dakota,Bon Homme,46009,372714.0,2210950.0,6389591.0,6530595.0,30651.0,1041860.0,257.0,3114.0,3126891.0,123033.11
South Dakota,Brookings,46011,10021151.0,5033987.0,392850.0,27851.0,281948.0,5717168.38,91400.0,7946.0,0.0,3007.0
South Dakota,Brown,46013,21184779.0,25088995.0,775697.0,17724231.57,709808.0,173772.0,274.0,145213.0,0.0,14830.0
South Dakota,Brule,46015,4874250.0,1040177.0,4357750.0,5532585.0,53638.0,300407.0,0.0,75377.0,0.0,750117.0
South Dakota,Buffalo,46017,1022787.0,365458.0,1174251.0,1230716.0,155261.0,7408.0,0.0,4066.0,0.0,226625.0
South Dakota,Butte,46019,493713.0,52985.0,461651.0,483289.0,63924.0,10822.0,10374.0,47647.99,10144.0,102.0
South Dakota,Campbell,46021,1934792.0,2818031.0,1440853.0,3747880.0,842249.0,127959.0,20037.0,2326246.99,2292.0,565.0
South Dakota,Charles Mix,46023,8683552.0,5396223.0,8046471.4,7779900.0,99339.0,735296.0,0.0,2853.0,6054.0,983397.0
South Dakota,Clark,46025,164257.0,125848.0,946687.0,836163.0,468470.0,3261153.0,17029.0,7105.0,0.0,412173.0
South Dakota,Clay,46027,415896.49,124201.0,4348036.0,604685.0,417404.0,924010.0,913.0,34581.0,47401.0,25429.0
South Dakota,Codington,46029,2134205.0,4999573.0,6051635.0,601084.0,342507.0,1573781.0,1892.0,8564.0,0.0,4401.0
South Dakota,Corson,46031,1341563.0,1173695.0,969533.0,2726226.0,64826.0,518425.0,99196.0,220556.0,15355.0,8732.0
South Dakota,Custer,46033,10698.0,12592.0,919.0,11904.0,1047.0,0.0,0.0,15518.0,0.0,18353.0
South Dakota,Davison,46035,3505258.0,5149504.0,4648337.0,4050531.0,30627.0,70238.0,677.0,15113.0,12265.0,180101.0
South Dakota,Day,46037,6003234.0,11262519.0,6899236.0,1089700.0,3607.0,116031.0,603.0,20838.0,0.0,6726.0
South Dakota,Deuel,46039,6194078.0,3385298.0,830830.0,626721.0,104580.0,2531503.0,133779.0,1586.0,0.0,0.0
South Dakota,Dewey,46041,245803.0,685853.0,986620.0,1508686.0,19690.0,201576.0,71593.0,626396.02,212624.0,156722.0
South Dakota,Douglas,46043,6796223.53,1167080.0,3991422.0,3391751.0,124163.0,135388.0,15778.0,9962.0,15175.0,296487.0
South Dakota,Edmunds,46045,3342293.0,288577.0,2652179.0,8298878.0,8786217.0,151604.0,16.0,7760052.0,0.0,0.0
South Dakota,Fall River,46047,173858.0,111939.0,254512.98,100504.0,539.0,1406.0,8990.0,195.0,14637.0,13601.0
South Dakota,Faulk,46049,1322156.0,2060798.62,7600848.0,2852623.0,6934865.0,367914.0,2116.0,46073.0,0.0,2950.0
South Dakota,Grant,46051,2911187.0,749161.0,649156.0,749100.0,642449.0,1696804.37,18113.0,0.0,0.0,0.0
South Dakota,Gregory,46053,3878174.24,4410722.0,3498358.0,178774.0,81247.0,571145.0,629.0,6899.0,262587.0,4848.0
South Dakota,Haakon,46055,35193.0,1227154.0,440251.03,1220155.0,474635.0,45937.0,17870.0,146363.0,203475.0,25480.0
South Dakota,Hamlin,46057,3345168.0,786742.0,316206.0,231476.0,40528.0,2023168.0,72650.0,5347.0,0.0,4757.0
South Dakota,Hand,46059,740995.0,1307463.0,7355017.0,8056241.0,1256976.0,61903.0,4340.0,34696.0,0.0,419202.0
South Dakota,Hanson,46061,4913628.0,728361.0,4615435.0,12693.0,5833.0,1711951.0,657.0,14423.0,1576.0,67558.0
South Dakota,Harding,46063,41214.0,303758.0,448947.0,456613.0,2836.0,11025.0,18851.0,136979.0,2001.0,0.0
South Dakota,Hughes,46065,2415944.0,4535688.0,3691048.76,3022932.0,949031.0,118340.0,4082.0,123638.0,0.0,800135.0
South Dakota,Hutchinson,46067,3674125.0,7566914.0,10109339.0,7275052.0,43209.0,713703.0,1084.0,1984.0,3549499.0,96631.0
South Dakota,Hyde,46069,1013824.0,1089826.0,2846188.58,2982166.59,390799.0,59524.0,0.0,23434.0,0.0,52982.0
South Dakota,Jackson,46071,33048.0,275974.0,37444.0,356343.0,37614.0,3668.0,8611.0,25036.0,45551.0,0.0
South Dakota,Jerauld,46073,2556888.0,308079.0,854830.0,3213945.0,83419.0,91004.0,0.0,3450.0,0.0,312435.0
South Dakota,Jones,46075,380963.0,1646534.0,1348257.0,1961854.0,16662.0,569.0,14427.0,266180.0,19196.0,0.0
South Dakota,Kingsbury,46077,988513.8800000001,5787870.0,657353.0,641179.0,79319.0,10112348.25,287017.0,11755.0,0.0,327497.0
South Dakota,Lake,46079,8236593.0,7656046.53,2181559.0,6180.0,116584.0,7752363.0,3770.0,4613.0,0.0,42444.0
South Dakota,Lawrence,46081,12934.0,7301.0,13585.0,28413.0,646.0,375.0,406.0,4497.0,32.0,0.0
South Dakota,Lincoln,46083,9671953.0,4209555.0,3670590.0,6781.0,1241373.0,1845610.0,237.0,695.0,0.0,6837.0
South Dakota,Lyman,46085,2319483.0,2435628.0,2174601.12,2564955.0,123334.0,45326.0,0.0,52208.0,9099.0,5658.0
South Dakota,McCook,46087,8008055.0,6194594.0,4052494.0,24695.0,38143.0,5304156.0,219.0,25037.0,26900.0,17373.0
South Dakota,McPherson,46089,3246243.0,5944817.0,1166151.0,3023263.68,1563387.92,243232.0,27129.0,2908806.0,0.0,0.0
South Dakota,Marshall,46091,6792360.0,6755834.0,474979.0,406545.0,0.0,894691.0,11443.0,0.0,0.0,0.0
South Dakota,Meade,46093,217156.0,722118.0,659409.0,617004.0,8845.0,41693.0,14343.0,35352.0,47004.0,0.0
South Dakota,Mellette,46095,375064.0,314544.0,641180.0,857494.0,55836.0,61641.0,14299.0,203718.0,60757.0,4864.0
South Dakota,Miner,46097,2676606.98,2488640.0,4420562.0,130270.0,21687.0,4445907.66,8.0,7779.0,0.0,57692.0
South Dakota,Minnehaha,46099,12594420.0,5217042.0,1616080.0,2221.0,47757.0,4632075.0,574.0,1012.0,0.0,6638.0
South Dakota,Moody,46101,9583477.0,5247904.0,19321.0,74739.0,70868.0,6819435.0,47084.0,2549.0,0.0,43.0
South Dakota,Pennington,46103,47253.0,299860.0,14413.0,238084.0,16186.0,0.0,0.0,0.0,0.0,14476.0
South Dakota,Perkins,46105,464193.0,680620.0,2599104.0,2436358.0,7522.0,34912.0,22874.0,294886.0,15197.0,17011.0
South Dakota,Potter,46107,387804.0,1295341.0,5019316.58,6126939.0,1010723.0,1150189.0,10735.0,162456.0,32985.0,38301.6
South Dakota,Roberts,46109,8271568.2,7683021.0,861712.0,743318.0,376244.0,93728.0,2443.0,18.0,0.0,0.0
South Dakota,Sanborn,46111,4602303.0,5496525.0,62682.0,222888.0,121947.5,1572360.0,2026.0,8737.0,0.0,203940.0
South Dakota,Shannon,46113,33205.0,28231.0,27541.0,23289.0,16593.0,10121.0,10252.0,11024.0,44084.0,145048.0
South Dakota,Spink,46115,8861778.0,4033494.98,14868299.26,6644677.97,1249391.0,998906.0,8063.0,28734.0,0.0,730159.0
South Dakota,Stanley,46117,144379.0,1267124.0,251760.0,1311304.0,169459.0,6412.0,5089.0,773191.0,1135704.0,275151.0
South Dakota,Sully,46119,5322465.0,8541271.0,7640981.19,8135335.0,7473722.0,110330.0,1749.0,57099.0,78040.0,1939697.0
South Dakota,Todd,46121,292946.0,461616.0,147086.0,301952.0,132650.0,19288.0,45461.0,17491.0,135747.0,19533.0
South Dakota,Tripp,46123,5383571.44,4296987.0,4692525.0,5724806.0,18064.0,215912.0,7375.0,2243648.21,2925956.0,1913.0
South Dakota,Turner,46125,8609447.0,5713816.89,10215193.0,2181769.0,627569.61,842343.0,890.0,1683.0,275210.0,51984.0
South Dakota,Union,46127,10229664.85,5300138.13,2609516.0,14337.0,1476463.0,1161241.0,996.0,2155.0,0.0,8725.0
South Dakota,Walworth,46129,1713390.0,71600.0,2724207.0,3867091.0,2618.0,362331.0,14.0,802266.0,0.0,0.0
South Dakota,Yankton,46135,2373731.0,6464072.0,6724860.0,2305213.0,822942.0,523262.0,1795.0,14309.0,2856522.0,26012.0
South Dakota,Ziebach,46137,234368.0,1612060.0,1406215.0,1780864.89,226355.0,22965.0,8888.0,136292.0,266646.0,137233.0
Tennessee,Anderson,47001,0.0,0.0,189.0,0.0,0.0,0.0,0.0,0.0,0.0,0.0
Tennessee,Bedford,47003,0.0,219358.0,661466.0,169006.0,177849.0,113582.0,15333.0,0.0,0.0,0.0
Tennessee,Benton,47005,743.0,50640.0,501199.0,18193.0,17350.0,71658.0,0.0,0.0,0.0,0.0
Tennessee,Bledsoe,47007,142388.0,135033.0,198526.0,4711.0,45283.0,22073.0,7362.0,0.0,0.0,0.0
Tennessee,Blount,47009,0.0,19326.0,184869.0,23330.0,13428.0,17444.0,0.0,0.0,15755.0,2387.0
Tennessee,Bradley,47011,0.0,28175.0,119068.71,23875.0,1381.0,4081.0,5503.0,0.0,0.0,746.0
Tennessee,Campbell,47013,0.0,0.0,1037.0,0.0,0.0,0.0,0.0,0.0,0.0,0.0
Tennessee,Cannon,47015,0.0,95227.0,260320.0,12.0,16893.0,75370.0,0.0,0.0,0.0,0.0
Tennessee,Carroll,47017,9559.0,1416120.0,2373683.0,156834.0,598268.24,233289.0,9220.0,0.0,0.0,0.0
Tennessee,Carter,47019,0.0,7474.0,14596.0,33.0,49.0,0.0,0.0,0.0,0.0,0.0
Tennessee,Cheatham,47021,18978.0,18380.0,83915.0,17062.0,1053.0,0.0,206.0,0.0,0.0,0.0
Tennessee,Chester,47023,11567.0,303464.0,426740.0,102003.0,113963.76,3871.0,1671.0,0.0,0.0,0.0
Tennessee,Claiborne,47025,0.0,2515.0,31119.0,21974.0,0.0,0.0,0.0,0.0,0.0,0.0
Tennessee,Clay,47027,1765.0,120853.0,125097.0,112894.0,1233.0,9239.0,5569.0,0.0,0.0,0.0
Tennessee,Cocke,47029,8321.0,7636.0,13824.0,1473.0,0.0,1384.0,0.0,0.0,0.0,0.0
Tennessee,Coffee,47031,2458.0,1619906.0,2020391.0,69023.0,15672.0,98246.0,7415.0,0.0,0.0,0.0
Tennessee,Crockett,47033,65589.0,1379465.0,1403920.0,322581.0,11535.26,97190.0,229.0,0.0,456.0,0.0
Tennessee,Cumberland,47035,0.0,15545.0,26868.0,4855.0,4994.0,1773.0,1940.0,0.0,0.0,0.0
Tennessee,Davidson,47037,0.0,3250.0,19525.0,1838.0,33.0,57.0,6824.0,0.0,0.0,8525.0
Tennessee,Decatur,47039,2089.0,230349.0,262267.0,129037.0,94150.9,72424.0,1735.0,0.0,0.0,0.0
Tennessee,DeKalb,47041,0.0,132206.0,59338.0,89302.0,2927.0,39468.0,0.0,0.0,0.0,0.0
Tennessee,Dickson,47043,35593.0,39914.0,152942.0,79428.0,26786.0,15764.0,1085.0,0.0,0.0,0.0
Tennessee,Dyer,47045,13471.0,2246051.0,1877941.52,836277.0,888795.0,147556.0,2954.0,0.0,0.0,0.0
Tennessee,Fayette,47047,15776.0,1222534.0,1858581.0,133094.0,127460.0,592241.0,1846.0,0.0,191.0,0.0
Tennessee,Fentress,47049,0.0,3552.0,170017.0,42549.0,1373.0,2527.0,2545.0,0.0,0.0,0.0
Tennessee,Franklin,47051,0.0,793551.0,1987057.0,163433.0,156112.0,408876.0,28945.0,0.0,0.0,0.0
Tennessee,Gibson,47053,24844.0,4395713.0,6267522.0,774272.5,874154.0399999999,5748.0,6617.0,0.0,0.0,0.0
Tennessee,Giles,47055,280846.0,1018133.0,853270.0,63643.0,63870.0,130198.0,0.0,0.0,0.0,0.0
Tennessee,Grainger,47057,0.0,13717.0,61045.0,16594.0,2507.0,3091.0,0.0,0.0,0.0,0.0
Tennessee,Greene,47059,7686.0,4070.0,299638.0,4302.0,6771.0,7786.0,0.0,0.0,0.0,0.0
Tennessee,Grundy,47061,0.0,186171.0,167861.0,17520.0,12701.0,166.0,2575.0,0.0,0.0,0.0
Tennessee,Hamblen,47063,8673.0,21986.0,156537.0,43549.0,26946.0,36856.0,17410.0,0.0,0.0,0.0
Tennessee,Hamilton,47065,0.0,9385.0,7631.0,5496.0,407.0,5813.0,0.0,0.0,0.0,0.0
Tennessee,Hancock,47067,0.0,34.0,620.0,427.0,31.0,0.0,0.0,0.0,0.0,0.0
Tennessee,Hardeman,47069,66937.0,327114.0,1229678.0,62445.0,120665.0,5291.0,739.0,0.0,693.0,0.0
Tennessee,Hardin,47071,47676.0,673861.0,1249764.0,30522.0,238252.0,8117.0,14317.0,0.0,0.0,0.0
Tennessee,Hawkins,47073,0.0,9338.0,36723.0,10889.0,87.0,103.0,0.0,0.0,0.0,0.0
Tennessee,Haywood,47075,68048.0,2251017.0,878814.95,50919.0,21155.0,72400.0,18733.0,0.0,67176.0,0.0
Tennessee,Henderson,47077,9368.0,873165.0,1448110.0,81624.0,412716.36,48602.0,9579.0,0.0,0.0,0.0
Tennessee,Henry,47079,26487.0,762324.0,2490455.0,327564.0,137189.0,154870.0,11455.0,0.0,0.0,0.0
Tennessee,Hickman,47081,36628.0,73163.0,325524.0,37238.0,99707.0,54099.0,8875.0,16015.0,158656.0,0.0
Tennessee,Houston,47083,36791.0,9303.0,43229.0,9069.0,4634.0,0.0,0.0,0.0,0.0,0.0
Tennessee,Humphreys,47085,2557.0,75016.0,306256.0,32241.0,88288.0,50725.0,1813.0,0.0,0.0,0.0
Tennessee,Jackson,47087,0.0,10921.0,45101.0,47394.0,3991.0,4304.0,2740.0,0.0,0.0,25942.0
Tennessee,Jefferson,47089,0.0,1218.0,62008.0,1886.0,26443.0,991.0,0.0,0.0,0.0,0.0
Tennessee,Johnson,47091,0.0,22650.0,35095.0,3563.0,3.0,650.0,0.0,0.0,0.0,0.0
Tennessee,Knox,47093,0.0,33846.0,5562.0,4128.0,561.0,2916.0,0.0,0.0,0.0,0.0
Tennessee,Lake,47095,363459.0,1310177.0,1489535.0,82634.0,104908.0,474690.0,4061.0,0.0,0.0,0.0
Tennessee,Lauderdale,47097,24950.0,1355878.0,2066401.0,606884.0,420659.0,1234392.0,8283.0,0.0,1784.0,1280.0
Tennessee,Lawrence,47099,1392.0,494139.0,1438839.0,145917.0,302476.0,237848.0,18989.0,0.0,0.0,0.0
Tennessee,Lewis,47101,23618.0,16514.0,42894.0,9124.0,5228.0,988.0,1917.0,0.0,0.0,0.0
Tennessee,Lincoln,47103,1972.0,1118456.0,1194452.0,189243.0,2485.0,6483.0,0.0,0.0,0.0,0.0
Tennessee,Loudon,47105,550.0,61095.0,150180.0,23115.0,21419.0,42383.0,30866.0,0.0,0.0,16.0
Tennessee,McMinn,47107,0.0,90388.0,417501.0,133478.0,6367.0,55355.0,352.0,0.0,0.0,0.0
Tennessee,McNairy,47109,21809.0,527716.0,1281041.0,153804.0,330743.0,59675.0,120.0,0.0,0.0,0.0
Tennessee,Macon,47111,174364.0,15232.0,122882.0,903.0,743.0,39089.0,17408.0,0.0,0.0,0.0
Tennessee,Madison,47113,38366.0,2103640.0,1631283.0,742526.0,21085.12,24282.0,346.0,0.0,932.0,0.0
Tennessee,Marion,47115,0.0,31366.0,311161.0,658.0,20202.0,11252.0,0.0,0.0,0.0,0.0
Tennessee,Marshall,47117,79.0,173491.0,386269.0,82297.0,15366.0,11579.0,5793.0,0.0,2805.0,0.0
Tennessee,Maury,47119,1162.0,385770.0,670211.0,6512.0,144983.0,250636.0,4395.0,0.0,419344.0,0.0
Tennessee,Meigs,47121,0.0,122704.0,116660.0,26082.0,9928.0,7651.0,0.0,0.0,0.0,0.0
Tennessee,Monroe,47123,1784.0,16187.0,360157.0,53085.0,4122.0,66735.0,8473.0,0.0,0.0,0.0
Tennessee,Montgomery,47125,1057403.0,1017108.0,251706.0,40437.0,6808.0,34960.0,18585.0,0.0,0.0,0.0
Tennessee,Moore,47127,0.0,4521.0,16707.0,0.0,42.0,199.0,0.0,0.0,0.0,0.0
Tennessee,Morgan,47129,0.0,318.0,16928.0,214.0,220.0,72.0,73.0,0.0,0.0,0.0
Tennessee,Obion,47131,72693.0,3797355.0,6991637.0,55551.0,177451.68,74718.0,43123.0,0.0,0.0,0.0
Tennessee,Overton,47133,147465.0,220700.0,202558.0,173509.0,11894.0,27152.0,9016.0,0.0,0.0,0.0
Tennessee,Perry,47135,83255.0,84934.0,183031.0,8190.0,29653.0,25456.0,4735.0,0.0,0.0,0.0
Tennessee,Pickett,47137,0.0,85458.0,43000.0,23326.0,5032.0,5588.0,4954.0,0.0,0.0,0.0
Tennessee,Polk,47139,0.0,74187.0,307480.0,130099.0,98027.0,49944.0,8758.0,0.0,0.0,11274.0
Tennessee,Putnam,47141,0.0,63925.0,61873.0,27364.0,4722.0,113.0,2429.0,0.0,0.0,0.0
Tennessee,Rhea,47143,7369.0,27758.0,17913.0,26760.0,2252.0,10266.0,0.0,0.0,0.0,0.0
Tennessee,Roane,47145,0.0,0.0,1096.0,727.0,0.0,0.0,0.0,0.0,0.0,0.0
Tennessee,Robertson,47147,2851470.0,1382929.0,725956.0,491992.0,214686.0,946886.0,115417.0,0.0,0.0,0.0
Tennessee,Rutherford,47149,0.0,106932.0,568932.0,56191.0,23174.0,120665.0,395.0,0.0,0.0,0.0
Tennessee,Scott,47151,0.0,13781.0,14693.0,0.0,0.0,0.0,0.0,0.0,0.0,0.0
Tennessee,Sequatchie,47153,13817.0,13037.0,89090.0,14341.0,11475.0,16938.0,770.0,0.0,0.0,0.0
Tennessee,Sevier,47155,0.0,899.0,3576.0,2976.0,293.0,29.0,0.0,0.0,0.0,0.0
Tennessee,Shelby,47157,816014.0,715715.0,767009.0,99495.0,117694.0,540531.05,5650.0,0.0,0.0,122.0
Tennessee,Smith,47159,0.0,56397.0,240349.0,185300.0,20014.0,68010.0,112.0,0.0,0.0,0.0
Tennessee,Stewart,47161,126290.0,53642.0,106192.0,2044.0,56488.0,0.0,0.0,1114.0,0.0,0.0
Tennessee,Sullivan,47163,0.0,11.0,25982.0,45573.0,10.0,203.0,0.0,0.0,0.0,0.0
Tennessee,Sumner,47165,4599.0,214437.0,462095.0,67172.0,166219.0,217562.0,868.0,0.0,0.0,0.0
Tennessee,Tipton,47167,15324.0,1460496.0,2406230.0,231684.0,158857.0,361476.0,432.0,0.0,0.0,0.0
Tennessee,Trousdale,47169,0.0,27457.0,71449.0,10760.0,18914.0,67210.0,1842.0,0.0,0.0,0.0
Tennessee,Unicoi,47171,0.0,0.0,0.0,0.0,0.0,0.0,0.0,0.0,0.0,0.0
Tennessee,Union,47173,0.0,44.0,303.0,229.0,0.0,0.0,0.0,0.0,0.0,0.0
Tennessee,Van Buren,47175,27202.0,43225.0,35600.0,311.0,295.0,0.0,0.0,0.0,0.0,0.0
Tennessee,Warren,47177,891.0,60443.0,670804.0,52766.0,5107.0,204929.0,2325.0,0.0,0.0,0.0
Tennessee,Washington,47179,327.0,996.0,207761.0,2380.0,194.0,3037.0,0.0,0.0,0.0,0.0
Tennessee,Wayne,47181,8857.0,34951.0,118667.0,13113.0,30033.0,8804.0,7463.0,0.0,0.0,0.0
Tennessee,Weakley,47183,315043.19,2619629.08,5195480.64,396616.0,716615.16,29160.0,8059.0,0.0,0.0,0.0
Tennessee,White,47185,0.0,63.0,22041.0,46.0,4294.0,29648.0,282.0,0.0,0.0,0.0
Tennessee,Williamson,47187,0.0,7934.0,100392.0,37056.0,83287.0,105165.0,9795.0,0.0,48498.0,0.0
Tennessee,Wilson,47189,0.0,3429.0,5920.0,1507.0,0.0,692.0,0.0,0.0,0.0,0.0
Texas,Anderson,48001,0.0,0.0,0.0,0.0,0.0,0.0,0.0,0.0,0.0,0.0
Texas,Andrews,48003,69584.92,22612.0,31168.0,21417.0,2668.0,0.0,0.0,12990.0,11790.0,180035.0
Texas,Angelina,48005,0.0,0.0,0.0,0.0,0.0,0.0,0.0,0.0,0.0,0.0
Texas,Aransas,48007,0.0,0.0,0.0,0.0,0.0,0.0,0.0,5358.0,21317.0,3604.0
Texas,Archer,48009,5987.0,6076.0,4295.0,3912.0,22647.0,4031.0,4030.0,124.0,390653.0,7439.0
Texas,Armstrong,48011,21366.0,18123.0,20077.0,13137.0,28598.0,1352.0,1347.0,0.0,255571.0,653823.0
Texas,Atascosa,48013,4910.0,398.0,484.0,299.0,4511.0,0.0,0.0,0.0,3852.0,158.0
Texas,Austin,48015,1284.0,3390.0,3668.0,1460.0,2602.0,831.0,20.0,0.0,12271.0,3791.0
Texas,Bailey,48017,2085510.0,2094664.0,1631406.0,0.0,1491943.55,90608.0,12372.0,216723.0,1236027.0,1383483.43
Texas,Bandera,48019,0.0,0.0,0.0,0.0,0.0,0.0,0.0,0.0,0.0,0.0
Texas,Bastrop,48021,0.0,8782.0,4877.0,6289.0,4.0,0.0,0.0,0.0,6514.0,6579.0
Texas,Baylor,48023,737.0,749.0,624.0,539.0,447810.0,107358.0,110364.0,20508.0,1242225.0,230140.0
Texas,Bee,48025,0.0,0.0,312.0,534.0,24976.0,0.0,256820.0,5285.0,905843.0,314149.0
Texas,Bell,48027,0.0,75936.0,71635.0,9798.0,95121.0,0.0,0.0,0.0,1026.0,88702.0
Texas,Bexar,48029,455.0,0.0,0.0,0.0,436.0,0.0,0.0,0.0,0.0,0.0
Texas,Blanco,48031,0.0,85.0,38.0,0.0,75.0,0.0,0.0,0.0,0.0,0.0
Texas,Borden,48033,0.0,0.0,0.0,0.0,519842.0,0.0,0.0,0.0,214767.95,86121.0
Texas,Bosque,48035,188.0,4180.0,4307.0,296.0,3649.0,0.0,0.0,0.0,1536.0,0.0
Texas,Bowie,48037,3580.0,359184.0,201335.0,4455.0,92094.0,160728.0,17684.0,19925.0,84765.0,24724.0
Texas,Brazoria,48039,26662.0,127674.0,92244.0,75449.0,22122.0,0.0,0.0,0.0,60963.0,34324.0
Texas,Brazos,48041,0.0,90087.0,57957.0,0.0,14568.0,29380.0,0.0,0.0,123454.0,9819.0
Texas,Brewster,48043,0.0,0.0,0.0,0.0,0.0,0.0,0.0,0.0,0.0,0.0
Texas,Briscoe,48045,15565.0,343016.0,423464.0,1098.0,153684.0,718.0,1073.0,125375.0,419102.0,567379.0
Texas,Brooks,48047,0.0,0.0,0.0,0.0,0.0,0.0,0.0,0.0,24708.0,0.0
Texas,Brown,48049,26928.0,24896.0,20054.0,1064.0,13786.0,1731.0,0.0,0.0,31399.0,0.0
Texas,Burleson,48051,6864.0,39650.0,57428.0,5154.0,19501.0,2536.0,0.0,0.0,211643.0,18943.0
Texas,Burnet,48053,0.0,0.0,0.0,0.0,0.0,0.0,0.0,0.0,0.0,0.0
Texas,Caldwell,48055,0.0,19007.0,24331.0,13733.0,28186.0,0.0,0.0,0.0,113737.0,38268.0
Texas,Calhoun,48057,72733.0,120176.0,50003.0,41085.0,17392.0,0.0,0.0,1718.0,28248.0,25548.0
Texas,Callahan,48059,265265.0,12034.0,27057.0,260591.0,7542.0,0.0,0.0,0.0,25116.0,6280.0
Texas,Cameron,48061,0.0,6788.0,17371.0,20053.0,1166092.0,584226.0,632815.0,700837.0,16367.0,507.0
Texas,Camp,48063,0.0,0.0,0.0,0.0,0.0,0.0,0.0,0.0,0.0,0.0
Texas,Carson,48065,176169.66,2099481.69,1812769.22,798800.17,109580.0,10.0,0.0,0.0,321901.0,1068557.0
Texas,Cass,48067,0.0,0.0,0.0,0.0,0.0,0.0,0.0,0.0,0.0,0.0
Texas,Castro,48069,11385670.7,11510607.129999999,10148236.2,500719.0,135410.0,1760542.0,88941.0,475190.0,1210555.0,2067325.0
Texas,Chambers,48071,10559.0,21603.0,5226.0,5042.0,0.0,0.0,0.0,0.0,0.0,0.0
Texas,Cherokee,48073,0.0,0.0,0.0,0.0,0.0,0.0,0.0,0.0,0.0,0.0
Texas,Childress,48075,0.0,0.0,0.0,0.0,0.0,0.0,0.0,0.0,277257.0,120524.0
Texas,Clay,48077,109256.0,122824.0,108255.0,84736.0,60051.0,131614.0,136950.0,0.0,85283.0,69923.0
Texas,Cochran,48079,457768.0,839658.0,533539.0,687947.0,705604.0,3668.0,4034.0,283994.0,787200.0,728138.0
Texas,Coke,48081,0.0,0.0,0.0,0.0,9010.0,0.0,0.0,0.0,18357.0,3048.0
Texas,Coleman,48083,50296.0,35188.0,45646.0,36450.0,197346.0,25101.0,21026.0,5717.0,297439.0,43439.0
Texas,Collin,48085,0.0,448211.0,412921.0,229486.0,100954.0,7703.0,2767.0,0.0,8598.0,12055.0
Texas,Collingsworth,48087,0.0,0.0,0.0,0.0,19734.0,0.0,0.0,0.0,139044.0,168564.8
Texas,Colorado,48089,430.0,8060.0,26081.0,7082.0,43.0,64.0,0.0,17576.0,44818.0,9052.0
Texas,Comal,48091,0.0,0.0,0.0,0.0,0.0,0.0,0.0,0.0,0.0,0.0
Texas,Comanche,48093,64791.0,63468.0,73690.0,45777.0,20602.0,4191.0,2540.0,7.0,27539.0,24917.0
Texas,Concho,48095,4259.0,923.0,1336.0,770.0,479573.0,1396.0,1427.0,55231.0,1032084.0,382012.0
Texas,Cooke,48097,45572.17,146792.0,117964.0,90208.0,23640.0,5133.0,0.0,3782.0,361.0,0.0
Texas,Coryell,48099,12303.0,6484.0,33288.0,13701.0,26196.0,0.0,0.0,0.0,94668.0,19567.0
Texas,Cottle,48101,0.0,0.0,0.0,0.0,855113.0,0.0,438.0,18697.0,114822.0,55436.0
Texas,Crane,48103,0.0,0.0,0.0,0.0,0.0,0.0,0.0,0.0,0.0,0.0
Texas,Crockett,48105,0.0,0.0,0.0,0.0,0.0,0.0,0.0,0.0,0.0,0.0
Texas,Crosby,48107,132115.0,397390.0,281619.0,19567.0,1252943.27,55690.0,38672.0,11780.0,891533.0,627775.0
Texas,Culberson,48109,95480.0,114060.0,0.0,342.0,0.0,0.0,0.0,0.0,0.0,13945.0
Texas,Dallam,48111,6881307.319999999,7379884.1,6518027.460000001,3696781.39,2121615.0,185595.0,16218.0,113994.0,361491.01,607595.0
Texas,Dallas,48113,0.0,95069.0,82267.0,10163.0,65059.0,43517.0,0.0,1649.0,317.0,169.0
Texas,Dawson,48115,13433.0,35539.0,18134.0,21696.0,9682443.0,1410.0,11066.0,2708.0,1047761.0,652391.0
Texas,Deaf Smith,48117,103941.0,3154121.0,2417414.08,34726.0,148070.0,26727.0,20119.0,18690.0,2297743.0,2025455.36
Texas,Delta,48119,13279.0,228171.0,194771.0,58295.0,155631.0,109938.0,25314.0,136.0,31227.0,0.0
Texas,Denton,48121,3210.0,86078.0,74715.0,52003.0,24671.0,42.0,0.0,0.0,772.0,1858.0
Texas,DeWitt,48123,40.0,15191.0,2438.0,0.0,6375.0,391.0,37.0,0.0,44581.0,1333.0
Texas,Dickens,48125,7529.0,6728.0,6212.0,604.0,6505.0,400.0,26274.0,0.0,714379.0,747180.8
Texas,Dimmit,48127,0.0,0.0,0.0,0.0,0.0,0.0,0.0,0.0,0.0,0.0
Texas,Donley,48129,15917.0,112741.0,131117.0,71193.0,912.0,0.0,0.0,0.0,15565.0,122785.0
Texas,Duval,48131,0.0,0.0,0.0,0.0,0.0,0.0,0.0,0.0,31233.0,4540.0
Texas,Eastland,48133,11293.0,11467.0,1225.0,489.0,787.0,0.0,0.0,0.0,0.0,0.0
Texas,Ector,48135,0.0,0.0,0.0,0.0,0.0,0.0,0.0,0.0,0.0,0.0
Texas,Edwards,48137,0.0,0.0,0.0,0.0,0.0,0.0,0.0,0.0,0.0,0.0
Texas,Ellis,48139,0.0,1155043.16,1166242.0,112446.0,1002021.0,161132.0,0.0,8309.0,718400.0,702505.5
Texas,El Paso,48141,55219.0,30883.0,20.0,10595.0,0.0,0.0,0.0,0.0,0.0,24.0
Texas,Erath,48143,0.0,0.0,0.0,0.0,0.0,0.0,0.0,0.0,0.0,0.0
Texas,Falls,48145,0.0,237345.0,236057.0,36236.0,151551.0,1150.0,1021.0,0.0,164696.0,190103.0
Texas,Fannin,48147,613.0,151081.0,103221.0,44707.0,171740.0,32793.0,2799.0,11.0,18901.0,0.0
Texas,Fayette,48149,0.0,0.0,0.0,0.0,0.0,0.0,0.0,0.0,0.0,0.0
Texas,Fisher,48151,2049.0,623.0,778.0,1127.0,1936157.0,0.0,2492.0,1688.0,451559.0,383633.48
Texas,Floyd,48153,1779120.17,2741775.0,2057790.0,32156.0,142542.99,8768.0,5734.0,173427.0,1365315.0,828029.8
Texas,Foard,48155,40335.0,0.0,3769.0,43110.0,567639.0,19960.0,17299.0,0.0,666171.0,235042.17
Texas,Fort Bend,48157,0.0,174423.0,211503.0,0.0,18889.0,0.0,0.0,0.0,767888.0,742891.73
Texas,Franklin,48159,0.0,0.0,0.0,0.0,0.0,0.0,0.0,0.0,0.0,0.0
Texas,Freestone,48161,0.0,0.0,0.0,0.0,0.0,0.0,0.0,0.0,0.0,0.0
Texas,Frio,48163,154421.0,206382.0,173885.0,56128.0,112947.0,4532.0,19278.0,6541.0,3322.0,6773.0
Texas,Gaines,48165,363939.93,224268.0,100494.0,23035.0,517398.0,0.0,0.0,8765.0,105214.0,759280.51
Texas,Galveston,48167,0.0,0.0,0.0,0.0,0.0,0.0,0.0,0.0,0.0,0.0
Texas,Garza,48169,85.0,26.0,75.0,68.0,991115.0,1915.0,1881.0,28.0,362951.0,173164.0
Texas,Gillespie,48171,4358.0,6388.0,4491.0,6387.0,4688.0,0.0,0.0,0.0,0.0,1738.0
Texas,Glasscock,48173,909.0,0.0,989.0,249.0,2563364.0,0.0,0.0,3976.0,374241.0,261631.0
Texas,Goliad,48175,0.0,42568.0,0.0,0.0,49274.0,0.0,68045.0,166.0,193999.0,23069.0
Texas,Gonzales,48177,0.0,14495.0,12668.0,6538.0,10284.0,3475.0,0.0,0.0,14005.0,0.0
Texas,Gray,48179,833063.81,921413.43,684125.91,166895.0,606344.0,61187.0,2222.0,0.0,189159.7,698287.0
Texas,Grayson,48181,0.0,110084.0,91062.0,60100.0,51275.0,6333.0,830.0,0.0,4656.0,6506.0
Texas,Gregg,48183,0.0,0.0,0.0,0.0,0.0,0.0,0.0,0.0,0.0,0.0
Texas,Grimes,48185,0.0,0.0,0.0,0.0,0.0,0.0,0.0,0.0,0.0,0.0
Texas,Guadalupe,48187,2780.0,5409.0,4228.0,3553.0,4969.0,0.0,0.0,0.0,306658.0,4055.0
Texas,Hale,48189,7096463.18,9890535.66,7747120.64,7618.0,3989321.0,0.0,1734.0,0.0,1707820.0,1529643.86
Texas,Hall,48191,0.0,0.0,0.0,0.0,0.0,0.0,0.0,67.0,163876.63,117760.0
Texas,Hamilton,48193,105801.0,130251.0,127001.0,73184.0,28534.0,19182.0,2.0,248.0,102670.0,23709.0
Texas,Hansford,48195,5517122.5,3781889.9,4033429.94,2538970.0,103672.0,9739.0,182.0,1471.0,502999.0,1091473.0
Texas,Hardeman,48197,7257.0,10111.0,491.0,451.0,8819.0,0.0,0.0,0.0,537400.0,112165.0
Texas,Hardin,48199,0.0,0.0,0.0,0.0,0.0,0.0,0.0,0.0,0.0,0.0
Texas,Harris,48201,0.0,66360.0,58977.0,0.0,6877.0,0.0,0.0,0.0,2134.0,0.0
Texas,Harrison,48203,0.0,0.0,0.0,0.0,0.0,0.0,0.0,0.0,0.0,0.0
Texas,Hartley,48205,7395304.14,6442113.78,5455847.250000001,4464439.0,75535.0,0.0,1728.0,1576.0,42821.63,64365.0
Texas,Haskell,48207,30034.0,72496.0,66962.0,21844.0,3837013.35,0.0,291.0,399.0,1618192.0,1335858.03
Texas,Hays,48209,33551.0,47405.0,59908.0,362.0,30545.0,0.0,0.0,0.0,45818.0,25648.0
Texas,Hemphill,48211,8556.0,6286.0,37.0,9.0,7679.0,7579.0,6970.0,0.0,2190.0,2067.0
Texas,Henderson,48213,0.0,0.0,0.0,0.0,0.0,0.0,0.0,0.0,0.0,0.0
Texas,Hidalgo,48215,314917.68,369049.0,16395.0,21735.0,188590.0,294591.0,310999.0,199179.0,2666.0,8910.0
Texas,Hill,48217,3327.0,1898429.0,1770432.0,342297.0,1629472.0,79891.0,0.0,16.0,323514.85,267734.0
Texas,Hockley,48219,730183.0,742609.0,335653.0,183128.0,1398768.0,31330.0,18036.0,37328.0,1834999.0,1447035.38
Texas,Hood,48221,0.0,0.0,0.0,0.0,0.0,0.0,0.0,0.0,0.0,0.0
Texas,Hopkins,48223,5973.0,59315.0,56402.0,48546.0,15630.0,11110.0,6797.0,0.0,0.0,0.0
Texas,Houston,48225,0.0,0.0,0.0,0.0,0.0,0.0,0.0,0.0,0.0,0.0
Texas,Howard,48227,738.0,34.0,16.0,0.0,1975218.0,1327.0,19775.0,8.0,233083.0,81808.0
Texas,Hudspeth,48229,12029.0,9082.0,150.0,626.0,0.0,0.0,0.0,0.0,0.0,22.0
Texas,Hunt,48231,1567.0,166891.0,148532.0,80221.0,43542.0,50165.0,18283.0,0.0,18517.0,10031.0
Texas,Hutchinson,48233,119609.0,8532.0,79215.0,1628.0,41352.0,27104.0,0.0,0.0,71003.0,235944.0
Texas,Irion,48235,0.0,0.0,0.0,0.0,0.0,0.0,0.0,0.0,0.0,0.0
Texas,Jack,48237,9496.0,271.0,10182.0,10045.0,64.0,1037.0,1021.0,0.0,1296.0,920.0
Texas,Jackson,48239,7500.0,1291836.0,78284.0,940.0,77817.0,11857.0,0.0,346.0,50641.0,870762.08
Texas,Jasper,48241,0.0,0.0,0.0,0.0,0.0,0.0,0.0,0.0,0.0,0.0
Texas,Jeff Davis,48243,0.0,0.0,0.0,0.0,0.0,0.0,0.0,0.0,0.0,0.0
Texas,Jefferson,48245,0.0,0.0,0.0,0.0,0.0,0.0,0.0,0.0,0.0,0.0
Texas,Jim Hogg,48247,0.0,0.0,0.0,0.0,0.0,0.0,0.0,0.0,0.0,0.0
Texas,Jim Wells,48249,0.0,0.0,0.0,0.0,500.0,0.0,114103.0,209819.0,1155376.0,395287.87
Texas,Johnson,48251,29250.0,35295.0,33539.0,200.0,23801.0,12296.0,0.0,0.0,121597.0,1380.0
Texas,Jones,48253,2792.0,32327.0,34329.0,25812.0,2702222.0,223.0,40976.0,230.0,1163894.0,1508553.77
Texas,Karnes,48255,2079.0,8189.0,2918.0,3624.0,20619.0,886.0,2728.0,0.0,110427.0,3843.0
Texas,Kaufman,48257,0.0,120827.0,5117.0,0.0,126871.0,1242.0,178.0,0.0,9685.0,3502.0
Texas,Kendall,48259,0.0,490.0,113.0,5.0,221.0,0.0,0.0,8.0,456.0,0.0
Texas,Kenedy,48261,0.0,0.0,0.0,0.0,0.0,0.0,0.0,0.0,0.0,0.0
Texas,Kent,48263,550.0,262.0,253.0,184.0,62773.0,0.0,0.0,0.0,118010.0,131683.0
Texas,Kerr,48265,0.0,0.0,0.0,0.0,0.0,0.0,0.0,0.0,0.0,0.0
Texas,Kimble,48267,0.0,0.0,0.0,0.0,0.0,0.0,0.0,0.0,0.0,0.0
Texas,King,48269,0.0,0.0,0.0,0.0,75249.0,0.0,0.0,0.0,32987.0,10206.0
Texas,Kinney,48271,13856.0,3198.0,4901.0,5488.0,871.0,0.0,0.0,5268.0,396.0,0.0
Texas,Kleberg,48273,16079.0,0.0,0.0,0.0,0.0,0.0,0.0,37957.0,1018595.0,847522.0
Texas,Knox,48275,13759.0,18677.0,360.0,1319.0,1495225.0,5827.0,6878.0,0.0,1344180.0,282591.0
Texas,Lamar,48277,10608.0,634030.18,520432.0,182112.0,431506.0,42566.0,172948.0,0.0,84976.0,528.0
Texas,Lamb,48279,6680274.7,7843935.01,7222662.99,12118.0,4628213.55,41931.0,13468.0,87452.0,1717254.0,3649624.76
Texas,Lampasas,48281,0.0,0.0,0.0,0.0,0.0,0.0,0.0,0.0,7535.0,0.0
Texas,La Salle,48283,0.0,0.0,0.0,0.0,0.0,0.0,0.0,0.0,0.0,0.0
Texas,Lavaca,48285,122.0,20852.0,8871.0,472.0,1902.0,165.0,0.0,0.0,0.0,0.0
Texas,Lee,48287,0.0,0.0,0.0,0.0,0.0,0.0,0.0,0.0,0.0,0.0
Texas,Leon,48289,0.0,0.0,0.0,0.0,0.0,0.0,0.0,0.0,0.0,0.0
Texas,Liberty,48291,0.0,25063.0,23081.0,1626.0,17564.0,0.0,5503.0,7363.0,0.0,10776.0
Texas,Limestone,48293,2541.0,212432.0,191594.0,6124.0,130784.0,0.0,372.0,0.0,29114.0,19203.0
Texas,Lipscomb,48295,93779.0,139874.0,302946.76,245585.0,114103.0,13801.0,0.0,0.0,21763.0,71337.0
Texas,Live Oak,48297,2164.0,0.0,0.0,951.0,3784.0,0.0,71053.0,6257.0,261706.0,112472.0
Texas,Llano,48299,0.0,0.0,0.0,0.0,0.0,0.0,0.0,0.0,0.0,0.0
Texas,Loving,48301,0.0,0.0,0.0,0.0,0.0,0.0,0.0,0.0,0.0,0.0
Texas,Lubbock,48303,383183.0,856141.0,505629.0,485117.0,1757282.0,35238.0,50742.0,29.0,1244515.0,1516216.06
Texas,Lynn,48305,111459.0,192617.0,127822.0,112537.0,3000008.0,0.0,4848.0,4059.0,2347638.2,2185264.08
Texas,McCulloch,48307,6648.0,4045.0,4132.0,1550.0,114473.0,1432.0,1328.0,0.0,582108.0,140453.0
Texas,McLennan,48309,16779.0,741797.0,884572.0,369533.0,628202.0,7066.0,16075.0,0.0,136555.0,86973.0
Texas,McMullen,48311,0.0,0.0,0.0,0.0,0.0,0.0,0.0,0.0,3820.0,0.0
Texas,Madison,48313,0.0,0.0,0.0,0.0,0.0,0.0,0.0,0.0,0.0,0.0
Texas,Marion,48315,0.0,0.0,0.0,0.0,0.0,0.0,0.0,0.0,0.0,0.0
Texas,Martin,48317,0.0,0.0,0.0,0.0,2685810.98,0.0,6584.0,0.0,626889.94,616394.0
Texas,Mason,48319,440.0,302.0,503.0,0.0,0.0,0.0,0.0,0.0,0.0,0.0
Texas,Matagorda,48321,19334.0,440155.0,418176.0,50843.0,23256.0,184.0,0.0,0.0,199786.0,107398.0
Texas,Maverick,48323,0.0,0.0,0.0,0.0,0.0,0.0,0.0,0.0,0.0,0.0
Texas,Medina,48325,488177.11,549158.0,490038.0,478.0,122348.0,2306.0,3875.0,29212.0,76817.0,22247.0
Texas,Menard,48327,507.0,0.0,0.0,0.0,173.0,0.0,0.0,0.0,12922.0,10987.0
Texas,Midland,48329,0.0,0.0,0.0,0.0,51880.0,0.0,0.0,44.0,11343.0,25948.0
Texas,Milam,48331,0.0,71445.0,58053.0,9138.0,75851.0,0.0,0.0,0.0,308723.0,337360.0
Texas,Mills,48333,425.0,466.0,1269.0,0.0,0.0,0.0,0.0,0.0,15170.0,0.0
Texas,Mitchell,48335,5896.0,1681.0,2368.0,1946.0,1405248.0,490.0,3208.0,68.0,126698.0,198491.0
Texas,Montague,48337,0.0,2264.0,2157.0,0.0,0.0,0.0,0.0,0.0,0.0,0.0
Texas,Montgomery,48339,0.0,0.0,0.0,0.0,0.0,0.0,0.0,0.0,0.0,0.0
Texas,Moore,48341,4691615.46,4473158.0,3951658.18,309321.0,85920.0,13812.0,0.0,2478.0,153823.0,384733.0
Texas,Morris,48343,0.0,0.0,0.0,0.0,0.0,0.0,0.0,0.0,0.0,0.0
Texas,Motley,48345,7565.0,8479.0,6723.0,2305.0,4494.0,0.0,0.0,0.0,74866.0,113619.0
Texas,Nacogdoches,48347,0.0,0.0,0.0,0.0,0.0,0.0,0.0,0.0,0.0,0.0
Texas,Navarro,48349,84570.0,480336.0,450831.0,1758.0,611400.0,21494.0,0.0,0.0,226086.0,150738.0
Texas,Newton,48351,0.0,0.0,0.0,0.0,0.0,0.0,0.0,0.0,0.0,0.0
Texas,Nolan,48353,108.0,453.0,2520.0,5087.0,1965944.0,0.0,1812.0,0.0,163807.0,321254.0
Texas,Nueces,48355,0.0,0.0,0.0,0.0,0.0,0.0,1476.0,0.0,6579172.0,4658624.9
Texas,Ochiltree,48357,2046146.87,1783260.57,862044.78,672518.0,920503.0,41192.0,2420.0,874.0,1560110.0,1842493.0
Texas,Oldham,48359,20395.0,20582.0,17993.0,31334.0,16820.0,647.0,644.0,0.0,315241.0,325884.0
Texas,Orange,48361,0.0,0.0,0.0,0.0,0.0,0.0,0.0,0.0,0.0,0.0
Texas,Palo Pinto,48363,0.0,0.0,0.0,0.0,0.0,0.0,0.0,0.0,1738.0,0.0
Texas,Panola,48365,0.0,0.0,0.0,0.0,0.0,0.0,0.0,0.0,0.0,0.0
Texas,Parker,48367,0.0,0.0,0.0,0.0,0.0,0.0,0.0,0.0,0.0,0.0
Texas,Parmer,48369,7892911.56,9246662.0,7128870.0,5652896.33,35150.0,711677.67,61567.0,88988.0,1624269.0,1690217.03
Texas,Pecos,48371,1612.0,0.0,0.0,0.0,88978.0,0.0,0.0,0.0,0.0,0.0
Texas,Polk,48373,0.0,0.0,0.0,0.0,0.0,0.0,0.0,0.0,0.0,0.0
Texas,Potter,48375,649.0,0.0,0.0,0.0,768.0,0.0,0.0,0.0,85002.0,114485.0
Texas,Presidio,48377,0.0,0.0,0.0,0.0,0.0,0.0,0.0,0.0,0.0,0.0
Texas,Rains,48379,0.0,4015.0,4273.0,3662.0,0.0,0.0,0.0,0.0,0.0,0.0
Texas,Randall,48381,16809.0,125225.0,4004.0,99477.0,27350.0,0.0,0.0,6129.0,319751.0,1071406.81
Texas,Reagan,48383,0.0,0.0,0.0,0.0,880960.0,0.0,0.0,1312.0,104933.0,78518.0
Texas,Real,48385,0.0,0.0,0.0,0.0,0.0,0.0,0.0,0.0,0.0,0.0
Texas,Red River,48387,40009.0,249550.0,201248.0,129443.0,136634.0,6032.0,11048.0,11729.0,53809.0,92434.0
Texas,Reeves,48389,5825.0,0.0,3634.0,0.0,0.0,0.0,0.0,0.0,0.0,0.0
Texas,Refugio,48391,9767.0,11030.0,726.0,2446.0,670.0,0.0,0.0,2900.0,1454025.0,1178.0
Texas,Roberts,48393,133171.0,157980.0,142618.6,46513.0,24679.0,0.0,0.0,0.0,35932.0,71648.0
Texas,Robertson,48395,0.0,1152.0,15806.0,4273.0,5920.0,26269.0,26.0,0.0,216947.0,32612.0
Texas,Rockwall,48397,0.0,62537.0,54381.0,35836.0,13946.0,0.0,0.0,0.0,238.0,0.0
Texas,Runnels,48399,6503.0,5475.0,1891.0,0.0,1482794.0,5624.0,7060.0,101278.0,1501085.0,698531.0
Texas,Rusk,48401,0.0,0.0,0.0,0.0,0.0,0.0,0.0,0.0,0.0,0.0
Texas,Sabine,48403,0.0,0.0,0.0,0.0,0.0,0.0,0.0,0.0,0.0,0.0
Texas,San Augustine,48405,0.0,0.0,0.0,0.0,0.0,0.0,0.0,0.0,0.0,0.0
Texas,San Jacinto,48407,0.0,0.0,0.0,0.0,0.0,0.0,0.0,0.0,0.0,0.0
Texas,San Patricio,48409,14395.0,89111.0,73160.0,0.0,926074.0,0.0,0.0,2189.0,7392851.0,6583585.59
Texas,San Saba,48411,0.0,0.0,0.0,0.0,0.0,0.0,0.0,5272.0,12585.0,547.0
Texas,Schleicher,48413,0.0,0.0,0.0,0.0,224160.0,0.0,1038.0,0.0,29736.0,28006.0
Texas,Scurry,48415,20781.0,23169.0,6256.0,5642.0,1354606.0,0.0,7005.0,105.0,213887.0,353699.0
Texas,Shackelford,48417,52227.0,53932.0,6027.0,42175.0,115324.0,0.0,0.0,0.0,132580.0,60597.25
Texas,Shelby,48419,0.0,0.0,0.0,0.0,0.0,0.0,0.0,0.0,0.0,0.0
Texas,Sherman,48421,8344424.12,6935450.8,5918073.11,237940.0,3480716.2,201853.0,72027.0,10036.0,282323.0,379779.0
Texas,Smith,48423,0.0,0.0,0.0,0.0,0.0,0.0,0.0,0.0,0.0,0.0
Texas,Somervell,48425,0.0,0.0,0.0,0.0,0.0,0.0,0.0,0.0,0.0,0.0
Texas,Starr,48427,8194.0,14285.0,0.0,51782.0,454361.0,14291.0,11188.0,83844.0,11920.0,33186.0
Texas,Stephens,48429,45558.0,48592.0,47006.64,7655.0,58353.0,4557.0,0.0,0.0,15822.0,9352.6
Texas,Sterling,48431,0.0,0.0,0.0,0.0,0.0,0.0,0.0,0.0,19798.0,0.0
Texas,Stonewall,48433,6017.0,8367.0,14389.49,9392.0,189806.0,0.0,279.0,0.0,161339.0,186915.0
Texas,Sutton,48435,0.0,0.0,0.0,0.0,0.0,0.0,0.0,0.0,0.0,0.0
Texas,Swisher,48437,1942463.0,2520081.98,1839179.43,1341291.0,962005.0,1265.0,460.0,177724.0,2064474.96,1848597.51
Texas,Tarrant,48439,0.0,21311.0,16057.0,0.0,13085.0,0.0,0.0,0.0,3726.0,0.0
Texas,Taylor,48441,110463.0,26062.0,18604.0,99368.0,592801.0,5357.0,1097.0,2668.0,643824.0,285131.0
Texas,Terrell,48443,0.0,0.0,0.0,0.0,0.0,0.0,0.0,0.0,0.0,0.0
Texas,Terry,48445,47504.0,554778.0,373065.0,286.0,4683254.85,1533.0,5208.0,31350.0,1141553.0,1445673.0
Texas,Throckmorton,48447,13262.0,12629.0,0.0,0.0,126297.0,0.0,0.0,0.0,430587.0,41847.31
Texas,Titus,48449,0.0,0.0,0.0,0.0,0.0,0.0,0.0,0.0,0.0,0.0
Texas,Tom Green,48451,133905.0,147988.0,152610.0,25.0,2208456.0,8037.0,21179.0,42405.0,1246703.0,974147.0
Texas,Travis,48453,119.0,129623.0,82409.0,6238.0,32615.0,0.0,0.0,0.0,73135.0,69413.0
Texas,Trinity,48455,0.0,0.0,0.0,0.0,0.0,0.0,0.0,0.0,0.0,0.0
Texas,Tyler,48457,0.0,0.0,0.0,0.0,0.0,0.0,0.0,0.0,0.0,0.0
Texas,Upshur,48459,0.0,0.0,0.0,0.0,0.0,0.0,0.0,0.0,0.0,0.0
Texas,Upton,48461,0.0,0.0,0.0,0.0,290554.0,0.0,0.0,968.0,23537.0,20537.0
Texas,Uvalde,48463,549950.0,630649.0,568764.0,24640.0,108335.0,0.0,866.0,11277.0,16732.0,3383.0
Texas,Val Verde,48465,0.0,0.0,0.0,0.0,0.0,0.0,0.0,0.0,0.0,0.0
Texas,Van Zandt,48467,0.0,0.0,0.0,0.0,0.0,0.0,0.0,0.0,0.0,0.0
Texas,Victoria,48469,30099.0,312274.0,98973.0,0.0,91629.0,40576.0,0.0,123040.0,212028.0,184874.0
Texas,Walker,48471,0.0,0.0,0.0,0.0,0.0,0.0,0.0,0.0,0.0,0.0
Texas,Waller,48473,0.0,13290.0,9996.0,0.0,0.0,0.0,0.0,0.0,0.0,0.0
Texas,Ward,48475,0.0,0.0,0.0,0.0,0.0,0.0,0.0,0.0,0.0,0.0
Texas,Washington,48477,0.0,0.0,0.0,0.0,0.0,0.0,0.0,0.0,0.0,0.0
Texas,Webb,48479,0.0,0.0,0.0,0.0,0.0,20074.0,0.0,0.0,11939.0,0.0
Texas,Wharton,48481,0.0,1122684.0,941735.0,168324.0,402681.0,1334.0,0.0,0.0,778962.0,285910.5
Texas,Wheeler,48483,21883.0,107075.0,103502.0,23.0,67361.0,0.0,0.0,0.0,60839.0,670.0
Texas,Wichita,48485,8285.0,5100.0,7781.0,7452.0,428260.0,169841.0,174447.0,854.0,363231.0,140688.0
Texas,Wilbarger,48487,47104.0,46236.0,4376.0,34271.0,1963133.0,4990.0,13000.0,1599.0,1044430.0,329516.47
Texas,Willacy,48489,29690.0,36079.0,21574.0,0.0,3003987.0,25450.0,28219.0,2829393.64,48.0,0.0
Texas,Williamson,48491,0.0,604868.0,483251.0,42385.0,447470.0,10412.0,8146.0,0.0,448119.0,498209.07
Texas,Wilson,48493,70715.0,75154.0,14436.0,2453.0,35046.0,0.0,2512.0,0.0,90554.0,0.0
Texas,Winkler,48495,0.0,0.0,0.0,0.0,0.0,0.0,0.0,0.0,0.0,0.0
Texas,Wise,48497,0.0,12802.0,11593.0,0.0,8482.0,0.0,0.0,0.0,87.0,2534.0
Texas,Wood,48499,0.0,0.0,0.0,0.0,0.0,0.0,0.0,0.0,0.0,0.0
Texas,Yoakum,48501,61146.0,300823.0,334992.0,437723.0,202989.0,6064.0,4662.0,4846.0,233928.0,224593.0
Texas,Young,48503,5769.0,6078.0,5358.0,505.0,18311.0,11325.0,7897.0,199.0,394824.0,14310.0
Texas,Zapata,48505,0.0,0.0,0.0,0.0,0.0,0.0,0.0,0.0,0.0,0.0
Texas,Zavala,48507,85283.0,19538.0,0.0,32568.0,8923.0,56.0,0.0,0.0,0.0,0.0
Utah,Beaver,49001,149474.0,174906.0,155757.0,1768.0,105.0,0.0,0.0,0.0,0.0,0.0
Utah,Box Elder,49003,949313.0,1211148.0,1160867.0,128863.0,11888.0,0.0,0.0,0.0,10246.0,544873.0
Utah,Cache,49005,29839.0,31615.0,29317.0,2.0,0.0,0.0,0.0,0.0,0.0,3098.0
Utah,Carbon,49007,18564.0,21209.0,16028.0,0.0,0.0,0.0,0.0,0.0,0.0,0.0
Utah,Daggett,49009,0.0,0.0,0.0,0.0,0.0,0.0,0.0,0.0,0.0,0.0
Utah,Davis,49011,19400.0,19728.0,14640.0,0.0,0.0,0.0,0.0,0.0,0.0,0.0
Utah,Duchesne,49013,33118.0,133420.0,155920.0,0.0,0.0,0.0,0.0,0.0,0.0,0.0
Utah,Emery,49015,118442.0,139029.0,125710.0,0.0,0.0,0.0,0.0,0.0,0.0,0.0
Utah,Garfield,49017,0.0,0.0,0.0,0.0,0.0,0.0,0.0,0.0,0.0,0.0
Utah,Grand,49019,0.0,0.0,0.0,0.0,0.0,0.0,0.0,0.0,0.0,0.0
Utah,Iron,49021,59513.0,82274.0,76281.0,206.0,134.0,0.0,0.0,0.0,0.0,0.0
Utah,Juab,49023,46585.0,63370.0,83367.0,17985.0,3426.0,0.0,0.0,0.0,0.0,0.0
Utah,Kane,49025,0.0,0.0,0.0,0.0,0.0,0.0,0.0,0.0,0.0,0.0
Utah,Millard,49027,673602.0,702326.0,641262.0,4519.0,2342.0,30045.0,22.0,0.0,0.0,0.0
Utah,Morgan,49029,23436.0,22888.0,21415.0,0.0,0.0,0.0,0.0,0.0,0.0,0.0
Utah,Piute,49031,9352.0,13184.0,10974.0,0.0,0.0,0.0,0.0,0.0,0.0,0.0
Utah,Rich,49033,0.0,0.0,0.0,0.0,0.0,0.0,0.0,0.0,0.0,0.0
Utah,Salt Lake,49035,0.0,0.0,0.0,0.0,0.0,0.0,0.0,0.0,0.0,0.0
Utah,San Juan,49037,10687.0,10519.0,10630.0,9043.0,9915.0,0.0,0.0,0.0,0.0,0.0
Utah,Sanpete,49039,218055.0,297798.0,278027.0,40110.0,2751.0,4629.0,0.0,0.0,0.0,0.0
Utah,Sevier,49041,249256.0,270187.0,253296.0,9440.0,1405.0,0.0,0.0,0.0,0.0,0.0
Utah,Summit,49043,0.0,0.0,0.0,0.0,0.0,0.0,0.0,0.0,0.0,0.0
Utah,Tooele,49045,2892.0,2866.0,2620.0,6.0,7.0,151.0,0.0,0.0,0.0,0.0
Utah,Uintah,49047,54371.0,107119.0,117536.0,0.0,0.0,0.0,0.0,0.0,0.0,0.0
Utah,Utah,49049,179154.0,198218.0,169571.0,65.0,65.0,0.0,0.0,0.0,0.0,0.0
Utah,Wasatch,49051,0.0,0.0,0.0,0.0,0.0,0.0,0.0,0.0,0.0,0.0
Utah,Washington,49053,29069.0,52160.0,49864.0,24441.0,14937.0,0.0,0.0,0.0,0.0,0.0
Utah,Wayne,49055,3931.0,15345.0,15053.0,509.0,54.0,0.0,0.0,0.0,0.0,0.0
Utah,Weber,49057,111243.0,118721.0,78394.0,0.0,0.0,0.0,0.0,0.0,0.0,0.0
Vermont,Addison,50001,1019515.09,1145631.0,14635.0,615313.0,6927.0,324.0,676.0,0.0,0.0,0.0
Vermont,Bennington,50003,55235.71,493.0,420.0,378.0,99.0,0.0,0.0,0.0,0.0,0.0
Vermont,Caledonia,50005,114405.0,51034.0,22.0,20.0,6.0,0.0,0.0,0.0,0.0,0.0
Vermont,Chittenden,50007,132263.0,218615.0,102984.0,67333.0,9040.0,0.0,0.0,0.0,0.0,90052.0
Vermont,Essex,50009,50539.0,75361.0,40421.0,4.0,8.0,0.0,0.0,0.0,0.0,0.0
Vermont,Franklin,50011,288688.88,982411.0,342.0,296458.0,4.0,0.0,0.0,0.0,0.0,0.0
Vermont,Grand Isle,50013,104736.0,85595.0,78764.78,5060.0,674.0,0.0,0.0,0.0,0.0,0.0
Vermont,Lamoille,50015,103680.8,100994.0,0.0,205.0,142.0,0.0,0.0,0.0,0.0,0.0
Vermont,Orange,50017,150950.0,149084.0,132219.0,70.0,18.0,0.0,0.0,0.0,0.0,0.0
Vermont,Orleans,50019,180572.84,233780.0,890.0,167928.0,393.0,0.0,0.0,0.0,0.0,0.0
Vermont,Rutland,50021,265664.0,300385.0,259767.0,34403.0,3.0,0.0,0.0,0.0,0.0,0.0
Vermont,Washington,50023,83762.0,72560.0,53601.0,23179.0,6.0,0.0,0.0,0.0,0.0,0.0
Vermont,Windham,50025,164643.0,158911.0,145408.0,127.0,34.0,0.0,0.0,0.0,0.0,0.0
Vermont,Windsor,50027,71539.0,72153.0,39896.0,0.0,0.0,0.0,0.0,0.0,0.0,0.0
Virginia,Accomack,51001,322394.0,1029157.0,1511458.0,731947.0,3095.0,787055.0,670567.0,0.0,417.0,0.0
Virginia,Albemarle,51003,77700.0,56370.0,71778.0,4225.0,533.0,32147.0,468.0,0.0,0.0,0.0
Virginia,Alleghany,51005,22.0,475.0,5512.0,273.0,1286.0,0.0,0.0,0.0,0.0,0.0
Virginia,Amelia,51007,199679.0,125861.0,132951.0,2520.0,801.0,345742.0,224313.0,0.0,0.0,0.0
Virginia,Amherst,51009,3131.0,0.0,3484.0,0.0,64.0,2511.0,36.0,0.0,0.0,0.0
Virginia,Appomattox,51011,4762.0,17917.0,35626.0,45682.0,6820.0,8421.0,281.0,1.0,0.0,0.0
Virginia,Arlington,51013,0.0,0.0,0.0,0.0,0.0,0.0,0.0,0.0,0.0,0.0
Virginia,Augusta,51015,141174.0,239006.0,219812.0,254686.0,4862.0,17613.0,17838.0,87830.0,0.0,119790.0
Virginia,Bath,51017,0.0,0.0,0.0,0.0,0.0,0.0,0.0,0.0,0.0,0.0
Virginia,Bedford,51019,0.0,4160.0,50374.0,47269.0,0.0,110341.0,109749.89,0.0,0.0,0.0
Virginia,Bland,51021,67695.0,7395.0,67668.0,33541.0,43787.0,48230.0,0.0,0.0,0.0,0.0
Virginia,Botetourt,51023,169.0,3902.0,51519.0,125753.0,4515.0,2938.0,0.0,0.0,0.0,0.0
Virginia,Brunswick,51025,16242.0,247555.0,264953.0,264127.0,172284.0,330664.92,177538.0,0.0,0.0,0.0
Virginia,Buchanan,51027,0.0,0.0,1272.0,0.0,675.0,0.0,0.0,0.0,0.0,0.0
Virginia,Buckingham,51029,72331.0,38.0,39296.0,57240.0,3075.0,14550.0,13446.0,0.0,7.0,0.0
Virginia,Campbell,51031,21268.0,29009.0,110198.0,97009.0,27155.0,113369.0,13507.0,866.0,0.0,0.0
Virginia,Caroline,51033,848913.0,362997.0,610603.0,48599.0,59168.0,174738.0,404993.0,0.0,0.0,0.0
Virginia,Carroll,51035,69.0,970.0,37886.0,883.0,20896.0,32831.0,0.0,0.0,0.0,0.0
Virginia,Charles City,51036,10305.0,205706.0,386598.0,225410.0,14568.0,61890.0,6047.0,0.0,0.0,0.0
Virginia,Charlotte,51037,60324.0,55522.37,119674.0,33301.0,1915.0,22901.0,21970.0,0.0,0.0,0.0
Virginia,Chesterfield,51041,0.0,19606.0,37500.0,0.0,0.0,20102.0,0.0,0.0,3.0,0.0
Virginia,Clarke,51043,432.0,1796.0,1863.0,2563.0,39842.0,6565.0,62634.0,0.0,0.0,38166.0
Virginia,Craig,51045,75.0,2585.0,23722.0,1561.0,26385.0,15.0,29343.0,0.0,0.0,0.0
Virginia,Culpeper,51047,62883.0,190364.0,176577.0,560070.0,248798.0,276634.0,13558.0,0.0,0.0,50878.0
Virginia,Cumberland,51049,66513.0,4168.0,5969.0,47206.59,53956.0,4863.0,3846.0,0.0,0.0,0.0
Virginia,Dickenson,51051,0.0,0.0,0.0,0.0,0.0,0.0,0.0,0.0,0.0,0.0
Virginia,Dinwiddie,51053,197765.0,391145.0,392283.0,322739.0,72447.0,255995.0,111482.0,0.0,0.0,0.0
Virginia,Essex,51057,1506995.0,804736.0,1341752.0,618339.0,125763.0,360198.0,354049.0,0.0,0.0,0.0
Virginia,Fairfax,51059,0.0,0.0,0.0,0.0,0.0,0.0,0.0,0.0,0.0,0.0
Virginia,Fauquier,51061,259.0,97209.0,270646.0,288884.0,298904.0,79313.0,115.0,0.0,0.0,40.0
Virginia,Floyd,51063,6024.0,32.0,2494.0,2718.0,3391.0,1086.0,56.0,0.0,0.0,0.0
Virginia,Fluvanna,51065,2630.0,0.0,12777.0,23675.0,2841.0,440.0,6571.0,0.0,0.0,0.0
Virginia,Franklin,51067,46.0,5423.0,111.0,224113.0,212829.0,232649.0,206040.0,0.0,0.0,0.0
Virginia,Frederick,51069,0.0,6989.0,72987.0,1017.0,4581.0,1459.0,0.0,0.0,0.0,21442.0
Virginia,Giles,51071,0.0,0.0,0.0,0.0,0.0,1045.0,566.0,0.0,0.0,0.0
Virginia,Gloucester,51073,80201.0,338673.0,551265.0,266174.0,1435.0,12940.0,7681.0,0.0,0.0,0.0
Virginia,Goochland,51075,27118.0,41000.0,22211.0,103150.0,117521.0,13309.0,24225.0,0.0,0.0,0.0
Virginia,Grayson,51077,0.0,298.0,44343.0,276.0,23180.0,40504.0,0.0,0.0,0.0,0.0
Virginia,Greene,51079,54484.0,1157.0,50137.0,2065.0,1262.0,57211.0,751.0,0.0,0.0,0.0
Virginia,Greensville,51081,77953.11,415016.0,318092.0,161340.0,12476.0,117138.0,1480.0,0.0,0.0,0.0
Virginia,Halifax,51083,1086.0,49826.0,90069.0,62525.0,61728.0,5671.0,55483.0,0.0,0.0,0.0
Virginia,Hanover,51085,809310.0,463490.0,297409.0,426559.0,11522.0,184113.0,349723.0,0.0,0.0,0.0
Virginia,Henrico,51087,159436.0,11272.0,113594.0,101797.0,7168.0,116042.0,1310.0,0.0,0.0,0.0
Virginia,Henry,51089,307.0,431.0,629.0,0.0,10006.0,12101.0,183.0,0.0,0.0,0.0
Virginia,Highland,51091,0.0,85.0,945.0,50.0,75.0,0.0,0.0,0.0,0.0,0.0
Virginia,Isle of Wight,51093,4915.0,987950.0,1033969.0,90997.0,6466.0,70888.0,16287.0,0.0,0.0,0.0
Virginia,James City,51095,18560.0,67511.0,37158.0,29925.0,929.0,2003.0,16457.0,0.0,0.0,0.0
Virginia,King and Queen,51097,669668.0,390373.0,868328.0,293636.0,22674.0,88823.0,40386.0,0.0,0.0,0.0
Virginia,King George,51099,128859.0,69847.0,251138.0,102685.0,147262.0,100022.0,81778.0,0.0,0.0,0.0
Virginia,King William,51101,765749.0,538690.0,911236.0,283429.0,21175.0,46745.0,57375.0,0.0,0.0,0.0
Virginia,Lancaster,51103,5968.0,231520.0,522442.0,7062.0,8757.0,136353.0,2797.0,0.0,0.0,0.0
Virginia,Lee,51105,27231.0,32585.0,26452.0,20440.0,10749.0,7075.0,0.0,0.0,0.0,0.0
Virginia,Loudoun,51107,0.0,152470.0,32865.0,85877.0,29546.0,551.0,0.0,0.0,0.0,2345.0
Virginia,Louisa,51109,134560.0,40216.0,12273.0,145841.0,11565.0,32615.0,166852.0,0.0,0.0,0.0
Virginia,Lunenburg,51111,555.0,31971.0,42729.0,31816.0,1974.0,27975.0,22321.0,0.0,0.0,0.0
Virginia,Madison,51113,205411.0,509805.0,601731.0,134488.0,286700.0,40648.0,29772.0,0.0,0.0,0.0
Virginia,Mathews,51115,19324.0,59201.0,81559.0,29974.0,55.0,680.0,51.0,0.0,0.0,0.0
Virginia,Mecklenburg,51117,33066.0,150724.0,192403.0,61408.0,36978.0,62095.0,30950.0,23.0,0.0,9963.0
Virginia,Middlesex,51119,176867.0,205909.0,444918.0,239048.0,1443.0,94792.0,3647.0,0.0,0.0,0.0
Virginia,Montgomery,51121,7.0,581.0,40002.0,35519.0,329.0,59504.0,226.0,0.0,0.0,0.0
Virginia,Nelson,51125,4888.0,0.0,15927.0,0.0,0.0,8295.0,0.0,0.0,0.0,0.0
Virginia,New Kent,51127,105302.0,178560.0,329847.0,176900.0,5568.0,34900.0,38424.0,0.0,0.0,0.0
Virginia,Northampton,51131,923.0,542624.0,855190.0,304585.0,2695.0,725611.0,264876.0,0.0,349242.0,0.0
Virginia,Northumberland,51133,471414.55,424926.0,686325.0,54047.0,6718.0,39253.0,3661.0,0.0,0.0,0.0
Virginia,Nottoway,51135,98268.0,18972.0,139557.0,95391.0,3150.0,11549.0,74803.0,0.0,0.0,0.0
Virginia,Orange,51137,81399.0,110463.0,504425.0,381241.0,25514.0,109421.0,60943.0,0.0,6.0,803.0
Virginia,Page,51139,9893.0,133596.0,95966.0,8964.0,12314.0,119024.0,5572.0,0.0,0.0,92326.0
Virginia,Patrick,51141,88486.0,50347.0,81088.0,0.0,1111.0,69991.0,0.0,0.0,0.0,0.0
Virginia,Pittsylvania,51143,0.0,180459.0,209870.22,107075.0,84853.0,202694.97,217.0,0.0,0.0,0.0
Virginia,Powhatan,51145,106489.0,20903.0,52461.0,16752.0,1540.0,31480.0,78798.0,0.0,0.0,0.0
Virginia,Prince Edward,51147,102352.0,10622.0,10451.0,103928.0,6145.0,7857.0,89167.0,0.0,0.0,0.0
Virginia,Prince George,51149,178315.0,219864.0,318540.0,164810.0,74882.0,53394.0,3144.0,0.0,0.0,0.0
Virginia,Prince William,51153,0.0,41187.0,99453.0,18157.0,2055.0,0.0,5.0,0.0,0.0,0.0
Virginia,Pulaski,51155,0.0,5221.0,46501.0,6320.0,40217.0,75862.0,112.0,0.0,0.0,0.0
Virginia,Rappahannock,51157,27.0,1452.0,12269.0,2028.0,1296.0,975.0,127.0,103.0,0.0,99.0
Virginia,Richmond,51159,438016.0,405650.0,813012.0,50223.0,38157.0,145227.0,6288.0,0.0,0.0,0.0
Virginia,Roanoke,51161,1358.0,468.0,14188.0,280.0,408.0,0.0,0.0,0.0,0.0,0.0
Virginia,Rockbridge,51163,10671.0,8589.0,72211.0,82460.0,6410.0,1230.0,181.0,0.0,0.0,0.0
Virginia,Rockingham,51165,408.0,205417.0,720133.0,403896.0,75596.0,20415.0,21060.0,0.0,0.0,558581.0
Virginia,Russell,51167,0.0,0.0,11922.0,0.0,0.0,0.0,0.0,0.0,0.0,0.0
Virginia,Scott,51169,6258.0,25031.0,18015.0,0.0,0.0,0.0,0.0,0.0,0.0,0.0
Virginia,Shenandoah,51171,539.0,260325.0,237737.0,155819.0,9984.0,12045.0,79.0,0.0,0.0,44055.0
Virginia,Smyth,51173,100900.0,86892.0,64415.0,198.0,163.0,65542.0,0.0,0.0,0.0,0.0
Virginia,Southampton,51175,4376.0,1167090.0,1872837.0,21169.24,31363.0,196799.0,23389.0,0.0,0.0,0.0
Virginia,Spotsylvania,51177,105639.0,40345.0,63558.0,81635.0,4581.0,40003.0,76672.0,0.0,12.0,0.0
Virginia,Stafford,51179,34958.0,52495.0,37727.0,2162.0,2725.0,5575.0,44030.0,0.0,0.0,0.0
Virginia,Surry,51181,150750.0,791600.0,948604.0,492033.0,34572.0,7921.0,44.0,0.0,0.0,0.0
Virginia,Sussex,51183,38547.0,714223.0,687982.0,180701.0,33827.0,196570.0,40976.0,0.0,0.0,0.0
Virginia,Tazewell,51185,15058.0,0.0,24080.0,0.0,9644.0,0.0,0.0,0.0,0.0,0.0
Virginia,Warren,51187,0.0,1382.0,5263.0,1438.0,461.0,0.0,0.0,0.0,0.0,0.0
Virginia,Washington,51191,23533.0,70418.0,67140.0,2212.0,53169.0,99918.0,316.0,0.0,0.0,0.0
Virginia,Westmoreland,51193,983193.0,437344.0,846988.0,19768.0,20319.0,33192.0,0.0,0.0,0.0,0.0
Virginia,Wise,51195,0.0,0.0,884.0,0.0,283.0,0.0,0.0,0.0,0.0,0.0
Virginia,Wythe,51197,101394.0,14308.0,197817.0,160494.0,3184.0,21476.0,232.0,0.0,0.0,0.0
Virginia,York,51199,203.0,300.0,466.0,91.0,0.0,122.0,0.0,0.0,0.0,0.0
Virginia,Alexandria,51510,0.0,0.0,0.0,0.0,0.0,0.0,0.0,0.0,0.0,0.0
Virginia,Bedford,51515,0.0,0.0,0.0,0.0,0.0,0.0,0.0,0.0,0.0,0.0
Virginia,Bristol,51520,0.0,0.0,0.0,0.0,0.0,0.0,0.0,0.0,0.0,0.0
Virginia,Buena Vista,51530,0.0,0.0,0.0,0.0,0.0,0.0,0.0,0.0,0.0,0.0
Virginia,Charlottesville,51540,0.0,0.0,0.0,0.0,0.0,0.0,0.0,0.0,0.0,0.0
Virginia,Chesapeake,51550,570057.0,963597.0,585882.0,1810.0,158465.0,10986.0,91310.0,0.0,0.0,0.0
Virginia,Colonial Heights,51570,0.0,0.0,0.0,0.0,0.0,0.0,0.0,0.0,0.0,0.0
Virginia,Covington,51580,0.0,0.0,0.0,0.0,0.0,0.0,0.0,0.0,0.0,0.0
Virginia,Danville,51590,0.0,0.0,0.0,0.0,0.0,0.0,0.0,0.0,0.0,0.0
Virginia,Emporia,51595,0.0,0.0,0.0,0.0,0.0,0.0,0.0,0.0,0.0,0.0
Virginia,Fairfax,51600,0.0,0.0,0.0,0.0,0.0,0.0,0.0,0.0,0.0,0.0
Virginia,Falls Church,51610,0.0,0.0,0.0,0.0,0.0,0.0,0.0,0.0,0.0,0.0
Virginia,Franklin,51620,0.0,0.0,0.0,0.0,0.0,0.0,0.0,0.0,0.0,0.0
Virginia,Fredericksburg,51630,0.0,0.0,0.0,0.0,0.0,0.0,0.0,0.0,0.0,0.0
Virginia,Galax,51640,0.0,0.0,0.0,0.0,0.0,0.0,0.0,0.0,0.0,0.0
Virginia,Hampton,51650,0.0,0.0,0.0,0.0,0.0,0.0,0.0,0.0,0.0,0.0
Virginia,Harrisonburg,51660,0.0,0.0,0.0,0.0,0.0,0.0,0.0,0.0,0.0,0.0
Virginia,Hopewell,51670,0.0,0.0,0.0,0.0,0.0,0.0,0.0,0.0,0.0,0.0
Virginia,Lexington,51678,0.0,0.0,0.0,0.0,0.0,0.0,0.0,0.0,0.0,0.0
Virginia,Lynchburg,51680,0.0,0.0,0.0,0.0,0.0,0.0,0.0,0.0,0.0,0.0
Virginia,Manassas,51683,0.0,0.0,0.0,0.0,0.0,0.0,0.0,0.0,0.0,0.0
Virginia,Manassas Park,51685,0.0,0.0,0.0,0.0,0.0,0.0,0.0,0.0,0.0,0.0
Virginia,Martinsville,51690,0.0,0.0,0.0,0.0,0.0,0.0,0.0,0.0,0.0,0.0
Virginia,Newport News,51700,0.0,0.0,0.0,0.0,0.0,0.0,0.0,0.0,0.0,0.0
Virginia,Norfolk,51710,0.0,0.0,0.0,0.0,0.0,0.0,0.0,0.0,0.0,0.0
Virginia,Norton,51720,0.0,0.0,0.0,0.0,0.0,0.0,0.0,0.0,0.0,0.0
Virginia,Petersburg,51730,0.0,0.0,0.0,0.0,0.0,0.0,0.0,0.0,0.0,0.0
Virginia,Poquoson,51735,0.0,0.0,0.0,0.0,0.0,0.0,0.0,0.0,0.0,0.0
Virginia,Portsmouth,51740,0.0,0.0,0.0,0.0,0.0,0.0,0.0,0.0,0.0,0.0
Virginia,Radford,51750,0.0,0.0,0.0,0.0,0.0,0.0,0.0,0.0,0.0,0.0
Virginia,Richmond,51760,0.0,0.0,0.0,0.0,0.0,0.0,0.0,0.0,0.0,0.0
Virginia,Roanoke,51770,0.0,0.0,0.0,0.0,0.0,0.0,0.0,0.0,0.0,0.0
Virginia,Salem,51775,0.0,0.0,0.0,0.0,0.0,0.0,0.0,0.0,0.0,0.0
Virginia,Staunton,51790,0.0,0.0,0.0,0.0,0.0,0.0,0.0,0.0,0.0,0.0
Virginia,Suffolk,51800,4263.0,792335.0,1164544.0,193600.0,39373.0,113180.0,172485.0,0.0,0.0,0.0
Virginia,Virginia Beach,51810,426930.0,396908.0,774582.0,84112.0,208707.0,56906.0,7640.0,0.0,0.0,0.0
Virginia,Waynesboro,51820,0.0,0.0,0.0,0.0,0.0,0.0,0.0,0.0,0.0,0.0
Virginia,Williamsburg,51830,0.0,0.0,0.0,0.0,0.0,0.0,0.0,0.0,0.0,0.0
Virginia,Winchester,51840,0.0,0.0,0.0,0.0,0.0,0.0,0.0,0.0,0.0,0.0
Washington,Adams,53001,10981876.0,11557643.0,10337914.0,2981.0,536.0,0.0,0.0,521413.0,0.0,7394790.79
Washington,Asotin,53003,1158675.0,1183520.0,1098084.0,2340.0,0.0,0.0,0.0,74078.0,76.0,2910.0
Washington,Benton,53005,3839312.0,4090698.45,4097432.9,2568599.0,0.0,18680.0,0.0,409660.0,0.0,7653.0
Washington,Chelan,53007,1279.0,1298.0,1903.0,1707.0,515.0,0.0,0.0,0.0,0.0,0.0
Washington,Clallam,53009,0.0,0.0,0.0,0.0,0.0,0.0,0.0,0.0,0.0,0.0
Washington,Clark,53011,0.0,0.0,0.0,0.0,0.0,0.0,0.0,0.0,24665.0,0.0
Washington,Columbia,53013,4208915.0,4233565.0,3823313.86,3341739.0,967.0,6389.0,0.0,5390.0,296.0,228.0
Washington,Cowlitz,53015,0.0,0.0,0.0,0.0,0.0,0.0,0.0,0.0,2292.0,0.0
Washington,Douglas,53017,5708147.0,5777289.0,5577103.0,52194.0,0.0,0.0,64676.0,3034959.76,0.0,1834.0
Washington,Ferry,53019,14427.0,20810.0,16932.0,7752.0,0.0,598.0,0.0,1644.0,0.0,4053.0
Washington,Franklin,53021,2526597.0,3004578.0,1636279.0,247665.0,2766.0,177.0,0.0,63544.0,0.0,1797143.0
Washington,Garfield,53023,1513873.0,3155927.0,2661088.0,346764.0,0.0,0.0,0.0,101311.0,0.0,2211.0
Washington,Grant,53025,3128722.0,3713467.0,3193207.0,516940.0,66094.0,1790.0,0.0,241489.0,0.0,41763.0
Washington,Grays Harbor,53027,0.0,0.0,0.0,0.0,0.0,0.0,0.0,0.0,0.0,0.0
Washington,Island,53029,13022.0,23095.0,9704.0,13157.0,483.0,0.0,0.0,0.0,0.0,0.0
Washington,Jefferson,53031,0.0,0.0,0.0,0.0,0.0,0.0,0.0,0.0,0.0,0.0
Washington,King,53033,0.0,0.0,0.0,0.0,0.0,0.0,0.0,0.0,0.0,0.0
Washington,Kitsap,53035,0.0,0.0,0.0,0.0,0.0,0.0,0.0,0.0,0.0,0.0
Washington,Kittitas,53037,5273.0,7554.0,13082.0,3851.0,375.0,0.0,0.0,0.0,2038.0,0.0
Washington,Klickitat,53039,1175587.0,1233208.0,1191671.0,1181312.0,90.0,0.0,4112.0,222.0,314.0,0.0
Washington,Lewis,53041,0.0,0.0,0.0,0.0,0.0,0.0,0.0,0.0,0.0,0.0
Washington,Lincoln,53043,17549987.5,17743677.93,15118315.0,2100256.0,4749.0,45050.0,0.0,990413.0,0.0,52898.0
Washington,Mason,53045,0.0,0.0,0.0,0.0,0.0,0.0,0.0,0.0,0.0,0.0
Washington,Okanogan,53047,286973.0,51309.0,292178.0,250682.0,6012.0,0.0,0.0,6970.0,0.0,0.0
Washington,Pacific,53049,0.0,0.0,0.0,0.0,0.0,0.0,0.0,0.0,0.0,0.0
Washington,Pend Oreille,53051,0.0,0.0,0.0,0.0,0.0,0.0,0.0,0.0,0.0,0.0
Washington,Pierce,53053,0.0,0.0,0.0,0.0,0.0,0.0,0.0,0.0,0.0,0.0
Washington,San Juan,53055,0.0,0.0,0.0,0.0,0.0,0.0,0.0,0.0,0.0,0.0
Washington,Skagit,53057,5711.0,25948.0,20755.0,18926.0,9160.0,0.0,0.0,0.0,0.0,8.0
Washington,Skamania,53059,0.0,0.0,0.0,0.0,0.0,0.0,0.0,0.0,0.0,0.0
Washington,Snohomish,53061,728.76,48.0,1137.0,2153.0,871.0,0.0,0.0,0.0,0.0,0.0
Washington,Spokane,53063,5009809.0,5666297.0,4224545.49,938155.24,381323.0,36746.0,0.0,190630.0,2088.0,1436.0
Washington,Stevens,53065,45598.0,60327.0,49999.0,2145.0,0.0,0.0,0.0,2601.0,0.0,0.0
Washington,Thurston,53067,0.0,0.0,0.0,0.0,0.0,0.0,0.0,0.0,0.0,0.0
Washington,Wahkiakum,53069,0.0,0.0,0.0,0.0,0.0,0.0,0.0,0.0,1234.0,0.0
Washington,Walla Walla,53071,9802222.0,9844272.52,9090907.36,128306.0,106861.0,0.0,0.0,19644.0,210.0,50768.0
Washington,Whatcom,53073,302.0,430.0,1553.0,605.0,0.0,0.0,0.0,0.0,10245.0,0.0
Washington,Whitman,53075,20227862.0,21967948.0,18429358.92,15262869.0,656876.0,79479.0,0.0,73683.0,162711.0,9826.0
Washington,Yakima,53077,1157007.0,1322593.0,1423671.0,894830.0,4281.0,186.0,0.0,12298.0,0.0,0.0
West Virginia,Barbour,54001,5367.0,5453.0,2123.0,153.0,0.0,0.0,0.0,0.0,0.0,0.0
West Virginia,Berkeley,54003,2108.0,106733.0,282570.0,9832.0,9532.0,2352.0,0.0,0.0,0.0,18288.0
West Virginia,Boone,54005,0.0,0.0,0.0,0.0,0.0,0.0,0.0,0.0,0.0,0.0
West Virginia,Braxton,54007,388.0,2273.0,2266.0,0.0,0.0,0.0,0.0,0.0,0.0,0.0
West Virginia,Brooke,54009,2592.0,2911.0,1244.0,106.0,167.0,0.0,0.0,0.0,0.0,0.0
West Virginia,Cabell,54011,178.0,1040.0,1110.0,5.0,0.0,446.0,0.0,0.0,0.0,0.0
West Virginia,Calhoun,54013,259.0,1521.0,1517.0,0.0,0.0,0.0,0.0,0.0,0.0,0.0
West Virginia,Clay,54015,0.0,0.0,0.0,0.0,0.0,0.0,0.0,0.0,0.0,0.0
West Virginia,Doddridge,54017,0.0,0.0,0.0,0.0,0.0,0.0,0.0,0.0,0.0,0.0
West Virginia,Fayette,54019,323.0,2042.0,2041.0,45.0,78.0,0.0,0.0,0.0,0.0,0.0
West Virginia,Gilmer,54021,279.0,1635.0,1631.0,0.0,0.0,0.0,0.0,0.0,0.0,0.0
West Virginia,Grant,54023,53372.0,85547.0,78949.89,821.0,839.0,796.0,0.0,0.0,0.0,0.0
West Virginia,Greenbrier,54025,0.0,3970.0,162223.0,99552.0,1321.0,0.0,0.0,0.0,0.0,0.0
West Virginia,Hampshire,54027,112755.0,33657.0,116891.0,2870.0,4580.0,3849.0,0.0,0.0,0.0,3694.0
West Virginia,Hancock,54029,0.0,0.0,0.0,0.0,0.0,0.0,0.0,0.0,0.0,0.0
West Virginia,Hardy,54031,325119.0,235350.0,362844.0,817.0,113691.0,1242.0,0.0,0.0,0.0,154780.0
West Virginia,Harrison,54033,9525.0,9681.0,3512.0,53.0,0.0,0.0,0.0,0.0,0.0,0.0
West Virginia,Jackson,54035,47.0,36202.0,4548.0,129.0,948.0,19.0,0.0,0.0,0.0,0.0
West Virginia,Jefferson,54037,3801.0,410790.0,491640.0,45245.0,130627.0,2040.0,33362.0,0.0,0.0,29499.0
West Virginia,Kanawha,54039,84.0,600.0,1270.0,0.0,0.0,0.0,0.0,0.0,0.0,0.0
West Virginia,Lewis,54041,5712.0,4831.0,1752.0,0.0,0.0,0.0,0.0,0.0,0.0,0.0
West Virginia,Lincoln,54043,755.0,4525.0,4553.0,41.0,31.0,0.0,0.0,0.0,0.0,0.0
West Virginia,Logan,54045,59.0,342.0,341.0,0.0,0.0,0.0,0.0,0.0,0.0,0.0
West Virginia,McDowell,54047,0.0,0.0,0.0,0.0,0.0,0.0,0.0,0.0,0.0,0.0
West Virginia,Marion,54049,5106.0,5403.0,1935.0,36.0,0.0,0.0,0.0,0.0,0.0,0.0
West Virginia,Marshall,54051,4666.0,4743.0,1721.0,0.0,0.0,0.0,0.0,0.0,0.0,0.0
West Virginia,Mason,54053,70093.0,444833.0,491105.0,569.0,117360.0,366079.0,0.0,0.0,0.0,0.0
West Virginia,Mercer,54055,378.0,3696.0,3689.0,0.0,563.0,0.0,0.0,0.0,0.0,0.0
West Virginia,Mineral,54057,248.0,58311.0,44467.0,1426.0,45729.0,608.0,0.0,0.0,0.0,0.0
West Virginia,Mingo,54059,0.0,0.0,0.0,0.0,0.0,0.0,0.0,0.0,0.0,0.0
West Virginia,Monongalia,54061,2612.0,3099.0,1179.0,139.0,22.0,0.0,0.0,0.0,0.0,0.0
West Virginia,Monroe,54063,165051.0,117722.0,125190.0,140071.0,613.0,0.0,0.0,0.0,0.0,0.0
West Virginia,Morgan,54065,0.0,7381.0,7500.0,950.0,4360.0,0.0,0.0,0.0,0.0,0.0
West Virginia,Nicholas,54067,1814.0,10642.0,9878.0,0.0,0.0,0.0,0.0,0.0,0.0,0.0
West Virginia,Ohio,54069,9124.0,10821.0,5188.0,201.0,574.0,0.0,0.0,0.0,0.0,0.0
West Virginia,Pendleton,54071,105484.0,5019.0,107437.0,14075.0,312.0,283.0,0.0,0.0,0.0,752.0
West Virginia,Pleasants,54073,3640.0,3702.0,1343.0,0.0,0.0,0.0,0.0,0.0,0.0,0.0
West Virginia,Pocahontas,54075,71177.0,78707.0,65771.0,3153.0,1244.0,1330.0,0.0,0.0,0.0,0.0
West Virginia,Preston,54077,128777.0,142093.0,127250.0,72353.0,89068.0,78439.0,1056.0,0.0,0.0,0.0
West Virginia,Putnam,54079,520.0,3798.0,4345.0,101.0,468.0,0.0,0.0,0.0,0.0,0.0
West Virginia,Raleigh,54081,97.0,610.0,612.0,32.0,0.0,0.0,0.0,0.0,0.0,0.0
West Virginia,Randolph,54083,72751.0,78282.0,64265.0,838.0,0.0,0.0,0.0,0.0,0.0,0.0
West Virginia,Ritchie,54085,4174.0,4308.0,1609.0,49.0,0.0,0.0,0.0,0.0,0.0,0.0
West Virginia,Roane,54087,84.0,492.0,285.0,0.0,0.0,0.0,0.0,0.0,0.0,0.0
West Virginia,Summers,54089,448.0,13623.0,22696.0,25.0,554.0,0.0,0.0,0.0,0.0,0.0
West Virginia,Taylor,54091,3670.0,3728.0,1353.0,0.0,0.0,0.0,0.0,0.0,0.0,0.0
West Virginia,Tucker,54093,0.0,4008.0,7323.0,276.0,0.0,0.0,0.0,0.0,0.0,0.0
West Virginia,Tyler,54095,8314.33,8021.0,1755.0,0.0,22.0,0.0,0.0,0.0,0.0,0.0
West Virginia,Upshur,54097,10935.0,11116.0,4035.0,0.0,0.0,0.0,0.0,0.0,0.0,0.0
West Virginia,Wayne,54099,897.0,5278.0,6381.0,0.0,3.0,3.0,0.0,0.0,0.0,0.0
West Virginia,Webster,54101,37.0,250.0,163.0,23.0,0.0,0.0,0.0,0.0,0.0,0.0
West Virginia,Wetzel,54103,0.0,0.0,0.0,0.0,0.0,0.0,0.0,0.0,0.0,0.0
West Virginia,Wirt,54105,327.0,1920.0,1915.0,0.0,0.0,0.0,0.0,0.0,0.0,0.0
West Virginia,Wood,54107,0.0,11247.0,17838.0,110.0,2007.0,0.0,0.0,0.0,0.0,0.0
West Virginia,Wyoming,54109,0.0,0.0,0.0,0.0,0.0,0.0,0.0,0.0,0.0,0.0
Wisconsin,Adams,55001,628648.0,1115972.0,440949.0,27274.0,479343.0,33.0,263.0,0.0,0.0,2036.0
Wisconsin,Ashland,55003,62119.0,386.0,5342.0,52433.0,1174.0,332.0,1706.0,0.0,0.0,0.0
Wisconsin,Barron,55005,4167339.0,1606051.0,91020.0,65197.0,31791.0,82644.0,75.0,0.0,0.0,151.0
Wisconsin,Bayfield,55007,55186.61,36933.0,64278.0,58614.0,2688.0,389.0,672.0,0.0,0.0,0.0
Wisconsin,Brown,55009,3305338.0,190954.0,78369.0,136413.0,2824.0,388848.0,7548.0,0.0,0.0,0.0
Wisconsin,Buffalo,55011,3826009.0,3822121.0,1247593.0,8778.0,40357.0,49281.0,773.0,0.0,0.0,0.0
Wisconsin,Burnett,55013,726129.0,3286.0,13188.0,9295.0,30774.0,1999.0,134.0,0.0,0.0,39034.0
Wisconsin,Calumet,55015,3467773.64,1163539.0,202380.0,526294.0,1856.0,402086.0,72.0,0.0,0.0,0.0
Wisconsin,Chippewa,55017,3951148.0,1408664.0,83470.0,81475.0,4554.0,332461.0,177.0,0.0,0.0,0.0
Wisconsin,Clark,55019,3026140.47,560740.0,85649.0,112667.17,336033.0,439688.0,25885.0,0.0,0.0,0.0
Wisconsin,Columbia,55021,8092653.76,8022581.63,205194.0,150643.0,56151.0,16554.0,24.0,0.0,0.0,0.0
Wisconsin,Crawford,55023,1844458.25,2104167.0,513649.0,50584.0,0.0,73.0,0.0,0.0,0.0,0.0
Wisconsin,Dane,55025,14983516.35,15938989.0,7575412.51,203527.0,105649.0,10939.0,0.0,0.0,0.0,0.0
Wisconsin,Dodge,55027,8910348.0,8819891.0,3851334.0,307383.0,29043.0,68118.0,0.0,0.0,0.0,0.0
Wisconsin,Door,55029,1282561.0,359608.0,49996.0,33941.0,157434.56,152167.0,0.0,0.0,0.0,0.0
Wisconsin,Douglas,55031,17864.0,6363.0,885.0,1275.0,438.0,0.0,0.0,0.0,0.0,0.0
Wisconsin,Dunn,55033,5462384.0,3700887.0,85926.0,371.0,144959.0,270557.0,844.0,0.0,0.0,0.0
Wisconsin,Eau Claire,55035,2306120.5,1336980.0,268394.0,44132.0,1083.0,35477.0,5787.0,0.0,0.0,0.0
Wisconsin,Florence,55037,21653.0,22473.0,8146.0,18266.0,414.0,411.0,0.0,0.0,0.0,0.0
Wisconsin,Fond du Lac,55039,6838683.11,5651819.0,2361129.31,303923.0,97.0,102292.0,0.0,0.0,0.0,0.0
Wisconsin,Forest,55041,3691.0,2206.0,2297.0,6481.0,2664.0,6141.0,0.0,0.0,0.0,0.0
Wisconsin,Grant,55043,10492491.67,11728944.0,231759.0,220871.0,55037.0,94953.0,0.0,0.0,0.0,0.0
Wisconsin,Green,55045,7124691.88,8400803.64,176833.0,160767.44999999998,32727.0,23442.0,234.0,0.0,0.0,0.0
Wisconsin,Green Lake,55047,2540640.35,2605052.0,1217191.0,157457.0,23619.0,32115.0,441.0,0.0,0.0,0.0
Wisconsin,Iowa,55049,4547532.0,5749854.0,692450.0,61844.0,17223.0,65844.0,23.0,0.0,0.0,0.0
Wisconsin,Iron,55051,13955.0,7247.0,671.0,11568.0,210.0,0.0,0.0,0.0,0.0,0.0
Wisconsin,Jackson,55053,2487987.0,2528309.11,43367.0,41562.0,60791.0,55275.0,4.0,0.0,0.0,0.0
Wisconsin,Jefferson,55055,5780573.0,6294131.0,190970.0,927043.0,9281.0,221090.0,5328.0,0.0,0.0,0.0
Wisconsin,Juneau,55057,2455420.0,1906985.0,30345.0,113864.0,425298.0,319698.0,320.0,0.0,0.0,315.0
Wisconsin,Kenosha,55059,2101744.0,2615719.71,2262965.0,304613.0,8205.0,195448.0,2022.0,0.0,0.0,0.0
Wisconsin,Kewaunee,55061,2453892.0,503155.0,1045360.0,109059.0,37.0,568966.0,9268.0,0.0,0.0,0.0
Wisconsin,La Crosse,55063,2042020.0,2199221.0,1428791.0,6410.35,160459.98,1489.0,258.0,0.0,0.0,0.0
Wisconsin,Lafayette,55065,9190280.8,9798688.0,2060329.37,69736.0,47678.0,53327.0,0.0,0.0,0.0,0.0
Wisconsin,Langlade,55067,517866.0,604633.0,117089.0,109838.0,17176.0,83724.0,27636.0,0.0,0.0,18017.0
Wisconsin,Lincoln,55069,241469.0,66955.0,10115.0,21559.0,13734.0,82588.0,3101.0,0.0,0.0,0.0
Wisconsin,Manitowoc,55071,4557295.0,4074165.0,769382.0,383021.0,8333.0,727270.0,53954.0,0.0,0.0,0.0
Wisconsin,Marathon,55073,3680766.8000000003,1389835.0,93040.0,114678.0,88316.0,2248911.99,16068.0,23.0,0.0,71.0
Wisconsin,Marinette,55075,1810615.0,1830590.0,1325464.7,1268351.0,4.0,103865.34,2448.0,0.0,0.0,0.0
Wisconsin,Marquette,55077,427506.0,1584836.45,21181.0,14011.0,67980.0,8529.0,0.0,0.0,0.0,0.0
Wisconsin,Menominee,55078,2798.0,3038.0,1240.0,1082.0,0.0,68.0,0.0,0.0,0.0,0.0
Wisconsin,Milwaukee,55079,71276.0,79682.0,56091.0,20154.0,343.0,327.0,0.0,0.0,0.0,0.0
Wisconsin,Monroe,55081,2836459.0,1387181.03,62190.0,58444.0,42964.0,50682.0,0.0,0.0,0.0,0.0
Wisconsin,Oconto,55083,3668685.6999999997,3722816.0,1444949.48,2226494.79,19503.0,232004.0,362.0,0.0,0.0,0.0
Wisconsin,Oneida,55085,7789.0,5264.0,14999.0,10152.0,26.0,9910.0,721.0,0.0,0.0,39.0
Wisconsin,Outagamie,55087,6623259.75,4179249.17,75683.0,79379.0,3294.0,1291609.0,474.0,0.0,0.0,0.0
Wisconsin,Ozaukee,55089,1284822.0,89198.0,110966.0,107525.0,554.0,161867.0,3021.0,0.0,0.0,0.0
Wisconsin,Pepin,55091,2135938.88,1193533.0,156920.5,20049.0,3.0,2414.0,0.0,0.0,0.0,0.0
Wisconsin,Pierce,55093,5879355.74,3394153.0,92973.0,79494.0,59.0,67.0,47.0,0.0,0.0,0.0
Wisconsin,Polk,55095,4076582.34,734121.0,61142.0,3698.0,117414.0,31442.0,0.0,0.0,0.0,34403.0
Wisconsin,Portage,55097,2522629.0,1833612.0,583698.0,83403.0,325371.0,721158.0,306.0,0.0,0.0,19930.0
Wisconsin,Price,55099,128685.0,128778.0,72732.0,89092.0,1349.0,1817.0,2494.0,313.0,0.0,0.0
Wisconsin,Racine,55101,2901966.26,2843071.0,1882329.0,630033.0,10499.0,261617.0,11356.0,0.0,0.0,0.0
Wisconsin,Richland,55103,2062535.91,2172803.0,867992.0,32025.0,89635.0,40093.0,3443.0,0.0,0.0,0.0
Wisconsin,Rock,55105,10537018.0,13673345.56,2590518.88,64653.0,8301.0,131878.0,768.0,0.0,0.0,0.0
Wisconsin,Rusk,55107,823661.0,745850.0,24341.0,31903.0,37967.0,22096.0,245.0,8.0,0.0,0.0
Wisconsin,St. Croix,55109,7058315.37,4535547.27,417677.42,16884.0,37.0,2998.0,0.0,2087.0,0.0,769.0
Wisconsin,Sauk,55111,4637976.12,4587996.0,78663.0,117128.12,3886.0,35881.0,1223.0,0.0,0.0,0.0
Wisconsin,Sawyer,55113,143557.0,140922.0,4564.0,3898.0,182.0,4295.0,86.0,0.0,0.0,0.0
Wisconsin,Shawano,55115,4235254.76,4322933.0,1168306.4,273389.0,74482.0,986678.0,718.0,0.0,0.0,0.0
Wisconsin,Sheboygan,55117,3458684.0,2830665.0,567823.0,255160.0,4750.0,380734.0,2277.0,0.0,0.0,0.0
Wisconsin,Taylor,55119,1904019.0,704325.0,58336.0,1370643.87,11885.0,193888.0,29128.0,1903.0,0.0,0.0
Wisconsin,Trempealeau,55121,4551327.47,4749232.63,854935.0,51187.0,416086.0,6580.0,92.0,0.0,0.0,0.0
Wisconsin,Vernon,55123,3539248.2,3904323.05,89243.0,86550.0,104.0,62048.0,0.0,0.0,0.0,0.0
Wisconsin,Vilas,55125,899.0,456.0,93.0,914.0,0.0,0.0,271.0,0.0,0.0,0.0
Wisconsin,Walworth,55127,4653259.99,8899003.0,7561105.32,1105546.25,59.0,545977.0,343.0,0.0,0.0,0.0
Wisconsin,Washburn,55129,636347.0,16805.0,14300.0,8551.0,1895.0,1802.0,60.0,0.0,0.0,87355.0
Wisconsin,Washington,55131,1897823.0,127114.0,105623.0,147781.0,158918.0,159834.0,0.0,0.0,0.0,0.0
Wisconsin,Waukesha,55133,1494132.56,2491100.0,1116269.77,13259.0,55428.0,14398.0,2964.0,0.0,0.0,0.0
Wisconsin,Waupaca,55135,3617963.0,2900905.0,1191938.0,40498.0,23692.0,302657.0,0.0,0.0,0.0,0.0
Wisconsin,Waushara,55137,726318.13,399845.0,217272.0,3096.0,10927.0,40795.0,11.0,0.0,0.0,0.0
Wisconsin,Winnebago,55139,3443894.0,3426896.0,3284533.82,174557.0,0.0,744951.0,833.0,0.0,0.0,0.0
Wisconsin,Wood,55141,2033669.0,1033883.0,42623.0,1338785.0,155383.0,778464.55,3645.0,0.0,0.0,0.0
Wyoming,Albany,56001,0.0,0.0,0.0,0.0,0.0,0.0,0.0,0.0,0.0,0.0
Wyoming,Big Horn,56003,401669.0,397734.0,5821.0,40134.0,4037.0,0.0,0.0,871.0,0.0,0.0
Wyoming,Campbell,56005,0.0,0.0,0.0,0.0,0.0,0.0,0.0,0.0,0.0,0.0
Wyoming,Carbon,56007,0.0,35004.0,33709.0,9047.0,0.0,765.0,618.0,0.0,0.0,0.0
Wyoming,Converse,56009,17371.0,33151.0,26337.0,0.0,163.0,3432.0,0.0,0.0,0.0,0.0
Wyoming,Crook,56011,4739.0,28108.0,23563.0,19980.0,4240.0,2349.0,6752.0,939.0,24.0,623.0
Wyoming,Fremont,56013,0.0,896.0,484.0,165.0,0.0,0.0,0.0,0.0,0.0,0.0
Wyoming,Goshen,56015,681443.4299999999,382330.0,2293007.31,116202.0,199.0,645038.32,1337.0,1841.0,36563.0,27789.0
Wyoming,Hot Springs,56017,1912.0,1545.0,1887.0,0.0,0.0,0.0,0.0,0.0,0.0,0.0
Wyoming,Johnson,56019,8585.0,8657.0,7907.0,130.0,0.0,0.0,0.0,0.0,0.0,0.0
Wyoming,Laramie,56021,538923.0,202295.0,697016.0,132728.0,14675.0,0.0,8234.0,5028.0,18822.0,97.0
Wyoming,Lincoln,56023,135.0,0.0,0.0,0.0,517.0,0.0,0.0,0.0,0.0,0.0
Wyoming,Natrona,56025,33677.0,39634.0,37128.0,3722.0,5597.0,8262.0,294.0,0.0,6711.0,0.0
Wyoming,Niobrara,56027,2804.0,2249.0,5521.0,8187.0,6661.0,40312.0,27968.0,22245.0,19677.0,0.0
Wyoming,Park,56029,89154.0,46255.0,47330.0,950.0,0.0,31874.0,10991.0,16717.0,9252.0,6379.0
Wyoming,Platte,56031,197482.0,38267.0,38428.0,33339.0,19.0,503.0,1690.0,0.0,2555.0,0.0
Wyoming,Sheridan,56033,0.0,0.0,0.0,0.0,0.0,0.0,0.0,0.0,0.0,0.0
Wyoming,Sublette,56035,0.0,0.0,0.0,0.0,0.0,0.0,0.0,0.0,0.0,0.0
Wyoming,Sweetwater,56037,0.0,0.0,0.0,0.0,0.0,0.0,0.0,0.0,0.0,0.0
Wyoming,Teton,56039,0.0,0.0,0.0,0.0,0.0,0.0,0.0,0.0,0.0,0.0
Wyoming,Uinta,56041,0.0,0.0,0.0,0.0,0.0,0.0,0.0,0.0,0.0,0.0
Wyoming,Washakie,56043,78313.0,10459.0,0.0,0.0,0.0,0.0,0.0,0.0,0.0,0.0
Wyoming,Weston,56045,40960.0,39662.0,76120.0,37979.0,89.0,322.0,9515.0,4081.0,11978.0,7150.0
American Samoa,Eastern,60010,0.0,0.0,0.0,0.0,0.0,0.0,0.0,0.0,0.0,0.0
American Samoa,Manu'a,60020,0.0,0.0,0.0,0.0,0.0,0.0,0.0,0.0,0.0,0.0
American Samoa,Rose Island,60030,0.0,0.0,0.0,0.0,0.0,0.0,0.0,0.0,0.0,0.0
American Samoa,Swains Island,60040,0.0,0.0,0.0,0.0,0.0,0.0,0.0,0.0,0.0,0.0
American Samoa,Western,60050,0.0,0.0,0.0,0.0,0.0,0.0,0.0,0.0,0.0,0.0
Guam,Guam,66010,0.0,0.0,0.0,0.0,0.0,0.0,0.0,0.0,0.0,0.0
,Northern Islands,00085,0.0,0.0,0.0,0.0,0.0,0.0,0.0,0.0,0.0,0.0
,Rota,00100,0.0,0.0,0.0,0.0,0.0,0.0,0.0,0.0,0.0,0.0
,Saipan,00110,0.0,0.0,0.0,0.0,0.0,0.0,0.0,0.0,0.0,0.0
,Tinian,00120,0.0,0.0,0.0,0.0,0.0,0.0,0.0,0.0,0.0,0.0
Puerto Rico,Adjuntas,72001,0.0,0.0,0.0,0.0,0.0,0.0,0.0,0.0,0.0,0.0
Puerto Rico,Aguada,72003,0.0,0.0,0.0,0.0,0.0,0.0,0.0,0.0,0.0,0.0
Puerto Rico,Aguadilla,72005,0.0,0.0,0.0,0.0,0.0,0.0,0.0,0.0,0.0,0.0
Puerto Rico,Aguas Buenas,72007,0.0,0.0,0.0,0.0,0.0,0.0,0.0,0.0,0.0,0.0
Puerto Rico,Aibonito,72009,0.0,0.0,0.0,0.0,0.0,0.0,0.0,0.0,0.0,0.0
Puerto Rico,Anasco,72011,0.0,0.0,0.0,0.0,0.0,0.0,0.0,0.0,0.0,0.0
Puerto Rico,Arecibo,72013,0.0,0.0,0.0,0.0,0.0,0.0,0.0,0.0,0.0,0.0
Puerto Rico,Arroyo,72015,0.0,0.0,0.0,0.0,0.0,0.0,0.0,0.0,0.0,0.0
Puerto Rico,Barceloneta,72017,0.0,0.0,0.0,0.0,0.0,0.0,0.0,0.0,0.0,0.0
Puerto Rico,Barranquitas,72019,0.0,0.0,0.0,0.0,0.0,0.0,0.0,0.0,0.0,0.0
Puerto Rico,Bayamon,72021,0.0,0.0,0.0,0.0,0.0,0.0,0.0,0.0,0.0,0.0
Puerto Rico,Cabo Rojo,72023,0.0,0.0,0.0,0.0,0.0,0.0,0.0,0.0,0.0,0.0
Puerto Rico,Caguas,72025,0.0,0.0,0.0,0.0,0.0,0.0,0.0,0.0,0.0,0.0
Puerto Rico,Camuy,72027,0.0,0.0,0.0,0.0,0.0,0.0,0.0,0.0,0.0,0.0
Puerto Rico,Canovanas,72029,0.0,0.0,0.0,0.0,0.0,0.0,0.0,0.0,0.0,0.0
Puerto Rico,Carolina,72031,0.0,0.0,0.0,0.0,0.0,0.0,0.0,0.0,0.0,0.0
Puerto Rico,Catano,72033,0.0,0.0,0.0,0.0,0.0,0.0,0.0,0.0,0.0,0.0
Puerto Rico,Cayey,72035,0.0,0.0,0.0,0.0,0.0,0.0,0.0,0.0,0.0,0.0
Puerto Rico,Ceiba,72037,0.0,0.0,0.0,0.0,0.0,0.0,0.0,0.0,0.0,0.0
Puerto Rico,Ciales,72039,0.0,0.0,0.0,0.0,0.0,0.0,0.0,0.0,0.0,0.0
Puerto Rico,Cidra,72041,0.0,0.0,0.0,0.0,0.0,0.0,0.0,0.0,0.0,0.0
Puerto Rico,Coamo,72043,0.0,0.0,0.0,0.0,0.0,0.0,0.0,0.0,0.0,0.0
Puerto Rico,Comerio,72045,0.0,0.0,0.0,0.0,0.0,0.0,0.0,0.0,0.0,0.0
Puerto Rico,Corozal,72047,0.0,0.0,0.0,0.0,0.0,0.0,0.0,0.0,0.0,0.0
Puerto Rico,Culebra,72049,0.0,0.0,0.0,0.0,0.0,0.0,0.0,0.0,0.0,0.0
Puerto Rico,Dorado,72051,0.0,0.0,0.0,0.0,0.0,0.0,0.0,0.0,0.0,0.0
Puerto Rico,Fajardo,72053,0.0,0.0,0.0,0.0,0.0,0.0,0.0,0.0,0.0,0.0
Puerto Rico,Florida,72054,0.0,0.0,0.0,0.0,0.0,0.0,0.0,0.0,0.0,0.0
Puerto Rico,Guanica,72055,0.0,0.0,0.0,0.0,0.0,0.0,0.0,0.0,0.0,0.0
Puerto Rico,Guayama,72057,0.0,0.0,0.0,0.0,0.0,0.0,0.0,0.0,0.0,0.0
Puerto Rico,Guayanilla,72059,0.0,0.0,0.0,0.0,0.0,0.0,0.0,0.0,0.0,0.0
Puerto Rico,Guaynabo,72061,0.0,0.0,0.0,0.0,0.0,0.0,0.0,0.0,0.0,0.0
Puerto Rico,Gurabo,72063,0.0,0.0,0.0,0.0,0.0,0.0,0.0,0.0,0.0,0.0
Puerto Rico,Hatillo,72065,0.0,0.0,0.0,0.0,0.0,0.0,0.0,0.0,0.0,0.0
Puerto Rico,Hormigueros,72067,0.0,0.0,0.0,0.0,0.0,0.0,0.0,0.0,0.0,0.0
Puerto Rico,Humacao,72069,0.0,0.0,0.0,0.0,0.0,0.0,0.0,0.0,0.0,0.0
Puerto Rico,Isabela,72071,0.0,0.0,0.0,0.0,0.0,0.0,0.0,0.0,0.0,0.0
Puerto Rico,Jayuya,72073,0.0,0.0,0.0,0.0,0.0,0.0,0.0,0.0,0.0,0.0
Puerto Rico,Juana Diaz,72075,0.0,0.0,0.0,0.0,0.0,0.0,0.0,0.0,0.0,0.0
Puerto Rico,Juncos,72077,0.0,0.0,0.0,0.0,0.0,0.0,0.0,0.0,0.0,0.0
Puerto Rico,Lajas,72079,0.0,0.0,0.0,0.0,0.0,0.0,0.0,0.0,0.0,0.0
Puerto Rico,Lares,72081,0.0,0.0,0.0,0.0,0.0,0.0,0.0,0.0,0.0,0.0
Puerto Rico,Las Marias,72083,0.0,0.0,0.0,0.0,0.0,0.0,0.0,0.0,0.0,0.0
Puerto Rico,Las Piedras,72085,0.0,0.0,0.0,0.0,0.0,0.0,0.0,0.0,0.0,0.0
Puerto Rico,Loiza,72087,0.0,0.0,0.0,0.0,0.0,0.0,0.0,0.0,0.0,0.0
Puerto Rico,Luquillo,72089,0.0,0.0,0.0,0.0,0.0,0.0,0.0,0.0,0.0,0.0
Puerto Rico,Manati,72091,0.0,0.0,0.0,0.0,0.0,0.0,0.0,0.0,0.0,0.0
Puerto Rico,Maricao,72093,0.0,0.0,0.0,0.0,0.0,0.0,0.0,0.0,0.0,0.0
Puerto Rico,Maunabo,72095,0.0,0.0,0.0,0.0,0.0,0.0,0.0,0.0,0.0,0.0
Puerto Rico,Mayaguez,72097,0.0,0.0,0.0,0.0,0.0,0.0,0.0,0.0,0.0,0.0
Puerto Rico,Moca,72099,0.0,0.0,0.0,0.0,0.0,0.0,0.0,0.0,0.0,0.0
Puerto Rico,Morovis,72101,0.0,0.0,0.0,0.0,0.0,0.0,0.0,0.0,0.0,0.0
Puerto Rico,Naguabo,72103,0.0,0.0,0.0,0.0,0.0,0.0,0.0,0.0,0.0,0.0
Puerto Rico,Naranjito,72105,0.0,0.0,0.0,0.0,0.0,0.0,0.0,0.0,0.0,0.0
Puerto Rico,Orocovis,72107,0.0,0.0,0.0,0.0,0.0,0.0,0.0,0.0,0.0,0.0
Puerto Rico,Patillas,72109,0.0,0.0,0.0,0.0,0.0,0.0,0.0,0.0,0.0,0.0
Puerto Rico,Penuelas,72111,0.0,0.0,0.0,0.0,0.0,0.0,0.0,0.0,0.0,0.0
Puerto Rico,Ponce,72113,0.0,0.0,0.0,0.0,0.0,0.0,0.0,0.0,0.0,0.0
Puerto Rico,Quebradillas,72115,0.0,0.0,0.0,0.0,0.0,0.0,0.0,0.0,0.0,0.0
Puerto Rico,Rincon,72117,0.0,0.0,0.0,0.0,0.0,0.0,0.0,0.0,0.0,0.0
Puerto Rico,Rio Grande,72119,0.0,0.0,0.0,0.0,0.0,0.0,0.0,0.0,0.0,0.0
Puerto Rico,Sabana Grande,72121,0.0,0.0,0.0,0.0,0.0,0.0,0.0,0.0,0.0,0.0
Puerto Rico,Salinas,72123,0.0,0.0,0.0,0.0,0.0,0.0,0.0,0.0,0.0,0.0
Puerto Rico,San German,72125,0.0,0.0,0.0,0.0,0.0,0.0,0.0,0.0,0.0,0.0
Puerto Rico,San Juan,72127,0.0,0.0,0.0,0.0,0.0,0.0,0.0,0.0,0.0,0.0
Puerto Rico,San Lorenzo,72129,0.0,0.0,0.0,0.0,0.0,0.0,0.0,0.0,0.0,0.0
Puerto Rico,San Sebastian,72131,0.0,0.0,0.0,0.0,0.0,0.0,0.0,0.0,0.0,0.0
Puerto Rico,Santa Isabel,72133,0.0,0.0,0.0,0.0,0.0,0.0,0.0,0.0,0.0,0.0
Puerto Rico,Toa Alta,72135,0.0,0.0,0.0,0.0,0.0,0.0,0.0,0.0,0.0,0.0
Puerto Rico,Toa Baja,72137,0.0,0.0,0.0,0.0,0.0,0.0,0.0,0.0,0.0,0.0
Puerto Rico,Trujillo Alto,72139,0.0,0.0,0.0,0.0,0.0,0.0,0.0,0.0,0.0,0.0
Puerto Rico,Utuado,72141,0.0,0.0,0.0,0.0,0.0,0.0,0.0,0.0,0.0,0.0
Puerto Rico,Vega Alta,72143,0.0,0.0,0.0,0.0,0.0,0.0,0.0,0.0,0.0,0.0
Puerto Rico,Vega Baja,72145,0.0,0.0,0.0,0.0,0.0,0.0,0.0,0.0,0.0,0.0
Puerto Rico,Vieques,72147,0.0,0.0,0.0,0.0,0.0,0.0,0.0,0.0,0.0,0.0
Puerto Rico,Villalba,72149,0.0,0.0,0.0,0.0,0.0,0.0,0.0,0.0,0.0,0.0
Puerto Rico,Yabucoa,72151,0.0,0.0,0.0,0.0,0.0,0.0,0.0,0.0,0.0,0.0
Puerto Rico,Yauco,72153,0.0,0.0,0.0,0.0,0.0,0.0,0.0,0.0,0.0,0.0
,Midway Islands,00300,0.0,0.0,0.0,0.0,0.0,0.0,0.0,0.0,0.0,0.0
Virgin Islands,St. Croix,78010,0.0,0.0,0.0,0.0,0.0,0.0,0.0,0.0,0.0,0.0
Virgin Islands,St. John,78020,0.0,0.0,0.0,0.0,0.0,0.0,0.0,0.0,0.0,0.0
Virgin Islands,St. Thomas,78030,0.0,0.0,0.0,0.0,0.0,0.0,0.0,0.0,0.0,0.0
Alaska,Fairbanks,02001,0.0,0.0,0.0,0.0,0.0,0.0,0.0,0.0,0.0,0.0
Alaska,Delta,02002,0.0,0.0,0.0,0.0,0.0,0.0,0.0,0.0,0.0,0.0
Alaska,Homer,02003,0.0,0.0,0.0,0.0,0.0,0.0,0.0,0.0,0.0,0.0
Alaska,Palmer,02005,0.0,0.0,0.0,0.0,0.0,0.0,0.0,0.0,0.0,0.0
Florida,Dade/Monroe,12025,0.0,0.0,0.0,0.0,0.0,0.0,0.0,0.0,0.0,0.0
Guam,Guam,14001,0.0,0.0,0.0,0.0,0.0,0.0,0.0,0.0,0.0,0.0
American Samoa,American Samoa,60001,0.0,0.0,0.0,0.0,0.0,0.0,0.0,0.0,0.0,0.0
Nevada,Southeast Nye,32035,0.0,0.0,0.0,0.0,0.0,0.0,0.0,0.0,0.0,0.0
