State Name,County Name,County FIPS,2014,2015,2016,2017,2018,2019,2020,2021,2022,2023
Alabama,Autauga,01001,0.0,0.0,0.0,0.0,0.0,0.0,0.0,0.0,0.0,0.0
Alabama,Baldwin,01003,0.0,0.0,0.0,0.0,0.0,0.0,0.0,0.0,0.0,0.0
Alabama,Barbour,01005,0.0,0.0,0.0,0.0,0.0,0.0,0.0,0.0,0.0,0.0
Alabama,Bibb,01007,0.0,0.0,0.0,0.0,0.0,0.0,0.0,0.0,0.0,0.0
Alabama,Blount,01009,0.0,0.0,0.0,0.0,0.0,0.0,0.0,0.0,0.0,0.0
Alabama,Bullock,01011,0.0,0.0,0.0,0.0,0.0,0.0,0.0,0.0,0.0,0.0
Alabama,Butler,01013,0.0,0.0,0.0,0.0,0.0,0.0,0.0,0.0,0.0,0.0
Alabama,Calhoun,01015,0.0,0.0,0.0,0.0,0.0,0.0,0.0,0.0,0.0,0.0
Alabama,Chambers,01017,0.0,0.0,0.0,0.0,0.0,0.0,0.0,0.0,0.0,0.0
Alabama,Cherokee,01019,0.0,0.0,0.0,0.0,0.0,0.0,0.0,0.0,0.0,0.0
Alabama,Chilton,01021,0.0,0.0,0.0,0.0,0.0,0.0,0.0,0.0,0.0,0.0
Alabama,Choctaw,01023,0.0,0.0,0.0,0.0,0.0,0.0,0.0,0.0,0.0,0.0
Alabama,Clarke,01025,0.0,0.0,0.0,0.0,0.0,0.0,0.0,0.0,0.0,0.0
Alabama,Clay,01027,0.0,0.0,0.0,0.0,0.0,0.0,0.0,0.0,0.0,0.0
Alabama,Cleburne,01029,0.0,0.0,0.0,0.0,0.0,0.0,0.0,0.0,0.0,0.0
Alabama,Coffee,01031,0.0,0.0,0.0,0.0,0.0,0.0,0.0,0.0,0.0,0.0
Alabama,Colbert,01033,0.0,0.0,0.0,0.0,0.0,0.0,0.0,0.0,0.0,0.0
Alabama,Conecuh,01035,0.0,0.0,0.0,0.0,0.0,0.0,0.0,0.0,0.0,0.0
Alabama,Coosa,01037,0.0,0.0,0.0,0.0,0.0,0.0,0.0,0.0,0.0,0.0
Alabama,Covington,01039,0.0,0.0,0.0,0.0,0.0,0.0,0.0,0.0,0.0,0.0
Alabama,Crenshaw,01041,0.0,0.0,0.0,0.0,0.0,0.0,0.0,0.0,0.0,0.0
Alabama,Cullman,01043,0.0,0.0,0.0,0.0,0.0,0.0,0.0,0.0,0.0,0.0
Alabama,Dale,01045,0.0,0.0,0.0,0.0,0.0,0.0,0.0,0.0,0.0,0.0
Alabama,Dallas,01047,0.0,0.0,0.0,0.0,0.0,0.0,0.0,0.0,0.0,0.0
Alabama,DeKalb,01049,0.0,0.0,0.0,0.0,0.0,0.0,0.0,0.0,0.0,0.0
Alabama,Elmore,01051,0.0,0.0,0.0,0.0,0.0,0.0,0.0,0.0,0.0,0.0
Alabama,Escambia,01053,0.0,0.0,0.0,0.0,0.0,0.0,0.0,0.0,0.0,0.0
Alabama,Etowah,01055,0.0,0.0,0.0,0.0,0.0,0.0,0.0,0.0,0.0,0.0
Alabama,Fayette,01057,0.0,0.0,0.0,0.0,0.0,0.0,0.0,0.0,0.0,0.0
Alabama,Franklin,01059,0.0,0.0,0.0,0.0,0.0,0.0,0.0,0.0,0.0,0.0
Alabama,Geneva,01061,0.0,0.0,0.0,0.0,0.0,0.0,0.0,0.0,0.0,0.0
Alabama,Greene,01063,0.0,0.0,0.0,0.0,0.0,0.0,0.0,0.0,0.0,0.0
Alabama,Hale,01065,0.0,0.0,0.0,0.0,0.0,0.0,0.0,0.0,0.0,0.0
Alabama,Henry,01067,0.0,0.0,0.0,0.0,0.0,0.0,0.0,0.0,0.0,0.0
Alabama,Houston,01069,0.0,0.0,0.0,0.0,0.0,0.0,0.0,0.0,0.0,0.0
Alabama,Jackson,01071,0.0,0.0,0.0,0.0,0.0,0.0,0.0,0.0,0.0,0.0
Alabama,Jefferson,01073,0.0,0.0,0.0,0.0,0.0,0.0,0.0,0.0,0.0,0.0
Alabama,Lamar,01075,0.0,0.0,0.0,0.0,0.0,0.0,0.0,0.0,0.0,0.0
Alabama,Lauderdale,01077,0.0,0.0,0.0,0.0,0.0,0.0,0.0,0.0,0.0,0.0
Alabama,Lawrence,01079,0.0,0.0,0.0,0.0,0.0,0.0,0.0,0.0,0.0,0.0
Alabama,Lee,01081,0.0,0.0,0.0,0.0,0.0,0.0,0.0,0.0,0.0,0.0
Alabama,Limestone,01083,0.0,9673.0,0.0,0.0,0.0,0.0,0.0,0.0,0.0,0.0
Alabama,Lowndes,01085,0.0,0.0,0.0,0.0,0.0,0.0,0.0,0.0,0.0,0.0
Alabama,Macon,01087,0.0,0.0,0.0,0.0,0.0,0.0,0.0,0.0,0.0,0.0
Alabama,Madison,01089,0.0,0.0,0.0,0.0,0.0,0.0,0.0,0.0,0.0,0.0
Alabama,Marengo,01091,0.0,0.0,0.0,0.0,0.0,0.0,0.0,0.0,0.0,0.0
Alabama,Marion,01093,0.0,0.0,0.0,0.0,0.0,0.0,0.0,0.0,0.0,0.0
Alabama,Marshall,01095,0.0,0.0,0.0,0.0,0.0,0.0,0.0,0.0,0.0,0.0
Alabama,Mobile,01097,0.0,0.0,0.0,0.0,0.0,0.0,0.0,0.0,0.0,0.0
Alabama,Monroe,01099,0.0,0.0,0.0,0.0,0.0,0.0,0.0,0.0,0.0,0.0
Alabama,Montgomery,01101,0.0,0.0,0.0,0.0,0.0,0.0,0.0,0.0,0.0,0.0
Alabama,Morgan,01103,0.0,0.0,0.0,0.0,0.0,0.0,0.0,0.0,0.0,0.0
Alabama,Perry,01105,0.0,0.0,0.0,0.0,0.0,0.0,0.0,0.0,0.0,0.0
Alabama,Pickens,01107,0.0,0.0,0.0,0.0,0.0,0.0,0.0,0.0,0.0,0.0
Alabama,Pike,01109,0.0,0.0,0.0,0.0,0.0,0.0,0.0,0.0,0.0,0.0
Alabama,Randolph,01111,0.0,0.0,0.0,0.0,0.0,0.0,0.0,0.0,0.0,0.0
Alabama,Russell,01113,0.0,0.0,0.0,0.0,0.0,0.0,0.0,0.0,0.0,0.0
Alabama,St. Clair,01115,0.0,0.0,0.0,0.0,0.0,0.0,0.0,0.0,0.0,0.0
Alabama,Shelby,01117,0.0,0.0,0.0,0.0,0.0,0.0,0.0,0.0,0.0,0.0
Alabama,Sumter,01119,0.0,0.0,0.0,0.0,0.0,0.0,0.0,0.0,0.0,0.0
Alabama,Talladega,01121,0.0,0.0,0.0,0.0,0.0,0.0,0.0,0.0,0.0,0.0
Alabama,Tallapoosa,01123,0.0,0.0,0.0,0.0,0.0,0.0,0.0,0.0,0.0,0.0
Alabama,Tuscaloosa,01125,0.0,0.0,0.0,0.0,0.0,0.0,0.0,0.0,0.0,0.0
Alabama,Walker,01127,0.0,0.0,0.0,0.0,0.0,0.0,0.0,0.0,0.0,0.0
Alabama,Washington,01129,0.0,0.0,0.0,0.0,0.0,0.0,0.0,0.0,0.0,0.0
Alabama,Wilcox,01131,0.0,0.0,0.0,0.0,0.0,0.0,0.0,0.0,0.0,0.0
Alabama,Winston,01133,0.0,0.0,0.0,0.0,0.0,0.0,0.0,0.0,0.0,0.0
Alaska,Aleutians East,02013,0.0,0.0,0.0,0.0,0.0,0.0,0.0,0.0,0.0,0.0
Alaska,Aleutians West,02016,0.0,0.0,0.0,0.0,0.0,0.0,0.0,0.0,0.0,0.0
Alaska,Anchorage,02020,0.0,0.0,0.0,0.0,0.0,0.0,0.0,0.0,0.0,0.0
Alaska,Bethel,02050,0.0,0.0,0.0,0.0,0.0,0.0,0.0,0.0,0.0,0.0
Alaska,Bristol Bay,02060,0.0,0.0,0.0,0.0,0.0,0.0,0.0,0.0,0.0,0.0
Alaska,Denali,02068,0.0,0.0,0.0,0.0,0.0,0.0,0.0,0.0,0.0,0.0
Alaska,Dillingham,02070,0.0,0.0,0.0,0.0,0.0,0.0,0.0,0.0,0.0,0.0
Alaska,Fairbanks North Star,02090,0.0,0.0,0.0,0.0,0.0,0.0,0.0,0.0,0.0,0.0
Alaska,Haines,02100,0.0,0.0,0.0,0.0,0.0,0.0,0.0,0.0,0.0,0.0
Alaska,Juneau,02110,0.0,0.0,0.0,0.0,0.0,0.0,0.0,0.0,0.0,0.0
Alaska,Kenai Peninsula,02122,0.0,0.0,0.0,0.0,0.0,0.0,0.0,0.0,0.0,0.0
Alaska,Ketchikan Gateway,02130,0.0,0.0,0.0,0.0,0.0,0.0,0.0,0.0,0.0,0.0
Alaska,Kodiak Island,02150,0.0,0.0,0.0,0.0,0.0,0.0,0.0,0.0,0.0,0.0
Alaska,Lake and Peninsula,02164,0.0,0.0,0.0,0.0,0.0,0.0,0.0,0.0,0.0,0.0
Alaska,Matanuska-Susitna,02170,0.0,0.0,0.0,0.0,0.0,0.0,0.0,0.0,0.0,0.0
Alaska,Nome,02180,0.0,0.0,0.0,0.0,0.0,0.0,0.0,0.0,0.0,0.0
Alaska,North Slope,02185,0.0,0.0,0.0,0.0,0.0,0.0,0.0,0.0,0.0,0.0
Alaska,Northwest Arctic,02188,0.0,0.0,0.0,0.0,0.0,0.0,0.0,0.0,0.0,0.0
Alaska,Prince of Wales-Outer Ketchikan,02201,0.0,0.0,0.0,0.0,0.0,0.0,0.0,0.0,0.0,0.0
Alaska,Sitka,02220,0.0,0.0,0.0,0.0,0.0,0.0,0.0,0.0,0.0,0.0
Alaska,Skagway-Hoonah-Angoon,02232,0.0,0.0,0.0,0.0,0.0,0.0,0.0,0.0,0.0,0.0
Alaska,Southeast Fairbanks,02240,0.0,0.0,0.0,0.0,0.0,0.0,0.0,0.0,0.0,0.0
Alaska,Valdez-Cordova,02261,0.0,0.0,0.0,0.0,0.0,0.0,0.0,0.0,0.0,0.0
Alaska,Wade Hampton,02270,0.0,0.0,0.0,0.0,0.0,0.0,0.0,0.0,0.0,0.0
Alaska,Wrangell-Petersburg,02280,0.0,0.0,0.0,0.0,0.0,0.0,0.0,0.0,0.0,0.0
Alaska,Yakutat,02282,0.0,0.0,0.0,0.0,0.0,0.0,0.0,0.0,0.0,0.0
Alaska,Yukon-Koyukuk,02290,0.0,0.0,0.0,0.0,0.0,0.0,0.0,0.0,0.0,0.0
Arizona,Apache,04001,0.0,0.0,0.0,0.0,0.0,0.0,0.0,0.0,0.0,0.0
Arizona,Cochise,04003,0.0,0.0,0.0,0.0,0.0,0.0,0.0,0.0,0.0,0.0
Arizona,Coconino,04005,0.0,0.0,0.0,0.0,0.0,0.0,0.0,0.0,0.0,0.0
Arizona,Gila,04007,0.0,0.0,0.0,0.0,0.0,0.0,0.0,0.0,0.0,0.0
Arizona,Graham,04009,0.0,0.0,0.0,0.0,0.0,0.0,0.0,0.0,0.0,0.0
Arizona,Greenlee,04011,0.0,0.0,0.0,0.0,0.0,0.0,0.0,0.0,0.0,0.0
Arizona,La Paz,04012,0.0,0.0,0.0,0.0,0.0,0.0,0.0,0.0,0.0,0.0
Arizona,Maricopa,04013,0.0,0.0,0.0,0.0,0.0,0.0,0.0,0.0,0.0,0.0
Arizona,Mohave,04015,0.0,0.0,0.0,0.0,0.0,0.0,0.0,0.0,0.0,0.0
Arizona,Navajo,04017,0.0,0.0,0.0,0.0,0.0,0.0,0.0,0.0,0.0,0.0
Arizona,Pima,04019,0.0,0.0,0.0,0.0,0.0,0.0,0.0,0.0,0.0,0.0
Arizona,Pinal,04021,17470.0,15772.0,24975.0,7144.0,2487.0,0.0,0.0,0.0,0.0,0.0
Arizona,Santa Cruz,04023,0.0,0.0,0.0,0.0,0.0,0.0,0.0,0.0,0.0,0.0
Arizona,Yavapai,04025,0.0,0.0,0.0,0.0,0.0,0.0,0.0,0.0,0.0,0.0
Arizona,Yuma,04027,0.0,0.0,0.0,0.0,0.0,0.0,0.0,0.0,0.0,0.0
Arkansas,Arkansas,05001,0.0,0.0,0.0,0.0,0.0,0.0,0.0,0.0,0.0,0.0
Arkansas,Ashley,05003,0.0,0.0,0.0,0.0,0.0,0.0,0.0,0.0,0.0,0.0
Arkansas,Baxter,05005,0.0,0.0,0.0,0.0,0.0,0.0,0.0,0.0,0.0,0.0
Arkansas,Benton,05007,0.0,0.0,0.0,0.0,0.0,0.0,0.0,0.0,0.0,0.0
Arkansas,Boone,05009,0.0,0.0,0.0,0.0,0.0,0.0,0.0,0.0,0.0,0.0
Arkansas,Bradley,05011,0.0,0.0,0.0,0.0,0.0,0.0,0.0,0.0,0.0,0.0
Arkansas,Calhoun,05013,0.0,0.0,0.0,0.0,0.0,0.0,0.0,0.0,0.0,0.0
Arkansas,Carroll,05015,0.0,0.0,0.0,0.0,0.0,0.0,0.0,0.0,0.0,0.0
Arkansas,Chicot,05017,0.0,0.0,0.0,0.0,0.0,0.0,0.0,0.0,0.0,0.0
Arkansas,Clark,05019,0.0,0.0,0.0,0.0,0.0,0.0,0.0,0.0,0.0,0.0
Arkansas,Clay,05021,0.0,0.0,0.0,0.0,0.0,0.0,0.0,0.0,0.0,0.0
Arkansas,Cleburne,05023,0.0,0.0,0.0,0.0,0.0,0.0,0.0,0.0,0.0,0.0
Arkansas,Cleveland,05025,0.0,0.0,0.0,0.0,0.0,0.0,0.0,0.0,0.0,0.0
Arkansas,Columbia,05027,0.0,0.0,0.0,0.0,0.0,0.0,0.0,0.0,0.0,0.0
Arkansas,Conway,05029,0.0,0.0,0.0,0.0,0.0,14404.0,16916.0,0.0,0.0,0.0
Arkansas,Craighead,05031,1869.0,0.0,0.0,84.0,0.0,0.0,0.0,0.0,0.0,0.0
Arkansas,Crawford,05033,0.0,0.0,0.0,0.0,0.0,0.0,0.0,0.0,0.0,0.0
Arkansas,Crittenden,05035,0.0,0.0,0.0,0.0,0.0,0.0,8182.0,0.0,48332.0,0.0
Arkansas,Cross,05037,0.0,0.0,0.0,0.0,0.0,0.0,0.0,0.0,0.0,0.0
Arkansas,Dallas,05039,0.0,0.0,0.0,0.0,0.0,0.0,0.0,0.0,0.0,0.0
Arkansas,Desha,05041,0.0,0.0,0.0,0.0,0.0,0.0,0.0,0.0,0.0,0.0
Arkansas,Drew,05043,0.0,0.0,0.0,0.0,0.0,0.0,0.0,0.0,0.0,0.0
Arkansas,Faulkner,05045,0.0,0.0,0.0,0.0,0.0,0.0,0.0,0.0,0.0,0.0
Arkansas,Franklin,05047,0.0,0.0,0.0,0.0,0.0,0.0,0.0,0.0,0.0,0.0
Arkansas,Fulton,05049,0.0,0.0,0.0,0.0,0.0,0.0,0.0,0.0,0.0,0.0
Arkansas,Garland,05051,0.0,0.0,0.0,0.0,0.0,0.0,0.0,0.0,0.0,0.0
Arkansas,Grant,05053,0.0,0.0,0.0,0.0,0.0,0.0,0.0,0.0,0.0,0.0
Arkansas,Greene,05055,0.0,0.0,0.0,0.0,0.0,0.0,0.0,0.0,0.0,0.0
Arkansas,Hempstead,05057,246.0,0.0,0.0,0.0,0.0,0.0,0.0,0.0,0.0,0.0
Arkansas,Hot Spring,05059,0.0,0.0,0.0,0.0,0.0,0.0,0.0,0.0,0.0,0.0
Arkansas,Howard,05061,0.0,0.0,0.0,0.0,0.0,0.0,0.0,0.0,0.0,0.0
Arkansas,Independence,05063,0.0,0.0,0.0,0.0,0.0,0.0,0.0,0.0,0.0,0.0
Arkansas,Izard,05065,0.0,0.0,0.0,0.0,0.0,0.0,0.0,0.0,0.0,0.0
Arkansas,Jackson,05067,0.0,0.0,0.0,0.0,0.0,0.0,0.0,0.0,0.0,0.0
Arkansas,Jefferson,05069,0.0,0.0,0.0,0.0,0.0,0.0,0.0,0.0,0.0,0.0
Arkansas,Johnson,05071,0.0,0.0,0.0,0.0,0.0,0.0,0.0,0.0,0.0,0.0
Arkansas,Lafayette,05073,0.0,0.0,0.0,0.0,0.0,0.0,0.0,0.0,0.0,0.0
Arkansas,Lawrence,05075,0.0,0.0,0.0,0.0,0.0,0.0,0.0,0.0,0.0,0.0
Arkansas,Lee,05077,0.0,0.0,0.0,0.0,0.0,0.0,0.0,0.0,0.0,3072.0
Arkansas,Lincoln,05079,0.0,0.0,0.0,0.0,0.0,0.0,0.0,0.0,0.0,0.0
Arkansas,Little River,05081,0.0,0.0,0.0,0.0,0.0,0.0,0.0,0.0,0.0,0.0
Arkansas,Logan,05083,0.0,0.0,0.0,0.0,0.0,0.0,0.0,0.0,0.0,0.0
Arkansas,Lonoke,05085,0.0,0.0,0.0,0.0,0.0,0.0,0.0,0.0,0.0,0.0
Arkansas,Madison,05087,0.0,0.0,0.0,0.0,0.0,0.0,0.0,0.0,0.0,0.0
Arkansas,Marion,05089,0.0,0.0,0.0,0.0,0.0,0.0,0.0,0.0,0.0,0.0
Arkansas,Miller,05091,0.0,0.0,0.0,0.0,0.0,0.0,0.0,0.0,0.0,0.0
Arkansas,Mississippi,05093,0.0,0.0,0.0,0.0,0.0,7066.0,7028.0,0.0,0.0,0.0
Arkansas,Monroe,05095,0.0,0.0,0.0,0.0,0.0,0.0,0.0,0.0,0.0,0.0
Arkansas,Montgomery,05097,0.0,0.0,0.0,0.0,0.0,0.0,0.0,0.0,0.0,0.0
Arkansas,Nevada,05099,0.0,0.0,0.0,0.0,0.0,0.0,0.0,0.0,0.0,0.0
Arkansas,Newton,05101,0.0,0.0,0.0,0.0,0.0,0.0,0.0,0.0,0.0,0.0
Arkansas,Ouachita,05103,0.0,0.0,0.0,0.0,0.0,0.0,0.0,0.0,0.0,0.0
Arkansas,Perry,05105,0.0,0.0,0.0,0.0,0.0,0.0,0.0,0.0,0.0,0.0
Arkansas,Phillips,05107,0.0,0.0,0.0,0.0,0.0,0.0,0.0,0.0,0.0,0.0
Arkansas,Pike,05109,0.0,0.0,0.0,0.0,0.0,0.0,0.0,0.0,0.0,0.0
Arkansas,Poinsett,05111,0.0,0.0,0.0,0.0,0.0,0.0,0.0,0.0,0.0,0.0
Arkansas,Polk,05113,0.0,0.0,0.0,0.0,0.0,0.0,0.0,0.0,0.0,0.0
Arkansas,Pope,05115,0.0,0.0,0.0,0.0,0.0,21306.0,0.0,0.0,0.0,0.0
Arkansas,Prairie,05117,0.0,0.0,0.0,0.0,0.0,0.0,0.0,0.0,0.0,0.0
Arkansas,Pulaski,05119,0.0,0.0,0.0,0.0,0.0,0.0,0.0,0.0,0.0,0.0
Arkansas,Randolph,05121,0.0,0.0,0.0,0.0,0.0,0.0,0.0,0.0,0.0,0.0
Arkansas,St. Francis,05123,0.0,0.0,0.0,0.0,0.0,13054.0,30648.0,0.0,9991.0,0.0
Arkansas,Saline,05125,0.0,0.0,0.0,0.0,0.0,0.0,0.0,0.0,0.0,0.0
Arkansas,Scott,05127,0.0,0.0,0.0,0.0,0.0,0.0,0.0,0.0,0.0,0.0
Arkansas,Searcy,05129,0.0,0.0,0.0,0.0,0.0,0.0,0.0,0.0,0.0,0.0
Arkansas,Sebastian,05131,0.0,0.0,0.0,0.0,0.0,0.0,0.0,0.0,0.0,0.0
Arkansas,Sevier,05133,0.0,0.0,0.0,0.0,0.0,0.0,0.0,0.0,0.0,0.0
Arkansas,Sharp,05135,0.0,0.0,0.0,0.0,0.0,0.0,0.0,0.0,0.0,0.0
Arkansas,Stone,05137,0.0,0.0,0.0,0.0,0.0,0.0,0.0,0.0,0.0,0.0
Arkansas,Union,05139,0.0,0.0,0.0,0.0,0.0,0.0,0.0,0.0,0.0,0.0
Arkansas,Van Buren,05141,0.0,0.0,0.0,0.0,0.0,0.0,0.0,0.0,0.0,0.0
Arkansas,Washington,05143,0.0,0.0,0.0,0.0,0.0,0.0,0.0,0.0,0.0,0.0
Arkansas,White,05145,347.0,364.0,353.0,306.0,0.0,36520.0,0.0,0.0,0.0,662.0
Arkansas,Woodruff,05147,0.0,0.0,0.0,0.0,0.0,0.0,0.0,0.0,0.0,0.0
Arkansas,Yell,05149,0.0,0.0,0.0,0.0,0.0,3356.0,0.0,0.0,0.0,0.0
California,Alameda,06001,0.0,0.0,0.0,0.0,0.0,0.0,0.0,0.0,0.0,0.0
California,Alpine,06003,0.0,0.0,0.0,0.0,0.0,0.0,0.0,0.0,0.0,0.0
California,Amador,06005,0.0,0.0,0.0,0.0,0.0,0.0,0.0,0.0,0.0,0.0
California,Butte,06007,0.0,0.0,570809.0,0.0,0.0,0.0,0.0,0.0,0.0,0.0
California,Calaveras,06009,0.0,0.0,0.0,0.0,0.0,0.0,0.0,0.0,0.0,0.0
California,Colusa,06011,57368.0,59188.0,301567.0,0.0,0.0,0.0,0.0,61905.0,274092.0,0.0
California,Contra Costa,06013,0.0,0.0,0.0,0.0,0.0,0.0,0.0,0.0,0.0,0.0
California,Del Norte,06015,0.0,0.0,0.0,0.0,0.0,0.0,0.0,0.0,0.0,0.0
California,El Dorado,06017,0.0,0.0,0.0,0.0,0.0,0.0,0.0,0.0,0.0,0.0
California,Fresno,06019,0.0,0.0,0.0,0.0,0.0,44393.0,43296.0,0.0,0.0,0.0
California,Glenn,06021,99005.0,0.0,23313.0,0.0,0.0,0.0,0.0,0.0,5593.0,0.0
California,Humboldt,06023,0.0,0.0,0.0,0.0,0.0,0.0,0.0,0.0,0.0,0.0
California,Imperial,06025,0.0,0.0,0.0,0.0,0.0,0.0,0.0,0.0,0.0,0.0
California,Inyo,06027,0.0,0.0,0.0,0.0,0.0,0.0,0.0,0.0,0.0,0.0
California,Kern,06029,0.0,0.0,0.0,0.0,0.0,0.0,0.0,0.0,0.0,0.0
California,Kings,06031,0.0,0.0,0.0,0.0,0.0,0.0,0.0,0.0,0.0,0.0
California,Lake,06033,0.0,0.0,0.0,0.0,0.0,0.0,0.0,0.0,0.0,0.0
California,Lassen,06035,0.0,0.0,0.0,0.0,0.0,0.0,0.0,0.0,0.0,0.0
California,Los Angeles,06037,0.0,0.0,0.0,0.0,0.0,0.0,0.0,0.0,0.0,0.0
California,Madera,06039,0.0,0.0,0.0,0.0,0.0,0.0,0.0,0.0,0.0,0.0
California,Marin,06041,0.0,0.0,0.0,0.0,0.0,0.0,0.0,0.0,0.0,0.0
California,Mariposa,06043,0.0,0.0,0.0,0.0,0.0,0.0,0.0,0.0,0.0,0.0
California,Mendocino,06045,0.0,0.0,0.0,0.0,0.0,0.0,0.0,0.0,0.0,0.0
California,Merced,06047,0.0,0.0,0.0,0.0,0.0,0.0,0.0,0.0,0.0,0.0
California,Modoc,06049,0.0,0.0,0.0,0.0,0.0,0.0,0.0,0.0,0.0,0.0
California,Mono,06051,0.0,0.0,0.0,0.0,0.0,0.0,0.0,0.0,0.0,0.0
California,Monterey,06053,0.0,0.0,0.0,0.0,0.0,0.0,0.0,0.0,0.0,0.0
California,Napa,06055,0.0,0.0,0.0,0.0,0.0,0.0,0.0,0.0,0.0,0.0
California,Nevada,06057,0.0,0.0,0.0,0.0,0.0,0.0,0.0,0.0,0.0,0.0
California,Orange,06059,0.0,0.0,0.0,0.0,0.0,0.0,0.0,0.0,0.0,0.0
California,Placer,06061,0.0,0.0,0.0,0.0,0.0,0.0,0.0,0.0,0.0,0.0
California,Plumas,06063,0.0,0.0,0.0,0.0,0.0,0.0,0.0,0.0,0.0,0.0
California,Riverside,06065,0.0,0.0,0.0,0.0,0.0,0.0,0.0,0.0,0.0,0.0
California,Sacramento,06067,0.0,0.0,0.0,0.0,0.0,0.0,0.0,0.0,0.0,0.0
California,San Benito,06069,0.0,0.0,0.0,0.0,0.0,0.0,0.0,0.0,0.0,0.0
California,San Bernardino,06071,0.0,0.0,0.0,0.0,0.0,0.0,0.0,0.0,0.0,0.0
California,San Diego,06073,0.0,0.0,0.0,0.0,0.0,0.0,0.0,0.0,0.0,0.0
California,San Francisco,06075,0.0,0.0,0.0,0.0,0.0,0.0,0.0,0.0,0.0,0.0
California,San Joaquin,06077,0.0,0.0,0.0,0.0,0.0,0.0,0.0,0.0,0.0,0.0
California,San Luis Obispo,06079,0.0,0.0,0.0,0.0,0.0,0.0,0.0,0.0,0.0,0.0
California,San Mateo,06081,0.0,0.0,0.0,0.0,0.0,0.0,0.0,0.0,0.0,0.0
California,Santa Barbara,06083,0.0,0.0,0.0,0.0,0.0,0.0,0.0,0.0,0.0,0.0
California,Santa Clara,06085,0.0,0.0,0.0,0.0,0.0,0.0,0.0,0.0,0.0,0.0
California,Santa Cruz,06087,0.0,0.0,0.0,0.0,0.0,0.0,0.0,0.0,0.0,0.0
California,Shasta,06089,0.0,0.0,0.0,0.0,0.0,0.0,0.0,0.0,0.0,0.0
California,Sierra,06091,0.0,0.0,0.0,0.0,0.0,0.0,0.0,0.0,0.0,0.0
California,Siskiyou,06093,0.0,0.0,0.0,0.0,0.0,0.0,0.0,0.0,0.0,0.0
California,Solano,06095,0.0,0.0,0.0,0.0,0.0,0.0,0.0,0.0,0.0,0.0
California,Sonoma,06097,0.0,0.0,0.0,0.0,0.0,0.0,0.0,0.0,0.0,0.0
California,Stanislaus,06099,0.0,0.0,0.0,0.0,0.0,0.0,0.0,0.0,0.0,0.0
California,Sutter,06101,20154.0,14612.0,198700.0,20010.0,0.0,0.0,0.0,0.0,0.0,0.0
California,Tehama,06103,0.0,0.0,0.0,0.0,0.0,0.0,0.0,0.0,0.0,0.0
California,Trinity,06105,0.0,0.0,0.0,0.0,0.0,0.0,0.0,0.0,0.0,0.0
California,Tulare,06107,0.0,0.0,0.0,0.0,0.0,0.0,0.0,0.0,0.0,0.0
California,Tuolumne,06109,0.0,0.0,0.0,0.0,0.0,0.0,0.0,0.0,0.0,0.0
California,Ventura,06111,0.0,0.0,0.0,0.0,0.0,0.0,0.0,0.0,0.0,0.0
California,Yolo,06113,13772.0,0.0,33697.0,0.0,0.0,0.0,0.0,16356.0,17624.0,0.0
California,Yuba,06115,0.0,0.0,182100.0,0.0,0.0,0.0,0.0,0.0,0.0,0.0
Colorado,Adams,08001,8438.0,42915.0,28821.0,45901.0,8634.0,0.0,0.0,0.0,0.0,0.0
Colorado,Alamosa,08003,1981.0,0.0,0.0,1054.0,2042.0,2074.0,1842.0,0.0,0.0,0.0
Colorado,Arapahoe,08005,0.0,744.0,988.0,619.0,854.0,0.0,0.0,0.0,0.0,0.0
Colorado,Archuleta,08007,0.0,0.0,0.0,0.0,0.0,0.0,0.0,0.0,0.0,0.0
Colorado,Baca,08009,0.0,0.0,0.0,0.0,0.0,186879.0,84993.0,30153.0,49163.0,37232.0
Colorado,Bent,08011,8880.0,8214.0,11809.0,0.0,6360.0,0.0,0.0,0.0,0.0,0.0
Colorado,Boulder,08013,0.0,0.0,0.0,0.0,0.0,0.0,0.0,0.0,0.0,0.0
Colorado,Broomfield,08014,0.0,0.0,0.0,0.0,0.0,0.0,0.0,0.0,0.0,0.0
Colorado,Chaffee,08015,0.0,0.0,0.0,0.0,0.0,0.0,0.0,0.0,0.0,0.0
Colorado,Cheyenne,08017,157916.0,100682.0,101105.0,62102.0,5247.0,6504.0,2560.0,6938.0,52795.0,41452.0
Colorado,Clear Creek,08019,0.0,0.0,0.0,0.0,0.0,0.0,0.0,0.0,0.0,0.0
Colorado,Conejos,08021,14322.0,12031.0,13136.0,7393.0,10485.0,2228.0,3719.0,3163.0,0.0,0.0
Colorado,Costilla,08023,0.0,0.0,0.0,0.0,0.0,0.0,0.0,0.0,0.0,0.0
Colorado,Crowley,08025,0.0,0.0,0.0,0.0,0.0,0.0,0.0,0.0,0.0,0.0
Colorado,Custer,08027,0.0,0.0,0.0,0.0,0.0,0.0,0.0,0.0,0.0,0.0
Colorado,Delta,08029,0.0,0.0,0.0,0.0,0.0,38132.0,758.0,0.0,0.0,0.0
Colorado,Denver,08031,0.0,0.0,0.0,0.0,0.0,0.0,0.0,0.0,0.0,0.0
Colorado,Dolores,08033,52.0,0.0,215.0,429.0,403.0,0.0,0.0,0.0,0.0,0.0
Colorado,Douglas,08035,0.0,0.0,0.0,0.0,0.0,0.0,0.0,0.0,0.0,0.0
Colorado,Eagle,08037,0.0,0.0,0.0,0.0,0.0,0.0,0.0,0.0,0.0,0.0
Colorado,Elbert,08039,0.0,0.0,0.0,0.0,0.0,0.0,0.0,0.0,0.0,0.0
Colorado,El Paso,08041,0.0,0.0,0.0,0.0,0.0,0.0,0.0,0.0,0.0,0.0
Colorado,Fremont,08043,0.0,0.0,0.0,0.0,0.0,0.0,0.0,0.0,0.0,0.0
Colorado,Garfield,08045,0.0,0.0,0.0,0.0,0.0,0.0,0.0,0.0,0.0,0.0
Colorado,Gilpin,08047,0.0,0.0,0.0,0.0,0.0,0.0,0.0,0.0,0.0,0.0
Colorado,Grand,08049,0.0,0.0,0.0,0.0,0.0,0.0,0.0,0.0,0.0,0.0
Colorado,Gunnison,08051,0.0,0.0,0.0,0.0,0.0,0.0,0.0,0.0,0.0,0.0
Colorado,Hinsdale,08053,0.0,0.0,0.0,0.0,0.0,0.0,0.0,0.0,0.0,0.0
Colorado,Huerfano,08055,0.0,0.0,0.0,0.0,0.0,0.0,0.0,0.0,0.0,0.0
Colorado,Jackson,08057,0.0,0.0,0.0,0.0,0.0,0.0,0.0,0.0,0.0,0.0
Colorado,Jefferson,08059,0.0,0.0,0.0,0.0,0.0,0.0,0.0,0.0,0.0,0.0
Colorado,Kiowa,08061,47576.0,22630.0,20125.0,34085.0,18506.0,0.0,0.0,11803.0,4168.0,204757.0
Colorado,Kit Carson,08063,111394.0,90048.0,76577.0,0.0,0.0,151460.0,84937.0,368245.4,432620.0,941898.25
Colorado,Lake,08065,0.0,0.0,0.0,0.0,0.0,0.0,0.0,0.0,0.0,0.0
Colorado,La Plata,08067,0.0,0.0,0.0,0.0,0.0,0.0,0.0,0.0,0.0,0.0
Colorado,Larimer,08069,0.0,0.0,0.0,0.0,0.0,0.0,0.0,0.0,0.0,0.0
Colorado,Las Animas,08071,0.0,0.0,0.0,0.0,0.0,0.0,0.0,0.0,0.0,0.0
Colorado,Lincoln,08073,895.0,0.0,0.0,0.0,0.0,0.0,0.0,0.0,0.0,0.0
Colorado,Logan,08075,77568.0,67091.0,265785.88,245534.0,61787.0,90421.0,29921.0,5675.0,176616.0,33202.0
Colorado,Mesa,08077,0.0,0.0,0.0,0.0,0.0,0.0,0.0,0.0,0.0,0.0
Colorado,Mineral,08079,0.0,0.0,0.0,0.0,0.0,0.0,0.0,0.0,0.0,0.0
Colorado,Moffat,08081,0.0,0.0,0.0,0.0,0.0,0.0,0.0,0.0,0.0,0.0
Colorado,Montezuma,08083,0.0,0.0,0.0,0.0,0.0,0.0,0.0,0.0,0.0,0.0
Colorado,Montrose,08085,0.0,0.0,0.0,0.0,0.0,1522.0,0.0,0.0,0.0,0.0
Colorado,Morgan,08087,144207.0,88452.0,93346.0,32971.0,27048.0,24027.0,0.0,0.0,0.0,0.0
Colorado,Otero,08089,74117.0,62170.0,60984.0,41221.0,52761.0,0.0,0.0,0.0,0.0,0.0
Colorado,Ouray,08091,0.0,0.0,0.0,0.0,0.0,0.0,0.0,0.0,0.0,0.0
Colorado,Park,08093,0.0,0.0,0.0,0.0,0.0,0.0,0.0,0.0,0.0,0.0
Colorado,Phillips,08095,137809.0,199852.0,186858.0,94405.0,60863.0,0.0,4956.0,51360.0,78403.0,155485.0
Colorado,Pitkin,08097,0.0,0.0,0.0,0.0,0.0,0.0,0.0,0.0,0.0,0.0
Colorado,Prowers,08099,5902.0,4893.0,0.0,529.0,0.0,0.0,0.0,0.0,0.0,21222.0
Colorado,Pueblo,08101,0.0,0.0,0.0,0.0,0.0,0.0,0.0,0.0,0.0,0.0
Colorado,Rio Blanco,08103,0.0,0.0,0.0,0.0,0.0,0.0,0.0,0.0,0.0,0.0
Colorado,Rio Grande,08105,0.0,0.0,0.0,0.0,0.0,0.0,0.0,0.0,0.0,0.0
Colorado,Routt,08107,0.0,0.0,0.0,0.0,0.0,0.0,0.0,0.0,0.0,0.0
Colorado,Saguache,08109,0.0,0.0,0.0,0.0,0.0,0.0,0.0,0.0,0.0,0.0
Colorado,San Juan,08111,0.0,0.0,0.0,0.0,0.0,0.0,0.0,0.0,0.0,0.0
Colorado,San Miguel,08113,0.0,0.0,0.0,0.0,0.0,0.0,0.0,0.0,0.0,0.0
Colorado,Sedgwick,08115,519.0,2476.0,2123.0,2242.0,1535.0,2965.0,6374.0,4046.0,271530.0,7690.0
Colorado,Summit,08117,0.0,0.0,0.0,0.0,0.0,0.0,0.0,0.0,0.0,0.0
Colorado,Teller,08119,0.0,0.0,0.0,0.0,0.0,0.0,0.0,0.0,0.0,0.0
Colorado,Washington,08121,10423.0,11508.0,16038.0,0.0,0.0,0.0,0.0,0.0,303697.0,40761.0
Colorado,Weld,08123,0.0,996.0,2703.0,3277.0,2210.0,0.0,0.0,0.0,53302.0,0.0
Colorado,Yuma,08125,295664.0,274051.0,313743.46,38126.0,41939.0,392260.0,178251.0,79872.0,124137.0,462393.0
Connecticut,Fairfield,09001,0.0,0.0,0.0,0.0,0.0,0.0,0.0,0.0,0.0,0.0
Connecticut,Hartford,09003,0.0,0.0,0.0,0.0,0.0,0.0,0.0,0.0,0.0,0.0
Connecticut,Litchfield,09005,0.0,0.0,0.0,0.0,0.0,0.0,0.0,0.0,0.0,0.0
Connecticut,Middlesex,09007,0.0,0.0,0.0,0.0,0.0,0.0,0.0,0.0,0.0,0.0
Connecticut,New Haven,09009,2558.0,0.0,0.0,0.0,0.0,0.0,0.0,0.0,0.0,0.0
Connecticut,New London,09011,17056.0,15754.0,28355.0,12750.0,8342.0,0.0,1400.0,0.0,0.0,1560.0
Connecticut,Tolland,09013,0.0,615.0,0.0,0.0,0.0,0.0,0.0,0.0,0.0,0.0
Connecticut,Windham,09015,9520.0,35587.0,0.0,0.0,0.0,0.0,0.0,0.0,0.0,0.0
Delaware,Kent,10001,0.0,0.0,0.0,0.0,0.0,0.0,0.0,0.0,0.0,0.0
Delaware,New Castle,10003,0.0,0.0,0.0,0.0,0.0,0.0,0.0,0.0,0.0,0.0
Delaware,Sussex,10005,0.0,0.0,8415.0,0.0,0.0,0.0,0.0,0.0,0.0,0.0
District Of Columbia,District of Columbia,11001,0.0,0.0,0.0,0.0,0.0,0.0,0.0,0.0,0.0,0.0
Florida,Alachua,12001,0.0,0.0,0.0,0.0,0.0,0.0,0.0,0.0,0.0,0.0
Florida,Baker,12003,0.0,0.0,0.0,0.0,0.0,0.0,0.0,0.0,0.0,0.0
Florida,Bay,12005,0.0,0.0,0.0,0.0,0.0,0.0,0.0,0.0,0.0,0.0
Florida,Bradford,12007,0.0,0.0,0.0,0.0,0.0,0.0,0.0,0.0,0.0,0.0
Florida,Brevard,12009,0.0,0.0,0.0,0.0,0.0,0.0,0.0,0.0,0.0,0.0
Florida,Broward,12011,0.0,0.0,0.0,0.0,0.0,0.0,0.0,0.0,0.0,0.0
Florida,Calhoun,12013,0.0,0.0,0.0,0.0,0.0,0.0,0.0,0.0,0.0,0.0
Florida,Charlotte,12015,0.0,0.0,0.0,0.0,0.0,0.0,0.0,0.0,0.0,0.0
Florida,Citrus,12017,0.0,0.0,0.0,0.0,0.0,0.0,0.0,0.0,0.0,0.0
Florida,Clay,12019,0.0,0.0,0.0,0.0,0.0,0.0,0.0,0.0,0.0,0.0
Florida,Collier,12021,0.0,0.0,0.0,0.0,0.0,0.0,0.0,0.0,0.0,0.0
Florida,Columbia,12023,0.0,0.0,0.0,0.0,0.0,0.0,0.0,0.0,0.0,0.0
Florida,DeSoto,12027,0.0,0.0,0.0,0.0,0.0,0.0,0.0,0.0,0.0,0.0
Florida,Dixie,12029,0.0,0.0,0.0,0.0,0.0,0.0,0.0,0.0,0.0,0.0
Florida,Duval,12031,0.0,0.0,0.0,0.0,0.0,0.0,0.0,0.0,0.0,0.0
Florida,Escambia,12033,0.0,0.0,0.0,0.0,0.0,0.0,0.0,0.0,0.0,0.0
Florida,Flagler,12035,0.0,0.0,0.0,0.0,0.0,0.0,0.0,0.0,0.0,0.0
Florida,Franklin,12037,0.0,0.0,0.0,0.0,0.0,0.0,0.0,0.0,0.0,0.0
Florida,Gadsden,12039,0.0,0.0,0.0,0.0,0.0,0.0,0.0,0.0,0.0,0.0
Florida,Gilchrist,12041,0.0,0.0,0.0,0.0,0.0,0.0,0.0,0.0,0.0,0.0
Florida,Glades,12043,0.0,0.0,0.0,0.0,0.0,0.0,0.0,0.0,0.0,0.0
Florida,Gulf,12045,0.0,0.0,0.0,0.0,0.0,0.0,0.0,0.0,0.0,0.0
Florida,Hamilton,12047,0.0,0.0,0.0,0.0,0.0,0.0,0.0,0.0,0.0,0.0
Florida,Hardee,12049,0.0,0.0,0.0,0.0,0.0,0.0,0.0,0.0,0.0,0.0
Florida,Hendry,12051,0.0,0.0,0.0,0.0,0.0,0.0,0.0,0.0,0.0,0.0
Florida,Hernando,12053,0.0,0.0,0.0,0.0,0.0,0.0,0.0,0.0,0.0,0.0
Florida,Highlands,12055,0.0,0.0,0.0,0.0,0.0,0.0,0.0,0.0,0.0,0.0
Florida,Hillsborough,12057,0.0,0.0,0.0,0.0,0.0,0.0,0.0,0.0,0.0,0.0
Florida,Holmes,12059,0.0,0.0,0.0,0.0,0.0,0.0,0.0,0.0,0.0,0.0
Florida,Indian River,12061,0.0,0.0,0.0,0.0,0.0,0.0,0.0,0.0,0.0,0.0
Florida,Jackson,12063,0.0,0.0,0.0,0.0,0.0,0.0,0.0,0.0,0.0,0.0
Florida,Jefferson,12065,0.0,0.0,0.0,0.0,0.0,0.0,0.0,0.0,0.0,0.0
Florida,Lafayette,12067,0.0,0.0,0.0,0.0,0.0,0.0,0.0,0.0,0.0,0.0
Florida,Lake,12069,0.0,0.0,0.0,0.0,0.0,0.0,0.0,0.0,0.0,0.0
Florida,Lee,12071,0.0,0.0,0.0,0.0,0.0,0.0,0.0,0.0,0.0,0.0
Florida,Leon,12073,0.0,0.0,0.0,0.0,0.0,0.0,0.0,0.0,0.0,0.0
Florida,Levy,12075,0.0,0.0,0.0,0.0,0.0,0.0,0.0,0.0,0.0,0.0
Florida,Liberty,12077,0.0,0.0,0.0,0.0,0.0,0.0,0.0,0.0,0.0,0.0
Florida,Madison,12079,0.0,0.0,0.0,0.0,0.0,0.0,0.0,0.0,0.0,0.0
Florida,Manatee,12081,0.0,0.0,0.0,0.0,0.0,0.0,0.0,0.0,0.0,0.0
Florida,Marion,12083,0.0,0.0,0.0,0.0,0.0,0.0,0.0,0.0,0.0,0.0
Florida,Martin,12085,0.0,0.0,0.0,0.0,0.0,0.0,0.0,0.0,0.0,0.0
Florida,Miami-Dade,12086,0.0,0.0,0.0,0.0,0.0,0.0,0.0,0.0,0.0,0.0
Florida,Monroe,12087,0.0,0.0,0.0,0.0,0.0,0.0,0.0,0.0,0.0,0.0
Florida,Nassau,12089,0.0,0.0,0.0,0.0,0.0,0.0,0.0,0.0,0.0,0.0
Florida,Okaloosa,12091,0.0,0.0,0.0,0.0,0.0,0.0,0.0,0.0,0.0,0.0
Florida,Okeechobee,12093,0.0,0.0,0.0,0.0,0.0,0.0,0.0,0.0,0.0,0.0
Florida,Orange,12095,0.0,0.0,0.0,0.0,0.0,0.0,0.0,0.0,0.0,0.0
Florida,Osceola,12097,0.0,0.0,0.0,0.0,0.0,0.0,0.0,0.0,0.0,0.0
Florida,Palm Beach,12099,0.0,0.0,0.0,0.0,0.0,0.0,0.0,0.0,0.0,0.0
Florida,Pasco,12101,0.0,0.0,0.0,0.0,0.0,0.0,0.0,0.0,0.0,0.0
Florida,Pinellas,12103,0.0,0.0,0.0,0.0,0.0,0.0,0.0,0.0,0.0,0.0
Florida,Polk,12105,0.0,0.0,0.0,0.0,0.0,0.0,0.0,0.0,0.0,0.0
Florida,Putnam,12107,0.0,0.0,0.0,0.0,0.0,0.0,0.0,0.0,0.0,0.0
Florida,St. Johns,12109,0.0,0.0,0.0,0.0,0.0,0.0,0.0,0.0,0.0,0.0
Florida,St. Lucie,12111,0.0,0.0,0.0,0.0,0.0,0.0,0.0,0.0,0.0,0.0
Florida,Santa Rosa,12113,0.0,0.0,0.0,0.0,0.0,0.0,0.0,0.0,0.0,0.0
Florida,Sarasota,12115,0.0,0.0,0.0,0.0,0.0,0.0,0.0,0.0,0.0,0.0
Florida,Seminole,12117,0.0,0.0,0.0,0.0,0.0,0.0,0.0,0.0,0.0,0.0
Florida,Sumter,12119,0.0,0.0,0.0,0.0,0.0,0.0,0.0,0.0,0.0,0.0
Florida,Suwannee,12121,0.0,0.0,0.0,0.0,0.0,0.0,0.0,0.0,0.0,0.0
Florida,Taylor,12123,0.0,0.0,0.0,0.0,0.0,0.0,0.0,0.0,0.0,0.0
Florida,Union,12125,0.0,0.0,0.0,0.0,0.0,0.0,0.0,0.0,0.0,0.0
Florida,Volusia,12127,0.0,0.0,0.0,0.0,0.0,0.0,0.0,0.0,0.0,0.0
Florida,Wakulla,12129,0.0,0.0,0.0,0.0,0.0,0.0,0.0,0.0,0.0,0.0
Florida,Walton,12131,0.0,0.0,0.0,0.0,0.0,0.0,0.0,0.0,0.0,0.0
Florida,Washington,12133,0.0,0.0,0.0,0.0,0.0,0.0,0.0,0.0,0.0,0.0
Georgia,Appling,13001,0.0,0.0,0.0,0.0,0.0,0.0,0.0,0.0,0.0,0.0
Georgia,Atkinson,13003,0.0,0.0,0.0,0.0,0.0,0.0,0.0,0.0,0.0,0.0
Georgia,Bacon,13005,0.0,0.0,0.0,0.0,0.0,0.0,0.0,0.0,0.0,0.0
Georgia,Baker,13007,0.0,0.0,0.0,0.0,0.0,0.0,0.0,0.0,0.0,0.0
Georgia,Baldwin,13009,0.0,0.0,0.0,0.0,0.0,0.0,0.0,0.0,0.0,0.0
Georgia,Banks,13011,0.0,0.0,0.0,0.0,0.0,0.0,0.0,0.0,0.0,0.0
Georgia,Barrow,13013,0.0,0.0,0.0,0.0,0.0,0.0,0.0,0.0,0.0,0.0
Georgia,Bartow,13015,0.0,0.0,0.0,0.0,0.0,0.0,0.0,0.0,0.0,0.0
Georgia,Ben Hill,13017,0.0,0.0,0.0,0.0,0.0,0.0,0.0,0.0,0.0,0.0
Georgia,Berrien,13019,0.0,0.0,0.0,0.0,0.0,0.0,0.0,0.0,0.0,0.0
Georgia,Bibb,13021,0.0,0.0,0.0,0.0,0.0,0.0,0.0,0.0,0.0,0.0
Georgia,Bleckley,13023,0.0,0.0,0.0,0.0,0.0,0.0,0.0,0.0,0.0,0.0
Georgia,Brantley,13025,0.0,0.0,0.0,0.0,0.0,0.0,0.0,0.0,0.0,0.0
Georgia,Brooks,13027,0.0,0.0,0.0,0.0,0.0,0.0,0.0,0.0,0.0,0.0
Georgia,Bryan,13029,0.0,0.0,0.0,0.0,0.0,0.0,0.0,0.0,0.0,0.0
Georgia,Bulloch,13031,0.0,0.0,0.0,0.0,0.0,0.0,0.0,0.0,0.0,0.0
Georgia,Burke,13033,0.0,0.0,0.0,0.0,0.0,0.0,0.0,0.0,0.0,0.0
Georgia,Butts,13035,0.0,0.0,0.0,0.0,0.0,0.0,0.0,0.0,0.0,0.0
Georgia,Calhoun,13037,0.0,0.0,0.0,0.0,0.0,0.0,0.0,0.0,0.0,0.0
Georgia,Camden,13039,0.0,0.0,0.0,0.0,0.0,0.0,0.0,0.0,0.0,0.0
Georgia,Candler,13043,470.0,970.0,882.0,429.0,0.0,0.0,0.0,0.0,0.0,0.0
Georgia,Carroll,13045,0.0,0.0,0.0,0.0,0.0,0.0,0.0,0.0,0.0,0.0
Georgia,Catoosa,13047,0.0,0.0,0.0,0.0,0.0,0.0,0.0,0.0,0.0,0.0
Georgia,Charlton,13049,0.0,0.0,0.0,0.0,0.0,0.0,0.0,0.0,0.0,0.0
Georgia,Chatham,13051,0.0,0.0,0.0,0.0,0.0,0.0,0.0,0.0,0.0,0.0
Georgia,Chattahoochee,13053,0.0,0.0,0.0,0.0,0.0,0.0,0.0,0.0,0.0,0.0
Georgia,Chattooga,13055,0.0,0.0,0.0,0.0,0.0,0.0,0.0,0.0,0.0,0.0
Georgia,Cherokee,13057,0.0,0.0,0.0,0.0,0.0,0.0,0.0,0.0,0.0,0.0
Georgia,Clarke,13059,0.0,0.0,0.0,0.0,0.0,0.0,0.0,0.0,0.0,0.0
Georgia,Clay,13061,0.0,0.0,0.0,0.0,0.0,0.0,0.0,0.0,0.0,0.0
Georgia,Clayton,13063,0.0,0.0,0.0,0.0,0.0,0.0,0.0,0.0,0.0,0.0
Georgia,Clinch,13065,0.0,0.0,0.0,0.0,0.0,0.0,0.0,0.0,0.0,0.0
Georgia,Cobb,13067,0.0,0.0,0.0,0.0,0.0,0.0,0.0,0.0,0.0,0.0
Georgia,Coffee,13069,0.0,0.0,0.0,0.0,0.0,0.0,0.0,0.0,0.0,0.0
Georgia,Colquitt,13071,0.0,0.0,0.0,0.0,0.0,0.0,0.0,0.0,0.0,0.0
Georgia,Columbia,13073,0.0,0.0,0.0,0.0,0.0,0.0,0.0,0.0,0.0,0.0
Georgia,Cook,13075,0.0,0.0,0.0,0.0,0.0,0.0,0.0,0.0,0.0,0.0
Georgia,Coweta,13077,0.0,0.0,0.0,0.0,0.0,0.0,0.0,0.0,0.0,0.0
Georgia,Crawford,13079,0.0,0.0,0.0,0.0,0.0,0.0,0.0,0.0,0.0,0.0
Georgia,Crisp,13081,0.0,0.0,0.0,0.0,0.0,0.0,0.0,0.0,0.0,0.0
Georgia,Dade,13083,0.0,0.0,0.0,0.0,0.0,0.0,0.0,0.0,0.0,0.0
Georgia,Dawson,13085,0.0,0.0,0.0,0.0,0.0,0.0,0.0,0.0,0.0,0.0
Georgia,Decatur,13087,0.0,0.0,0.0,0.0,0.0,0.0,0.0,0.0,0.0,0.0
Georgia,DeKalb,13089,0.0,0.0,0.0,0.0,0.0,0.0,0.0,0.0,0.0,0.0
Georgia,Dodge,13091,0.0,0.0,0.0,0.0,0.0,0.0,0.0,0.0,0.0,0.0
Georgia,Dooly,13093,0.0,0.0,0.0,0.0,0.0,0.0,0.0,0.0,0.0,0.0
Georgia,Dougherty,13095,0.0,0.0,0.0,0.0,0.0,0.0,0.0,0.0,0.0,0.0
Georgia,Douglas,13097,0.0,0.0,0.0,0.0,0.0,0.0,0.0,0.0,0.0,0.0
Georgia,Early,13099,0.0,0.0,0.0,0.0,0.0,0.0,0.0,0.0,0.0,0.0
Georgia,Echols,13101,0.0,0.0,0.0,0.0,0.0,0.0,0.0,0.0,0.0,0.0
Georgia,Effingham,13103,0.0,0.0,0.0,0.0,0.0,0.0,0.0,0.0,0.0,0.0
Georgia,Elbert,13105,0.0,0.0,0.0,0.0,0.0,0.0,0.0,0.0,0.0,0.0
Georgia,Emanuel,13107,0.0,0.0,0.0,0.0,0.0,0.0,0.0,0.0,0.0,0.0
Georgia,Evans,13109,0.0,0.0,0.0,0.0,0.0,0.0,0.0,0.0,0.0,0.0
Georgia,Fannin,13111,0.0,0.0,0.0,0.0,0.0,0.0,0.0,0.0,0.0,0.0
Georgia,Fayette,13113,0.0,0.0,0.0,0.0,0.0,0.0,0.0,0.0,0.0,0.0
Georgia,Floyd,13115,0.0,0.0,0.0,0.0,0.0,0.0,0.0,0.0,0.0,0.0
Georgia,Forsyth,13117,0.0,0.0,0.0,0.0,0.0,0.0,0.0,0.0,0.0,0.0
Georgia,Franklin,13119,0.0,0.0,0.0,0.0,0.0,0.0,0.0,0.0,0.0,0.0
Georgia,Fulton,13121,0.0,0.0,0.0,0.0,0.0,0.0,0.0,0.0,0.0,0.0
Georgia,Gilmer,13123,0.0,0.0,0.0,0.0,0.0,0.0,0.0,0.0,0.0,0.0
Georgia,Glascock,13125,0.0,0.0,0.0,0.0,0.0,0.0,0.0,0.0,0.0,0.0
Georgia,Glynn,13127,0.0,0.0,0.0,0.0,0.0,0.0,0.0,0.0,0.0,0.0
Georgia,Gordon,13129,0.0,0.0,0.0,0.0,0.0,0.0,0.0,0.0,0.0,0.0
Georgia,Grady,13131,0.0,0.0,0.0,0.0,0.0,0.0,0.0,0.0,0.0,0.0
Georgia,Greene,13133,0.0,0.0,0.0,0.0,0.0,0.0,0.0,0.0,0.0,0.0
Georgia,Gwinnett,13135,0.0,0.0,0.0,0.0,0.0,0.0,0.0,0.0,0.0,0.0
Georgia,Habersham,13137,0.0,0.0,0.0,0.0,0.0,0.0,0.0,0.0,0.0,0.0
Georgia,Hall,13139,0.0,0.0,0.0,0.0,0.0,0.0,0.0,0.0,0.0,0.0
Georgia,Hancock,13141,0.0,0.0,0.0,0.0,0.0,0.0,0.0,0.0,0.0,0.0
Georgia,Haralson,13143,0.0,0.0,0.0,0.0,0.0,0.0,0.0,0.0,0.0,0.0
Georgia,Harris,13145,0.0,0.0,0.0,0.0,0.0,0.0,0.0,0.0,0.0,0.0
Georgia,Hart,13147,0.0,0.0,0.0,0.0,0.0,0.0,0.0,0.0,0.0,0.0
Georgia,Heard,13149,0.0,0.0,0.0,0.0,0.0,0.0,0.0,0.0,0.0,0.0
Georgia,Henry,13151,0.0,0.0,0.0,0.0,0.0,0.0,0.0,0.0,0.0,0.0
Georgia,Houston,13153,0.0,0.0,0.0,0.0,0.0,0.0,0.0,0.0,0.0,0.0
Georgia,Irwin,13155,0.0,0.0,0.0,0.0,0.0,0.0,0.0,0.0,0.0,0.0
Georgia,Jackson,13157,0.0,0.0,0.0,0.0,0.0,0.0,0.0,0.0,0.0,0.0
Georgia,Jasper,13159,0.0,0.0,0.0,0.0,0.0,0.0,0.0,0.0,0.0,0.0
Georgia,Jeff Davis,13161,0.0,0.0,0.0,0.0,0.0,0.0,0.0,0.0,0.0,0.0
Georgia,Jefferson,13163,0.0,0.0,0.0,0.0,0.0,0.0,0.0,0.0,0.0,0.0
Georgia,Jenkins,13165,0.0,0.0,0.0,0.0,0.0,0.0,0.0,0.0,0.0,0.0
Georgia,Johnson,13167,0.0,0.0,0.0,0.0,0.0,0.0,0.0,0.0,0.0,0.0
Georgia,Jones,13169,0.0,0.0,0.0,0.0,0.0,0.0,0.0,0.0,0.0,0.0
Georgia,Lamar,13171,0.0,0.0,0.0,0.0,0.0,0.0,0.0,0.0,0.0,0.0
Georgia,Lanier,13173,0.0,0.0,0.0,0.0,0.0,0.0,0.0,0.0,0.0,0.0
Georgia,Laurens,13175,0.0,0.0,0.0,0.0,0.0,0.0,0.0,0.0,0.0,0.0
Georgia,Lee,13177,0.0,0.0,0.0,0.0,0.0,0.0,0.0,0.0,0.0,0.0
Georgia,Liberty,13179,0.0,0.0,0.0,0.0,0.0,0.0,0.0,0.0,0.0,0.0
Georgia,Lincoln,13181,0.0,0.0,0.0,0.0,0.0,0.0,0.0,0.0,0.0,0.0
Georgia,Long,13183,0.0,0.0,0.0,0.0,0.0,0.0,0.0,0.0,0.0,0.0
Georgia,Lowndes,13185,0.0,0.0,0.0,0.0,0.0,0.0,0.0,0.0,0.0,0.0
Georgia,Lumpkin,13187,0.0,0.0,0.0,0.0,0.0,0.0,0.0,0.0,0.0,0.0
Georgia,McDuffie,13189,0.0,0.0,0.0,0.0,0.0,0.0,0.0,0.0,0.0,0.0
Georgia,McIntosh,13191,0.0,0.0,0.0,0.0,0.0,0.0,0.0,0.0,0.0,0.0
Georgia,Macon,13193,0.0,0.0,0.0,0.0,0.0,0.0,0.0,0.0,0.0,0.0
Georgia,Madison,13195,0.0,0.0,0.0,0.0,0.0,0.0,0.0,0.0,0.0,0.0
Georgia,Marion,13197,0.0,0.0,0.0,0.0,0.0,0.0,0.0,0.0,0.0,0.0
Georgia,Meriwether,13199,0.0,0.0,0.0,0.0,0.0,0.0,0.0,0.0,0.0,0.0
Georgia,Miller,13201,0.0,0.0,0.0,0.0,0.0,0.0,0.0,0.0,0.0,0.0
Georgia,Mitchell,13205,0.0,0.0,0.0,0.0,0.0,0.0,0.0,0.0,0.0,0.0
Georgia,Monroe,13207,0.0,0.0,0.0,0.0,0.0,0.0,0.0,0.0,0.0,0.0
Georgia,Montgomery,13209,0.0,0.0,0.0,0.0,0.0,0.0,0.0,0.0,0.0,0.0
Georgia,Morgan,13211,0.0,0.0,0.0,0.0,0.0,0.0,0.0,0.0,0.0,0.0
Georgia,Murray,13213,0.0,0.0,0.0,0.0,0.0,0.0,0.0,0.0,0.0,0.0
Georgia,Muscogee,13215,0.0,0.0,0.0,0.0,0.0,0.0,0.0,0.0,0.0,0.0
Georgia,Newton,13217,0.0,0.0,0.0,0.0,0.0,0.0,0.0,0.0,0.0,0.0
Georgia,Oconee,13219,0.0,0.0,0.0,0.0,0.0,0.0,0.0,0.0,0.0,0.0
Georgia,Oglethorpe,13221,0.0,0.0,0.0,0.0,0.0,0.0,0.0,0.0,0.0,0.0
Georgia,Paulding,13223,0.0,0.0,0.0,0.0,0.0,0.0,0.0,0.0,0.0,0.0
Georgia,Peach,13225,0.0,0.0,0.0,0.0,0.0,0.0,0.0,0.0,0.0,0.0
Georgia,Pickens,13227,0.0,0.0,0.0,0.0,0.0,0.0,0.0,0.0,0.0,0.0
Georgia,Pierce,13229,0.0,0.0,0.0,0.0,0.0,0.0,0.0,0.0,0.0,0.0
Georgia,Pike,13231,0.0,0.0,0.0,0.0,0.0,0.0,0.0,0.0,0.0,0.0
Georgia,Polk,13233,0.0,0.0,0.0,0.0,0.0,0.0,0.0,0.0,0.0,0.0
Georgia,Pulaski,13235,0.0,0.0,0.0,0.0,0.0,0.0,0.0,0.0,0.0,0.0
Georgia,Putnam,13237,0.0,0.0,0.0,0.0,0.0,0.0,0.0,0.0,0.0,0.0
Georgia,Quitman,13239,0.0,0.0,0.0,0.0,0.0,0.0,0.0,0.0,0.0,0.0
Georgia,Rabun,13241,0.0,0.0,0.0,0.0,0.0,0.0,0.0,0.0,0.0,0.0
Georgia,Randolph,13243,0.0,0.0,0.0,0.0,0.0,0.0,0.0,0.0,0.0,0.0
Georgia,Richmond,13245,0.0,0.0,0.0,0.0,0.0,0.0,0.0,0.0,0.0,0.0
Georgia,Rockdale,13247,0.0,0.0,0.0,0.0,0.0,0.0,0.0,0.0,0.0,0.0
Georgia,Schley,13249,0.0,0.0,0.0,0.0,0.0,0.0,0.0,0.0,0.0,0.0
Georgia,Screven,13251,0.0,0.0,0.0,0.0,0.0,0.0,0.0,0.0,0.0,0.0
Georgia,Seminole,13253,0.0,0.0,0.0,0.0,0.0,0.0,0.0,0.0,0.0,0.0
Georgia,Spalding,13255,0.0,0.0,0.0,0.0,0.0,0.0,0.0,0.0,0.0,0.0
Georgia,Stephens,13257,0.0,0.0,0.0,0.0,0.0,0.0,0.0,0.0,0.0,0.0
Georgia,Stewart,13259,0.0,0.0,0.0,0.0,0.0,0.0,0.0,0.0,0.0,0.0
Georgia,Sumter,13261,0.0,0.0,0.0,0.0,0.0,0.0,0.0,0.0,0.0,0.0
Georgia,Talbot,13263,0.0,0.0,0.0,0.0,0.0,0.0,0.0,0.0,0.0,0.0
Georgia,Taliaferro,13265,0.0,0.0,0.0,0.0,0.0,0.0,0.0,0.0,0.0,0.0
Georgia,Tattnall,13267,0.0,0.0,0.0,0.0,0.0,0.0,0.0,0.0,0.0,0.0
Georgia,Taylor,13269,0.0,0.0,0.0,0.0,0.0,0.0,0.0,0.0,0.0,0.0
Georgia,Telfair,13271,0.0,0.0,0.0,0.0,0.0,0.0,0.0,0.0,0.0,0.0
Georgia,Terrell,13273,0.0,0.0,0.0,0.0,0.0,0.0,0.0,0.0,0.0,0.0
Georgia,Thomas,13275,0.0,0.0,0.0,0.0,0.0,0.0,0.0,0.0,0.0,0.0
Georgia,Tift,13277,0.0,0.0,0.0,0.0,0.0,0.0,0.0,0.0,0.0,0.0
Georgia,Toombs,13279,0.0,0.0,0.0,0.0,0.0,0.0,0.0,0.0,0.0,0.0
Georgia,Towns,13281,0.0,0.0,0.0,0.0,0.0,0.0,0.0,0.0,0.0,0.0
Georgia,Treutlen,13283,0.0,0.0,0.0,0.0,0.0,0.0,0.0,0.0,0.0,0.0
Georgia,Troup,13285,0.0,0.0,0.0,0.0,0.0,0.0,0.0,0.0,0.0,0.0
Georgia,Turner,13287,0.0,0.0,0.0,0.0,0.0,0.0,0.0,0.0,0.0,0.0
Georgia,Twiggs,13289,0.0,0.0,0.0,0.0,0.0,0.0,0.0,0.0,0.0,0.0
Georgia,Union,13291,0.0,0.0,0.0,0.0,0.0,0.0,0.0,0.0,0.0,0.0
Georgia,Upson,13293,0.0,0.0,0.0,0.0,0.0,0.0,0.0,0.0,0.0,0.0
Georgia,Walker,13295,0.0,0.0,0.0,0.0,0.0,0.0,0.0,0.0,0.0,0.0
Georgia,Walton,13297,0.0,0.0,0.0,0.0,0.0,0.0,0.0,0.0,0.0,0.0
Georgia,Ware,13299,0.0,0.0,0.0,0.0,0.0,0.0,0.0,0.0,0.0,0.0
Georgia,Warren,13301,0.0,0.0,0.0,0.0,0.0,0.0,0.0,0.0,0.0,0.0
Georgia,Washington,13303,0.0,0.0,0.0,0.0,0.0,0.0,0.0,0.0,0.0,0.0
Georgia,Wayne,13305,0.0,0.0,0.0,0.0,0.0,0.0,0.0,0.0,0.0,0.0
Georgia,Webster,13307,0.0,0.0,0.0,0.0,0.0,0.0,0.0,0.0,0.0,0.0
Georgia,Wheeler,13309,0.0,0.0,0.0,0.0,0.0,0.0,0.0,0.0,0.0,0.0
Georgia,White,13311,0.0,0.0,0.0,0.0,0.0,0.0,0.0,0.0,0.0,0.0
Georgia,Whitfield,13313,0.0,0.0,0.0,0.0,0.0,0.0,0.0,0.0,0.0,0.0
Georgia,Wilcox,13315,0.0,0.0,0.0,0.0,0.0,0.0,0.0,0.0,0.0,0.0
Georgia,Wilkes,13317,0.0,0.0,0.0,0.0,0.0,0.0,0.0,0.0,0.0,0.0
Georgia,Wilkinson,13319,0.0,0.0,0.0,0.0,0.0,0.0,0.0,0.0,0.0,0.0
Georgia,Worth,13321,0.0,0.0,0.0,0.0,0.0,0.0,0.0,0.0,0.0,0.0
Hawaii,Hawaii,15001,0.0,0.0,0.0,0.0,0.0,0.0,0.0,0.0,0.0,0.0
Hawaii,Honolulu,15003,0.0,0.0,0.0,0.0,0.0,0.0,0.0,0.0,0.0,0.0
Hawaii,Kalawao,15005,0.0,0.0,0.0,0.0,0.0,0.0,0.0,0.0,0.0,0.0
Hawaii,Kauai,15007,0.0,0.0,0.0,0.0,0.0,0.0,0.0,0.0,0.0,0.0
Hawaii,Maui,15009,0.0,0.0,0.0,0.0,0.0,0.0,0.0,0.0,0.0,0.0
Idaho,Ada,16001,0.0,0.0,0.0,0.0,0.0,0.0,0.0,0.0,0.0,0.0
Idaho,Adams,16003,0.0,0.0,0.0,0.0,0.0,0.0,0.0,0.0,0.0,0.0
Idaho,Bannock,16005,0.0,0.0,0.0,0.0,0.0,0.0,0.0,0.0,0.0,0.0
Idaho,Bear Lake,16007,8276.0,0.0,9120.0,8576.0,4342.0,7726.0,0.0,6472.0,0.0,0.0
Idaho,Benewah,16009,0.0,0.0,0.0,0.0,0.0,0.0,0.0,0.0,0.0,0.0
Idaho,Bingham,16011,0.0,0.0,0.0,0.0,0.0,0.0,0.0,0.0,0.0,0.0
Idaho,Blaine,16013,0.0,0.0,0.0,0.0,0.0,0.0,0.0,0.0,0.0,0.0
Idaho,Boise,16015,0.0,0.0,0.0,0.0,0.0,0.0,0.0,0.0,0.0,0.0
Idaho,Bonner,16017,0.0,0.0,0.0,0.0,0.0,0.0,0.0,0.0,0.0,0.0
Idaho,Bonneville,16019,0.0,0.0,2251.0,7025.0,0.0,0.0,0.0,0.0,0.0,0.0
Idaho,Boundary,16021,0.0,0.0,0.0,0.0,0.0,0.0,0.0,0.0,0.0,0.0
Idaho,Butte,16023,0.0,0.0,0.0,0.0,0.0,0.0,0.0,0.0,0.0,0.0
Idaho,Camas,16025,0.0,0.0,0.0,0.0,0.0,0.0,0.0,0.0,0.0,0.0
Idaho,Canyon,16027,0.0,0.0,0.0,0.0,0.0,0.0,0.0,0.0,0.0,0.0
Idaho,Caribou,16029,0.0,0.0,0.0,0.0,0.0,0.0,0.0,0.0,0.0,0.0
Idaho,Cassia,16031,2225.0,85510.0,9499.0,15246.0,0.0,0.0,0.0,0.0,0.0,0.0
Idaho,Clark,16033,0.0,0.0,0.0,0.0,0.0,0.0,0.0,0.0,0.0,0.0
Idaho,Clearwater,16035,83872.0,85015.0,17594.0,81402.0,5733.0,0.0,0.0,0.0,0.0,0.0
Idaho,Custer,16037,0.0,0.0,0.0,0.0,0.0,0.0,0.0,0.0,0.0,0.0
Idaho,Elmore,16039,0.0,0.0,0.0,0.0,0.0,0.0,0.0,0.0,0.0,0.0
Idaho,Franklin,16041,0.0,2421.0,2365.0,2186.0,1880.0,0.0,0.0,0.0,0.0,0.0
Idaho,Fremont,16043,0.0,0.0,0.0,0.0,0.0,0.0,0.0,0.0,0.0,0.0
Idaho,Gem,16045,0.0,0.0,0.0,0.0,0.0,0.0,0.0,0.0,0.0,0.0
Idaho,Gooding,16047,0.0,0.0,0.0,0.0,0.0,0.0,0.0,0.0,0.0,0.0
Idaho,Idaho,16049,177849.0,242903.0,118620.0,254948.0,60162.0,0.0,0.0,0.0,0.0,0.0
Idaho,Jefferson,16051,0.0,0.0,0.0,0.0,0.0,0.0,0.0,0.0,0.0,0.0
Idaho,Jerome,16053,2240.0,0.0,0.0,3017.0,0.0,0.0,0.0,0.0,0.0,0.0
Idaho,Kootenai,16055,11956.0,9711.0,24886.0,8698.0,969.0,0.0,0.0,0.0,0.0,0.0
Idaho,Latah,16057,531661.0,585697.0,186429.0,460383.0,711.0,0.0,0.0,0.0,0.0,0.0
Idaho,Lemhi,16059,0.0,0.0,0.0,0.0,0.0,0.0,0.0,0.0,0.0,0.0
Idaho,Lewis,16061,404469.0,487992.0,298266.0,465003.0,119554.0,5358.0,0.0,0.0,0.0,13520.0
Idaho,Lincoln,16063,7611.0,7611.0,6973.0,5447.0,0.0,0.0,0.0,0.0,0.0,0.0
Idaho,Madison,16065,25863.0,0.0,27701.0,29619.0,19840.0,33770.0,13059.0,10100.0,11525.0,8716.0
Idaho,Minidoka,16067,0.0,7079.0,0.0,58011.0,0.0,0.0,0.0,0.0,0.0,0.0
Idaho,Nez Perce,16069,260502.0,307910.0,200533.0,126363.0,1698.0,0.0,0.0,0.0,0.0,0.0
Idaho,Oneida,16071,46763.0,11000.0,30977.0,11746.0,12580.0,0.0,0.0,0.0,0.0,0.0
Idaho,Owyhee,16073,0.0,0.0,0.0,0.0,0.0,0.0,0.0,0.0,0.0,0.0
Idaho,Payette,16075,0.0,9136.0,5031.0,0.0,0.0,0.0,0.0,0.0,0.0,0.0
Idaho,Power,16077,0.0,0.0,0.0,0.0,0.0,0.0,0.0,0.0,0.0,0.0
Idaho,Shoshone,16079,0.0,0.0,0.0,0.0,0.0,0.0,0.0,0.0,0.0,0.0
Idaho,Teton,16081,0.0,0.0,0.0,0.0,0.0,0.0,0.0,0.0,0.0,0.0
Idaho,Twin Falls,16083,0.0,654.0,1289.0,1920.0,0.0,0.0,0.0,0.0,0.0,0.0
Idaho,Valley,16085,0.0,0.0,0.0,0.0,0.0,0.0,0.0,0.0,0.0,0.0
Idaho,Washington,16087,0.0,0.0,0.0,0.0,0.0,0.0,0.0,0.0,0.0,0.0
Illinois,Adams,17001,32153.0,157892.0,39101.0,24610.0,21798.0,565232.0,61449.0,1452.0,8184.0,5278.0
Illinois,Alexander,17003,0.0,0.0,0.0,0.0,0.0,414585.0,79214.0,0.0,0.0,0.0
Illinois,Bond,17005,0.0,0.0,0.0,0.0,0.0,231086.0,72.0,0.0,17313.0,0.0
Illinois,Boone,17007,0.0,0.0,0.0,0.0,0.0,282441.0,8864.0,0.0,0.0,0.0
Illinois,Brown,17009,0.0,0.0,0.0,0.0,0.0,157894.0,41323.0,1692.0,0.0,964.0
Illinois,Bureau,17011,69525.0,73177.0,61365.0,3526.0,675.0,4117325.0,74050.0,6927.0,0.0,13219.0
Illinois,Calhoun,17013,10356.0,13078.0,8958.0,1677.0,8578.0,97662.0,8174.0,5174.0,3692.0,77.0
Illinois,Carroll,17015,0.0,0.0,0.0,0.0,0.0,458847.0,11619.0,1014.0,0.0,1564.0
Illinois,Cass,17017,0.0,30658.0,1884.0,0.0,0.0,54873.0,1323.0,5004.0,0.0,0.0
Illinois,Champaign,17019,1821.0,2224.0,935.0,0.0,0.0,1131089.0,19047.0,0.0,0.0,0.0
Illinois,Christian,17021,0.0,2844.0,0.0,0.0,415.0,144397.0,35834.0,207.0,455.0,479.0
Illinois,Clark,17023,0.0,2503.0,0.0,2013.0,0.0,87885.0,21268.0,0.0,0.0,0.0
Illinois,Clay,17025,0.0,0.0,0.0,0.0,0.0,113964.0,3640.0,2319.0,4406.0,0.0
Illinois,Clinton,17027,0.0,0.0,0.0,0.0,0.0,41556.0,17557.0,0.0,308.0,0.0
Illinois,Coles,17029,0.0,0.0,0.0,0.0,0.0,76230.0,0.0,0.0,0.0,1105.0
Illinois,Cook,17031,0.0,0.0,0.0,0.0,0.0,115639.0,11396.0,9363.0,0.0,4768.0
Illinois,Crawford,17033,0.0,0.0,0.0,0.0,0.0,8638.0,0.0,0.0,0.0,0.0
Illinois,Cumberland,17035,1495.0,3287.0,729.0,4240.0,0.0,18355.0,13655.0,0.0,0.0,0.0
Illinois,DeKalb,17037,0.0,0.0,0.0,0.0,0.0,2848391.0,63034.0,0.0,3798.0,494.0
Illinois,De Witt,17039,0.0,0.0,0.0,0.0,0.0,30245.0,1398.0,1022.0,0.0,1470.0
Illinois,Douglas,17041,0.0,0.0,0.0,0.0,0.0,109165.0,0.0,0.0,0.0,0.0
Illinois,DuPage,17043,0.0,0.0,0.0,0.0,0.0,13072.0,0.0,0.0,0.0,0.0
Illinois,Edgar,17045,0.0,0.0,0.0,0.0,0.0,84280.0,0.0,0.0,0.0,0.0
Illinois,Edwards,17047,0.0,10890.0,2950.0,0.0,4837.0,110147.0,7415.0,2696.0,18387.0,1303.0
Illinois,Effingham,17049,0.0,0.0,0.0,0.0,0.0,37100.0,3047.0,0.0,0.0,0.0
Illinois,Fayette,17051,0.0,0.0,0.0,0.0,0.0,44676.0,10211.0,1236.0,294.0,0.0
Illinois,Ford,17053,0.0,21484.0,0.0,2979.0,0.0,1374980.0,8873.0,115.0,0.0,0.0
Illinois,Franklin,17055,0.0,0.0,0.0,0.0,0.0,73508.0,5153.0,7590.0,8278.0,15368.0
Illinois,Fulton,17057,0.0,3308.0,576.0,0.0,0.0,575036.0,31676.0,2289.0,912.0,17404.0
Illinois,Gallatin,17059,0.0,0.0,0.0,0.0,0.0,351635.0,25250.0,0.0,0.0,0.0
Illinois,Greene,17061,0.0,32836.0,24340.0,7085.0,0.0,324695.0,854.0,11902.0,540.0,0.0
Illinois,Grundy,17063,0.0,0.0,0.0,0.0,0.0,885927.0,126324.0,3193.0,2234.0,1897.0
Illinois,Hamilton,17065,11582.0,11850.0,10342.0,697.0,20326.0,239840.0,1384.0,11931.0,3675.0,4604.0
Illinois,Hancock,17067,8767.0,47749.0,2951.0,0.0,0.0,511588.0,8958.0,0.0,1096.0,12118.0
Illinois,Hardin,17069,0.0,0.0,0.0,0.0,0.0,2386.0,0.0,0.0,0.0,0.0
Illinois,Henderson,17071,15467.0,30043.0,21133.0,0.0,0.0,444048.0,29167.0,8294.0,18576.0,17253.0
Illinois,Henry,17073,5760.0,5540.0,5140.0,2480.0,0.0,3812150.0,126660.0,1424.0,4050.0,3343.0
Illinois,Iroquois,17075,15523.0,19455.0,7171.0,11808.0,5139.0,3138952.0,6295.0,3192.0,1524.0,660.0
Illinois,Jackson,17077,0.0,0.0,0.0,0.0,0.0,40582.0,8667.0,0.0,0.0,0.0
Illinois,Jasper,17079,0.0,516.0,0.0,173.0,0.0,299754.0,34315.0,568.0,4568.0,649.0
Illinois,Jefferson,17081,0.0,0.0,0.0,0.0,0.0,201913.0,17700.0,825.0,0.0,0.0
Illinois,Jersey,17083,16462.0,13678.0,371.0,0.0,0.0,365872.0,7660.0,10154.0,6878.0,0.0
Illinois,Jo Daviess,17085,0.0,0.0,0.0,0.0,0.0,262476.0,1173.0,0.0,0.0,0.0
Illinois,Johnson,17087,0.0,0.0,0.0,0.0,0.0,5728.0,0.0,0.0,0.0,0.0
Illinois,Kane,17089,0.0,0.0,0.0,0.0,0.0,935339.0,65497.0,0.0,17682.0,1804.0
Illinois,Kankakee,17091,0.0,3406.0,0.0,0.0,2727.0,1800561.0,28624.0,6019.0,4394.0,6106.0
Illinois,Kendall,17093,0.0,0.0,0.0,0.0,0.0,1334538.0,117003.0,5913.0,0.0,0.0
Illinois,Knox,17095,2474.0,10218.0,11243.0,0.0,0.0,382318.0,2211.0,0.0,0.0,0.0
Illinois,Lake,17097,0.0,0.0,0.0,0.0,0.0,53233.0,21117.0,0.0,0.0,0.0
Illinois,LaSalle,17099,34343.0,41441.0,39334.0,14623.0,7814.0,2698809.0,82207.0,53979.0,2592.0,28917.0
Illinois,Lawrence,17101,0.0,0.0,0.0,0.0,0.0,98345.0,1295.0,0.0,0.0,0.0
Illinois,Lee,17103,62974.0,63007.0,57969.0,12345.0,0.0,2561200.0,28667.0,4669.0,1338.0,8512.0
Illinois,Livingston,17105,0.0,1302.0,1634.0,0.0,0.0,2459299.0,100538.0,0.0,0.0,0.0
Illinois,Logan,17107,0.0,13572.0,1679.0,0.0,0.0,283931.0,5359.0,5288.0,0.0,0.0
Illinois,McDonough,17109,1604.0,3210.0,1988.0,0.0,0.0,1019767.0,35984.0,4447.0,3016.0,15637.0
Illinois,McHenry,17111,0.0,0.0,0.0,0.0,0.0,732475.0,52906.0,0.0,4760.0,0.0
Illinois,McLean,17113,0.0,11877.0,3810.0,0.0,0.0,579988.0,11547.0,0.0,0.0,0.0
Illinois,Macon,17115,0.0,0.0,0.0,0.0,0.0,108217.0,3041.0,0.0,0.0,0.0
Illinois,Macoupin,17117,0.0,0.0,0.0,0.0,0.0,25934.0,11296.0,0.0,0.0,0.0
Illinois,Madison,17119,0.0,0.0,0.0,0.0,0.0,10685.0,898.0,0.0,0.0,0.0
Illinois,Marion,17121,0.0,0.0,0.0,0.0,0.0,207159.0,31079.0,702.0,0.0,1024.0
Illinois,Marshall,17123,929.0,500.0,827.0,922.0,723.0,573421.0,18616.0,0.0,0.0,0.0
Illinois,Mason,17125,0.0,0.0,0.0,0.0,0.0,66165.0,13509.0,0.0,537.0,816.0
Illinois,Massac,17127,0.0,0.0,0.0,0.0,0.0,87166.0,3154.0,0.0,1604.0,0.0
Illinois,Menard,17129,0.0,0.0,0.0,0.0,0.0,40239.0,1612.0,1522.0,0.0,0.0
Illinois,Mercer,17131,0.0,0.0,0.0,0.0,0.0,1159455.0,27269.0,0.0,5166.0,10967.0
Illinois,Monroe,17133,9820.0,22329.0,4087.0,11306.0,7391.0,229530.0,50780.0,12023.0,5356.0,5195.0
Illinois,Montgomery,17135,0.0,0.0,0.0,0.0,0.0,64018.0,0.0,0.0,0.0,0.0
Illinois,Morgan,17137,0.0,0.0,0.0,0.0,0.0,75373.0,1060.0,0.0,0.0,0.0
Illinois,Moultrie,17139,0.0,0.0,0.0,0.0,0.0,68377.0,0.0,0.0,0.0,0.0
Illinois,Ogle,17141,0.0,0.0,0.0,0.0,0.0,1229643.0,29445.0,0.0,0.0,0.0
Illinois,Peoria,17143,5450.0,5426.0,4921.0,4054.0,3891.0,400103.0,29392.0,4598.0,4688.0,5154.0
Illinois,Perry,17145,0.0,0.0,0.0,0.0,0.0,11274.0,5061.0,0.0,0.0,0.0
Illinois,Piatt,17147,0.0,0.0,0.0,0.0,0.0,112000.0,26772.0,0.0,0.0,0.0
Illinois,Pike,17149,0.0,0.0,0.0,0.0,0.0,426981.0,14754.0,7132.0,0.0,0.0
Illinois,Pope,17151,0.0,0.0,0.0,0.0,0.0,9250.0,0.0,0.0,0.0,0.0
Illinois,Pulaski,17153,0.0,0.0,0.0,0.0,0.0,21312.0,2488.0,0.0,0.0,0.0
Illinois,Putnam,17155,402.0,4568.0,0.0,0.0,0.0,296947.0,83187.0,0.0,0.0,2256.0
Illinois,Randolph,17157,0.0,0.0,0.0,0.0,0.0,230371.0,180.0,5026.0,0.0,0.0
Illinois,Richland,17159,1031.0,1938.0,371.0,0.0,1496.0,19649.0,4855.0,4125.0,6740.0,0.0
Illinois,Rock Island,17161,0.0,0.0,0.0,0.0,0.0,495597.0,4497.0,0.0,913.0,1761.0
Illinois,St. Clair,17163,0.0,0.0,0.0,0.0,0.0,36942.0,7349.0,3240.0,0.0,0.0
Illinois,Saline,17165,0.0,0.0,0.0,0.0,0.0,61506.0,2263.0,0.0,0.0,0.0
Illinois,Sangamon,17167,0.0,0.0,0.0,0.0,0.0,139947.0,6314.0,6396.0,0.0,176.0
Illinois,Schuyler,17169,0.0,1805.0,0.0,0.0,0.0,557925.0,41824.0,0.0,2852.0,29489.0
Illinois,Scott,17171,0.0,0.0,0.0,0.0,0.0,185659.0,17704.0,6070.0,1066.0,10893.0
Illinois,Shelby,17173,0.0,0.0,0.0,0.0,0.0,105658.0,0.0,0.0,244.0,0.0
Illinois,Stark,17175,21620.0,20086.0,0.0,790.0,0.0,588350.0,15046.0,3218.0,0.0,52.0
Illinois,Stephenson,17177,0.0,3958.0,775.0,4887.0,0.0,211831.0,4300.0,0.0,3690.0,0.0
Illinois,Tazewell,17179,0.0,0.0,0.0,0.0,0.0,148570.0,23129.0,0.0,0.0,0.0
Illinois,Union,17181,0.0,0.0,0.0,0.0,0.0,208722.0,45130.0,7475.0,412.0,1256.0
Illinois,Vermilion,17183,2447.0,93485.0,9945.0,8551.0,2431.0,2325734.0,13479.0,882.0,32088.0,66730.0
Illinois,Wabash,17185,0.0,0.0,0.0,0.0,0.0,60023.0,3121.0,0.0,0.0,14320.0
Illinois,Warren,17187,0.0,0.0,0.0,0.0,0.0,136739.0,0.0,0.0,0.0,0.0
Illinois,Washington,17189,0.0,0.0,0.0,0.0,0.0,57095.0,3339.0,0.0,0.0,0.0
Illinois,Wayne,17191,38463.0,147905.0,53851.0,12840.0,38260.0,883361.0,88734.0,31728.0,42887.0,75253.0
Illinois,White,17193,0.0,23891.0,8808.0,7263.0,10660.0,688210.0,12602.0,575.0,22573.0,25036.0
Illinois,Whiteside,17195,20303.0,31878.0,31101.0,15948.0,9004.0,3015541.0,150256.0,840.0,10944.0,19476.0
Illinois,Will,17197,0.0,0.0,0.0,0.0,0.0,2031020.0,166242.0,2258.0,0.0,8765.0
Illinois,Williamson,17199,0.0,0.0,0.0,0.0,0.0,54692.0,1093.0,0.0,0.0,0.0
Illinois,Winnebago,17201,13111.0,38723.0,0.0,2905.0,0.0,284248.0,36241.0,0.0,5615.0,16124.0
Illinois,Woodford,17203,0.0,0.0,0.0,0.0,0.0,361158.0,24344.0,0.0,0.0,3727.0
Indiana,Adams,18001,0.0,0.0,0.0,0.0,0.0,344253.0,1150.0,0.0,0.0,0.0
Indiana,Allen,18003,0.0,0.0,0.0,0.0,0.0,455915.0,17707.0,0.0,0.0,0.0
Indiana,Bartholomew,18005,0.0,0.0,0.0,0.0,0.0,174883.0,1843.0,0.0,0.0,0.0
Indiana,Benton,18007,0.0,0.0,0.0,0.0,0.0,100463.0,10199.0,7335.0,0.0,0.0
Indiana,Blackford,18009,0.0,0.0,0.0,0.0,0.0,112753.0,0.0,0.0,0.0,0.0
Indiana,Boone,18011,0.0,0.0,0.0,0.0,0.0,1141628.0,2861.0,0.0,0.0,0.0
Indiana,Brown,18013,0.0,0.0,0.0,0.0,0.0,33816.0,0.0,0.0,0.0,0.0
Indiana,Carroll,18015,0.0,0.0,0.0,0.0,0.0,89020.0,0.0,0.0,0.0,0.0
Indiana,Cass,18017,0.0,0.0,0.0,0.0,0.0,90981.0,4071.0,0.0,0.0,0.0
Indiana,Clark,18019,0.0,3732.0,4077.0,0.0,4524.0,234602.0,17519.0,0.0,0.0,0.0
Indiana,Clay,18021,0.0,0.0,0.0,0.0,0.0,144265.0,11148.0,346.0,2590.0,2302.0
Indiana,Clinton,18023,0.0,0.0,0.0,0.0,0.0,510779.0,4667.0,0.0,0.0,0.0
Indiana,Crawford,18025,0.0,0.0,0.0,0.0,0.0,28791.0,1992.0,0.0,0.0,0.0
Indiana,Daviess,18027,0.0,0.0,0.0,0.0,0.0,1759918.0,357.0,2016.0,48469.0,743.0
Indiana,Dearborn,18029,0.0,0.0,0.0,0.0,0.0,71609.0,11231.0,0.0,0.0,0.0
Indiana,Decatur,18031,0.0,0.0,0.0,0.0,0.0,200252.0,6180.0,0.0,0.0,0.0
Indiana,DeKalb,18033,0.0,0.0,0.0,0.0,0.0,306568.0,21195.0,0.0,0.0,0.0
Indiana,Delaware,18035,0.0,0.0,0.0,0.0,0.0,328252.0,3830.0,0.0,0.0,0.0
Indiana,Dubois,18037,0.0,0.0,0.0,0.0,0.0,268824.0,7435.0,0.0,2995.0,0.0
Indiana,Elkhart,18039,0.0,1207.0,1200.0,567.0,46.0,90305.0,40.0,0.0,0.0,0.0
Indiana,Fayette,18041,0.0,0.0,0.0,0.0,0.0,0.0,0.0,0.0,0.0,0.0
Indiana,Floyd,18043,0.0,0.0,0.0,0.0,0.0,5529.0,0.0,0.0,0.0,0.0
Indiana,Fountain,18045,2388.0,16160.0,8878.0,14166.0,5599.0,174259.0,20671.0,8484.0,6108.0,4190.0
Indiana,Franklin,18047,6102.0,12221.0,0.0,0.0,0.0,88972.0,2501.0,0.0,0.0,0.0
Indiana,Fulton,18049,0.0,0.0,0.0,0.0,0.0,21348.0,0.0,0.0,0.0,0.0
Indiana,Gibson,18051,0.0,0.0,0.0,0.0,0.0,802726.0,28287.0,74.0,21416.0,47001.0
Indiana,Grant,18053,0.0,0.0,0.0,0.0,0.0,154648.0,1703.0,0.0,0.0,0.0
Indiana,Greene,18055,0.0,0.0,0.0,0.0,0.0,422155.0,28936.0,0.0,0.0,0.0
Indiana,Hamilton,18057,0.0,0.0,0.0,0.0,0.0,389362.0,2771.0,0.0,0.0,0.0
Indiana,Hancock,18059,0.0,0.0,0.0,0.0,0.0,561656.0,4470.0,0.0,0.0,0.0
Indiana,Harrison,18061,0.0,0.0,0.0,0.0,0.0,11130.0,374.0,0.0,0.0,0.0
Indiana,Hendricks,18063,0.0,0.0,0.0,0.0,0.0,48278.0,0.0,0.0,0.0,0.0
Indiana,Henry,18065,0.0,0.0,0.0,0.0,0.0,199044.0,21083.0,0.0,0.0,0.0
Indiana,Howard,18067,0.0,0.0,0.0,0.0,0.0,313782.0,822.0,0.0,0.0,0.0
Indiana,Huntington,18069,0.0,0.0,0.0,0.0,0.0,494308.0,2128.0,0.0,0.0,0.0
Indiana,Jackson,18071,0.0,0.0,0.0,0.0,0.0,490272.0,25990.0,44402.0,2324.0,0.0
Indiana,Jasper,18073,0.0,0.0,0.0,0.0,0.0,354586.5,4110.0,0.0,0.0,126.0
Indiana,Jay,18075,0.0,0.0,0.0,0.0,0.0,451890.0,12160.0,0.0,0.0,0.0
Indiana,Jefferson,18077,0.0,0.0,0.0,0.0,0.0,67711.0,7865.0,434.0,0.0,0.0
Indiana,Jennings,18079,0.0,0.0,0.0,0.0,0.0,186166.0,79632.0,0.0,0.0,0.0
Indiana,Johnson,18081,0.0,0.0,0.0,0.0,0.0,292934.0,2260.0,0.0,0.0,0.0
Indiana,Knox,18083,4867.0,15777.0,1671.0,5578.0,0.0,742696.0,31259.0,7751.0,15068.0,13291.0
Indiana,Kosciusko,18085,0.0,0.0,0.0,0.0,0.0,170550.18,2734.0,3830.0,0.0,0.0
Indiana,LaGrange,18087,0.0,0.0,0.0,0.0,0.0,9237.0,0.0,0.0,0.0,0.0
Indiana,Lake,18089,0.0,0.0,0.0,0.0,0.0,1023730.0,49192.0,0.0,0.0,0.0
Indiana,LaPorte,18091,0.0,0.0,0.0,0.0,0.0,149117.0,13362.0,0.0,0.0,0.0
Indiana,Lawrence,18093,0.0,0.0,0.0,0.0,0.0,179014.06,9608.0,24318.0,9675.0,0.0
Indiana,Madison,18095,0.0,0.0,0.0,0.0,0.0,598118.0,2890.0,0.0,0.0,0.0
Indiana,Marion,18097,0.0,0.0,0.0,0.0,0.0,21805.0,0.0,0.0,0.0,0.0
Indiana,Marshall,18099,0.0,7211.0,2828.0,0.0,0.0,116228.0,5070.0,0.0,0.0,0.0
Indiana,Martin,18101,0.0,0.0,0.0,0.0,0.0,280019.0,0.0,0.0,0.0,0.0
Indiana,Miami,18103,0.0,13606.0,12050.0,6157.0,473.0,74939.0,3964.0,0.0,195.0,0.0
Indiana,Monroe,18105,0.0,0.0,0.0,0.0,0.0,17150.0,0.0,0.0,0.0,0.0
Indiana,Montgomery,18107,0.0,0.0,0.0,0.0,0.0,5012.0,0.0,0.0,0.0,0.0
Indiana,Morgan,18109,0.0,0.0,0.0,0.0,0.0,81089.0,0.0,0.0,0.0,0.0
Indiana,Newton,18111,0.0,0.0,0.0,0.0,0.0,583619.0,35199.0,4196.0,0.0,0.0
Indiana,Noble,18113,0.0,0.0,0.0,0.0,0.0,16576.0,0.0,0.0,0.0,0.0
Indiana,Ohio,18115,0.0,0.0,0.0,0.0,0.0,10703.0,5988.0,0.0,0.0,0.0
Indiana,Orange,18117,0.0,0.0,0.0,0.0,0.0,87950.0,0.0,0.0,0.0,0.0
Indiana,Owen,18119,0.0,0.0,0.0,0.0,0.0,101002.0,2036.0,0.0,0.0,0.0
Indiana,Parke,18121,0.0,0.0,0.0,0.0,0.0,116970.0,3437.0,0.0,0.0,0.0
Indiana,Perry,18123,0.0,0.0,0.0,0.0,0.0,39608.0,2857.0,0.0,0.0,0.0
Indiana,Pike,18125,0.0,0.0,0.0,0.0,0.0,522586.0,2524.0,75.0,21162.0,0.0
Indiana,Porter,18127,0.0,0.0,0.0,0.0,0.0,573371.68,23006.0,0.0,143.0,0.0
Indiana,Posey,18129,0.0,37512.0,32800.0,0.0,23939.0,326187.0,1967.0,12.0,1378.0,24279.0
Indiana,Pulaski,18131,0.0,0.0,0.0,0.0,0.0,42434.0,402.0,0.0,0.0,0.0
Indiana,Putnam,18133,0.0,3885.0,0.0,0.0,0.0,264309.0,247.0,0.0,0.0,0.0
Indiana,Randolph,18135,0.0,0.0,0.0,0.0,0.0,157515.0,0.0,0.0,0.0,0.0
Indiana,Ripley,18137,0.0,0.0,0.0,0.0,0.0,110097.0,18541.0,734.0,0.0,0.0
Indiana,Rush,18139,0.0,0.0,0.0,0.0,0.0,42052.0,2608.0,0.0,0.0,0.0
Indiana,St. Joseph,18141,0.0,63097.0,33400.0,0.0,0.0,126785.0,10467.0,0.0,0.0,0.0
Indiana,Scott,18143,0.0,0.0,0.0,0.0,0.0,281763.0,6758.0,0.0,0.0,60.0
Indiana,Shelby,18145,0.0,0.0,0.0,0.0,0.0,51379.0,11452.0,1643.0,0.0,0.0
Indiana,Spencer,18147,0.0,0.0,0.0,0.0,0.0,121950.0,53.0,0.0,0.0,0.0
Indiana,Starke,18149,0.0,0.0,0.0,0.0,0.0,12891.0,0.0,0.0,0.0,0.0
Indiana,Steuben,18151,0.0,0.0,0.0,0.0,0.0,285478.0,21386.0,0.0,0.0,0.0
Indiana,Sullivan,18153,0.0,0.0,0.0,0.0,0.0,331460.0,5037.0,0.0,0.0,0.0
Indiana,Switzerland,18155,0.0,0.0,0.0,0.0,0.0,54546.0,2295.0,0.0,0.0,0.0
Indiana,Tippecanoe,18157,0.0,0.0,0.0,0.0,0.0,148491.0,12150.0,0.0,4457.0,0.0
Indiana,Tipton,18159,0.0,0.0,0.0,0.0,0.0,157258.0,0.0,0.0,0.0,0.0
Indiana,Union,18161,0.0,0.0,0.0,0.0,0.0,7962.0,0.0,0.0,0.0,0.0
Indiana,Vanderburgh,18163,0.0,495.0,393.0,0.0,500.0,101506.0,4675.0,0.0,1174.0,2299.0
Indiana,Vermillion,18165,0.0,0.0,0.0,0.0,0.0,31867.0,3882.0,0.0,0.0,0.0
Indiana,Vigo,18167,0.0,0.0,0.0,0.0,0.0,168247.0,30244.0,2421.0,0.0,0.0
Indiana,Wabash,18169,0.0,0.0,0.0,0.0,0.0,521553.0,6596.0,424.0,272.0,0.0
Indiana,Warren,18171,0.0,0.0,0.0,0.0,0.0,103851.0,14942.0,25157.0,1889.0,20978.0
Indiana,Warrick,18173,0.0,0.0,0.0,0.0,0.0,41871.0,1330.0,0.0,0.0,0.0
Indiana,Washington,18175,0.0,0.0,0.0,0.0,0.0,301758.0,3222.0,0.0,0.0,0.0
Indiana,Wayne,18177,0.0,0.0,0.0,0.0,0.0,61061.0,0.0,0.0,0.0,7458.0
Indiana,Wells,18179,0.0,0.0,0.0,0.0,0.0,745553.0,7006.0,0.0,0.0,0.0
Indiana,White,18181,0.0,0.0,0.0,0.0,0.0,378553.0,241.0,0.0,0.0,0.0
Indiana,Whitley,18183,0.0,0.0,0.0,0.0,0.0,56188.0,370.0,0.0,0.0,0.0
Iowa,Adair,19001,0.0,0.0,0.0,0.0,4260.0,48410.0,25062.0,0.0,0.0,0.0
Iowa,Adams,19003,0.0,14063.0,0.0,1068.0,2489.0,60529.0,14914.0,0.0,0.0,0.0
Iowa,Allamakee,19005,0.0,0.0,0.0,0.0,0.0,42583.0,7996.0,2504.0,0.0,0.0
Iowa,Appanoose,19007,0.0,0.0,0.0,0.0,0.0,67741.0,17345.0,0.0,0.0,0.0
Iowa,Audubon,19009,0.0,0.0,0.0,0.0,0.0,0.0,0.0,0.0,0.0,0.0
Iowa,Benton,19011,33565.0,38269.0,13166.0,2451.0,3010.0,98709.0,56073.0,0.0,0.0,89.0
Iowa,Black Hawk,19013,1626.0,2779.0,0.0,0.0,0.0,28226.0,829.0,0.0,0.0,0.0
Iowa,Boone,19015,41306.0,36275.0,9003.0,8343.0,9503.0,20977.0,2853.0,0.0,0.0,0.0
Iowa,Bremer,19017,17153.0,2631.0,0.0,0.0,0.0,34163.0,5132.0,0.0,0.0,0.0
Iowa,Buchanan,19019,0.0,0.0,903.0,217.0,0.0,64216.0,2518.0,0.0,0.0,2643.0
Iowa,Buena Vista,19021,0.0,0.0,0.0,0.0,0.0,65545.0,8409.0,0.0,0.0,0.0
Iowa,Butler,19023,0.0,0.0,0.0,0.0,0.0,47882.0,8593.0,0.0,0.0,4057.0
Iowa,Calhoun,19025,0.0,0.0,0.0,674.0,0.0,0.0,0.0,0.0,0.0,0.0
Iowa,Carroll,19027,42325.0,14262.0,14576.0,11861.0,8268.0,480.0,472.0,0.0,0.0,0.0
Iowa,Cass,19029,0.0,0.0,0.0,0.0,777.0,7602.0,5602.0,0.0,0.0,0.0
Iowa,Cedar,19031,11550.0,7618.0,5725.0,0.0,0.0,473321.0,84457.0,10751.0,0.0,0.0
Iowa,Cerro Gordo,19033,0.0,0.0,0.0,0.0,0.0,71690.0,0.0,0.0,0.0,0.0
Iowa,Cherokee,19035,16058.0,16439.0,3024.0,0.0,0.0,9413.0,826.0,0.0,367.0,422.0
Iowa,Chickasaw,19037,0.0,0.0,0.0,0.0,0.0,54981.0,0.0,0.0,0.0,0.0
Iowa,Clarke,19039,0.0,0.0,0.0,0.0,0.0,122745.0,3174.0,0.0,0.0,0.0
Iowa,Clay,19041,8879.0,7495.0,2817.0,0.0,12037.0,649000.0,26715.0,0.0,675.0,10537.0
Iowa,Clayton,19043,0.0,0.0,0.0,0.0,0.0,71452.0,605.0,2290.0,0.0,4591.0
Iowa,Clinton,19045,0.0,0.0,0.0,0.0,0.0,1772209.0,55531.0,331.0,0.0,12401.0
Iowa,Crawford,19047,9055.0,7853.0,5790.0,0.0,0.0,7109.0,0.0,0.0,0.0,0.0
Iowa,Dallas,19049,0.0,19733.0,0.0,0.0,17411.0,4888.0,0.0,0.0,0.0,0.0
Iowa,Davis,19051,602.0,1084.0,0.0,1539.0,261.0,125392.0,33415.0,2424.0,722.0,0.0
Iowa,Decatur,19053,0.0,0.0,0.0,0.0,0.0,64823.0,7338.0,0.0,2361.0,0.0
Iowa,Delaware,19055,19544.0,15438.0,20672.0,0.0,0.0,75956.0,14958.0,0.0,0.0,7355.68
Iowa,Des Moines,19057,0.0,0.0,0.0,0.0,0.0,205461.0,669.0,1574.0,504.0,0.0
Iowa,Dickinson,19059,0.0,0.0,0.0,0.0,0.0,297950.0,1290.0,0.0,0.0,0.0
Iowa,Dubuque,19061,22747.0,6410.0,13839.0,7028.0,0.0,149448.0,45509.0,0.0,0.0,0.0
Iowa,Emmet,19063,7412.0,5499.0,0.0,0.0,6010.0,437124.0,10057.0,0.0,0.0,0.0
Iowa,Fayette,19065,8446.0,12533.0,4841.0,2839.0,747.0,94933.0,3607.0,0.0,0.0,0.0
Iowa,Floyd,19067,0.0,0.0,0.0,0.0,0.0,68864.0,2255.0,0.0,0.0,0.0
Iowa,Franklin,19069,0.0,0.0,0.0,0.0,0.0,111123.0,0.0,0.0,0.0,0.0
Iowa,Fremont,19071,10662.0,71004.0,35398.0,20826.0,23068.0,1418425.0,119187.0,0.0,455.0,0.0
Iowa,Greene,19073,0.0,2649.0,0.0,0.0,7450.0,8737.0,4068.0,0.0,0.0,0.0
Iowa,Grundy,19075,34905.0,34937.0,0.0,0.0,0.0,0.0,0.0,0.0,0.0,0.0
Iowa,Guthrie,19077,1439.0,4692.0,1250.0,0.0,0.0,4410.0,3237.0,0.0,0.0,0.0
Iowa,Hamilton,19079,0.0,0.0,0.0,0.0,0.0,34399.0,0.0,0.0,0.0,0.0
Iowa,Hancock,19081,28028.0,12876.0,0.0,0.0,0.0,318926.0,0.0,0.0,0.0,0.0
Iowa,Hardin,19083,0.0,0.0,0.0,0.0,0.0,32487.0,11104.0,0.0,0.0,0.0
Iowa,Harrison,19085,76559.0,10232.0,0.0,0.0,6777.0,289924.0,688.0,0.0,0.0,0.0
Iowa,Henry,19087,358.0,9132.0,2242.0,722.0,0.0,231463.0,18851.0,0.0,0.0,2816.0
Iowa,Howard,19089,0.0,0.0,0.0,0.0,0.0,78741.0,0.0,0.0,0.0,0.0
Iowa,Humboldt,19091,7564.0,3032.0,0.0,3822.0,0.0,99525.0,21648.0,0.0,0.0,1426.0
Iowa,Ida,19093,0.0,0.0,0.0,0.0,0.0,0.0,0.0,0.0,0.0,0.0
Iowa,Iowa,19095,0.0,0.0,0.0,0.0,0.0,223857.0,179269.0,0.0,0.0,4028.0
Iowa,Jackson,19097,0.0,0.0,0.0,0.0,0.0,674262.0,29648.0,0.0,0.0,15008.0
Iowa,Jasper,19099,164255.0,81147.0,88183.0,11174.0,3494.0,10830.0,34776.0,0.0,3282.0,0.0
Iowa,Jefferson,19101,0.0,0.0,0.0,0.0,0.0,130404.0,19941.0,0.0,0.0,0.0
Iowa,Johnson,19103,0.0,2362.0,6208.0,711.0,328.0,157909.0,86697.0,0.0,0.0,0.0
Iowa,Jones,19105,7079.0,0.0,6160.0,0.0,0.0,399753.0,92972.0,0.0,0.0,0.0
Iowa,Keokuk,19107,11220.0,24201.0,4333.0,11594.0,486.0,99189.0,22526.0,0.0,1654.0,0.0
Iowa,Kossuth,19109,24338.0,5319.0,0.0,0.0,9279.0,270020.0,48512.0,2417.0,0.0,0.0
Iowa,Lee,19111,2029.0,45272.0,2392.0,31597.0,0.0,129268.0,13627.0,0.0,0.0,0.0
Iowa,Linn,19113,0.0,0.0,0.0,0.0,0.0,58965.0,46474.0,0.0,0.0,0.0
Iowa,Louisa,19115,0.0,2121.0,0.0,1963.0,1585.0,236188.0,5895.0,2253.0,3898.0,5199.0
Iowa,Lucas,19117,0.0,0.0,0.0,11712.0,3102.0,100506.0,1678.0,0.0,0.0,2585.0
Iowa,Lyon,19119,91078.0,69129.0,4065.0,3537.0,8038.0,173223.0,1706.0,0.0,0.0,0.0
Iowa,Madison,19121,5275.0,10919.0,8046.0,7189.0,7843.0,46420.0,15644.0,0.0,0.0,0.0
Iowa,Mahaska,19123,125682.0,121057.0,16534.0,17601.0,35907.0,298496.0,11717.0,0.0,2742.0,0.0
Iowa,Marion,19125,61865.0,33728.0,6186.0,12742.0,9124.0,95932.0,22280.0,0.0,0.0,0.0
Iowa,Marshall,19127,8742.0,12828.0,4302.0,0.0,0.0,4762.0,4394.0,0.0,0.0,0.0
Iowa,Mills,19129,0.0,7393.0,0.0,0.0,0.0,473727.0,12548.0,0.0,0.0,0.0
Iowa,Mitchell,19131,0.0,0.0,0.0,0.0,0.0,46932.0,2613.0,0.0,0.0,0.0
Iowa,Monona,19133,0.0,0.0,0.0,0.0,0.0,109544.0,848.0,0.0,0.0,0.0
Iowa,Monroe,19135,0.0,40532.0,0.0,0.0,0.0,129159.0,18046.0,11651.0,533.0,153.0
Iowa,Montgomery,19137,0.0,0.0,0.0,0.0,0.0,0.0,0.0,0.0,0.0,0.0
Iowa,Muscatine,19139,0.0,0.0,0.0,0.0,0.0,493349.0,39230.0,1408.0,0.0,0.0
Iowa,O'Brien,19141,0.0,0.0,0.0,0.0,0.0,5884.0,3725.0,2637.0,0.0,1783.0
Iowa,Osceola,19143,135416.0,117137.0,36537.0,0.0,40463.0,269386.0,11584.84,13592.0,0.0,3806.0
Iowa,Page,19145,7464.0,8975.0,4947.0,3779.0,0.0,5293.0,0.0,0.0,0.0,0.0
Iowa,Palo Alto,19147,6966.0,555.0,8773.0,5692.0,0.0,450300.0,9426.0,6213.0,7932.0,2536.0
Iowa,Plymouth,19149,91378.0,79856.0,11750.0,15828.0,0.0,64573.0,0.0,0.0,8967.0,2749.0
Iowa,Pocahontas,19151,1175.0,0.0,622.0,0.0,0.0,366400.0,4599.0,0.0,0.0,0.0
Iowa,Polk,19153,3215.0,6199.0,946.0,0.0,0.0,4737.0,184.0,0.0,0.0,0.0
Iowa,E Pottawattamie,19155,43748.0,14293.0,11011.0,3392.0,21963.0,129.0,0.0,0.0,0.0,0.0
Iowa,W Pottawattamie,19156,32758.0,763.0,530.0,3561.0,18491.0,664799.0,130.0,110.0,145.0,4185.0
Iowa,Poweshiek,19157,48457.0,41012.0,28167.0,15690.0,8050.0,109132.0,37610.0,0.0,0.0,2847.0
Iowa,Ringgold,19159,0.0,0.0,0.0,0.0,0.0,78124.0,9069.0,0.0,0.0,0.0
Iowa,Sac,19161,2394.0,0.0,5194.0,4703.0,0.0,987.0,0.0,0.0,0.0,0.0
Iowa,Scott,19163,20112.0,35801.0,998.0,0.0,0.0,686665.0,91163.0,0.0,0.0,0.0
Iowa,Shelby,19165,0.0,0.0,0.0,0.0,0.0,0.0,0.0,0.0,0.0,0.0
Iowa,Sioux,19167,23551.0,13217.0,13577.0,0.0,1300.0,116832.0,14364.0,0.0,0.0,0.0
Iowa,Story,19169,2188.0,0.0,933.0,140.0,816.0,45722.0,6623.0,1448.0,0.0,0.0
Iowa,Tama,19171,60907.0,58983.0,16942.0,478.0,3789.0,112901.0,99043.0,0.0,0.0,0.0
Iowa,Taylor,19173,677.0,20615.0,0.0,0.0,2268.0,204899.0,15320.0,1848.0,0.0,1401.0
Iowa,Union,19175,0.0,0.0,0.0,0.0,0.0,73795.0,23720.0,0.0,0.0,0.0
Iowa,Van Buren,19177,0.0,62.0,0.0,8090.0,0.0,181626.13,12844.0,0.0,274.0,0.0
Iowa,Wapello,19179,17459.0,64664.0,616.0,3700.0,0.0,214197.0,24419.0,0.0,12356.0,12516.0
Iowa,Warren,19181,12158.0,9310.0,8072.0,3859.0,0.0,27749.0,0.0,0.0,0.0,0.0
Iowa,Washington,19183,5855.0,6061.0,754.0,0.0,1870.0,91942.0,22099.0,0.0,1368.0,0.0
Iowa,Wayne,19185,0.0,0.0,0.0,0.0,0.0,228645.0,11940.0,0.0,0.0,0.0
Iowa,Webster,19187,0.0,0.0,0.0,0.0,0.0,118798.0,3041.0,0.0,0.0,0.0
Iowa,Winnebago,19189,0.0,0.0,0.0,0.0,0.0,12418.0,0.0,0.0,0.0,3485.0
Iowa,Winneshiek,19191,0.0,0.0,0.0,0.0,0.0,173352.0,30489.0,0.0,0.0,14862.0
Iowa,Woodbury,19193,149056.0,87666.0,0.0,0.0,0.0,255639.0,82753.0,5292.0,0.0,0.0
Iowa,Worth,19195,0.0,0.0,0.0,0.0,726.0,41398.0,0.0,0.0,0.0,0.0
Iowa,Wright,19197,18308.0,582.0,6646.0,5428.0,46161.0,26761.0,266.0,0.0,0.0,0.0
Kansas,Allen,20001,0.0,8703.0,0.0,0.0,7596.0,27689.0,1760.0,221.0,0.0,0.0
Kansas,Anderson,20003,0.0,4342.0,0.0,0.0,4119.0,39761.0,3524.0,0.0,0.0,0.0
Kansas,Atchison,20005,0.0,7140.0,0.0,1768.0,6391.0,95517.0,0.0,0.0,0.0,0.0
Kansas,Barber,20007,1317.0,0.0,0.0,0.0,0.0,0.0,0.0,0.0,0.0,0.0
Kansas,Barton,20009,0.0,0.0,0.0,0.0,0.0,0.0,0.0,0.0,0.0,0.0
Kansas,Bourbon,20011,0.0,0.0,0.0,0.0,0.0,12388.0,799.0,0.0,0.0,0.0
Kansas,Brown,20013,0.0,39428.0,8155.0,41205.0,34698.0,28647.0,8373.0,0.0,0.0,0.0
Kansas,Butler,20015,0.0,0.0,0.0,0.0,0.0,7785.0,6482.0,0.0,0.0,0.0
Kansas,Chase,20017,0.0,2199.0,0.0,0.0,0.0,10941.0,0.0,0.0,0.0,0.0
Kansas,Chautauqua,20019,0.0,0.0,0.0,0.0,0.0,0.0,0.0,0.0,0.0,0.0
Kansas,Cherokee,20021,0.0,0.0,0.0,0.0,0.0,0.0,0.0,0.0,0.0,0.0
Kansas,Cheyenne,20023,17266.0,14489.0,13014.0,3185.0,0.0,0.0,0.0,0.0,0.0,0.0
Kansas,Clark,20025,841.0,0.0,896.0,0.0,0.0,0.0,0.0,0.0,0.0,0.0
Kansas,Clay,20027,35778.0,21286.0,9699.0,13099.0,6410.0,79751.0,0.0,0.0,3241.0,7411.0
Kansas,Cloud,20029,2809.0,2075.0,0.0,1748.0,0.0,0.0,0.0,0.0,0.0,0.0
Kansas,Coffey,20031,0.0,18405.0,0.0,0.0,0.0,87168.0,114.0,0.0,962.0,829.0
Kansas,Comanche,20033,0.0,0.0,0.0,0.0,0.0,0.0,0.0,0.0,0.0,0.0
Kansas,Cowley,20035,0.0,0.0,3148.0,0.0,0.0,0.0,0.0,0.0,0.0,0.0
Kansas,Crawford,20037,0.0,0.0,0.0,0.0,0.0,9159.0,263.0,0.0,254.0,0.0
Kansas,Decatur,20039,45491.0,22994.0,3469.0,2141.0,1782.0,0.0,0.0,0.0,0.0,0.0
Kansas,Dickinson,20041,0.0,0.0,2274.0,2174.0,1801.0,0.0,0.0,0.0,0.0,0.0
Kansas,Doniphan,20043,694.0,31394.0,59568.0,3329.0,35820.0,318025.0,17781.0,0.0,4144.0,0.0
Kansas,Douglas,20045,0.0,0.0,0.0,357.0,1652.0,4890.0,4596.0,0.0,0.0,0.0
Kansas,Edwards,20047,0.0,0.0,0.0,0.0,0.0,0.0,0.0,0.0,0.0,0.0
Kansas,Elk,20049,0.0,0.0,0.0,0.0,0.0,0.0,0.0,0.0,0.0,0.0
Kansas,Ellis,20051,0.0,0.0,0.0,0.0,0.0,0.0,0.0,0.0,14432.0,19140.0
Kansas,Ellsworth,20053,1013.0,874.0,413.0,0.0,0.0,0.0,0.0,0.0,0.0,0.0
Kansas,Finney,20055,155783.0,43023.0,152405.0,144265.0,2165.0,0.0,0.0,0.0,0.0,0.0
Kansas,Ford,20057,6696.0,5915.0,0.0,734.0,0.0,0.0,0.0,0.0,29235.0,27469.0
Kansas,Franklin,20059,115.0,371.0,420.0,1641.0,0.0,62906.0,3145.0,245.0,319.0,1821.0
Kansas,Geary,20061,0.0,0.0,0.0,0.0,0.0,0.0,0.0,0.0,0.0,0.0
Kansas,Gove,20063,10758.0,1845.0,4623.0,13663.0,0.0,0.0,0.0,0.0,0.0,0.0
Kansas,Graham,20065,0.0,0.0,0.0,0.0,0.0,0.0,0.0,0.0,1426.0,0.0
Kansas,Grant,20067,24573.0,18891.0,14173.0,18894.0,4663.0,46466.0,36676.0,0.0,13667.0,10678.0
Kansas,Gray,20069,2924.0,242.0,177.0,0.0,7008.0,0.0,0.0,0.0,46929.0,51137.0
Kansas,Greeley,20071,0.0,0.0,0.0,0.0,0.0,2974.0,4810.0,0.0,0.0,0.0
Kansas,Greenwood,20073,0.0,0.0,0.0,0.0,0.0,0.0,0.0,0.0,0.0,0.0
Kansas,Hamilton,20075,0.0,0.0,0.0,0.0,0.0,0.0,0.0,0.0,0.0,4582.0
Kansas,Harper,20077,11879.0,11365.0,714.0,2171.0,11638.0,0.0,0.0,0.0,0.0,0.0
Kansas,Harvey,20079,0.0,0.0,0.0,0.0,0.0,7227.0,0.0,0.0,0.0,0.0
Kansas,Haskell,20081,0.0,0.0,0.0,0.0,0.0,0.0,0.0,0.0,46980.0,0.0
Kansas,Hodgeman,20083,0.0,0.0,0.0,0.0,0.0,0.0,0.0,0.0,27960.0,31402.0
Kansas,Jackson,20085,0.0,31384.0,0.0,1547.0,36273.0,4823.0,80.0,0.0,0.0,0.0
Kansas,Jefferson,20087,16857.0,25575.0,15259.0,4401.0,17662.0,11357.0,0.0,0.0,0.0,0.0
Kansas,Jewell,20089,0.0,0.0,0.0,0.0,0.0,87480.0,0.0,0.0,0.0,0.0
Kansas,Johnson,20091,0.0,0.0,0.0,0.0,0.0,28098.0,1122.0,0.0,0.0,0.0
Kansas,Kearny,20093,25283.0,39910.0,45537.0,22576.0,46818.0,0.0,0.0,0.0,0.0,0.0
Kansas,Kingman,20095,0.0,51099.0,39747.0,0.0,0.0,0.0,0.0,0.0,0.0,0.0
Kansas,Kiowa,20097,0.0,0.0,0.0,0.0,0.0,0.0,0.0,0.0,0.0,0.0
Kansas,Labette,20099,0.0,0.0,0.0,0.0,0.0,40468.0,859.0,94.0,6561.0,0.0
Kansas,Lane,20101,0.0,0.0,2037.0,0.0,0.0,0.0,0.0,0.0,0.0,0.0
Kansas,Leavenworth,20103,4021.0,5148.0,5326.0,0.0,0.0,103334.0,3271.0,0.0,0.0,0.0
Kansas,Lincoln,20105,0.0,0.0,0.0,0.0,0.0,0.0,0.0,0.0,0.0,0.0
Kansas,Linn,20107,0.0,0.0,0.0,0.0,0.0,153384.0,0.0,3722.0,0.0,0.0
Kansas,Logan,20109,61247.0,48207.0,0.0,35839.0,15962.0,0.0,0.0,0.0,0.0,0.0
Kansas,Lyon,20111,0.0,0.0,0.0,0.0,0.0,0.0,0.0,0.0,0.0,0.0
Kansas,McPherson,20113,0.0,0.0,8057.0,1337.0,0.0,0.0,0.0,0.0,0.0,0.0
Kansas,Marion,20115,0.0,0.0,0.0,3037.0,0.0,3561.0,0.0,0.0,0.0,0.0
Kansas,Marshall,20117,2351.0,6200.0,0.0,0.0,0.0,157253.0,0.0,0.0,0.0,0.0
Kansas,Meade,20119,6125.0,4773.0,0.0,4521.0,0.0,0.0,0.0,0.0,0.0,0.0
Kansas,Miami,20121,999.0,2199.0,2199.0,0.0,0.0,238506.0,3105.0,0.0,0.0,0.0
Kansas,Mitchell,20123,0.0,0.0,0.0,0.0,0.0,0.0,0.0,0.0,0.0,0.0
Kansas,Montgomery,20125,0.0,1990.0,2717.0,0.0,0.0,4205.0,0.0,0.0,0.0,0.0
Kansas,Morris,20127,0.0,0.0,0.0,0.0,0.0,0.0,0.0,0.0,0.0,0.0
Kansas,Morton,20129,0.0,0.0,0.0,0.0,0.0,0.0,0.0,0.0,0.0,0.0
Kansas,Nemaha,20131,0.0,0.0,0.0,0.0,0.0,19227.0,0.0,0.0,0.0,0.0
Kansas,Neosho,20133,0.0,0.0,0.0,0.0,0.0,23529.0,0.0,0.0,0.0,0.0
Kansas,Ness,20135,0.0,0.0,0.0,0.0,0.0,0.0,0.0,0.0,0.0,2026.0
Kansas,Norton,20137,0.0,0.0,0.0,0.0,0.0,0.0,0.0,0.0,0.0,0.0
Kansas,Osage,20139,0.0,0.0,0.0,0.0,0.0,0.0,0.0,0.0,0.0,0.0
Kansas,Osborne,20141,0.0,0.0,0.0,0.0,0.0,0.0,0.0,0.0,0.0,0.0
Kansas,Ottawa,20143,0.0,0.0,0.0,0.0,0.0,5674.0,0.0,0.0,0.0,0.0
Kansas,Pawnee,20145,0.0,0.0,0.0,0.0,0.0,11905.0,0.0,0.0,0.0,0.0
Kansas,Phillips,20147,45452.0,0.0,12630.0,929.0,0.0,0.0,0.0,0.0,0.0,0.0
Kansas,Pottawatomie,20149,3105.0,1032.0,0.0,4269.0,14406.0,0.0,0.0,0.0,0.0,0.0
Kansas,Pratt,20151,0.0,0.0,0.0,0.0,0.0,35816.0,4998.0,0.0,0.0,0.0
Kansas,Rawlins,20153,0.0,6388.0,7696.0,0.0,0.0,0.0,0.0,0.0,0.0,0.0
Kansas,Reno,20155,0.0,5405.0,8658.0,4850.0,4350.0,155000.0,0.0,0.0,0.0,0.0
Kansas,Republic,20157,69919.0,25536.0,73355.0,19660.0,27369.0,28300.0,2195.0,0.0,0.0,0.0
Kansas,Rice,20159,2282.0,1841.0,2802.0,4486.0,0.0,0.0,0.0,0.0,0.0,0.0
Kansas,Riley,20161,0.0,0.0,0.0,0.0,0.0,0.0,0.0,0.0,0.0,0.0
Kansas,Rooks,20163,0.0,0.0,0.0,0.0,0.0,0.0,0.0,0.0,0.0,0.0
Kansas,Rush,20165,0.0,0.0,0.0,0.0,0.0,0.0,0.0,0.0,0.0,0.0
Kansas,Russell,20167,14921.0,6289.0,0.0,3861.0,0.0,0.0,0.0,0.0,0.0,0.0
Kansas,Saline,20169,0.0,0.0,0.0,0.0,0.0,5415.0,0.0,0.0,0.0,0.0
Kansas,Scott,20171,17865.0,24534.0,0.0,12560.0,0.0,0.0,0.0,0.0,0.0,0.0
Kansas,Sedgwick,20173,0.0,0.0,0.0,0.0,0.0,0.0,0.0,0.0,0.0,0.0
Kansas,Seward,20175,222730.0,180565.0,167607.0,3626.0,57261.0,0.0,0.0,0.0,0.0,0.0
Kansas,Shawnee,20177,4133.0,1444.0,3944.0,0.0,9072.0,3151.0,0.0,0.0,0.0,0.0
Kansas,Sheridan,20179,77027.0,84670.0,2347.0,19731.0,6229.0,0.0,0.0,0.0,0.0,0.0
Kansas,Sherman,20181,29592.0,84556.0,77457.0,57967.0,78445.0,2771.0,11149.0,1852.0,57234.0,30814.0
Kansas,Smith,20183,0.0,0.0,0.0,0.0,0.0,0.0,0.0,0.0,0.0,0.0
Kansas,Stafford,20185,0.0,0.0,0.0,0.0,0.0,0.0,0.0,0.0,0.0,0.0
Kansas,Stanton,20187,97837.0,83654.0,75577.0,0.0,6056.0,198746.0,161347.0,10911.0,173585.0,174210.0
Kansas,Stevens,20189,462187.0,306987.0,392544.0,272220.0,7042.0,0.0,0.0,0.0,0.0,0.0
Kansas,Sumner,20191,4767.0,4766.0,824.0,4174.0,3999.0,2019.0,0.0,0.0,6371.0,2208.0
Kansas,Thomas,20193,55557.0,74734.0,39284.0,36205.0,23962.0,0.0,1454.0,0.0,14463.0,17273.0
Kansas,Trego,20195,15716.0,14642.0,0.0,14862.0,0.0,0.0,0.0,0.0,0.0,0.0
Kansas,Wabaunsee,20197,0.0,0.0,0.0,0.0,0.0,0.0,0.0,0.0,0.0,0.0
Kansas,Wallace,20199,17961.0,3837.0,1085.0,4807.0,3245.0,237177.0,7775.0,0.0,1659.0,7832.0
Kansas,Washington,20201,0.0,0.0,0.0,0.0,0.0,0.0,0.0,0.0,0.0,0.0
Kansas,Wichita,20203,3297.0,12100.0,0.0,25653.0,39077.0,0.0,0.0,0.0,0.0,0.0
Kansas,Wilson,20205,0.0,13075.0,0.0,0.0,0.0,0.0,0.0,0.0,0.0,0.0
Kansas,Woodson,20207,0.0,0.0,0.0,0.0,0.0,0.0,0.0,0.0,0.0,0.0
Kansas,Wyandotte,20209,0.0,0.0,0.0,0.0,0.0,110718.0,0.0,0.0,0.0,0.0
Kentucky,Adair,21001,0.0,0.0,0.0,0.0,0.0,0.0,0.0,0.0,0.0,0.0
Kentucky,Allen,21003,0.0,0.0,0.0,0.0,0.0,0.0,0.0,0.0,0.0,0.0
Kentucky,Anderson,21005,0.0,0.0,0.0,0.0,0.0,0.0,0.0,0.0,0.0,0.0
Kentucky,Ballard,21007,0.0,0.0,0.0,0.0,0.0,243186.0,96821.0,0.0,0.0,0.0
Kentucky,Barren,21009,0.0,0.0,0.0,0.0,0.0,0.0,0.0,0.0,0.0,0.0
Kentucky,Bath,21011,0.0,0.0,0.0,0.0,0.0,0.0,0.0,0.0,0.0,0.0
Kentucky,Bell,21013,0.0,0.0,0.0,0.0,0.0,0.0,0.0,0.0,0.0,0.0
Kentucky,Boone,21015,0.0,0.0,0.0,0.0,0.0,0.0,0.0,0.0,0.0,0.0
Kentucky,Bourbon,21017,0.0,0.0,0.0,0.0,0.0,0.0,0.0,0.0,0.0,0.0
Kentucky,Boyd,21019,0.0,0.0,0.0,0.0,0.0,0.0,0.0,0.0,0.0,0.0
Kentucky,Boyle,21021,0.0,0.0,0.0,0.0,0.0,0.0,0.0,0.0,0.0,0.0
Kentucky,Bracken,21023,0.0,0.0,0.0,0.0,0.0,0.0,0.0,0.0,0.0,0.0
Kentucky,Breathitt,21025,0.0,0.0,0.0,0.0,0.0,0.0,0.0,0.0,0.0,0.0
Kentucky,Breckinridge,21027,0.0,0.0,0.0,0.0,0.0,21606.0,0.0,0.0,0.0,0.0
Kentucky,Bullitt,21029,0.0,0.0,0.0,0.0,0.0,0.0,0.0,0.0,0.0,0.0
Kentucky,Butler,21031,0.0,0.0,0.0,0.0,0.0,0.0,0.0,0.0,0.0,0.0
Kentucky,Caldwell,21033,0.0,0.0,0.0,0.0,0.0,0.0,0.0,0.0,0.0,0.0
Kentucky,Calloway,21035,0.0,0.0,0.0,0.0,0.0,2209.0,0.0,0.0,0.0,0.0
Kentucky,Campbell,21037,0.0,0.0,0.0,0.0,0.0,0.0,0.0,0.0,0.0,0.0
Kentucky,Carlisle,21039,0.0,0.0,0.0,0.0,0.0,138150.0,0.0,0.0,0.0,0.0
Kentucky,Carroll,21041,0.0,0.0,0.0,0.0,0.0,0.0,0.0,0.0,0.0,0.0
Kentucky,Carter,21043,0.0,0.0,0.0,0.0,0.0,0.0,0.0,0.0,0.0,0.0
Kentucky,Casey,21045,0.0,0.0,0.0,0.0,0.0,0.0,0.0,0.0,0.0,0.0
Kentucky,Christian,21047,0.0,0.0,0.0,0.0,0.0,4143.0,0.0,0.0,0.0,0.0
Kentucky,Clark,21049,0.0,0.0,0.0,0.0,0.0,0.0,0.0,0.0,0.0,0.0
Kentucky,Clay,21051,0.0,0.0,0.0,0.0,0.0,0.0,0.0,0.0,0.0,0.0
Kentucky,Clinton,21053,0.0,0.0,0.0,0.0,0.0,0.0,0.0,0.0,0.0,0.0
Kentucky,Crittenden,21055,0.0,0.0,0.0,0.0,0.0,15848.0,979.0,0.0,0.0,0.0
Kentucky,Cumberland,21057,0.0,0.0,0.0,0.0,0.0,0.0,0.0,0.0,0.0,0.0
Kentucky,Daviess,21059,0.0,0.0,0.0,0.0,0.0,54574.0,2795.0,0.0,0.0,0.0
Kentucky,Edmonson,21061,0.0,0.0,0.0,0.0,0.0,0.0,0.0,0.0,0.0,0.0
Kentucky,Elliott,21063,0.0,0.0,0.0,0.0,0.0,0.0,0.0,0.0,0.0,0.0
Kentucky,Estill,21065,0.0,0.0,0.0,0.0,0.0,0.0,0.0,0.0,0.0,0.0
Kentucky,Fayette,21067,0.0,0.0,0.0,0.0,0.0,0.0,0.0,0.0,0.0,0.0
Kentucky,Fleming,21069,0.0,0.0,0.0,0.0,0.0,0.0,0.0,0.0,0.0,0.0
Kentucky,Floyd,21071,0.0,0.0,0.0,0.0,0.0,0.0,0.0,0.0,0.0,0.0
Kentucky,Franklin,21073,0.0,0.0,0.0,0.0,0.0,0.0,0.0,0.0,0.0,0.0
Kentucky,Fulton,21075,0.0,0.0,0.0,0.0,0.0,140583.0,2106.0,6507.0,0.0,0.0
Kentucky,Gallatin,21077,0.0,0.0,0.0,0.0,0.0,0.0,0.0,0.0,0.0,0.0
Kentucky,Garrard,21079,0.0,0.0,0.0,0.0,0.0,0.0,0.0,0.0,0.0,0.0
Kentucky,Grant,21081,0.0,0.0,0.0,0.0,0.0,0.0,0.0,0.0,0.0,0.0
Kentucky,Graves,21083,0.0,0.0,0.0,0.0,0.0,1818.0,0.0,0.0,0.0,0.0
Kentucky,Grayson,21085,0.0,0.0,0.0,0.0,0.0,7892.0,0.0,0.0,0.0,0.0
Kentucky,Green,21087,0.0,0.0,0.0,0.0,0.0,0.0,0.0,0.0,0.0,0.0
Kentucky,Greenup,21089,0.0,0.0,0.0,0.0,0.0,0.0,0.0,0.0,0.0,0.0
Kentucky,Hancock,21091,0.0,0.0,0.0,0.0,0.0,0.0,0.0,0.0,0.0,0.0
Kentucky,Hardin,21093,0.0,0.0,0.0,0.0,0.0,338.0,0.0,0.0,0.0,0.0
Kentucky,Harlan,21095,0.0,0.0,0.0,0.0,0.0,0.0,0.0,0.0,0.0,0.0
Kentucky,Harrison,21097,0.0,0.0,0.0,0.0,0.0,0.0,0.0,0.0,0.0,0.0
Kentucky,Hart,21099,0.0,0.0,0.0,0.0,0.0,0.0,0.0,0.0,0.0,0.0
Kentucky,Henderson,21101,0.0,0.0,0.0,0.0,0.0,44817.0,325.0,0.0,0.0,0.0
Kentucky,Henry,21103,0.0,0.0,0.0,0.0,0.0,0.0,0.0,0.0,0.0,0.0
Kentucky,Hickman,21105,0.0,0.0,0.0,0.0,0.0,61777.0,0.0,0.0,0.0,0.0
Kentucky,Hopkins,21107,0.0,0.0,0.0,0.0,0.0,0.0,0.0,0.0,0.0,0.0
Kentucky,Jackson,21109,0.0,0.0,0.0,0.0,0.0,0.0,0.0,0.0,0.0,0.0
Kentucky,Jefferson,21111,0.0,0.0,0.0,0.0,0.0,0.0,0.0,0.0,0.0,0.0
Kentucky,Jessamine,21113,0.0,0.0,0.0,0.0,0.0,0.0,0.0,0.0,0.0,0.0
Kentucky,Johnson,21115,0.0,0.0,0.0,0.0,0.0,0.0,0.0,0.0,0.0,0.0
Kentucky,Kenton,21117,0.0,0.0,0.0,0.0,0.0,0.0,0.0,0.0,0.0,0.0
Kentucky,Knott,21119,0.0,0.0,0.0,0.0,0.0,0.0,0.0,0.0,0.0,0.0
Kentucky,Knox,21121,0.0,0.0,0.0,0.0,0.0,0.0,0.0,0.0,0.0,0.0
Kentucky,Larue,21123,0.0,0.0,0.0,0.0,0.0,0.0,0.0,0.0,0.0,0.0
Kentucky,Laurel,21125,0.0,0.0,0.0,0.0,0.0,0.0,0.0,0.0,0.0,0.0
Kentucky,Lawrence,21127,0.0,0.0,0.0,0.0,0.0,0.0,0.0,0.0,0.0,0.0
Kentucky,Lee,21129,0.0,0.0,0.0,0.0,0.0,0.0,0.0,0.0,0.0,0.0
Kentucky,Leslie,21131,0.0,0.0,0.0,0.0,0.0,0.0,0.0,0.0,0.0,0.0
Kentucky,Letcher,21133,0.0,0.0,0.0,0.0,0.0,0.0,0.0,0.0,0.0,0.0
Kentucky,Lewis,21135,0.0,0.0,0.0,0.0,0.0,0.0,0.0,0.0,0.0,0.0
Kentucky,Lincoln,21137,0.0,0.0,0.0,0.0,0.0,0.0,0.0,0.0,0.0,0.0
Kentucky,Livingston,21139,0.0,0.0,0.0,0.0,0.0,7888.0,0.0,0.0,0.0,0.0
Kentucky,Logan,21141,0.0,0.0,0.0,0.0,0.0,0.0,0.0,0.0,0.0,0.0
Kentucky,Lyon,21143,0.0,0.0,0.0,0.0,0.0,0.0,0.0,0.0,0.0,0.0
Kentucky,McCracken,21145,0.0,0.0,0.0,0.0,0.0,49610.0,4768.0,0.0,0.0,0.0
Kentucky,McCreary,21147,0.0,0.0,0.0,0.0,0.0,0.0,0.0,0.0,0.0,0.0
Kentucky,McLean,21149,0.0,0.0,0.0,0.0,0.0,37456.0,0.0,0.0,0.0,0.0
Kentucky,Madison,21151,1220.0,1364.0,1087.0,0.0,0.0,0.0,0.0,0.0,0.0,0.0
Kentucky,Magoffin,21153,0.0,0.0,0.0,0.0,0.0,0.0,0.0,0.0,0.0,0.0
Kentucky,Marion,21155,0.0,0.0,0.0,0.0,0.0,0.0,0.0,0.0,0.0,0.0
Kentucky,Marshall,21157,9921.0,0.0,0.0,0.0,0.0,5256.0,0.0,0.0,0.0,0.0
Kentucky,Martin,21159,0.0,0.0,0.0,0.0,0.0,0.0,0.0,0.0,0.0,0.0
Kentucky,Mason,21161,0.0,0.0,0.0,0.0,0.0,0.0,0.0,0.0,0.0,0.0
Kentucky,Meade,21163,0.0,0.0,0.0,0.0,0.0,0.0,0.0,0.0,0.0,0.0
Kentucky,Menifee,21165,0.0,0.0,0.0,0.0,0.0,0.0,0.0,0.0,0.0,0.0
Kentucky,Mercer,21167,0.0,0.0,0.0,0.0,0.0,0.0,0.0,0.0,0.0,0.0
Kentucky,Metcalfe,21169,0.0,0.0,0.0,0.0,0.0,0.0,0.0,0.0,0.0,0.0
Kentucky,Monroe,21171,0.0,0.0,0.0,0.0,0.0,0.0,0.0,0.0,0.0,0.0
Kentucky,Montgomery,21173,0.0,0.0,0.0,0.0,0.0,0.0,0.0,0.0,0.0,0.0
Kentucky,Morgan,21175,0.0,0.0,0.0,0.0,0.0,0.0,0.0,0.0,0.0,0.0
Kentucky,Muhlenberg,21177,0.0,0.0,0.0,0.0,0.0,2973.0,2867.0,0.0,0.0,128.0
Kentucky,Nelson,21179,0.0,0.0,0.0,0.0,0.0,0.0,0.0,0.0,0.0,0.0
Kentucky,Nicholas,21181,0.0,0.0,0.0,0.0,0.0,0.0,0.0,0.0,0.0,0.0
Kentucky,Ohio,21183,0.0,0.0,0.0,0.0,0.0,2250.0,0.0,0.0,0.0,0.0
Kentucky,Oldham,21185,0.0,0.0,0.0,0.0,0.0,0.0,0.0,0.0,0.0,0.0
Kentucky,Owen,21187,0.0,0.0,0.0,0.0,0.0,0.0,0.0,0.0,0.0,0.0
Kentucky,Owsley,21189,0.0,0.0,0.0,0.0,0.0,0.0,0.0,0.0,0.0,0.0
Kentucky,Pendleton,21191,0.0,0.0,0.0,0.0,0.0,0.0,0.0,0.0,0.0,0.0
Kentucky,Perry,21193,0.0,0.0,0.0,0.0,0.0,0.0,0.0,0.0,0.0,0.0
Kentucky,Pike,21195,0.0,0.0,0.0,0.0,0.0,0.0,0.0,0.0,0.0,0.0
Kentucky,Powell,21197,0.0,0.0,0.0,0.0,0.0,0.0,0.0,0.0,0.0,0.0
Kentucky,Pulaski,21199,0.0,0.0,0.0,0.0,0.0,0.0,0.0,0.0,0.0,0.0
Kentucky,Robertson,21201,0.0,0.0,0.0,0.0,0.0,0.0,0.0,0.0,0.0,0.0
Kentucky,Rockcastle,21203,0.0,0.0,0.0,0.0,0.0,0.0,0.0,0.0,0.0,0.0
Kentucky,Rowan,21205,0.0,0.0,0.0,0.0,0.0,0.0,0.0,0.0,0.0,0.0
Kentucky,Russell,21207,0.0,0.0,0.0,0.0,0.0,0.0,0.0,0.0,0.0,0.0
Kentucky,Scott,21209,0.0,0.0,0.0,0.0,0.0,0.0,0.0,0.0,0.0,0.0
Kentucky,Shelby,21211,0.0,0.0,0.0,0.0,0.0,0.0,0.0,0.0,0.0,0.0
Kentucky,Simpson,21213,0.0,0.0,0.0,0.0,0.0,0.0,0.0,0.0,0.0,0.0
Kentucky,Spencer,21215,0.0,0.0,0.0,0.0,0.0,0.0,0.0,0.0,0.0,0.0
Kentucky,Taylor,21217,0.0,0.0,0.0,0.0,0.0,0.0,0.0,0.0,0.0,0.0
Kentucky,Todd,21219,0.0,0.0,0.0,0.0,0.0,0.0,0.0,0.0,0.0,0.0
Kentucky,Trigg,21221,0.0,0.0,0.0,0.0,0.0,0.0,0.0,0.0,0.0,0.0
Kentucky,Trimble,21223,0.0,0.0,0.0,0.0,0.0,0.0,0.0,0.0,0.0,0.0
Kentucky,Union,21225,0.0,0.0,0.0,0.0,0.0,372139.0,64536.0,0.0,0.0,0.0
Kentucky,Warren,21227,0.0,0.0,0.0,0.0,0.0,0.0,0.0,0.0,0.0,0.0
Kentucky,Washington,21229,0.0,0.0,2014.0,3048.0,0.0,0.0,0.0,0.0,0.0,0.0
Kentucky,Wayne,21231,0.0,0.0,0.0,0.0,0.0,0.0,0.0,0.0,0.0,0.0
Kentucky,Webster,21233,0.0,0.0,0.0,0.0,0.0,19218.0,3998.0,0.0,0.0,0.0
Kentucky,Whitley,21235,0.0,0.0,0.0,0.0,0.0,0.0,0.0,0.0,0.0,0.0
Kentucky,Wolfe,21237,0.0,0.0,0.0,0.0,0.0,0.0,0.0,0.0,0.0,0.0
Kentucky,Woodford,21239,0.0,0.0,0.0,0.0,0.0,0.0,0.0,0.0,0.0,0.0
Louisiana,Acadia,22001,0.0,0.0,0.0,0.0,0.0,0.0,0.0,0.0,0.0,0.0
Louisiana,Allen,22003,0.0,0.0,0.0,0.0,0.0,0.0,0.0,0.0,0.0,0.0
Louisiana,Ascension,22005,0.0,0.0,0.0,0.0,0.0,0.0,0.0,0.0,0.0,0.0
Louisiana,Assumption,22007,0.0,0.0,0.0,0.0,0.0,0.0,0.0,0.0,0.0,0.0
Louisiana,Avoyelles,22009,0.0,0.0,0.0,0.0,0.0,0.0,0.0,0.0,0.0,0.0
Louisiana,Beauregard,22011,0.0,0.0,0.0,0.0,0.0,0.0,0.0,0.0,0.0,0.0
Louisiana,Bienville,22013,0.0,0.0,0.0,0.0,0.0,0.0,0.0,0.0,0.0,0.0
Louisiana,Bossier,22015,0.0,0.0,0.0,0.0,0.0,0.0,0.0,0.0,0.0,0.0
Louisiana,Caddo,22017,0.0,0.0,0.0,0.0,0.0,0.0,0.0,0.0,0.0,0.0
Louisiana,Calcasieu,22019,0.0,0.0,0.0,0.0,0.0,0.0,0.0,0.0,0.0,0.0
Louisiana,Caldwell,22021,0.0,0.0,0.0,0.0,0.0,0.0,0.0,0.0,0.0,0.0
Louisiana,Cameron,22023,0.0,0.0,0.0,0.0,0.0,0.0,0.0,0.0,0.0,0.0
Louisiana,Catahoula,22025,0.0,0.0,0.0,0.0,0.0,0.0,218898.0,0.0,0.0,0.0
Louisiana,Claiborne,22027,0.0,0.0,0.0,0.0,0.0,0.0,0.0,0.0,0.0,0.0
Louisiana,Concordia,22029,0.0,0.0,0.0,0.0,0.0,0.0,0.0,0.0,0.0,0.0
Louisiana,De Soto,22031,0.0,0.0,0.0,0.0,0.0,0.0,0.0,0.0,0.0,0.0
Louisiana,East Baton Rouge,22033,0.0,0.0,0.0,0.0,0.0,0.0,0.0,0.0,0.0,0.0
Louisiana,East Carroll,22035,0.0,0.0,0.0,0.0,0.0,0.0,0.0,0.0,0.0,0.0
Louisiana,East Feliciana,22037,0.0,0.0,0.0,0.0,0.0,0.0,0.0,0.0,0.0,0.0
Louisiana,Evangeline,22039,0.0,0.0,0.0,0.0,0.0,0.0,0.0,0.0,0.0,0.0
Louisiana,Franklin,22041,0.0,3783.0,6889.0,5883.0,0.0,0.0,0.0,0.0,0.0,0.0
Louisiana,Grant,22043,0.0,0.0,0.0,0.0,0.0,0.0,0.0,0.0,0.0,0.0
Louisiana,Iberia,22045,0.0,0.0,0.0,0.0,0.0,0.0,0.0,0.0,0.0,0.0
Louisiana,Iberville,22047,10709.0,34078.0,35556.0,28692.0,0.0,27986.0,24586.0,11445.0,0.0,0.0
Louisiana,Jackson,22049,0.0,0.0,0.0,0.0,0.0,0.0,0.0,0.0,0.0,0.0
Louisiana,Jefferson,22051,0.0,0.0,0.0,0.0,0.0,0.0,0.0,0.0,0.0,0.0
Louisiana,Jefferson Davis,22053,0.0,0.0,0.0,0.0,0.0,0.0,0.0,0.0,0.0,0.0
Louisiana,Lafayette,22055,0.0,0.0,0.0,0.0,0.0,0.0,0.0,0.0,0.0,0.0
Louisiana,Lafourche,22057,0.0,0.0,0.0,0.0,0.0,0.0,0.0,0.0,0.0,0.0
Louisiana,La Salle,22059,0.0,0.0,0.0,0.0,0.0,0.0,0.0,0.0,0.0,0.0
Louisiana,Lincoln,22061,0.0,0.0,0.0,0.0,0.0,0.0,0.0,0.0,0.0,0.0
Louisiana,Livingston,22063,0.0,0.0,0.0,0.0,0.0,0.0,0.0,0.0,0.0,0.0
Louisiana,Madison,22065,0.0,0.0,0.0,0.0,0.0,0.0,0.0,0.0,0.0,0.0
Louisiana,Morehouse,22067,0.0,0.0,0.0,0.0,0.0,0.0,0.0,0.0,0.0,0.0
Louisiana,Natchitoches,22069,0.0,0.0,0.0,0.0,0.0,0.0,0.0,0.0,0.0,0.0
Louisiana,Orleans,22071,0.0,0.0,0.0,0.0,0.0,0.0,0.0,0.0,0.0,0.0
Louisiana,Ouachita,22073,0.0,0.0,0.0,0.0,0.0,0.0,0.0,0.0,0.0,0.0
Louisiana,Plaquemines,22075,0.0,0.0,0.0,0.0,0.0,0.0,0.0,0.0,0.0,0.0
Louisiana,Pointe Coupee,22077,0.0,0.0,0.0,0.0,0.0,52085.0,55828.0,37865.0,0.0,0.0
Louisiana,Rapides,22079,0.0,0.0,0.0,0.0,0.0,0.0,0.0,0.0,0.0,0.0
Louisiana,Red River,22081,0.0,0.0,0.0,0.0,0.0,0.0,0.0,0.0,0.0,0.0
Louisiana,Richland,22083,0.0,0.0,0.0,0.0,0.0,0.0,0.0,0.0,0.0,0.0
Louisiana,Sabine,22085,0.0,0.0,0.0,0.0,0.0,0.0,0.0,0.0,0.0,0.0
Louisiana,St. Bernard,22087,0.0,0.0,0.0,0.0,0.0,0.0,0.0,0.0,0.0,0.0
Louisiana,St. Charles,22089,0.0,0.0,0.0,0.0,0.0,0.0,0.0,0.0,0.0,0.0
Louisiana,St. Helena,22091,0.0,0.0,0.0,0.0,0.0,0.0,0.0,0.0,0.0,0.0
Louisiana,St. James,22093,0.0,0.0,0.0,0.0,0.0,0.0,0.0,0.0,0.0,0.0
Louisiana,St. John the Baptist,22095,0.0,0.0,0.0,0.0,0.0,0.0,0.0,0.0,0.0,0.0
Louisiana,St. Landry,22097,0.0,0.0,0.0,0.0,0.0,0.0,0.0,0.0,0.0,0.0
Louisiana,St. Martin,22099,0.0,0.0,0.0,0.0,0.0,0.0,0.0,0.0,0.0,0.0
Louisiana,St. Mary,22101,0.0,0.0,0.0,0.0,0.0,0.0,0.0,0.0,0.0,0.0
Louisiana,St. Tammany,22103,0.0,0.0,0.0,0.0,0.0,0.0,0.0,0.0,0.0,0.0
Louisiana,Tangipahoa,22105,0.0,0.0,0.0,0.0,0.0,0.0,0.0,0.0,0.0,0.0
Louisiana,Tensas,22107,0.0,0.0,0.0,0.0,0.0,0.0,0.0,0.0,0.0,0.0
Louisiana,Terrebonne,22109,0.0,0.0,0.0,0.0,0.0,0.0,0.0,0.0,0.0,0.0
Louisiana,Union,22111,0.0,0.0,0.0,0.0,0.0,0.0,0.0,0.0,0.0,0.0
Louisiana,Vermilion,22113,0.0,0.0,0.0,0.0,0.0,0.0,0.0,0.0,0.0,0.0
Louisiana,Vernon,22115,0.0,0.0,0.0,0.0,0.0,0.0,0.0,0.0,0.0,0.0
Louisiana,Washington,22117,0.0,0.0,0.0,0.0,0.0,0.0,0.0,0.0,0.0,0.0
Louisiana,Webster,22119,0.0,0.0,0.0,0.0,0.0,0.0,0.0,0.0,0.0,0.0
Louisiana,West Baton Rouge,22121,0.0,0.0,0.0,0.0,0.0,0.0,0.0,0.0,0.0,0.0
Louisiana,West Carroll,22123,0.0,0.0,0.0,0.0,0.0,0.0,0.0,0.0,0.0,0.0
Louisiana,West Feliciana,22125,0.0,0.0,0.0,0.0,0.0,0.0,0.0,0.0,0.0,0.0
Louisiana,Winn,22127,0.0,0.0,0.0,0.0,0.0,0.0,0.0,0.0,0.0,0.0
Maine,Androscoggin,23001,0.0,0.0,0.0,0.0,0.0,0.0,0.0,0.0,0.0,0.0
Maine,Houlton,23002,0.0,0.0,0.0,0.0,0.0,0.0,0.0,0.0,0.0,0.0
Maine,Aroostook,23003,0.0,0.0,0.0,0.0,0.0,0.0,0.0,0.0,0.0,0.0
Maine,Fort Kent,23004,0.0,0.0,0.0,0.0,0.0,0.0,0.0,0.0,0.0,0.0
Maine,Cumberland,23005,0.0,0.0,0.0,0.0,0.0,0.0,0.0,0.0,0.0,0.0
Maine,Franklin,23007,0.0,0.0,0.0,0.0,0.0,0.0,0.0,0.0,0.0,0.0
Maine,Hancock,23009,0.0,0.0,0.0,0.0,0.0,0.0,0.0,0.0,0.0,0.0
Maine,Kennebec,23011,0.0,0.0,0.0,0.0,0.0,0.0,0.0,0.0,0.0,0.0
Maine,Knox,23013,0.0,0.0,0.0,0.0,0.0,0.0,0.0,0.0,0.0,0.0
Maine,Lincoln,23015,0.0,0.0,0.0,0.0,0.0,0.0,0.0,0.0,0.0,0.0
Maine,Oxford,23017,0.0,0.0,0.0,0.0,0.0,0.0,0.0,0.0,0.0,0.0
Maine,Penobscot,23019,0.0,0.0,0.0,0.0,0.0,0.0,0.0,0.0,0.0,0.0
Maine,Piscataquis,23021,0.0,0.0,0.0,0.0,0.0,0.0,0.0,0.0,0.0,0.0
Maine,Sagadahoc,23023,0.0,0.0,0.0,0.0,0.0,0.0,0.0,0.0,0.0,0.0
Maine,Somerset,23025,0.0,0.0,0.0,0.0,0.0,0.0,0.0,0.0,0.0,0.0
Maine,Waldo,23027,0.0,0.0,0.0,0.0,0.0,0.0,0.0,0.0,0.0,0.0
Maine,Washington,23029,0.0,0.0,0.0,0.0,0.0,0.0,0.0,0.0,0.0,0.0
Maine,York,23031,0.0,0.0,0.0,0.0,0.0,0.0,0.0,0.0,0.0,0.0
Maryland,Allegany,24001,0.0,0.0,0.0,0.0,0.0,0.0,0.0,0.0,0.0,0.0
Maryland,Anne Arundel,24003,0.0,0.0,0.0,0.0,0.0,0.0,0.0,0.0,0.0,0.0
Maryland,Baltimore,24005,0.0,0.0,0.0,0.0,0.0,0.0,0.0,0.0,0.0,0.0
Maryland,Calvert,24009,0.0,0.0,0.0,0.0,0.0,0.0,0.0,0.0,0.0,0.0
Maryland,Caroline,24011,0.0,0.0,0.0,0.0,0.0,0.0,0.0,0.0,0.0,0.0
Maryland,Carroll,24013,0.0,0.0,0.0,0.0,0.0,0.0,0.0,0.0,0.0,0.0
Maryland,Cecil,24015,0.0,0.0,0.0,0.0,0.0,0.0,0.0,0.0,0.0,0.0
Maryland,Charles,24017,0.0,0.0,0.0,0.0,0.0,0.0,0.0,0.0,0.0,0.0
Maryland,Dorchester,24019,0.0,0.0,0.0,0.0,0.0,0.0,0.0,0.0,0.0,0.0
Maryland,Frederick,24021,0.0,0.0,0.0,0.0,0.0,0.0,0.0,0.0,0.0,0.0
Maryland,Garrett,24023,0.0,0.0,0.0,0.0,0.0,0.0,0.0,0.0,0.0,0.0
Maryland,Harford,24025,0.0,0.0,0.0,0.0,0.0,0.0,0.0,0.0,0.0,0.0
Maryland,Howard,24027,0.0,0.0,0.0,0.0,0.0,0.0,0.0,0.0,0.0,0.0
Maryland,Kent,24029,4926.0,6690.0,64.0,10102.0,1066.0,0.0,0.0,0.0,0.0,0.0
Maryland,Montgomery,24031,0.0,0.0,0.0,0.0,0.0,0.0,0.0,0.0,0.0,0.0
Maryland,Prince George's,24033,0.0,0.0,0.0,0.0,0.0,0.0,0.0,0.0,0.0,0.0
Maryland,Queen Anne's,24035,0.0,0.0,0.0,0.0,0.0,0.0,0.0,0.0,0.0,0.0
Maryland,St. Mary's,24037,0.0,0.0,0.0,0.0,0.0,0.0,0.0,0.0,0.0,0.0
Maryland,Somerset,24039,2345.0,15671.0,18994.0,2036.0,13327.0,415.0,2795.0,0.0,0.0,0.0
Maryland,Talbot,24041,0.0,0.0,0.0,0.0,0.0,0.0,0.0,0.0,0.0,0.0
Maryland,Washington,24043,0.0,0.0,0.0,0.0,0.0,0.0,0.0,0.0,0.0,0.0
Maryland,Wicomico,24045,0.0,0.0,0.0,0.0,0.0,0.0,0.0,0.0,0.0,0.0
Maryland,Worcester,24047,0.0,0.0,0.0,0.0,0.0,0.0,0.0,0.0,0.0,0.0
Maryland,Baltimore,24510,0.0,0.0,0.0,0.0,0.0,0.0,0.0,0.0,0.0,0.0
Massachusetts,Barnstable,25001,0.0,0.0,0.0,0.0,0.0,0.0,0.0,0.0,0.0,0.0
Massachusetts,Berkshire,25003,0.0,0.0,0.0,0.0,0.0,0.0,0.0,0.0,0.0,0.0
Massachusetts,Bristol,25005,0.0,0.0,0.0,0.0,0.0,0.0,0.0,0.0,0.0,0.0
Massachusetts,Dukes,25007,0.0,0.0,0.0,0.0,0.0,0.0,0.0,0.0,0.0,0.0
Massachusetts,Essex,25009,0.0,0.0,0.0,0.0,0.0,0.0,0.0,0.0,0.0,0.0
Massachusetts,Franklin,25011,0.0,0.0,0.0,0.0,0.0,0.0,0.0,0.0,0.0,0.0
Massachusetts,Hampden,25013,0.0,0.0,0.0,0.0,0.0,0.0,0.0,0.0,0.0,0.0
Massachusetts,Hampshire,25015,0.0,0.0,0.0,0.0,0.0,0.0,0.0,0.0,0.0,0.0
Massachusetts,Middlesex,25017,0.0,0.0,0.0,0.0,0.0,0.0,0.0,0.0,0.0,0.0
Massachusetts,Nantucket,25019,0.0,0.0,0.0,0.0,0.0,0.0,0.0,0.0,0.0,0.0
Massachusetts,Norfolk,25021,0.0,0.0,0.0,0.0,0.0,0.0,0.0,0.0,0.0,0.0
Massachusetts,Plymouth,25023,0.0,0.0,0.0,0.0,0.0,0.0,0.0,0.0,0.0,0.0
Massachusetts,Suffolk,25025,0.0,0.0,0.0,0.0,0.0,0.0,0.0,0.0,0.0,0.0
Massachusetts,Worcester,25027,0.0,0.0,0.0,0.0,0.0,0.0,0.0,0.0,0.0,0.0
Michigan,Alcona,26001,11768.0,0.0,15177.0,4303.0,4499.0,17297.0,0.0,0.0,0.0,0.0
Michigan,Alger,26003,0.0,0.0,0.0,0.0,0.0,0.0,0.0,0.0,0.0,0.0
Michigan,Allegan,26005,0.0,0.0,0.0,0.0,0.0,197053.6,3241.0,0.0,0.0,0.0
Michigan,Alpena,26007,1752.0,1469.0,5487.0,4698.0,2823.0,9944.0,1700.0,0.0,0.0,0.0
Michigan,Antrim,26009,4146.0,2782.0,4370.0,0.0,0.0,0.0,0.0,0.0,0.0,0.0
Michigan,Arenac,26011,51891.0,42954.0,20740.0,8009.0,0.0,27642.0,7448.0,0.0,0.0,0.0
Michigan,Baraga,26013,0.0,0.0,0.0,0.0,0.0,0.0,0.0,0.0,0.0,0.0
Michigan,Barry,26015,0.0,0.0,0.0,0.0,0.0,274398.0,3937.52,0.0,0.0,396.0
Michigan,Bay,26017,34574.0,55301.0,58644.0,40887.0,0.0,9677.0,0.0,0.0,0.0,0.0
Michigan,Benzie,26019,0.0,0.0,0.0,0.0,0.0,0.0,0.0,0.0,0.0,0.0
Michigan,Berrien,26021,9317.0,5536.0,5910.0,2123.0,0.0,96081.0,24522.0,0.0,0.0,0.0
Michigan,Branch,26023,7312.0,61500.0,12029.0,53983.0,54010.0,287741.0,28171.0,0.0,0.0,10052.0
Michigan,Calhoun,26025,0.0,0.0,0.0,0.0,0.0,153141.0,23188.0,0.0,0.0,0.0
Michigan,Cass,26027,36666.0,35934.0,20793.0,27641.0,0.0,24402.0,21433.0,0.0,0.0,0.0
Michigan,Charlevoix,26029,0.0,0.0,0.0,0.0,0.0,0.0,0.0,0.0,0.0,0.0
Michigan,Cheboygan,26031,0.0,0.0,0.0,0.0,0.0,0.0,0.0,0.0,0.0,0.0
Michigan,Chippewa,26033,16834.0,0.0,20489.0,15401.0,10613.0,0.0,0.0,0.0,0.0,0.0
Michigan,Clare,26035,0.0,0.0,0.0,0.0,0.0,4422.0,4728.0,0.0,0.0,0.0
Michigan,Clinton,26037,11636.0,7980.0,11899.0,15156.0,7956.0,603259.13,14629.0,0.0,5242.0,15552.0
Michigan,Crawford,26039,0.0,0.0,0.0,0.0,0.0,0.0,0.0,0.0,0.0,0.0
Michigan,Delta,26041,0.0,4785.0,3747.0,0.0,0.0,0.0,0.0,0.0,0.0,0.0
Michigan,Dickinson,26043,0.0,0.0,0.0,0.0,0.0,0.0,0.0,0.0,0.0,0.0
Michigan,Eaton,26045,0.0,0.0,741.0,639.0,0.0,630650.0,18829.0,0.0,612.0,655.0
Michigan,Emmet,26047,0.0,0.0,0.0,0.0,0.0,0.0,0.0,0.0,0.0,0.0
Michigan,Genesee,26049,0.0,0.0,0.0,0.0,0.0,669716.0,63205.0,1284.0,0.0,0.0
Michigan,Gladwin,26051,0.0,0.0,0.0,0.0,0.0,0.0,0.0,0.0,0.0,0.0
Michigan,Gogebic,26053,0.0,0.0,0.0,0.0,0.0,0.0,0.0,0.0,0.0,0.0
Michigan,Grand Traverse,26055,0.0,0.0,0.0,0.0,0.0,0.0,0.0,0.0,0.0,0.0
Michigan,Gratiot,26057,8358.0,6211.0,8729.0,5655.0,210.0,138721.0,48261.0,0.0,0.0,20118.0
Michigan,Hillsdale,26059,0.0,0.0,0.0,0.0,0.0,914449.0,44698.0,0.0,1722.0,0.0
Michigan,Houghton,26061,0.0,0.0,0.0,0.0,0.0,0.0,0.0,0.0,0.0,0.0
Michigan,Huron,26063,0.0,0.0,0.0,0.0,0.0,1316.0,0.0,0.0,0.0,0.0
Michigan,Ingham,26065,0.0,5966.0,2444.0,0.0,5720.0,341600.0,13532.0,0.0,620.0,0.0
Michigan,Ionia,26067,6335.0,2541.0,6041.0,2073.0,0.0,320200.0,2458.0,0.0,4393.0,5052.0
Michigan,Iosco,26069,40340.0,45001.0,10308.0,0.0,3878.0,9344.0,2160.0,0.0,0.0,0.0
Michigan,Iron,26071,0.0,0.0,0.0,0.0,0.0,0.0,0.0,0.0,0.0,0.0
Michigan,Isabella,26073,148243.0,169223.0,143991.0,73081.0,22018.0,44367.0,15294.0,399.0,2213.0,0.0
Michigan,Jackson,26075,0.0,0.0,0.0,0.0,0.0,88373.0,6735.0,0.0,0.0,2006.0
Michigan,Kalamazoo,26077,0.0,0.0,0.0,0.0,0.0,5765.0,0.0,0.0,0.0,0.0
Michigan,Kalkaska,26079,0.0,0.0,0.0,0.0,0.0,0.0,0.0,0.0,0.0,0.0
Michigan,Kent,26081,0.0,0.0,0.0,0.0,0.0,45379.0,7258.0,0.0,0.0,0.0
Michigan,Keweenaw,26083,0.0,0.0,0.0,0.0,0.0,0.0,0.0,0.0,0.0,0.0
Michigan,Lake,26085,0.0,0.0,0.0,0.0,0.0,0.0,0.0,0.0,0.0,0.0
Michigan,Lapeer,26087,1291.0,991.0,1296.0,3333.0,800.0,208923.0,8366.0,0.0,305.0,4180.0
Michigan,Leelanau,26089,0.0,0.0,0.0,0.0,0.0,0.0,0.0,0.0,0.0,0.0
Michigan,Lenawee,26091,10400.0,6002.0,6170.0,3256.0,0.0,1271189.0,54077.0,413.0,455.0,0.0
Michigan,Livingston,26093,0.0,0.0,0.0,0.0,0.0,138926.0,1478.0,0.0,0.0,0.0
Michigan,Luce,26095,0.0,0.0,0.0,0.0,0.0,0.0,0.0,0.0,0.0,0.0
Michigan,Mackinac,26097,0.0,0.0,0.0,0.0,0.0,0.0,0.0,0.0,0.0,0.0
Michigan,Macomb,26099,0.0,0.0,0.0,0.0,0.0,246925.0,6919.0,0.0,161.0,428.0
Michigan,Manistee,26101,0.0,0.0,0.0,0.0,0.0,0.0,0.0,0.0,0.0,0.0
Michigan,Marquette,26103,0.0,0.0,0.0,0.0,0.0,0.0,0.0,0.0,0.0,0.0
Michigan,Mason,26105,0.0,1221.0,2113.0,0.0,0.0,3110.0,0.0,0.0,0.0,0.0
Michigan,Mecosta,26107,16524.0,17594.0,7027.0,14316.0,1611.0,408.0,0.0,0.0,0.0,0.0
Michigan,Menominee,26109,15222.0,13300.0,4745.0,13717.0,5360.0,10624.0,0.0,0.0,3941.0,0.0
Michigan,Midland,26111,3882.0,3890.0,995.0,2533.0,730.0,809.0,0.0,0.0,0.0,0.0
Michigan,Missaukee,26113,31993.0,24592.0,21856.0,0.0,4548.0,4257.0,0.0,0.0,0.0,0.0
Michigan,Monroe,26115,0.0,72461.0,11842.0,10380.0,3582.0,1298932.0,85483.0,1068.0,39022.0,0.0
Michigan,Montcalm,26117,48897.0,44134.0,17677.0,0.0,0.0,15213.0,4598.0,0.0,0.0,0.0
Michigan,Montmorency,26119,0.0,0.0,0.0,0.0,0.0,0.0,0.0,0.0,0.0,0.0
Michigan,Muskegon,26121,2472.0,2433.0,0.0,0.0,1735.0,36218.0,5565.0,0.0,0.0,0.0
Michigan,Newaygo,26123,37643.0,31008.0,0.0,0.0,21901.0,17517.0,185.0,488.0,0.0,0.0
Michigan,Oakland,26125,0.0,0.0,0.0,0.0,0.0,20344.0,2129.0,0.0,0.0,0.0
Michigan,Oceana,26127,886.0,5099.0,0.0,0.0,0.0,350.0,0.0,0.0,0.0,0.0
Michigan,Ogemaw,26129,51935.0,45026.0,33795.0,2577.0,0.0,13961.0,5773.0,0.0,0.0,0.0
Michigan,Ontonagon,26131,0.0,0.0,0.0,0.0,0.0,0.0,0.0,0.0,0.0,0.0
Michigan,Osceola,26133,13180.0,16275.0,14329.0,3930.0,11007.0,2092.0,0.0,0.0,0.0,0.0
Michigan,Oscoda,26135,0.0,0.0,0.0,0.0,0.0,0.0,0.0,0.0,0.0,0.0
Michigan,Otsego,26137,0.0,0.0,0.0,0.0,0.0,0.0,0.0,0.0,0.0,0.0
Michigan,Ottawa,26139,0.0,0.0,0.0,0.0,0.0,43409.0,120.0,0.0,0.0,0.0
Michigan,Presque Isle,26141,0.0,0.0,0.0,0.0,0.0,0.0,0.0,0.0,0.0,0.0
Michigan,Roscommon,26143,0.0,0.0,0.0,0.0,0.0,0.0,0.0,0.0,0.0,0.0
Michigan,Saginaw,26145,0.0,6725.0,6112.0,0.0,0.0,296053.0,32679.0,0.0,0.0,5354.0
Michigan,St. Clair,26147,26739.0,26387.0,146.0,22910.0,0.0,450305.0,13504.0,4845.0,71.0,12101.0
Michigan,St. Joseph,26149,0.0,0.0,0.0,0.0,0.0,0.0,0.0,0.0,0.0,0.0
Michigan,Sanilac,26151,55882.0,46271.0,42160.0,38909.0,0.0,9346.0,2354.0,0.0,0.0,0.0
Michigan,Schoolcraft,26153,0.0,0.0,0.0,0.0,0.0,0.0,0.0,0.0,0.0,0.0
Michigan,Shiawassee,26155,1705.0,329.0,104.0,11480.0,1074.0,271887.23,33969.0,0.0,1685.0,2192.0
Michigan,Tuscola,26157,62815.0,3388.0,148353.0,39689.0,10155.0,60056.0,13657.0,0.0,735.0,0.0
Michigan,Van Buren,26159,8088.0,7866.0,7377.0,0.0,2912.0,33831.0,0.0,0.0,0.0,0.0
Michigan,Washtenaw,26161,8230.0,89104.0,104283.0,52957.0,0.0,501605.0,64716.0,0.0,307.0,0.0
Michigan,Wayne,26163,0.0,0.0,0.0,0.0,0.0,34750.0,9521.0,0.0,5316.0,0.0
Michigan,Wexford,26165,3866.0,1022.0,0.0,0.0,1274.0,2824.0,0.0,0.0,0.0,1260.0
Minnesota,Aitkin,27001,0.0,0.0,0.0,0.0,0.0,1067.0,1856.0,2632.0,703.0,0.0
Minnesota,Anoka,27003,0.0,0.0,0.0,0.0,0.0,9201.0,0.0,0.0,0.0,2124.0
Minnesota,Becker,27005,5551.0,0.0,0.0,0.0,0.0,281229.0,39295.0,5492.0,0.0,6768.0
Minnesota,Beltrami,27007,0.0,0.0,0.0,0.0,0.0,4768.0,5668.0,3072.0,4259.0,0.0
Minnesota,Benton,27009,0.0,0.0,0.0,0.0,0.0,176904.0,138.0,637.0,311.0,611.0
Minnesota,Big Stone,27011,0.0,0.0,0.0,0.0,0.0,854231.5,28604.0,0.0,79187.0,15243.0
Minnesota,Blue Earth,27013,9649.0,8999.0,546.0,657.0,0.0,482112.0,5787.0,0.0,555.0,746.0
Minnesota,Brown,27015,0.0,1493.0,0.0,0.0,141.0,651574.0,19438.0,4452.0,3601.0,19750.0
Minnesota,Carlton,27017,9862.43,0.0,0.0,988.0,2892.0,0.0,0.0,0.0,0.0,0.0
Minnesota,Carver,27019,41467.0,12148.0,0.0,0.0,0.0,328738.0,260.0,0.0,0.0,574.0
Minnesota,Cass,27021,0.0,0.0,0.0,0.0,0.0,4943.0,0.0,0.0,0.0,0.0
Minnesota,Chippewa,27023,0.0,0.0,0.0,0.0,0.0,1451722.0,17350.0,0.0,3250.0,13608.0
Minnesota,Chisago,27025,0.0,0.0,0.0,0.0,0.0,95046.0,1973.0,0.0,0.0,0.0
Minnesota,Clay,27027,0.0,0.0,0.0,0.0,0.0,201212.0,119565.0,12476.0,0.0,5846.0
Minnesota,Clearwater,27029,6440.0,0.0,0.0,0.0,0.0,1664.0,0.0,0.0,0.0,0.0
Minnesota,Cook,27031,0.0,0.0,0.0,0.0,0.0,0.0,0.0,0.0,0.0,0.0
Minnesota,Cottonwood,27033,32914.0,24456.0,8676.0,1180.0,0.0,82753.0,12816.0,0.0,4761.0,2588.0
Minnesota,Crow Wing,27035,0.0,0.0,0.0,0.0,0.0,8638.0,567.0,5031.0,1779.0,4622.0
Minnesota,Dakota,27037,0.0,0.0,0.0,0.0,0.0,66198.0,8428.0,0.0,0.0,0.0
Minnesota,Dodge,27039,0.0,0.0,0.0,0.0,0.0,106362.0,8854.0,0.0,0.0,4106.0
Minnesota,Douglas,27041,0.0,0.0,0.0,0.0,0.0,53645.0,0.0,3938.0,0.0,0.0
Minnesota,Faribault,27043,8431.0,2585.0,2465.0,0.0,1949.0,270174.0,8823.0,0.0,0.0,0.0
Minnesota,Fillmore,27045,0.0,0.0,0.0,0.0,0.0,129999.0,8177.0,0.0,0.0,1724.0
Minnesota,Freeborn,27047,1680.0,3585.0,3040.0,0.0,0.0,500481.0,9574.0,0.0,0.0,3006.0
Minnesota,Goodhue,27049,11092.0,11571.0,5150.0,0.0,0.0,30798.0,0.0,0.0,0.0,0.0
Minnesota,Grant,27051,0.0,0.0,0.0,0.0,0.0,800574.0,23197.0,0.0,55080.0,9595.0
Minnesota,Hennepin,27053,0.0,0.0,0.0,0.0,0.0,82038.0,0.0,0.0,0.0,0.0
Minnesota,Houston,27055,0.0,0.0,0.0,0.0,0.0,2114.0,0.0,0.0,0.0,0.0
Minnesota,Hubbard,27057,0.0,0.0,0.0,0.0,0.0,0.0,0.0,0.0,0.0,0.0
Minnesota,Isanti,27059,0.0,0.0,0.0,0.0,0.0,109192.0,5794.0,0.0,0.0,0.0
Minnesota,Itasca,27061,0.0,0.0,0.0,0.0,0.0,0.0,0.0,0.0,0.0,0.0
Minnesota,Jackson,27063,0.0,0.0,0.0,0.0,0.0,102331.0,2558.0,0.0,0.0,0.0
Minnesota,Kanabec,27065,0.0,0.0,0.0,0.0,0.0,31648.0,4201.0,0.0,0.0,0.0
Minnesota,Kandiyohi,27067,58636.0,61499.0,11240.0,3521.0,1345.0,394916.0,624.0,5337.0,498.0,644.0
Minnesota,Kittson,27069,1524234.0,1298119.0,1328585.0,319198.0,247099.0,10155.0,9195.0,4380.0,3694.0,3730.0
Minnesota,Koochiching,27071,53492.0,5326.0,24439.0,0.0,0.0,0.0,0.0,0.0,0.0,0.0
Minnesota,Lac qui Parle,27073,11031.0,11031.0,925.0,0.0,0.0,2547981.0,4964.0,0.0,0.0,8423.0
Minnesota,Lake,27075,0.0,0.0,0.0,0.0,0.0,0.0,0.0,0.0,0.0,0.0
Minnesota,Lake of the Woods,27077,27800.0,53461.0,29302.0,21031.0,0.0,0.0,0.0,0.0,0.0,0.0
Minnesota,Le Sueur,27079,5776.0,3517.0,0.0,1003.0,0.0,54371.0,626.0,0.0,0.0,0.0
Minnesota,Lincoln,27081,0.0,0.0,0.0,0.0,0.0,2403466.0,6591.0,0.0,4446.0,8111.0
Minnesota,Lyon,27083,34202.0,17414.0,0.0,2667.0,0.0,4296332.93,35287.0,12023.0,8646.0,22809.0
Minnesota,McLeod,27085,4844.0,0.0,1401.0,0.0,0.0,446667.0,2639.0,0.0,0.0,3754.0
Minnesota,Mahnomen,27087,0.0,0.0,0.0,0.0,0.0,903778.0,62627.0,14623.0,0.0,0.0
Minnesota,Marshall,27089,55944.0,55585.55,50589.0,55378.0,22705.0,124650.0,55563.0,4211.15,0.0,0.0
Minnesota,Martin,27091,0.0,0.0,0.0,0.0,0.0,621939.0,0.0,0.0,0.0,0.0
Minnesota,Meeker,27093,0.0,0.0,0.0,0.0,0.0,203033.0,10537.0,13100.0,4724.0,0.0
Minnesota,Mille Lacs,27095,0.0,0.0,0.0,0.0,0.0,82666.0,2744.0,0.0,0.0,0.0
Minnesota,Morrison,27097,0.0,0.0,0.0,0.0,0.0,63091.0,527.0,5190.0,0.0,4156.0
Minnesota,Mower,27099,0.0,0.0,0.0,0.0,0.0,88528.0,0.0,0.0,0.0,4664.0
Minnesota,Murray,27101,10841.0,10106.0,0.0,9188.0,7163.0,239972.0,4651.0,0.0,0.0,2595.0
Minnesota,Nicollet,27103,19395.0,3180.0,6084.0,12006.0,5783.0,116722.0,1075.0,0.0,5215.0,8714.0
Minnesota,Nobles,27105,2572.0,667.0,794.0,2257.0,0.0,112698.0,0.0,0.0,0.0,0.0
Minnesota,Norman,27107,0.0,0.0,0.0,0.0,0.0,953084.0,139104.0,34157.0,0.0,621.0
Minnesota,Olmsted,27109,0.0,0.0,0.0,0.0,0.0,110331.0,0.0,0.0,0.0,0.0
Minnesota,East Otter Tail,27111,0.0,0.0,0.0,0.0,0.0,14399.0,0.0,0.0,0.0,0.0
Minnesota,West Otter Tail,27112,3120.0,3242.0,0.0,0.0,0.0,31050.0,28061.0,0.0,0.0,9450.0
Minnesota,Pennington,27113,6637.0,7041.0,0.0,6843.0,6748.0,78421.0,45477.0,7766.0,0.0,0.0
Minnesota,Pine,27115,0.0,0.0,0.0,0.0,0.0,89559.0,1058.0,0.0,0.0,1024.0
Minnesota,Pipestone,27117,24604.0,25591.0,4298.0,7350.0,0.0,292153.0,7678.0,42.0,61.0,8164.0
Minnesota,East Polk,27119,7302.0,2622.0,0.0,0.0,11634.0,105305.0,5745.0,10828.0,0.0,0.0
Minnesota,West Polk,27120,201333.0,100111.0,189928.0,10089.0,3386.0,1922.0,0.0,0.0,0.0,0.0
Minnesota,Pope,27121,0.0,0.0,0.0,0.0,0.0,62148.0,12980.0,1575.0,3373.0,0.0
Minnesota,Ramsey,27123,0.0,0.0,0.0,0.0,0.0,0.0,0.0,0.0,0.0,0.0
Minnesota,Red Lake,27125,0.0,0.0,0.0,0.0,0.0,0.0,4316.0,45617.0,0.0,0.0
Minnesota,Redwood,27127,6861.0,0.0,0.0,0.0,0.0,1255580.0,17315.0,2631.0,7689.0,17079.0
Minnesota,Renville,27129,0.0,0.0,0.0,0.0,0.0,593343.0,23297.0,0.0,0.0,0.0
Minnesota,Rice,27131,1935.0,2193.0,802.0,0.0,0.0,175543.0,6233.0,0.0,461.0,0.0
Minnesota,Rock,27133,0.0,0.0,0.0,0.0,0.0,102185.0,3890.0,0.0,0.0,0.0
Minnesota,Roseau,27135,336675.0,14553.0,91270.0,277064.0,222025.0,0.0,0.0,0.0,0.0,0.0
Minnesota,North St. Louis,27137,0.0,0.0,0.0,0.0,0.0,0.0,0.0,0.0,0.0,0.0
Minnesota,South St. Louis,27138,0.0,0.0,0.0,0.0,0.0,0.0,0.0,0.0,0.0,0.0
Minnesota,Scott,27139,0.0,0.0,0.0,0.0,0.0,17298.0,1257.0,0.0,0.0,0.0
Minnesota,Sherburne,27141,0.0,0.0,0.0,0.0,0.0,13184.0,0.0,0.0,0.0,0.0
Minnesota,Sibley,27143,16848.0,10805.0,0.0,2831.0,4638.0,715472.0,17180.0,0.0,0.0,11803.0
Minnesota,Stearns,27145,0.0,0.0,0.0,0.0,0.0,375328.0,7517.0,5805.0,0.0,0.0
Minnesota,Steele,27147,0.0,0.0,0.0,0.0,0.0,410687.0,1849.0,0.0,0.0,0.0
Minnesota,Stevens,27149,28201.0,8017.0,0.0,200.0,1165.0,2202071.0,29082.0,0.0,86339.0,8503.0
Minnesota,Swift,27151,0.0,0.0,0.0,0.0,0.0,888090.0,1064.0,4364.0,5621.0,11949.0
Minnesota,Todd,27153,18534.0,15001.0,11482.0,9245.0,0.0,17273.0,0.0,0.0,0.0,7319.0
Minnesota,Traverse,27155,7624.0,0.0,7038.0,937.0,0.0,3253457.0,251690.0,4688.0,82794.0,119506.0
Minnesota,Wabasha,27157,0.0,0.0,0.0,0.0,0.0,105406.0,1740.0,0.0,0.0,0.0
Minnesota,Wadena,27159,0.0,0.0,0.0,0.0,0.0,0.0,0.0,0.0,0.0,0.0
Minnesota,Waseca,27161,6970.0,1492.0,0.0,0.0,0.0,12592.0,0.0,0.0,0.0,0.0
Minnesota,Washington,27163,0.0,0.0,0.0,0.0,0.0,0.0,0.0,0.0,0.0,0.0
Minnesota,Watonwan,27165,2602.0,2742.0,0.0,0.0,6013.0,887131.0,306.0,0.0,0.0,0.0
Minnesota,Wilkin,27167,7871.0,3300.0,0.0,0.0,0.0,84762.0,74026.0,0.0,70134.0,0.0
Minnesota,Winona,27169,0.0,0.0,0.0,0.0,0.0,39671.0,0.0,0.0,0.0,0.0
Minnesota,Wright,27171,0.0,0.0,0.0,0.0,0.0,231447.0,4507.0,1791.0,0.0,0.0
Minnesota,Yellow Medicine,27173,0.0,0.0,0.0,0.0,0.0,3502070.0,36230.0,1900.0,3631.0,0.0
Mississippi,Adams,28001,0.0,0.0,0.0,0.0,0.0,0.0,0.0,0.0,0.0,0.0
Mississippi,Alcorn,28003,0.0,0.0,0.0,0.0,0.0,0.0,0.0,0.0,0.0,0.0
Mississippi,Amite,28005,0.0,0.0,0.0,0.0,0.0,0.0,0.0,0.0,0.0,0.0
Mississippi,Attala,28007,0.0,0.0,0.0,0.0,0.0,0.0,0.0,0.0,0.0,0.0
Mississippi,Benton,28009,0.0,0.0,0.0,0.0,0.0,3049.0,0.0,0.0,0.0,0.0
Mississippi,Bolivar,28011,0.0,0.0,0.0,0.0,0.0,0.0,0.0,0.0,0.0,0.0
Mississippi,Calhoun,28013,0.0,0.0,3442.0,0.0,0.0,0.0,0.0,0.0,0.0,0.0
Mississippi,Carroll,28015,0.0,0.0,0.0,0.0,0.0,0.0,0.0,0.0,0.0,0.0
Mississippi,Chickasaw,28017,0.0,0.0,0.0,0.0,0.0,53007.0,7293.0,0.0,0.0,0.0
Mississippi,Choctaw,28019,0.0,0.0,0.0,0.0,0.0,0.0,0.0,0.0,0.0,0.0
Mississippi,Claiborne,28021,0.0,0.0,0.0,0.0,0.0,0.0,0.0,0.0,0.0,0.0
Mississippi,Clarke,28023,0.0,0.0,0.0,0.0,0.0,0.0,0.0,0.0,0.0,0.0
Mississippi,Clay,28025,0.0,0.0,0.0,0.0,0.0,0.0,0.0,0.0,0.0,0.0
Mississippi,Coahoma,28027,0.0,0.0,0.0,0.0,0.0,0.0,0.0,0.0,0.0,0.0
Mississippi,Copiah,28029,0.0,0.0,0.0,0.0,0.0,0.0,0.0,0.0,0.0,0.0
Mississippi,Covington,28031,0.0,0.0,0.0,0.0,0.0,0.0,0.0,0.0,0.0,0.0
Mississippi,DeSoto,28033,0.0,0.0,0.0,0.0,0.0,0.0,0.0,0.0,0.0,0.0
Mississippi,Forrest,28035,0.0,0.0,0.0,0.0,0.0,0.0,0.0,0.0,0.0,0.0
Mississippi,Franklin,28037,0.0,0.0,0.0,0.0,0.0,0.0,0.0,0.0,0.0,0.0
Mississippi,George,28039,0.0,0.0,0.0,0.0,0.0,0.0,0.0,0.0,0.0,0.0
Mississippi,Greene,28041,0.0,0.0,0.0,0.0,0.0,0.0,0.0,0.0,0.0,0.0
Mississippi,Grenada,28043,0.0,0.0,0.0,0.0,0.0,0.0,0.0,0.0,0.0,0.0
Mississippi,Hancock,28045,0.0,0.0,0.0,0.0,0.0,0.0,0.0,0.0,0.0,0.0
Mississippi,Harrison,28047,0.0,0.0,0.0,0.0,0.0,0.0,0.0,0.0,0.0,0.0
Mississippi,Hinds,28049,0.0,0.0,0.0,0.0,0.0,0.0,0.0,0.0,0.0,0.0
Mississippi,Holmes,28051,0.0,0.0,0.0,0.0,0.0,0.0,0.0,0.0,0.0,0.0
Mississippi,Humphreys,28053,0.0,0.0,0.0,0.0,0.0,5092.0,0.0,0.0,0.0,0.0
Mississippi,Issaquena,28055,0.0,0.0,0.0,0.0,0.0,46969.0,54624.0,0.0,0.0,0.0
Mississippi,Itawamba,28057,0.0,0.0,0.0,0.0,0.0,43233.0,33211.0,0.0,1123.0,1635.0
Mississippi,Jackson,28059,0.0,0.0,0.0,0.0,0.0,0.0,0.0,0.0,0.0,0.0
Mississippi,Jasper,28061,0.0,0.0,0.0,0.0,0.0,0.0,0.0,0.0,0.0,0.0
Mississippi,Jefferson,28063,0.0,0.0,0.0,0.0,0.0,0.0,0.0,0.0,0.0,0.0
Mississippi,Jefferson Davis,28065,0.0,0.0,0.0,0.0,0.0,0.0,0.0,0.0,0.0,0.0
Mississippi,Jones,28067,0.0,0.0,0.0,0.0,0.0,0.0,0.0,0.0,0.0,0.0
Mississippi,Kemper,28069,0.0,0.0,0.0,0.0,0.0,0.0,0.0,0.0,0.0,0.0
Mississippi,Lafayette,28071,0.0,0.0,0.0,0.0,0.0,0.0,0.0,0.0,0.0,0.0
Mississippi,Lamar,28073,0.0,0.0,0.0,0.0,0.0,0.0,0.0,0.0,0.0,0.0
Mississippi,Lauderdale,28075,0.0,0.0,0.0,0.0,0.0,0.0,0.0,0.0,0.0,0.0
Mississippi,Lawrence,28077,0.0,0.0,0.0,0.0,0.0,0.0,0.0,0.0,0.0,0.0
Mississippi,Leake,28079,0.0,0.0,0.0,0.0,0.0,0.0,0.0,0.0,0.0,0.0
Mississippi,Lee,28081,0.0,38722.0,43366.0,0.0,59641.0,79926.0,82202.0,17354.0,17722.0,9309.0
Mississippi,Leflore,28083,0.0,0.0,0.0,0.0,0.0,0.0,0.0,0.0,0.0,0.0
Mississippi,Lincoln,28085,0.0,0.0,0.0,0.0,0.0,0.0,0.0,0.0,0.0,0.0
Mississippi,Lowndes,28087,0.0,0.0,0.0,0.0,0.0,30815.0,0.0,0.0,0.0,0.0
Mississippi,Madison,28089,0.0,0.0,0.0,0.0,0.0,0.0,0.0,0.0,0.0,0.0
Mississippi,Marion,28091,0.0,0.0,0.0,0.0,0.0,0.0,0.0,0.0,0.0,0.0
Mississippi,Marshall,28093,0.0,1705.0,0.0,0.0,0.0,2827.0,1074.0,0.0,0.0,0.0
Mississippi,Monroe,28095,4186.0,3416.0,3016.0,2960.0,1590.0,214960.0,30595.0,0.0,0.0,0.0
Mississippi,Montgomery,28097,0.0,0.0,0.0,0.0,0.0,0.0,0.0,0.0,0.0,0.0
Mississippi,Neshoba,28099,0.0,0.0,0.0,0.0,0.0,0.0,0.0,0.0,0.0,0.0
Mississippi,Newton,28101,0.0,0.0,0.0,0.0,0.0,0.0,0.0,0.0,0.0,0.0
Mississippi,Noxubee,28103,0.0,0.0,0.0,0.0,0.0,215169.0,118423.0,0.0,0.0,0.0
Mississippi,Oktibbeha,28105,0.0,0.0,0.0,0.0,0.0,0.0,0.0,0.0,0.0,0.0
Mississippi,Panola,28107,0.0,0.0,0.0,0.0,0.0,0.0,0.0,0.0,0.0,0.0
Mississippi,Pearl River,28109,0.0,0.0,0.0,0.0,0.0,0.0,0.0,0.0,0.0,0.0
Mississippi,Perry,28111,0.0,0.0,0.0,0.0,0.0,0.0,0.0,0.0,0.0,0.0
Mississippi,Pike,28113,0.0,0.0,0.0,0.0,0.0,0.0,0.0,0.0,0.0,0.0
Mississippi,Pontotoc,28115,0.0,0.0,0.0,0.0,0.0,68344.0,23861.0,0.0,722.0,0.0
Mississippi,Prentiss,28117,0.0,0.0,0.0,0.0,0.0,0.0,0.0,0.0,0.0,0.0
Mississippi,Quitman,28119,0.0,0.0,0.0,0.0,0.0,0.0,0.0,0.0,0.0,0.0
Mississippi,Rankin,28121,0.0,0.0,0.0,0.0,0.0,0.0,0.0,0.0,0.0,0.0
Mississippi,Scott,28123,0.0,0.0,0.0,0.0,0.0,0.0,0.0,0.0,0.0,0.0
Mississippi,Sharkey,28125,0.0,0.0,0.0,0.0,0.0,19809.0,6688.0,0.0,0.0,0.0
Mississippi,Simpson,28127,0.0,0.0,0.0,0.0,0.0,0.0,0.0,0.0,0.0,0.0
Mississippi,Smith,28129,0.0,0.0,0.0,0.0,0.0,0.0,0.0,0.0,0.0,0.0
Mississippi,Stone,28131,0.0,0.0,0.0,0.0,0.0,0.0,0.0,0.0,0.0,0.0
Mississippi,Sunflower,28133,0.0,0.0,0.0,0.0,0.0,0.0,0.0,0.0,0.0,0.0
Mississippi,Tallahatchie,28135,0.0,0.0,0.0,0.0,0.0,0.0,0.0,0.0,0.0,0.0
Mississippi,Tate,28137,0.0,0.0,0.0,0.0,0.0,0.0,0.0,0.0,0.0,0.0
Mississippi,Tippah,28139,0.0,0.0,0.0,0.0,0.0,20038.0,0.0,4625.0,0.0,0.0
Mississippi,Tishomingo,28141,0.0,0.0,0.0,0.0,0.0,1819.08,583.0,2529.0,0.0,0.0
Mississippi,Tunica,28143,0.0,0.0,0.0,0.0,0.0,0.0,0.0,0.0,0.0,0.0
Mississippi,Union,28145,0.0,0.0,0.0,0.0,0.0,3626.0,6790.0,0.0,0.0,0.0
Mississippi,Walthall,28147,0.0,0.0,0.0,0.0,0.0,0.0,0.0,0.0,0.0,0.0
Mississippi,Warren,28149,0.0,0.0,0.0,0.0,0.0,0.0,0.0,0.0,0.0,0.0
Mississippi,Washington,28151,0.0,0.0,0.0,0.0,0.0,0.0,0.0,0.0,0.0,0.0
Mississippi,Wayne,28153,0.0,0.0,0.0,0.0,0.0,0.0,0.0,0.0,0.0,0.0
Mississippi,Webster,28155,0.0,0.0,0.0,0.0,0.0,0.0,0.0,0.0,0.0,0.0
Mississippi,Wilkinson,28157,0.0,0.0,0.0,0.0,0.0,0.0,0.0,0.0,0.0,0.0
Mississippi,Winston,28159,0.0,0.0,0.0,0.0,0.0,0.0,0.0,0.0,0.0,0.0
Mississippi,Yalobusha,28161,0.0,0.0,0.0,0.0,0.0,0.0,0.0,0.0,0.0,0.0
Mississippi,Yazoo,28163,0.0,0.0,0.0,0.0,0.0,0.0,0.0,0.0,0.0,0.0
Missouri,Adair,29001,0.0,2790.0,0.0,3168.0,8798.0,41144.0,4966.0,2067.0,1960.0,3272.0
Missouri,Andrew,29003,0.0,0.0,2457.0,0.0,5503.0,26391.0,0.0,0.0,0.0,0.0
Missouri,Atchison,29005,8806.0,144897.0,102032.0,18061.0,19664.0,2190304.0,290027.0,0.0,0.0,0.0
Missouri,Audrain,29007,0.0,2395.0,2800.0,0.0,2508.0,6928.0,16330.0,0.0,0.0,0.0
Missouri,Barry,29009,0.0,0.0,0.0,0.0,0.0,0.0,0.0,0.0,0.0,0.0
Missouri,Barton,29011,0.0,0.0,0.0,0.0,0.0,100353.0,35365.0,0.0,0.0,0.0
Missouri,Bates,29013,2964.0,0.0,0.0,0.0,0.0,0.0,0.0,0.0,0.0,0.0
Missouri,Benton,29015,0.0,0.0,0.0,0.0,0.0,0.0,0.0,0.0,0.0,0.0
Missouri,Bollinger,29017,0.0,0.0,0.0,0.0,0.0,2505.0,2212.0,0.0,0.0,0.0
Missouri,Boone,29019,0.0,4040.0,26859.0,0.0,0.0,410913.0,7230.0,97923.0,2748.0,5294.0
Missouri,Buchanan,29021,44487.0,151642.17,71246.0,28224.0,14373.0,211847.0,59049.0,23461.0,2234.0,0.0
Missouri,Butler,29023,0.0,0.0,0.0,0.0,0.0,8368.0,7988.0,5356.0,6970.0,7857.0
Missouri,Caldwell,29025,0.0,0.0,0.0,0.0,0.0,74684.0,1655.0,0.0,0.0,0.0
Missouri,Callaway,29027,0.0,1852.0,1718.0,0.0,1156.0,449561.0,0.0,0.0,0.0,1125.0
Missouri,Camden,29029,0.0,0.0,0.0,0.0,0.0,0.0,0.0,0.0,0.0,0.0
Missouri,Cape Girardeau,29031,0.0,2706.0,2024.0,1152.0,0.0,183145.0,15171.0,3654.0,0.0,3592.0
Missouri,Carroll,29033,0.0,1811.0,0.0,0.0,0.0,2262509.0,136436.0,17205.0,436.0,525.0
Missouri,Carter,29035,0.0,0.0,0.0,0.0,0.0,0.0,0.0,0.0,0.0,0.0
Missouri,Cass,29037,0.0,0.0,0.0,0.0,0.0,14703.0,1593.0,0.0,0.0,0.0
Missouri,Cedar,29039,0.0,0.0,0.0,0.0,0.0,0.0,0.0,0.0,0.0,0.0
Missouri,Chariton,29041,0.0,6037.0,0.0,5732.0,0.0,250982.0,48576.0,19843.0,0.0,3396.0
Missouri,Christian,29043,0.0,0.0,0.0,0.0,0.0,0.0,0.0,0.0,0.0,0.0
Missouri,Clark,29045,7204.0,3436.0,2180.0,2272.0,5362.0,499935.0,11347.0,0.0,0.0,0.0
Missouri,Clay,29047,0.0,0.0,0.0,0.0,0.0,78478.0,3357.0,0.0,0.0,0.0
Missouri,Clinton,29049,0.0,0.0,0.0,0.0,0.0,16490.0,0.0,0.0,0.0,0.0
Missouri,Cole,29051,0.0,0.0,0.0,0.0,0.0,118851.0,3858.0,0.0,0.0,0.0
Missouri,Cooper,29053,0.0,0.0,0.0,0.0,0.0,46186.0,0.0,0.0,37129.0,0.0
Missouri,Crawford,29055,0.0,0.0,0.0,0.0,0.0,0.0,0.0,0.0,0.0,0.0
Missouri,Dade,29057,0.0,0.0,0.0,0.0,0.0,0.0,0.0,0.0,0.0,0.0
Missouri,Dallas,29059,0.0,0.0,0.0,0.0,0.0,0.0,0.0,0.0,0.0,0.0
Missouri,Daviess,29061,0.0,0.0,0.0,0.0,0.0,68589.0,0.0,0.0,0.0,0.0
Missouri,DeKalb,29063,0.0,18620.0,0.0,2390.0,16901.0,19719.0,1026.0,0.0,0.0,0.0
Missouri,Dent,29065,0.0,0.0,0.0,0.0,0.0,0.0,0.0,0.0,0.0,0.0
Missouri,Douglas,29067,0.0,0.0,0.0,0.0,0.0,0.0,0.0,0.0,0.0,0.0
Missouri,Dunklin,29069,12165.0,19133.0,12963.0,10306.0,24458.0,2598.0,0.0,0.0,0.0,0.0
Missouri,Franklin,29071,0.0,1566.0,6306.0,0.0,0.0,93434.0,0.0,0.0,0.0,0.0
Missouri,Gasconade,29073,0.0,0.0,0.0,0.0,0.0,101604.0,0.0,0.0,1121.0,1218.0
Missouri,Gentry,29075,80126.0,88174.0,8618.0,61014.0,0.0,87945.0,23681.0,787.0,3785.0,0.0
Missouri,Greene,29077,0.0,0.0,0.0,0.0,0.0,0.0,0.0,0.0,0.0,0.0
Missouri,Grundy,29079,2360.0,606.0,3558.0,0.0,0.0,55671.0,0.0,0.0,0.0,0.0
Missouri,Harrison,29081,0.0,0.0,0.0,0.0,0.0,41672.0,5253.0,0.0,0.0,0.0
Missouri,Henry,29083,0.0,0.0,0.0,0.0,0.0,8327.0,0.0,0.0,0.0,0.0
Missouri,Hickory,29085,0.0,0.0,0.0,0.0,0.0,0.0,0.0,0.0,0.0,0.0
Missouri,Holt,29087,19015.0,84696.0,50131.0,9500.0,35321.0,1637102.0,242582.0,14374.0,0.0,0.0
Missouri,Howard,29089,1996.0,12572.0,11834.0,1545.0,1219.0,143326.0,1613.0,64265.0,0.0,0.0
Missouri,Howell,29091,0.0,0.0,0.0,0.0,0.0,0.0,0.0,0.0,0.0,0.0
Missouri,Iron,29093,0.0,0.0,0.0,0.0,0.0,0.0,0.0,0.0,0.0,0.0
Missouri,Jackson,29095,0.0,0.0,0.0,0.0,0.0,424671.0,55561.0,0.0,0.0,0.0
Missouri,Jasper,29097,0.0,0.0,0.0,0.0,0.0,22665.0,24517.0,116.0,13811.0,0.0
Missouri,Jefferson,29099,0.0,0.0,0.0,0.0,0.0,0.0,0.0,0.0,0.0,0.0
Missouri,Johnson,29101,0.0,0.0,0.0,0.0,0.0,15027.0,4212.0,0.0,0.0,0.0
Missouri,Knox,29103,17141.0,32451.0,9124.0,17017.0,8036.0,41362.0,5077.0,0.0,0.0,2760.0
Missouri,Laclede,29105,0.0,0.0,0.0,0.0,0.0,0.0,0.0,0.0,0.0,0.0
Missouri,Lafayette,29107,0.0,0.0,0.0,0.0,0.0,134060.0,51390.0,455.0,431.0,0.0
Missouri,Lawrence,29109,0.0,0.0,0.0,0.0,0.0,3423.0,0.0,0.0,1466.0,1477.0
Missouri,Lewis,29111,47533.0,50369.0,377.0,21.0,0.0,238158.0,3026.0,1690.0,1465.0,6230.0
Missouri,Lincoln,29113,0.0,0.0,0.0,0.0,0.0,211163.0,1758.0,3608.0,2441.0,1672.0
Missouri,Linn,29115,0.0,9859.0,0.0,0.0,0.0,82132.0,17542.0,0.0,0.0,0.0
Missouri,Livingston,29117,0.0,2470.0,0.0,3685.0,31556.0,340146.0,108812.0,6487.0,0.0,0.0
Missouri,McDonald,29119,0.0,0.0,0.0,0.0,0.0,0.0,0.0,0.0,0.0,0.0
Missouri,Macon,29121,2538.0,9661.0,1692.0,3177.0,6509.0,82939.0,18488.0,2071.0,0.0,2583.0
Missouri,Madison,29123,0.0,0.0,0.0,0.0,0.0,0.0,0.0,0.0,0.0,0.0
Missouri,Maries,29125,0.0,0.0,0.0,0.0,0.0,0.0,0.0,0.0,0.0,0.0
Missouri,Marion,29127,36863.0,69473.0,4631.0,43041.0,25482.0,329692.0,39098.0,15029.0,4908.0,8778.0
Missouri,Mercer,29129,0.0,0.0,0.0,0.0,0.0,18475.0,780.0,1822.0,2509.0,0.0
Missouri,Miller,29131,0.0,0.0,0.0,0.0,0.0,336.0,0.0,0.0,0.0,0.0
Missouri,Mississippi,29133,0.0,0.0,0.0,0.0,0.0,423549.0,140312.0,0.0,0.0,0.0
Missouri,Moniteau,29135,0.0,0.0,0.0,0.0,0.0,48766.0,0.0,0.0,0.0,0.0
Missouri,Monroe,29137,2188.0,37471.0,0.0,2660.0,26570.0,66357.0,10112.0,8246.0,4663.0,10578.0
Missouri,Montgomery,29139,0.0,4698.0,1709.0,4545.0,6679.0,174100.0,209.0,2618.0,110.0,145.0
Missouri,Morgan,29141,0.0,0.0,0.0,0.0,0.0,2869.0,0.0,0.0,0.0,0.0
Missouri,New Madrid,29143,776.0,1239.0,1969.0,0.0,2188.0,347730.0,74580.0,0.0,14429.0,25314.0
Missouri,Newton,29145,0.0,0.0,0.0,0.0,0.0,0.0,0.0,0.0,0.0,0.0
Missouri,Nodaway,29147,0.0,69363.0,5741.0,159.0,12651.0,51323.0,1239.0,0.0,0.0,0.0
Missouri,Oregon,29149,0.0,0.0,0.0,0.0,0.0,0.0,0.0,0.0,0.0,0.0
Missouri,Osage,29151,0.0,0.0,0.0,0.0,0.0,81201.0,0.0,0.0,0.0,0.0
Missouri,Ozark,29153,0.0,0.0,0.0,0.0,0.0,0.0,0.0,0.0,0.0,0.0
Missouri,Pemiscot,29155,0.0,24438.0,9511.0,0.0,0.0,15826.0,0.0,0.0,0.0,0.0
Missouri,Perry,29157,0.0,0.0,0.0,0.0,0.0,77929.0,18396.0,1968.0,0.0,0.0
Missouri,Pettis,29159,0.0,0.0,0.0,0.0,0.0,34190.0,3466.0,5423.0,3489.0,826.0
Missouri,Phelps,29161,0.0,0.0,0.0,0.0,0.0,0.0,0.0,0.0,0.0,0.0
Missouri,Pike,29163,0.0,0.0,0.0,0.0,0.0,320212.0,27240.0,0.0,0.0,0.0
Missouri,Platte,29165,0.0,0.0,0.0,0.0,0.0,473504.0,44305.0,0.0,0.0,0.0
Missouri,Polk,29167,0.0,0.0,0.0,0.0,0.0,0.0,0.0,0.0,0.0,0.0
Missouri,Pulaski,29169,0.0,0.0,0.0,0.0,0.0,0.0,0.0,0.0,0.0,0.0
Missouri,Putnam,29171,0.0,0.0,0.0,0.0,0.0,28845.0,5188.0,0.0,0.0,0.0
Missouri,Ralls,29173,0.0,0.0,0.0,0.0,0.0,152826.0,75861.0,5670.0,0.0,5655.0
Missouri,Randolph,29175,0.0,5152.0,0.0,0.0,0.0,0.0,0.0,0.0,0.0,0.0
Missouri,Ray,29177,0.0,0.0,0.0,0.0,0.0,487068.0,9599.0,0.0,0.0,0.0
Missouri,Reynolds,29179,0.0,0.0,0.0,0.0,0.0,0.0,0.0,0.0,0.0,0.0
Missouri,Ripley,29181,0.0,0.0,0.0,0.0,0.0,0.0,0.0,0.0,0.0,0.0
Missouri,St. Charles,29183,0.0,0.0,0.0,0.0,0.0,1049748.0,8291.0,3459.0,4477.0,992.0
Missouri,St. Clair,29185,0.0,0.0,0.0,0.0,0.0,578.0,0.0,0.0,0.0,0.0
Missouri,Ste. Genevieve,29193,0.0,0.0,0.0,0.0,0.0,203421.0,1041.0,0.0,0.0,0.0
Missouri,St. Francois,29187,0.0,0.0,0.0,0.0,0.0,0.0,0.0,0.0,0.0,0.0
Missouri,St. Louis,29189,0.0,0.0,0.0,0.0,0.0,103017.0,0.0,0.0,0.0,0.0
Missouri,Saline,29195,1512.0,31952.0,18508.0,2370.0,1600.0,558490.0,45281.0,32198.0,0.0,39194.0
Missouri,Schuyler,29197,0.0,9800.0,0.0,0.0,4286.0,30845.0,10419.0,0.0,585.0,0.0
Missouri,Scotland,29199,0.0,14932.0,0.0,141.0,57381.0,122980.0,23551.0,0.0,679.0,0.0
Missouri,Scott,29201,0.0,0.0,0.0,0.0,0.0,159086.0,8244.0,0.0,0.0,0.0
Missouri,Shannon,29203,0.0,0.0,0.0,0.0,0.0,0.0,0.0,0.0,0.0,0.0
Missouri,Shelby,29205,1344.0,3184.0,1370.0,0.0,620.0,59612.0,5690.0,2739.0,0.0,142.0
Missouri,Stoddard,29207,0.0,0.0,0.0,0.0,0.0,2331.0,1910.0,0.0,1768.0,0.0
Missouri,Stone,29209,0.0,0.0,0.0,0.0,0.0,0.0,0.0,0.0,0.0,0.0
Missouri,Sullivan,29211,0.0,0.0,0.0,0.0,0.0,8419.0,8657.0,252.0,1572.0,1703.0
Missouri,Taney,29213,0.0,0.0,0.0,0.0,0.0,0.0,0.0,0.0,0.0,0.0
Missouri,Texas,29215,0.0,0.0,0.0,0.0,0.0,0.0,0.0,0.0,0.0,0.0
Missouri,Vernon,29217,0.0,0.0,0.0,0.0,0.0,100947.0,48635.0,0.0,0.0,0.0
Missouri,Warren,29219,0.0,0.0,0.0,0.0,0.0,5170.0,2468.0,0.0,4839.0,1686.0
Missouri,Washington,29221,0.0,0.0,0.0,0.0,0.0,0.0,0.0,0.0,0.0,0.0
Missouri,Wayne,29223,0.0,0.0,0.0,0.0,0.0,0.0,0.0,0.0,0.0,0.0
Missouri,Webster,29225,0.0,0.0,0.0,0.0,0.0,0.0,0.0,0.0,0.0,0.0
Missouri,Worth,29227,0.0,0.0,0.0,0.0,0.0,14187.0,0.0,0.0,0.0,0.0
Missouri,Wright,29229,0.0,0.0,0.0,0.0,0.0,0.0,0.0,0.0,0.0,0.0
Missouri,St. Louis,29510,0.0,0.0,0.0,0.0,0.0,0.0,0.0,0.0,0.0,0.0
Montana,Beaverhead,30001,0.0,24678.0,34717.0,0.0,0.0,0.0,0.0,0.0,0.0,0.0
Montana,Big Horn,30003,468.0,0.0,12876.0,1919.0,6330.0,0.0,0.0,0.0,4362.0,0.0
Montana,Blaine,30005,252008.0,360897.0,130621.0,436676.0,265479.15,0.0,0.0,0.0,0.0,0.0
Montana,Broadwater,30007,0.0,41071.0,26169.0,1399.0,2456.0,0.0,0.0,0.0,0.0,0.0
Montana,Carbon,30009,0.0,0.0,0.0,0.0,0.0,0.0,0.0,0.0,0.0,0.0
Montana,Carter,30011,0.0,0.0,0.0,0.0,0.0,0.0,0.0,0.0,0.0,0.0
Montana,Cascade,30013,56889.0,481955.0,507149.0,388411.0,128892.0,0.0,0.0,0.0,0.0,0.0
Montana,Chouteau,30015,1712680.0,1991618.0,1603238.6,1794629.0,295401.0,0.0,0.0,85804.0,392111.0,147763.0
Montana,Custer,30017,24857.0,14713.0,11581.0,37866.0,14072.0,0.0,0.0,0.0,0.0,0.0
Montana,Daniels,30019,206397.0,51746.0,4707.0,291207.0,139708.0,0.0,0.0,3075.0,53.0,0.0
Montana,Dawson,30021,93016.0,201434.0,268361.0,338858.0,50832.0,0.0,0.0,209186.0,0.0,0.0
Montana,Deer Lodge,30023,0.0,0.0,0.0,0.0,0.0,0.0,0.0,0.0,0.0,0.0
Montana,Fallon,30025,0.0,0.0,0.0,0.0,0.0,0.0,0.0,0.0,0.0,0.0
Montana,Fergus,30027,363526.0,536764.0,700835.0,738514.0,166369.0,14651.0,3373.0,76525.0,18905.0,17644.0
Montana,Flathead,30029,0.0,0.0,0.0,0.0,0.0,0.0,0.0,0.0,0.0,0.0
Montana,Gallatin,30031,1416.0,23070.0,18276.0,12753.0,0.0,0.0,0.0,0.0,0.0,0.0
Montana,Garfield,30033,0.0,56608.0,50356.0,49539.0,0.0,0.0,0.0,0.0,0.0,0.0
Montana,Glacier,30035,19662.0,17794.0,0.0,12624.0,0.0,14157.0,0.0,0.0,0.0,0.0
Montana,Golden Valley,30037,0.0,68868.0,61248.0,76240.0,34808.0,0.0,0.0,0.0,0.0,0.0
Montana,Granite,30039,0.0,0.0,0.0,2939.0,0.0,0.0,0.0,0.0,0.0,0.0
Montana,Hill,30041,2322030.65,3648197.74,2741541.0,2796508.83,855090.0,261675.0,42060.0,5605.0,198345.0,11535.0
Montana,Jefferson,30043,0.0,0.0,0.0,0.0,0.0,0.0,0.0,0.0,0.0,0.0
Montana,Judith Basin,30045,5842.0,18932.0,213955.0,288153.0,1614.0,0.0,0.0,0.0,0.0,0.0
Montana,Lake,30047,0.0,0.0,0.0,0.0,0.0,0.0,0.0,0.0,0.0,0.0
Montana,Lewis and Clark,30049,0.0,0.0,0.0,0.0,0.0,0.0,0.0,0.0,0.0,0.0
Montana,Liberty,30051,417880.0,1001713.0,521334.0,487068.0,644396.84,5958.0,0.0,0.0,27576.0,0.0
Montana,Lincoln,30053,0.0,0.0,0.0,0.0,0.0,0.0,0.0,0.0,0.0,0.0
Montana,McCone,30055,49111.0,101289.0,95122.0,202061.0,90872.0,0.0,0.0,20078.0,0.0,13230.0
Montana,Madison,30057,0.0,0.0,11092.0,10708.0,9409.0,0.0,0.0,0.0,0.0,0.0
Montana,Meagher,30059,0.0,0.0,0.0,0.0,0.0,0.0,0.0,0.0,0.0,0.0
Montana,Mineral,30061,0.0,0.0,0.0,0.0,0.0,0.0,0.0,0.0,0.0,0.0
Montana,Missoula,30063,0.0,0.0,0.0,0.0,0.0,0.0,0.0,0.0,0.0,0.0
Montana,Musselshell,30065,0.0,0.0,0.0,0.0,0.0,0.0,0.0,0.0,32994.0,0.0
Montana,Park,30067,0.0,0.0,0.0,0.0,0.0,0.0,0.0,0.0,1549.0,0.0
Montana,Petroleum,30069,0.0,0.0,0.0,0.0,0.0,0.0,0.0,0.0,0.0,0.0
Montana,Phillips,30071,22274.0,22385.0,11387.0,44974.0,40361.0,0.0,0.0,0.0,0.0,0.0
Montana,Pondera,30073,32642.0,50620.0,46974.0,73830.0,23782.0,0.0,0.0,0.0,0.0,0.0
Montana,Powder River,30075,0.0,0.0,0.0,0.0,0.0,0.0,0.0,0.0,0.0,0.0
Montana,Powell,30077,0.0,0.0,0.0,0.0,0.0,0.0,0.0,0.0,0.0,0.0
Montana,Prairie,30079,7879.0,14115.0,16624.0,22270.0,7267.0,0.0,0.0,152971.0,0.0,0.0
Montana,Ravalli,30081,0.0,0.0,0.0,0.0,0.0,0.0,0.0,0.0,0.0,0.0
Montana,Richland,30083,34210.0,41595.0,40456.0,38778.0,34992.0,0.0,2817.0,0.0,0.0,0.0
Montana,Roosevelt,30085,68370.0,76243.0,77615.0,219453.0,178789.0,0.0,0.0,0.0,0.0,0.0
Montana,Rosebud,30087,0.0,0.0,0.0,0.0,0.0,0.0,0.0,0.0,0.0,0.0
Montana,Sanders,30089,0.0,0.0,0.0,0.0,0.0,0.0,0.0,0.0,0.0,0.0
Montana,Sheridan,30091,133119.0,199208.0,53997.0,376329.0,242217.0,0.0,0.0,16806.0,0.0,593.0
Montana,Silver Bow,30093,0.0,0.0,0.0,0.0,0.0,0.0,0.0,0.0,0.0,0.0
Montana,Stillwater,30095,0.0,0.0,0.0,0.0,0.0,0.0,0.0,0.0,0.0,0.0
Montana,Sweet Grass,30097,0.0,0.0,0.0,0.0,0.0,0.0,0.0,0.0,0.0,0.0
Montana,Teton,30099,181.0,28160.0,39591.0,97605.0,167635.0,0.0,0.0,0.0,1223391.0,59174.0
Montana,Toole,30101,148248.0,271471.0,168856.0,242393.0,125463.0,0.0,0.0,0.0,0.0,0.0
Montana,Treasure,30103,0.0,3996.0,4117.0,0.0,0.0,0.0,4450.0,5925.0,0.0,0.0
Montana,Valley,30105,109721.0,141977.0,93764.0,255273.0,158478.0,9493.0,0.0,14081.0,2292.0,2492.0
Montana,Wheatland,30107,0.0,0.0,4410.0,0.0,0.0,0.0,0.0,0.0,0.0,0.0
Montana,Wibaux,30109,0.0,0.0,0.0,0.0,0.0,0.0,0.0,0.0,0.0,0.0
Montana,Yellowstone,30111,0.0,0.0,0.0,0.0,0.0,0.0,0.0,95250.0,0.0,0.0
Nebraska,Adams,31001,59319.0,47584.0,33792.0,6960.0,0.0,174193.0,15548.0,0.0,3750.0,35541.0
Nebraska,Antelope,31003,22576.0,20188.0,12324.0,706.0,0.0,164835.0,59618.0,0.0,15569.0,14714.0
Nebraska,Arthur,31005,0.0,0.0,0.0,0.0,0.0,0.0,0.0,0.0,0.0,0.0
Nebraska,Banner,31007,434.0,5272.0,4992.0,3651.0,0.0,0.0,0.0,0.0,2937.0,3336.0
Nebraska,Blaine,31009,0.0,0.0,0.0,0.0,0.0,0.0,0.0,0.0,0.0,0.0
Nebraska,Boone,31011,0.0,0.0,0.0,0.0,0.0,4868.0,0.0,0.0,0.0,0.0
Nebraska,Box Butte,31013,0.0,0.0,0.0,0.0,0.0,46771.0,45269.0,0.0,23083.0,22680.0
Nebraska,Boyd,31015,0.0,0.0,0.0,0.0,0.0,50281.0,6988.0,2237.0,0.0,0.0
Nebraska,Brown,31017,0.0,0.0,0.0,0.0,0.0,39717.0,0.0,0.0,0.0,0.0
Nebraska,Buffalo,31019,7053.0,0.0,4835.0,0.0,0.0,90237.0,8998.0,568.0,5221.0,0.0
Nebraska,Burt,31021,39674.0,20322.0,10747.0,12318.0,0.0,140256.0,22182.0,0.0,1086.0,268.0
Nebraska,Butler,31023,0.0,0.0,0.0,0.0,1763.0,108318.0,27439.0,0.0,0.0,0.0
Nebraska,Cass,31025,57773.0,154.0,5814.0,0.0,64804.0,99277.0,353.0,0.0,0.0,0.0
Nebraska,Cedar,31027,0.0,10568.0,16373.0,8902.0,0.0,38191.0,7287.0,4347.0,11676.0,200.0
Nebraska,Chase,31029,119562.0,104600.0,93958.0,83594.0,0.0,202491.0,111165.0,2660.0,35205.0,4488.0
Nebraska,Cherry,31031,0.0,0.0,0.0,0.0,0.0,63388.0,25484.0,0.0,0.0,0.0
Nebraska,Cheyenne,31033,0.0,20346.0,15397.0,5476.0,2225.0,0.0,0.0,0.0,0.0,0.0
Nebraska,Clay,31035,0.0,0.0,0.0,0.0,0.0,354101.0,6949.0,0.0,0.0,8909.0
Nebraska,Colfax,31037,0.0,0.0,0.0,0.0,0.0,43443.0,5963.0,0.0,0.0,9145.0
Nebraska,Cuming,31039,18338.0,5274.0,6683.0,3113.0,6088.0,25330.0,3834.0,1646.0,513.0,913.0
Nebraska,Custer,31041,22495.0,24603.0,13769.0,14932.0,0.0,11859.0,4196.0,0.0,5552.0,28654.0
Nebraska,Dakota,31043,0.0,0.0,0.0,0.0,0.0,0.0,0.0,0.0,0.0,0.0
Nebraska,Dawes,31045,0.0,18595.0,17673.0,9230.0,5987.0,0.0,0.0,0.0,0.0,0.0
Nebraska,Dawson,31047,78532.0,36655.0,184126.0,93911.0,1559.0,33368.0,14626.0,0.0,0.0,0.0
Nebraska,Deuel,31049,0.0,0.0,0.0,0.0,0.0,0.0,0.0,0.0,0.0,0.0
Nebraska,Dixon,31051,0.0,0.0,0.0,0.0,0.0,215.0,0.0,0.0,0.0,0.0
Nebraska,Dodge,31053,68197.0,41886.0,56655.0,4714.0,17629.0,116633.0,15594.0,0.0,0.0,0.0
Nebraska,Douglas,31055,3956.0,2045.0,3251.0,0.0,0.0,22763.0,4118.0,0.0,0.0,0.0
Nebraska,Dundy,31057,48048.0,65608.0,33159.0,6012.0,3680.0,3850.0,5891.0,11936.0,59773.0,6608.0
Nebraska,Fillmore,31059,55346.0,57682.0,55503.0,1494.0,0.0,8358.0,1331.0,0.0,0.0,5371.0
Nebraska,Franklin,31061,0.0,0.0,0.0,0.0,0.0,1434.0,1722.0,0.0,544.0,3909.0
Nebraska,Frontier,31063,60462.0,44192.0,12344.0,38426.0,0.0,1812.0,0.0,0.0,29560.0,36.0
Nebraska,Furnas,31065,9462.0,2285.0,4905.0,11592.0,6470.0,5971.0,0.0,0.0,0.0,5721.0
Nebraska,Gage,31067,7876.0,15490.0,17886.0,1060.0,12081.0,26149.0,0.0,0.0,0.0,0.0
Nebraska,Garden,31069,0.0,0.0,0.0,0.0,0.0,3308.0,3215.0,28613.0,0.0,0.0
Nebraska,Garfield,31071,0.0,0.0,0.0,0.0,0.0,12161.0,0.0,0.0,0.0,0.0
Nebraska,Gosper,31073,24128.0,16134.0,13322.0,16478.0,0.0,31120.0,0.0,0.0,6907.0,0.0
Nebraska,Grant,31075,0.0,0.0,0.0,0.0,0.0,0.0,0.0,0.0,0.0,0.0
Nebraska,Greeley,31077,0.0,0.0,0.0,0.0,0.0,4822.0,0.0,0.0,0.0,0.0
Nebraska,Hall,31079,5935.0,16644.0,16567.0,4426.0,0.0,1876656.74,279782.0,155.0,105709.0,66566.0
Nebraska,Hamilton,31081,9183.0,4121.0,8843.0,0.0,0.0,36470.0,0.0,0.0,0.0,0.0
Nebraska,Harlan,31083,5123.0,4544.0,3351.0,3210.0,162.0,30511.0,2184.0,0.0,7228.0,7219.0
Nebraska,Hayes,31085,0.0,0.0,23301.0,0.0,0.0,99317.0,62856.0,36405.0,309228.0,62690.0
Nebraska,Hitchcock,31087,0.0,0.0,0.0,0.0,0.0,56898.0,0.0,5848.0,65308.0,29181.0
Nebraska,Holt,31089,0.0,0.0,0.0,0.0,0.0,811489.0,464263.0,7389.0,10960.0,204016.0
Nebraska,Hooker,31091,0.0,0.0,0.0,0.0,0.0,0.0,0.0,0.0,0.0,0.0
Nebraska,Howard,31093,8156.0,57859.0,40638.0,11497.0,14162.0,266113.0,20306.0,0.0,36869.0,13128.0
Nebraska,Jefferson,31095,0.0,0.0,0.0,0.0,0.0,0.0,0.0,0.0,0.0,0.0
Nebraska,Johnson,31097,19289.0,49496.0,39430.0,0.0,0.0,81580.0,0.0,0.0,0.0,0.0
Nebraska,Kearney,31099,1593.0,4557.0,30555.0,3197.0,0.0,12141.0,0.0,0.0,0.0,0.0
Nebraska,Keith,31101,0.0,0.0,0.0,0.0,0.0,12174.0,113284.0,0.0,12851.0,10278.0
Nebraska,Keya Paha,31103,0.0,0.0,0.0,0.0,0.0,31895.0,0.0,0.0,0.0,0.0
Nebraska,Kimball,31105,0.0,15359.0,16026.0,5656.0,0.0,0.0,0.0,0.0,0.0,0.0
Nebraska,Knox,31107,13598.0,1998.0,9967.0,9856.0,0.0,595699.08,18836.0,22218.0,67698.0,60025.0
Nebraska,Lancaster,31109,3702.0,2123.0,0.0,0.0,2812.0,28807.0,0.0,0.0,0.0,0.0
Nebraska,Lincoln,31111,115169.0,146245.39,87614.0,62584.0,5965.0,3210.0,26502.0,11954.0,5012.0,0.0
Nebraska,Logan,31113,9941.0,5431.0,8174.0,7374.0,0.0,4537.0,0.0,0.0,0.0,0.0
Nebraska,Loup,31115,0.0,0.0,0.0,0.0,0.0,18867.0,0.0,0.0,0.0,5512.0
Nebraska,McPherson,31117,0.0,0.0,0.0,0.0,0.0,0.0,0.0,0.0,0.0,0.0
Nebraska,Madison,31119,34865.0,29790.0,5510.0,0.0,1329.0,86169.0,10985.0,0.0,0.0,0.0
Nebraska,Merrick,31121,0.0,0.0,0.0,0.0,0.0,519236.0,86360.0,0.0,6639.0,8879.0
Nebraska,Morrill,31123,119557.0,201818.0,209950.0,73956.0,0.0,32316.0,14785.0,0.0,21861.0,37611.0
Nebraska,Nance,31125,0.0,0.0,0.0,0.0,0.0,110424.0,34313.0,0.0,23512.0,48908.0
Nebraska,Nemaha,31127,0.0,0.0,0.0,0.0,0.0,214191.0,29144.0,0.0,0.0,0.0
Nebraska,Nuckolls,31129,0.0,0.0,0.0,0.0,0.0,70063.0,0.0,0.0,0.0,1166.0
Nebraska,Otoe,31131,43379.0,48994.0,53478.0,0.0,59817.0,135197.0,4372.0,0.0,0.0,0.0
Nebraska,Pawnee,31133,3331.0,1849.0,0.0,4049.0,0.0,0.0,0.0,0.0,0.0,0.0
Nebraska,Perkins,31135,8714.0,81642.0,96666.0,59647.0,0.0,1266668.0,20699.0,42912.0,188270.0,45472.0
Nebraska,Phelps,31137,83889.0,118271.0,72923.0,20600.0,25977.0,288572.0,5907.0,0.0,0.0,0.0
Nebraska,Pierce,31139,33567.0,23919.0,12089.0,27957.0,0.0,99655.0,10295.0,0.0,0.0,0.0
Nebraska,Platte,31141,34480.0,45283.0,64555.0,25752.0,17459.0,80936.0,35591.0,1000.0,8029.0,9651.0
Nebraska,Polk,31143,0.0,0.0,0.0,0.0,0.0,0.0,0.0,0.0,0.0,0.0
Nebraska,Red Willow,31145,169580.0,273690.0,106641.0,86225.0,17388.0,70809.0,32627.0,5039.0,88591.0,91230.0
Nebraska,Richardson,31147,33268.0,53739.0,46537.0,22921.0,34054.0,252044.0,0.0,0.0,48.0,2262.0
Nebraska,Rock,31149,0.0,0.0,0.0,0.0,0.0,112712.0,68793.0,5194.0,0.0,0.0
Nebraska,Saline,31151,0.0,0.0,0.0,0.0,0.0,3038.0,0.0,0.0,0.0,0.0
Nebraska,Sarpy,31153,5130.0,6037.0,4096.0,3099.0,4272.0,7891.0,6841.0,0.0,0.0,0.0
Nebraska,Saunders,31155,1310.0,0.0,0.0,0.0,0.0,96252.0,0.0,0.0,0.0,0.0
Nebraska,Scotts Bluff,31157,32322.0,48514.0,82792.0,13908.0,0.0,13322.0,0.0,0.0,0.0,2912.0
Nebraska,Seward,31159,0.0,0.0,0.0,0.0,0.0,0.0,0.0,0.0,0.0,0.0
Nebraska,Sheridan,31161,0.0,2896.0,3399.0,0.0,0.0,0.0,0.0,0.0,0.0,0.0
Nebraska,Sherman,31163,0.0,5182.0,172.0,0.0,0.0,0.0,0.0,0.0,0.0,0.0
Nebraska,Sioux,31165,0.0,0.0,0.0,0.0,0.0,0.0,0.0,0.0,0.0,0.0
Nebraska,Stanton,31167,16021.0,452.0,14928.0,4802.0,1433.0,31294.0,990.0,1118.0,944.0,1317.0
Nebraska,Thayer,31169,0.0,0.0,0.0,0.0,0.0,158250.0,0.0,0.0,0.0,2919.0
Nebraska,Thomas,31171,0.0,0.0,0.0,0.0,0.0,0.0,0.0,0.0,0.0,0.0
Nebraska,Thurston,31173,0.0,2091.0,0.0,0.0,0.0,0.0,0.0,0.0,0.0,0.0
Nebraska,Valley,31175,2611.0,0.0,0.0,790.0,0.0,75898.0,10433.0,2534.0,18541.0,24458.0
Nebraska,Washington,31177,0.0,0.0,0.0,0.0,0.0,224220.0,2165.0,0.0,1151.0,1447.0
Nebraska,Wayne,31179,6698.0,4981.0,2593.0,35996.0,902.0,3123.0,0.0,0.0,0.0,0.0
Nebraska,Webster,31181,0.0,0.0,0.0,0.0,0.0,125567.0,0.0,0.0,412.0,50746.0
Nebraska,Wheeler,31183,0.0,0.0,0.0,0.0,0.0,9988.0,5054.0,0.0,7491.0,7822.0
Nebraska,York,31185,0.0,0.0,0.0,0.0,0.0,14765.0,0.0,0.0,0.0,0.0
Nevada,Churchill,32001,0.0,0.0,0.0,0.0,0.0,0.0,0.0,0.0,0.0,0.0
Nevada,Clark,32003,0.0,0.0,0.0,0.0,0.0,0.0,0.0,0.0,0.0,0.0
Nevada,Douglas,32005,0.0,0.0,0.0,0.0,0.0,0.0,0.0,0.0,0.0,0.0
Nevada,Elko,32007,0.0,0.0,0.0,0.0,0.0,0.0,0.0,0.0,0.0,0.0
Nevada,Esmeralda,32009,0.0,0.0,0.0,0.0,0.0,0.0,0.0,0.0,0.0,0.0
Nevada,Eureka,32011,0.0,0.0,0.0,0.0,0.0,0.0,0.0,0.0,0.0,0.0
Nevada,Humboldt,32013,0.0,0.0,0.0,0.0,0.0,0.0,0.0,0.0,0.0,0.0
Nevada,Lander,32015,0.0,0.0,0.0,0.0,0.0,0.0,0.0,0.0,0.0,0.0
Nevada,Lincoln,32017,0.0,0.0,0.0,0.0,0.0,0.0,0.0,0.0,0.0,0.0
Nevada,Lyon,32019,0.0,0.0,0.0,0.0,0.0,0.0,0.0,0.0,0.0,0.0
Nevada,Mineral,32021,0.0,0.0,0.0,0.0,0.0,0.0,0.0,0.0,0.0,0.0
Nevada,Nye,32023,0.0,0.0,0.0,0.0,0.0,0.0,0.0,0.0,0.0,0.0
Nevada,Pershing,32027,0.0,0.0,0.0,0.0,0.0,0.0,0.0,0.0,0.0,0.0
Nevada,Storey,32029,0.0,0.0,0.0,0.0,0.0,0.0,0.0,0.0,0.0,0.0
Nevada,Washoe,32031,0.0,0.0,0.0,0.0,0.0,0.0,0.0,0.0,0.0,0.0
Nevada,White Pine,32033,0.0,0.0,0.0,0.0,0.0,0.0,0.0,0.0,0.0,0.0
Nevada,Carson City,32510,0.0,0.0,0.0,0.0,0.0,0.0,0.0,0.0,0.0,0.0
New Hampshire,Belknap,33001,0.0,0.0,0.0,0.0,0.0,0.0,0.0,0.0,0.0,0.0
New Hampshire,Carroll,33003,0.0,0.0,0.0,0.0,0.0,0.0,0.0,0.0,0.0,0.0
New Hampshire,Cheshire,33005,0.0,0.0,0.0,0.0,0.0,0.0,0.0,0.0,0.0,0.0
New Hampshire,Coos,33007,0.0,0.0,0.0,0.0,0.0,0.0,0.0,0.0,0.0,0.0
New Hampshire,Grafton,33009,0.0,0.0,0.0,0.0,0.0,0.0,0.0,0.0,0.0,0.0
New Hampshire,Hillsborough,33011,0.0,0.0,0.0,0.0,0.0,0.0,0.0,0.0,0.0,0.0
New Hampshire,Merrimack,33013,0.0,0.0,0.0,0.0,0.0,0.0,0.0,0.0,0.0,0.0
New Hampshire,Rockingham,33015,0.0,0.0,0.0,0.0,0.0,0.0,0.0,0.0,0.0,0.0
New Hampshire,Strafford,33017,0.0,0.0,0.0,0.0,0.0,0.0,0.0,0.0,0.0,0.0
New Hampshire,Sullivan,33019,0.0,0.0,0.0,0.0,0.0,0.0,0.0,0.0,0.0,0.0
New Jersey,Atlantic,34001,0.0,0.0,0.0,0.0,0.0,0.0,0.0,0.0,0.0,0.0
New Jersey,Bergen,34003,0.0,0.0,0.0,0.0,0.0,0.0,0.0,0.0,0.0,0.0
New Jersey,Burlington,34005,2468.0,16956.0,36166.0,41772.0,2684.0,2161.0,0.0,0.0,0.0,0.0
New Jersey,Camden,34007,0.0,0.0,0.0,0.0,0.0,0.0,0.0,0.0,0.0,0.0
New Jersey,Cape May,34009,0.0,0.0,0.0,0.0,0.0,0.0,0.0,0.0,0.0,0.0
New Jersey,Cumberland,34011,0.0,0.0,0.0,0.0,0.0,0.0,0.0,0.0,0.0,0.0
New Jersey,Essex,34013,0.0,0.0,0.0,0.0,0.0,0.0,0.0,0.0,0.0,0.0
New Jersey,Gloucester,34015,0.0,0.0,0.0,0.0,0.0,0.0,0.0,0.0,0.0,0.0
New Jersey,Hudson,34017,0.0,0.0,0.0,0.0,0.0,0.0,0.0,0.0,0.0,0.0
New Jersey,Hunterdon,34019,0.0,0.0,0.0,0.0,0.0,0.0,0.0,0.0,0.0,0.0
New Jersey,Mercer,34021,0.0,0.0,0.0,0.0,0.0,0.0,0.0,0.0,0.0,0.0
New Jersey,Middlesex,34023,0.0,0.0,0.0,0.0,0.0,0.0,0.0,0.0,0.0,0.0
New Jersey,Monmouth,34025,0.0,0.0,0.0,0.0,0.0,0.0,0.0,0.0,0.0,0.0
New Jersey,Morris,34027,0.0,0.0,0.0,0.0,0.0,0.0,0.0,0.0,0.0,0.0
New Jersey,Ocean,34029,0.0,0.0,0.0,0.0,0.0,0.0,0.0,0.0,0.0,0.0
New Jersey,Passaic,34031,0.0,0.0,0.0,0.0,0.0,0.0,0.0,0.0,0.0,0.0
New Jersey,Salem,34033,0.0,0.0,0.0,0.0,0.0,0.0,0.0,0.0,0.0,0.0
New Jersey,Somerset,34035,0.0,0.0,0.0,0.0,0.0,0.0,0.0,0.0,0.0,0.0
New Jersey,Sussex,34037,0.0,0.0,0.0,0.0,0.0,0.0,0.0,0.0,0.0,0.0
New Jersey,Union,34039,0.0,0.0,0.0,0.0,0.0,0.0,0.0,0.0,0.0,0.0
New Jersey,Warren,34041,3943.0,685.0,5717.0,3939.0,4528.0,13562.0,686.0,0.0,18238.0,9114.0
New Mexico,Bernalillo,35001,0.0,0.0,0.0,0.0,0.0,0.0,0.0,0.0,0.0,0.0
New Mexico,Catron,35003,0.0,0.0,0.0,0.0,0.0,0.0,0.0,0.0,0.0,0.0
New Mexico,Chaves,35005,0.0,0.0,0.0,0.0,0.0,0.0,0.0,0.0,0.0,0.0
New Mexico,Cibola,35006,0.0,0.0,0.0,0.0,0.0,0.0,0.0,0.0,0.0,0.0
New Mexico,Colfax,35007,0.0,0.0,0.0,0.0,0.0,0.0,0.0,0.0,0.0,0.0
New Mexico,Curry,35009,0.0,0.0,0.0,0.0,0.0,0.0,0.0,0.0,0.0,0.0
New Mexico,De Baca,35011,0.0,0.0,0.0,0.0,0.0,0.0,0.0,0.0,0.0,0.0
New Mexico,Dona Ana,35013,0.0,0.0,0.0,0.0,0.0,0.0,0.0,0.0,0.0,0.0
New Mexico,Eddy,35015,0.0,0.0,0.0,0.0,0.0,0.0,0.0,0.0,0.0,0.0
New Mexico,Grant,35017,0.0,0.0,0.0,0.0,0.0,0.0,0.0,0.0,0.0,0.0
New Mexico,Guadalupe,35019,0.0,0.0,0.0,0.0,0.0,0.0,0.0,0.0,0.0,0.0
New Mexico,Harding,35021,0.0,0.0,0.0,0.0,0.0,0.0,0.0,0.0,0.0,0.0
New Mexico,Hidalgo,35023,0.0,0.0,0.0,0.0,0.0,0.0,0.0,0.0,0.0,0.0
New Mexico,Lea,35025,0.0,0.0,0.0,0.0,0.0,0.0,0.0,0.0,0.0,0.0
New Mexico,Lincoln,35027,0.0,0.0,0.0,0.0,0.0,0.0,0.0,0.0,0.0,0.0
New Mexico,Los Alamos,35028,0.0,0.0,0.0,0.0,0.0,0.0,0.0,0.0,0.0,0.0
New Mexico,Luna,35029,0.0,0.0,0.0,0.0,0.0,0.0,0.0,0.0,0.0,0.0
New Mexico,McKinley,35031,0.0,0.0,0.0,0.0,0.0,0.0,0.0,0.0,0.0,0.0
New Mexico,Mora,35033,0.0,0.0,0.0,0.0,0.0,0.0,0.0,0.0,0.0,0.0
New Mexico,Otero,35035,0.0,0.0,0.0,0.0,0.0,0.0,0.0,0.0,0.0,0.0
New Mexico,Quay,35037,0.0,0.0,0.0,0.0,0.0,0.0,0.0,0.0,0.0,0.0
New Mexico,Rio Arriba,35039,0.0,0.0,0.0,0.0,0.0,0.0,0.0,0.0,0.0,0.0
New Mexico,Roosevelt,35041,0.0,0.0,0.0,0.0,0.0,0.0,0.0,0.0,0.0,0.0
New Mexico,Sandoval,35043,0.0,0.0,0.0,0.0,0.0,0.0,0.0,0.0,0.0,0.0
New Mexico,San Juan,35045,0.0,0.0,0.0,0.0,0.0,0.0,0.0,0.0,0.0,0.0
New Mexico,San Miguel,35047,0.0,0.0,0.0,0.0,0.0,0.0,0.0,0.0,0.0,0.0
New Mexico,Santa Fe,35049,0.0,0.0,0.0,0.0,0.0,0.0,0.0,0.0,0.0,0.0
New Mexico,Sierra,35051,0.0,0.0,0.0,0.0,0.0,0.0,0.0,0.0,0.0,0.0
New Mexico,Socorro,35053,0.0,0.0,0.0,0.0,0.0,0.0,0.0,0.0,0.0,0.0
New Mexico,Taos,35055,0.0,0.0,0.0,0.0,0.0,0.0,0.0,0.0,0.0,0.0
New Mexico,Torrance,35057,0.0,0.0,0.0,0.0,0.0,0.0,0.0,0.0,0.0,0.0
New Mexico,Union,35059,0.0,0.0,0.0,0.0,0.0,56514.0,94964.0,0.0,0.0,9625.0
New Mexico,Valencia,35061,0.0,0.0,0.0,0.0,0.0,0.0,0.0,0.0,0.0,0.0
New York,Albany,36001,0.0,0.0,0.0,0.0,0.0,0.0,0.0,0.0,0.0,0.0
New York,Allegany,36003,0.0,0.0,0.0,0.0,0.0,8765.0,641.0,0.0,0.0,0.0
New York,Bronx,36005,0.0,0.0,0.0,0.0,0.0,0.0,0.0,0.0,0.0,0.0
New York,Broome,36007,0.0,0.0,0.0,0.0,0.0,9160.0,0.0,0.0,0.0,0.0
New York,Cattaraugus,36009,0.0,0.0,0.0,0.0,0.0,7631.0,1973.0,0.0,0.0,0.0
New York,Cayuga,36011,0.0,0.0,0.0,0.0,0.0,75577.0,4139.0,0.0,0.0,0.0
New York,Chautauqua,36013,0.0,0.0,0.0,0.0,0.0,2041.0,0.0,0.0,0.0,0.0
New York,Chemung,36015,0.0,0.0,0.0,0.0,0.0,0.0,0.0,0.0,0.0,0.0
New York,Chenango,36017,0.0,0.0,0.0,0.0,0.0,0.0,0.0,0.0,0.0,0.0
New York,Clinton,36019,0.0,0.0,0.0,0.0,0.0,203596.0,0.0,0.0,0.0,0.0
New York,Columbia,36021,0.0,0.0,0.0,0.0,0.0,1789.0,0.0,542.0,1231.0,0.0
New York,Cortland,36023,0.0,0.0,0.0,0.0,0.0,108.0,0.0,0.0,0.0,0.0
New York,Delaware,36025,0.0,0.0,0.0,0.0,0.0,0.0,0.0,0.0,0.0,0.0
New York,Dutchess,36027,0.0,0.0,0.0,0.0,0.0,0.0,0.0,0.0,0.0,0.0
New York,Erie,36029,0.0,0.0,0.0,0.0,0.0,48555.25,3101.0,201.0,743.0,0.0
New York,Essex,36031,0.0,0.0,0.0,0.0,0.0,0.0,0.0,0.0,0.0,0.0
New York,Franklin,36033,0.0,0.0,0.0,0.0,0.0,0.0,0.0,0.0,0.0,0.0
New York,Fulton,36035,0.0,0.0,0.0,0.0,0.0,13798.0,0.0,0.0,3293.0,0.0
New York,Genesee,36037,0.0,0.0,0.0,0.0,0.0,73936.0,1029.0,0.0,0.0,0.0
New York,Greene,36039,0.0,0.0,0.0,0.0,0.0,0.0,0.0,0.0,0.0,0.0
New York,Hamilton,36041,0.0,0.0,0.0,0.0,0.0,0.0,0.0,0.0,0.0,0.0
New York,Herkimer,36043,0.0,0.0,0.0,0.0,0.0,14452.0,0.0,0.0,0.0,0.0
New York,Jefferson,36045,0.0,0.0,0.0,0.0,0.0,0.0,0.0,0.0,0.0,0.0
New York,Kings,36047,0.0,0.0,0.0,0.0,0.0,0.0,0.0,0.0,0.0,0.0
New York,Lewis,36049,0.0,0.0,0.0,0.0,0.0,0.0,0.0,0.0,0.0,0.0
New York,Livingston,36051,0.0,0.0,0.0,0.0,0.0,64200.0,12603.0,0.0,0.0,0.0
New York,Madison,36053,0.0,0.0,0.0,0.0,0.0,29170.0,1357.0,0.0,0.0,0.0
New York,Monroe,36055,14256.0,0.0,0.0,0.0,0.0,150245.0,6416.0,0.0,0.0,0.0
New York,Montgomery,36057,0.0,17092.0,15740.0,0.0,0.0,110012.0,90.0,0.0,8637.0,0.0
New York,Nassau,36059,0.0,0.0,0.0,0.0,0.0,0.0,0.0,0.0,0.0,0.0
New York,New York,36061,0.0,0.0,0.0,0.0,0.0,0.0,0.0,0.0,0.0,0.0
New York,Niagara,36063,0.0,0.0,0.0,0.0,0.0,45516.0,0.0,0.0,0.0,0.0
New York,Oneida,36065,0.0,0.0,0.0,0.0,0.0,18070.0,0.0,0.0,0.0,0.0
New York,Onondaga,36067,0.0,0.0,0.0,0.0,0.0,57397.0,3929.0,0.0,0.0,0.0
New York,Ontario,36069,0.0,0.0,0.0,0.0,0.0,23455.0,0.0,0.0,0.0,0.0
New York,Orange,36071,0.0,0.0,0.0,0.0,0.0,0.0,0.0,2376.0,3873.0,0.0
New York,Orleans,36073,0.0,0.0,0.0,0.0,0.0,144457.0,7334.0,0.0,0.0,0.0
New York,Oswego,36075,0.0,0.0,0.0,0.0,0.0,46805.0,0.0,0.0,0.0,0.0
New York,Otsego,36077,0.0,0.0,0.0,0.0,0.0,3327.0,416.0,0.0,0.0,365.0
New York,Putnam,36079,0.0,0.0,0.0,0.0,0.0,0.0,0.0,0.0,0.0,0.0
New York,Queens,36081,0.0,0.0,0.0,0.0,0.0,0.0,0.0,0.0,0.0,0.0
New York,Rensselaer,36083,0.0,0.0,0.0,0.0,0.0,16338.0,0.0,0.0,0.0,2104.0
New York,Richmond,36085,0.0,0.0,0.0,0.0,0.0,0.0,0.0,0.0,0.0,0.0
New York,Rockland,36087,0.0,0.0,0.0,0.0,0.0,0.0,0.0,0.0,0.0,0.0
New York,St. Lawrence,36089,0.0,0.0,0.0,0.0,0.0,0.0,0.0,0.0,0.0,0.0
New York,Saratoga,36091,0.0,0.0,0.0,0.0,0.0,34098.0,7565.0,0.0,0.0,13962.0
New York,Schenectady,36093,0.0,0.0,0.0,0.0,0.0,0.0,0.0,0.0,0.0,0.0
New York,Schoharie,36095,0.0,0.0,0.0,0.0,0.0,0.0,0.0,0.0,0.0,0.0
New York,Schuyler,36097,0.0,0.0,0.0,0.0,0.0,3882.0,0.0,0.0,0.0,0.0
New York,Seneca,36099,0.0,0.0,0.0,0.0,0.0,78116.0,39794.0,0.0,0.0,0.0
New York,Steuben,36101,0.0,0.0,0.0,0.0,0.0,4345.0,0.0,0.0,0.0,0.0
New York,Suffolk,36103,0.0,0.0,0.0,0.0,0.0,0.0,0.0,0.0,0.0,0.0
New York,Sullivan,36105,0.0,0.0,0.0,0.0,0.0,0.0,0.0,0.0,0.0,0.0
New York,Tioga,36107,0.0,0.0,0.0,0.0,0.0,4735.0,0.0,0.0,0.0,0.0
New York,Tompkins,36109,50815.0,51274.0,44509.0,0.0,0.0,0.0,0.0,0.0,0.0,0.0
New York,Ulster,36111,0.0,0.0,0.0,0.0,0.0,0.0,0.0,0.0,0.0,0.0
New York,Warren,36113,0.0,0.0,0.0,0.0,0.0,0.0,0.0,0.0,0.0,0.0
New York,Washington,36115,0.0,0.0,0.0,0.0,0.0,11495.0,21526.0,0.0,0.0,7271.0
New York,Wayne,36117,0.0,0.0,0.0,0.0,0.0,21024.0,0.0,0.0,0.0,0.0
New York,Westchester,36119,0.0,0.0,0.0,0.0,0.0,0.0,0.0,0.0,0.0,0.0
New York,Wyoming,36121,0.0,0.0,0.0,0.0,0.0,3796.0,0.0,0.0,0.0,0.0
New York,Yates,36123,0.0,0.0,0.0,0.0,0.0,1182.0,441.0,0.0,0.0,0.0
North Carolina,Alamance,37001,0.0,0.0,0.0,0.0,0.0,0.0,0.0,0.0,0.0,0.0
North Carolina,Alexander,37003,0.0,0.0,0.0,0.0,0.0,0.0,0.0,0.0,0.0,0.0
North Carolina,Alleghany,37005,0.0,0.0,0.0,0.0,0.0,0.0,0.0,0.0,0.0,0.0
North Carolina,Anson,37007,0.0,0.0,0.0,0.0,0.0,0.0,0.0,0.0,0.0,0.0
North Carolina,Ashe,37009,0.0,0.0,0.0,0.0,0.0,0.0,0.0,0.0,0.0,0.0
North Carolina,Avery,37011,0.0,0.0,0.0,0.0,0.0,0.0,0.0,0.0,0.0,0.0
North Carolina,Beaufort,37013,45928.0,136803.0,52052.0,131320.0,1589.0,51844.0,0.0,0.0,0.0,0.0
North Carolina,Bertie,37015,0.0,0.0,0.0,0.0,0.0,0.0,0.0,0.0,0.0,0.0
North Carolina,Bladen,37017,0.0,0.0,0.0,0.0,0.0,0.0,0.0,0.0,0.0,0.0
North Carolina,Brunswick,37019,0.0,0.0,0.0,0.0,0.0,0.0,0.0,0.0,0.0,0.0
North Carolina,Buncombe,37021,0.0,0.0,0.0,0.0,0.0,0.0,0.0,0.0,0.0,0.0
North Carolina,Burke,37023,0.0,0.0,0.0,0.0,0.0,0.0,0.0,0.0,0.0,0.0
North Carolina,Cabarrus,37025,0.0,0.0,0.0,0.0,0.0,0.0,0.0,0.0,0.0,0.0
North Carolina,Caldwell,37027,0.0,0.0,0.0,0.0,0.0,0.0,0.0,0.0,0.0,0.0
North Carolina,Camden,37029,0.0,0.0,0.0,0.0,0.0,0.0,0.0,0.0,0.0,0.0
North Carolina,Carteret,37031,0.0,0.0,0.0,0.0,0.0,0.0,0.0,0.0,0.0,0.0
North Carolina,Caswell,37033,0.0,0.0,0.0,0.0,0.0,0.0,0.0,0.0,0.0,0.0
North Carolina,Catawba,37035,0.0,0.0,0.0,0.0,0.0,0.0,0.0,0.0,0.0,0.0
North Carolina,Chatham,37037,0.0,0.0,0.0,0.0,0.0,0.0,0.0,0.0,0.0,0.0
North Carolina,Cherokee,37039,0.0,0.0,0.0,170.0,0.0,0.0,0.0,0.0,0.0,0.0
North Carolina,Chowan,37041,0.0,0.0,0.0,0.0,0.0,0.0,0.0,0.0,0.0,0.0
North Carolina,Clay,37043,0.0,0.0,0.0,0.0,0.0,0.0,0.0,0.0,0.0,0.0
North Carolina,Cleveland,37045,0.0,0.0,0.0,0.0,0.0,0.0,0.0,0.0,0.0,0.0
North Carolina,Columbus,37047,0.0,0.0,0.0,0.0,0.0,0.0,0.0,0.0,0.0,0.0
North Carolina,Craven,37049,13848.0,39845.0,40637.0,8961.0,2415.0,0.0,0.0,0.0,0.0,0.0
North Carolina,Cumberland,37051,0.0,0.0,0.0,0.0,0.0,0.0,0.0,0.0,0.0,0.0
North Carolina,Currituck,37053,0.0,0.0,0.0,0.0,0.0,0.0,0.0,0.0,0.0,0.0
North Carolina,Dare,37055,0.0,0.0,0.0,0.0,0.0,0.0,0.0,0.0,0.0,0.0
North Carolina,Davidson,37057,0.0,0.0,0.0,0.0,0.0,0.0,0.0,0.0,0.0,0.0
North Carolina,Davie,37059,0.0,0.0,0.0,0.0,0.0,0.0,0.0,0.0,0.0,0.0
North Carolina,Duplin,37061,0.0,0.0,0.0,0.0,0.0,0.0,0.0,0.0,0.0,0.0
North Carolina,Durham,37063,0.0,0.0,0.0,0.0,0.0,0.0,0.0,0.0,0.0,0.0
North Carolina,Edgecombe,37065,0.0,0.0,0.0,0.0,0.0,0.0,0.0,0.0,0.0,0.0
North Carolina,Forsyth,37067,0.0,0.0,0.0,0.0,0.0,0.0,0.0,0.0,0.0,0.0
North Carolina,Franklin,37069,0.0,0.0,0.0,0.0,0.0,0.0,0.0,0.0,0.0,0.0
North Carolina,Gaston,37071,0.0,0.0,0.0,0.0,0.0,0.0,0.0,0.0,0.0,0.0
North Carolina,Gates,37073,0.0,0.0,0.0,0.0,0.0,0.0,0.0,0.0,0.0,0.0
North Carolina,Graham,37075,0.0,0.0,0.0,0.0,0.0,0.0,0.0,0.0,0.0,0.0
North Carolina,Granville,37077,0.0,0.0,0.0,0.0,0.0,0.0,0.0,0.0,0.0,0.0
North Carolina,Greene,37079,0.0,0.0,0.0,0.0,0.0,0.0,0.0,0.0,0.0,0.0
North Carolina,Guilford,37081,0.0,0.0,0.0,0.0,0.0,0.0,0.0,0.0,0.0,0.0
North Carolina,Halifax,37083,0.0,0.0,0.0,0.0,0.0,0.0,0.0,0.0,0.0,0.0
North Carolina,Harnett,37085,0.0,0.0,0.0,0.0,0.0,0.0,0.0,0.0,0.0,0.0
North Carolina,Haywood,37087,0.0,0.0,0.0,0.0,0.0,0.0,0.0,0.0,0.0,0.0
North Carolina,Henderson,37089,0.0,0.0,0.0,0.0,0.0,0.0,0.0,0.0,0.0,0.0
North Carolina,Hertford,37091,0.0,0.0,0.0,0.0,0.0,0.0,0.0,0.0,0.0,0.0
North Carolina,Hoke,37093,0.0,0.0,0.0,0.0,0.0,0.0,0.0,0.0,0.0,0.0
North Carolina,Hyde,37095,0.0,0.0,0.0,0.0,0.0,0.0,0.0,0.0,0.0,0.0
North Carolina,Iredell,37097,0.0,0.0,0.0,0.0,0.0,0.0,0.0,0.0,0.0,0.0
North Carolina,Jackson,37099,0.0,0.0,0.0,0.0,0.0,0.0,0.0,0.0,0.0,0.0
North Carolina,Johnston,37101,0.0,0.0,0.0,0.0,0.0,0.0,0.0,0.0,0.0,0.0
North Carolina,Jones,37103,0.0,0.0,0.0,0.0,0.0,0.0,0.0,0.0,0.0,0.0
North Carolina,Lee,37105,0.0,0.0,0.0,0.0,0.0,0.0,0.0,0.0,0.0,0.0
North Carolina,Lenoir,37107,0.0,0.0,0.0,0.0,0.0,0.0,0.0,0.0,0.0,0.0
North Carolina,Lincoln,37109,0.0,0.0,0.0,0.0,0.0,0.0,0.0,0.0,0.0,0.0
North Carolina,McDowell,37111,0.0,0.0,0.0,0.0,0.0,0.0,0.0,0.0,0.0,0.0
North Carolina,Macon,37113,0.0,0.0,0.0,0.0,0.0,0.0,0.0,0.0,0.0,0.0
North Carolina,Madison,37115,0.0,0.0,0.0,0.0,0.0,0.0,0.0,0.0,0.0,0.0
North Carolina,Martin,37117,0.0,0.0,0.0,0.0,0.0,0.0,0.0,0.0,0.0,0.0
North Carolina,Mecklenburg,37119,0.0,0.0,0.0,0.0,0.0,0.0,0.0,0.0,0.0,0.0
North Carolina,Mitchell,37121,0.0,0.0,0.0,0.0,0.0,0.0,0.0,0.0,0.0,0.0
North Carolina,Montgomery,37123,0.0,0.0,0.0,0.0,0.0,0.0,0.0,0.0,0.0,0.0
North Carolina,Moore,37125,0.0,0.0,0.0,0.0,0.0,0.0,0.0,0.0,0.0,0.0
North Carolina,Nash,37127,0.0,0.0,0.0,0.0,0.0,0.0,0.0,0.0,0.0,0.0
North Carolina,New Hanover,37129,0.0,0.0,0.0,0.0,0.0,0.0,0.0,0.0,0.0,0.0
North Carolina,Northampton,37131,0.0,0.0,0.0,0.0,0.0,0.0,0.0,0.0,0.0,0.0
North Carolina,Onslow,37133,0.0,13290.0,12723.0,0.0,6607.0,0.0,0.0,0.0,0.0,0.0
North Carolina,Orange,37135,0.0,0.0,0.0,0.0,0.0,0.0,0.0,0.0,0.0,0.0
North Carolina,Pamlico,37137,0.0,0.0,0.0,0.0,0.0,0.0,0.0,0.0,0.0,0.0
North Carolina,Pasquotank,37139,0.0,0.0,0.0,0.0,0.0,0.0,0.0,0.0,0.0,0.0
North Carolina,Pender,37141,0.0,0.0,0.0,0.0,0.0,0.0,0.0,0.0,0.0,0.0
North Carolina,Perquimans,37143,0.0,0.0,0.0,0.0,0.0,0.0,0.0,0.0,0.0,0.0
North Carolina,Person,37145,0.0,0.0,0.0,0.0,0.0,0.0,0.0,0.0,0.0,0.0
North Carolina,Pitt,37147,0.0,0.0,0.0,0.0,0.0,0.0,0.0,0.0,0.0,0.0
North Carolina,Polk,37149,0.0,0.0,0.0,0.0,0.0,0.0,0.0,0.0,0.0,0.0
North Carolina,Randolph,37151,0.0,0.0,0.0,0.0,0.0,0.0,0.0,0.0,0.0,0.0
North Carolina,Richmond,37153,0.0,0.0,0.0,0.0,0.0,0.0,0.0,0.0,0.0,0.0
North Carolina,Robeson,37155,0.0,0.0,0.0,0.0,0.0,0.0,0.0,0.0,0.0,0.0
North Carolina,Rockingham,37157,0.0,0.0,0.0,0.0,0.0,0.0,0.0,0.0,0.0,0.0
North Carolina,Rowan,37159,0.0,0.0,0.0,0.0,0.0,0.0,0.0,0.0,0.0,0.0
North Carolina,Rutherford,37161,0.0,0.0,0.0,0.0,0.0,0.0,0.0,0.0,0.0,0.0
North Carolina,Sampson,37163,0.0,0.0,0.0,0.0,0.0,0.0,0.0,0.0,0.0,0.0
North Carolina,Scotland,37165,0.0,0.0,0.0,0.0,0.0,0.0,0.0,0.0,0.0,0.0
North Carolina,Stanly,37167,0.0,0.0,0.0,0.0,0.0,0.0,0.0,0.0,0.0,0.0
North Carolina,Stokes,37169,8440.0,39.0,1896.0,931.0,3875.0,0.0,0.0,0.0,0.0,0.0
North Carolina,Surry,37171,0.0,0.0,0.0,0.0,0.0,0.0,0.0,0.0,0.0,0.0
North Carolina,Swain,37173,0.0,0.0,0.0,0.0,0.0,0.0,0.0,0.0,0.0,0.0
North Carolina,Transylvania,37175,0.0,0.0,0.0,0.0,0.0,0.0,0.0,0.0,0.0,0.0
North Carolina,Tyrrell,37177,125604.0,95529.0,103126.0,5231.0,41097.0,4911.0,0.0,0.0,0.0,0.0
North Carolina,Union,37179,0.0,0.0,0.0,0.0,0.0,0.0,0.0,0.0,0.0,0.0
North Carolina,Vance,37181,0.0,0.0,0.0,0.0,0.0,0.0,0.0,0.0,0.0,0.0
North Carolina,Wake,37183,0.0,0.0,0.0,0.0,0.0,0.0,0.0,0.0,0.0,0.0
North Carolina,Warren,37185,0.0,0.0,0.0,0.0,0.0,0.0,0.0,0.0,0.0,0.0
North Carolina,Washington,37187,11606.0,7830.0,15954.0,0.0,16631.0,77349.0,0.0,0.0,0.0,0.0
North Carolina,Watauga,37189,0.0,0.0,0.0,0.0,0.0,0.0,0.0,0.0,0.0,0.0
North Carolina,Wayne,37191,0.0,0.0,0.0,0.0,0.0,0.0,0.0,0.0,0.0,0.0
North Carolina,Wilkes,37193,0.0,0.0,0.0,0.0,0.0,0.0,0.0,0.0,0.0,0.0
North Carolina,Wilson,37195,0.0,0.0,0.0,0.0,0.0,0.0,0.0,0.0,0.0,0.0
North Carolina,Yadkin,37197,0.0,0.0,0.0,0.0,0.0,0.0,0.0,0.0,0.0,0.0
North Carolina,Yancey,37199,0.0,0.0,0.0,0.0,0.0,0.0,0.0,0.0,0.0,0.0
North Dakota,Adams,38001,11380.0,39232.0,32210.0,45890.0,24833.0,0.0,2451.0,179821.0,0.0,0.0
North Dakota,Barnes,38003,786401.0,934462.0,225878.0,133814.0,31758.0,1300806.0,674908.0,0.0,69516.0,0.0
North Dakota,Benson,38005,6920.0,6182.0,0.0,0.0,4376.0,0.0,0.0,0.0,0.0,0.0
North Dakota,Billings,38007,3972.0,0.0,2119.0,2646.0,0.0,0.0,0.0,0.0,0.0,0.0
North Dakota,Bottineau,38009,118944.0,95525.0,94665.0,87688.0,52970.0,0.0,0.0,0.0,0.0,0.0
North Dakota,Bowman,38011,19721.0,66411.0,257476.0,204969.0,55235.0,89083.0,31392.0,42959.0,7853.0,0.0
North Dakota,Burke,38013,102919.0,0.0,80852.0,116795.0,58917.0,0.0,0.0,0.0,0.0,0.0
North Dakota,Burleigh,38015,53394.0,4385.0,13732.0,33854.0,0.0,8100.0,32264.0,2363.0,0.0,0.0
North Dakota,Cass,38017,8490.0,6130.0,0.0,18237.0,12966.0,1407360.0,621342.0,6441.0,32298.0,2370.0
North Dakota,Cavalier,38019,0.0,0.0,0.0,0.0,0.0,0.0,0.0,0.0,0.0,0.0
North Dakota,Dickey,38021,170539.0,198408.0,47591.0,70770.0,0.0,1405710.0,807998.87,37498.0,22569.0,34411.0
North Dakota,Divide,38023,48981.0,17788.0,31137.0,42602.0,2924.0,6524.0,0.0,0.0,0.0,0.0
North Dakota,Dunn,38025,20594.0,58233.0,75979.0,84822.0,44419.0,12034.0,11830.0,15861.0,0.0,0.0
North Dakota,Eddy,38027,3446.0,4239.0,2407.0,3870.0,1124.0,37588.0,3029.0,6048.0,0.0,8218.0
North Dakota,Emmons,38029,228031.0,143622.0,142022.0,114597.0,22329.0,35706.0,16992.0,25962.0,0.0,0.0
North Dakota,Foster,38031,48092.0,60875.0,18730.0,0.0,18605.0,0.0,0.0,0.0,0.0,0.0
North Dakota,Golden Valley,38033,1427.0,0.0,1489.0,3294.0,1275.0,0.0,0.0,0.0,0.0,0.0
North Dakota,Grand Forks,38035,9438.0,8031.0,11179.0,0.0,1564.0,50691.0,61023.0,198.0,0.0,2891.0
North Dakota,Grant,38037,182345.0,55773.0,117137.0,145898.0,44122.0,0.0,0.0,0.0,0.0,0.0
North Dakota,Griggs,38039,75605.0,55659.0,0.0,45170.0,739.0,138301.0,90242.0,10228.0,1046.0,1030.0
North Dakota,Hettinger,38041,20673.0,4895.0,52329.0,57668.0,4821.0,0.0,0.0,0.0,0.0,0.0
North Dakota,Kidder,38043,14107.0,14038.0,0.0,14473.0,0.0,11490.0,7807.0,11903.0,18405.0,15318.0
North Dakota,LaMoure,38045,110507.0,170823.0,35022.0,161130.0,4512.0,2640690.24,1685389.0,73029.0,75830.0,96103.0
North Dakota,Logan,38047,0.0,3194.0,0.0,4774.0,0.0,34375.0,14250.0,6209.0,0.0,0.0
North Dakota,McHenry,38049,9153.0,0.0,2213.0,6946.0,2936.0,0.0,0.0,0.0,0.0,0.0
North Dakota,McIntosh,38051,2983.0,298.0,152.0,293.0,161.0,23401.16,10961.0,20672.0,0.0,0.0
North Dakota,McKenzie,38053,2967.0,32190.0,29854.0,31617.0,17760.0,0.0,0.0,0.0,0.0,0.0
North Dakota,McLean,38055,27393.0,6941.0,13697.0,25449.0,1475.0,0.0,3475.0,0.0,0.0,0.0
North Dakota,Mercer,38057,102009.0,93998.0,31464.0,106442.0,63963.0,0.0,2492.0,2776.0,0.0,0.0
North Dakota,Morton,38059,87064.0,90113.0,9940.0,101871.0,33298.0,19372.0,848.0,53112.0,19147.0,0.0
North Dakota,Mountrail,38061,2086.0,2321.0,3850.0,2194.0,2177.0,0.0,0.0,0.0,0.0,0.0
North Dakota,Nelson,38063,9843.0,15679.0,13229.0,13458.0,6842.0,27299.0,12373.0,3340.0,0.0,0.0
North Dakota,Oliver,38065,0.0,0.0,0.0,0.0,0.0,0.0,0.0,0.0,0.0,0.0
North Dakota,Pembina,38067,23148.0,131265.0,226122.0,122895.0,15772.0,53647.0,582.0,8553.0,0.0,0.0
North Dakota,Pierce,38069,0.0,0.0,0.0,0.0,0.0,0.0,0.0,0.0,0.0,0.0
North Dakota,Ramsey,38071,23937.0,19615.0,16255.0,5421.0,8114.0,4695.0,3630.0,0.0,0.0,0.0
North Dakota,Ransom,38073,44618.0,61747.0,4885.0,24429.0,5851.0,687857.0,188992.0,3007.0,2603.0,19545.0
North Dakota,Renville,38075,0.0,0.0,0.0,0.0,0.0,0.0,0.0,0.0,0.0,0.0
North Dakota,Richland,38077,2749.0,3327.0,0.0,0.0,0.0,1534286.0,133574.0,51807.0,108896.45,47786.0
North Dakota,Rolette,38079,0.0,0.0,0.0,0.0,0.0,0.0,0.0,0.0,0.0,0.0
North Dakota,Sargent,38081,0.0,7177.0,0.0,0.0,0.0,627144.0,182037.0,3493.0,11874.0,4285.0
North Dakota,Sheridan,38083,0.0,0.0,0.0,0.0,0.0,0.0,0.0,0.0,0.0,107.0
North Dakota,Sioux,38085,0.0,2225.0,2047.0,0.0,0.0,0.0,0.0,0.0,0.0,0.0
North Dakota,Slope,38087,74969.0,35853.0,157110.0,163025.0,20994.0,17416.0,12519.0,14123.0,4997.0,0.0
North Dakota,Stark,38089,0.0,613.0,3070.0,2485.0,0.0,0.0,0.0,0.0,0.0,0.0
North Dakota,Steele,38091,243947.0,251576.0,25344.0,37218.0,4615.0,646297.0,203170.0,8820.0,0.0,12364.0
North Dakota,Stutsman,38093,17923.0,23392.0,5007.0,6292.0,5641.0,157248.0,110592.0,9695.0,0.0,7857.0
North Dakota,Towner,38095,32986.0,65161.0,147077.0,102047.0,144657.0,0.0,0.0,0.0,0.0,0.0
North Dakota,Traill,38097,129278.0,120410.0,82119.0,38778.0,0.0,872407.0,515236.0,25306.0,10037.0,0.0
North Dakota,Walsh,38099,209568.0,301829.0,317067.0,118539.0,45877.0,12509.0,12373.0,599.0,0.0,0.0
North Dakota,Ward,38101,23054.0,49252.0,8423.0,47297.0,15013.0,496.0,0.0,0.0,0.0,0.0
North Dakota,Wells,38103,56118.0,62757.0,23759.0,27936.0,8671.0,0.0,0.0,0.0,0.0,0.0
North Dakota,Williams,38105,611642.0,170531.0,241100.0,473106.0,105042.0,1506.0,1614.0,60476.0,1502.0,64723.0
Ohio,Adams,39001,2075.0,16341.0,10340.0,0.0,0.0,301937.0,11880.0,2492.0,2560.0,1090.0
Ohio,Allen,39003,0.0,3112.0,4251.0,5756.0,0.0,888737.72,20062.0,1659.0,2768.0,0.0
Ohio,Ashland,39005,0.0,0.0,0.0,0.0,0.0,70386.0,27439.0,0.0,0.0,0.0
Ohio,Ashtabula,39007,0.0,0.0,0.0,0.0,0.0,91861.0,2346.0,0.0,0.0,0.0
Ohio,Athens,39009,0.0,0.0,0.0,0.0,0.0,0.0,0.0,0.0,0.0,0.0
Ohio,Auglaize,39011,11764.0,33002.0,19287.0,19641.0,0.0,548981.0,17205.0,0.0,0.0,0.0
Ohio,Belmont,39013,0.0,0.0,0.0,0.0,0.0,0.0,0.0,0.0,0.0,0.0
Ohio,Brown,39015,0.0,0.0,0.0,0.0,0.0,350816.0,23180.0,3409.0,0.0,3001.0
Ohio,Butler,39017,3564.0,0.0,8937.0,10943.0,1354.0,12385.0,1652.0,0.0,0.0,0.0
Ohio,Carroll,39019,0.0,0.0,0.0,0.0,0.0,2473.0,1749.0,0.0,0.0,0.0
Ohio,Champaign,39021,0.0,0.0,0.0,0.0,0.0,209768.0,2023.0,0.0,0.0,0.0
Ohio,Clark,39023,0.0,0.0,0.0,0.0,0.0,207304.0,46568.0,0.0,0.0,0.0
Ohio,Clermont,39025,0.0,0.0,0.0,0.0,0.0,138686.0,9607.0,0.0,0.0,0.0
Ohio,Clinton,39027,0.0,0.0,0.0,0.0,0.0,88059.0,8240.0,0.0,0.0,0.0
Ohio,Columbiana,39029,0.0,0.0,0.0,0.0,0.0,16160.0,308.0,0.0,0.0,0.0
Ohio,Coshocton,39031,0.0,0.0,0.0,0.0,0.0,4121.0,0.0,0.0,0.0,0.0
Ohio,Crawford,39033,51052.0,14046.0,51732.0,453.0,0.0,367713.0,5970.0,0.0,0.0,0.0
Ohio,Cuyahoga,39035,0.0,0.0,0.0,0.0,0.0,1293.0,0.0,0.0,0.0,0.0
Ohio,Darke,39037,0.0,12099.0,9623.0,0.0,0.0,124221.15,693.0,0.0,0.0,0.0
Ohio,Defiance,39039,0.0,4502.0,5038.0,2892.0,0.0,2179456.0,307371.0,364.0,0.0,0.0
Ohio,Delaware,39041,0.0,8851.0,1948.0,7064.0,0.0,369425.0,36268.0,0.0,0.0,4142.0
Ohio,Erie,39043,0.0,0.0,0.0,0.0,0.0,134173.0,10056.0,0.0,0.0,0.0
Ohio,Fairfield,39045,0.0,0.0,0.0,0.0,0.0,107934.0,509.0,0.0,0.0,0.0
Ohio,Fayette,39047,0.0,0.0,319.0,0.0,56.0,800319.0,7734.0,0.0,0.0,0.0
Ohio,Franklin,39049,0.0,0.0,10997.0,0.0,0.0,6695.0,2963.0,0.0,0.0,0.0
Ohio,Fulton,39051,22682.0,17102.0,23811.0,0.0,0.0,3019713.77,16132.0,0.0,0.0,0.0
Ohio,Gallia,39053,6092.0,7838.0,5611.0,0.0,4285.0,0.0,0.0,0.0,0.0,0.0
Ohio,Geauga,39055,0.0,0.0,0.0,0.0,0.0,15535.0,0.0,0.0,0.0,0.0
Ohio,Greene,39057,0.0,0.0,0.0,0.0,0.0,102755.0,14400.0,4228.0,0.0,314.0
Ohio,Guernsey,39059,0.0,0.0,0.0,0.0,0.0,9201.0,5963.0,0.0,0.0,0.0
Ohio,Hamilton,39061,0.0,0.0,0.0,0.0,0.0,0.0,0.0,0.0,0.0,0.0
Ohio,Hancock,39063,0.0,61850.0,58073.0,53973.0,0.0,1678234.0,19893.0,0.0,0.0,0.0
Ohio,Hardin,39065,0.0,0.0,0.0,0.0,0.0,1899307.0,58480.0,0.0,0.0,0.0
Ohio,Harrison,39067,0.0,0.0,0.0,0.0,0.0,0.0,0.0,0.0,0.0,0.0
Ohio,Henry,39069,847.0,2464.0,1309.0,302.0,0.0,2326052.72,134601.0,0.0,619.0,1624.0
Ohio,Highland,39071,1042.0,1105.0,337.0,269.0,502.0,240519.0,22703.0,3397.0,2300.0,0.0
Ohio,Hocking,39073,0.0,0.0,0.0,0.0,0.0,28375.0,0.0,0.0,0.0,0.0
Ohio,Holmes,39075,0.0,0.0,0.0,0.0,0.0,14847.0,0.0,1577.0,0.0,0.0
Ohio,Huron,39077,12807.0,0.0,0.0,0.0,0.0,862068.0,66876.0,0.0,0.0,0.0
Ohio,Jackson,39079,7828.0,15065.0,24275.05,3301.0,10822.0,17535.0,0.0,0.0,0.0,0.0
Ohio,Jefferson,39081,0.0,0.0,0.0,0.0,0.0,3155.0,2231.0,0.0,0.0,0.0
Ohio,Knox,39083,0.0,0.0,0.0,0.0,0.0,39148.0,361.0,0.0,0.0,0.0
Ohio,Lake,39085,0.0,0.0,0.0,0.0,0.0,0.0,0.0,0.0,0.0,0.0
Ohio,Lawrence,39087,0.0,0.0,0.0,0.0,0.0,0.0,0.0,0.0,0.0,0.0
Ohio,Licking,39089,0.0,0.0,0.0,0.0,0.0,260715.0,0.0,0.0,0.0,0.0
Ohio,Logan,39091,0.0,0.0,0.0,0.0,0.0,1928965.0,27402.0,2189.0,0.0,1540.0
Ohio,Lorain,39093,1755.0,2453.0,1221.0,1070.0,0.0,463234.0,35804.0,0.0,0.0,0.0
Ohio,East Lucas,39094,1988.0,8270.0,548.0,8141.0,3339.0,184629.0,13898.0,0.0,1829.0,1234.0
Ohio,West Lucas,39095,0.0,0.0,0.0,0.0,0.0,346200.68,17171.0,0.0,0.0,0.0
Ohio,Madison,39097,0.0,0.0,0.0,0.0,0.0,210465.0,2469.0,0.0,0.0,0.0
Ohio,Mahoning,39099,0.0,0.0,0.0,0.0,0.0,41665.0,21377.0,0.0,0.0,0.0
Ohio,Marion,39101,8299.0,8386.0,5237.0,42.0,0.0,489175.0,53875.0,0.0,557.0,0.0
Ohio,Medina,39103,0.0,0.0,0.0,0.0,0.0,228743.0,45365.0,0.0,0.0,0.0
Ohio,Meigs,39105,0.0,0.0,0.0,0.0,0.0,0.0,0.0,0.0,0.0,0.0
Ohio,Mercer,39107,0.0,0.0,0.0,0.0,0.0,160453.0,1355.0,0.0,0.0,0.0
Ohio,Miami,39109,2143.0,571.0,2818.0,2667.0,2416.0,269053.0,294.0,0.0,0.0,0.0
Ohio,Monroe,39111,0.0,0.0,0.0,0.0,0.0,0.0,0.0,0.0,0.0,0.0
Ohio,Montgomery,39113,0.0,0.0,0.0,0.0,0.0,30327.0,951.0,0.0,0.0,0.0
Ohio,Morgan,39115,0.0,0.0,0.0,0.0,0.0,0.0,0.0,0.0,0.0,0.0
Ohio,Morrow,39117,0.0,0.0,0.0,0.0,0.0,274553.0,6679.0,359.0,0.0,0.0
Ohio,Muskingum,39119,2342.0,2428.0,2428.0,0.0,0.0,938.0,0.0,0.0,0.0,0.0
Ohio,Noble,39121,0.0,0.0,0.0,0.0,0.0,0.0,0.0,0.0,0.0,0.0
Ohio,Ottawa,39123,5440.0,9372.0,7914.0,7402.0,1959.0,1009433.0,41570.0,518.0,0.0,508.0
Ohio,Paulding,39125,0.0,60907.0,50171.0,18361.0,3128.0,1593574.0,46294.0,0.0,0.0,0.0
Ohio,Perry,39127,0.0,0.0,0.0,0.0,0.0,119471.0,1747.0,158.0,0.0,0.0
Ohio,Pickaway,39129,0.0,0.0,13127.0,0.0,0.0,110875.0,7680.0,0.0,0.0,0.0
Ohio,Pike,39131,0.0,0.0,0.0,0.0,0.0,35753.0,0.0,0.0,0.0,0.0
Ohio,Portage,39133,0.0,0.0,0.0,0.0,0.0,40772.0,1007.0,0.0,0.0,0.0
Ohio,Preble,39135,0.0,0.0,0.0,0.0,0.0,37533.0,18200.0,0.0,0.0,0.0
Ohio,Putnam,39137,0.0,0.0,0.0,0.0,0.0,598883.67,24115.0,0.0,0.0,0.0
Ohio,Richland,39139,0.0,0.0,0.0,0.0,0.0,43205.0,3722.0,0.0,0.0,0.0
Ohio,Ross,39141,0.0,0.0,0.0,0.0,0.0,126545.0,37315.0,640.0,0.0,0.0
Ohio,Sandusky,39143,16025.0,17265.0,10632.0,2952.0,0.0,491020.58,39241.0,0.0,0.0,0.0
Ohio,Scioto,39145,0.0,0.0,0.0,0.0,0.0,17615.0,0.0,0.0,0.0,0.0
Ohio,Seneca,39147,47079.0,61373.0,76501.0,17717.0,1280.0,2869763.0,78407.0,0.0,0.0,0.0
Ohio,Shelby,39149,0.0,0.0,0.0,0.0,0.0,135422.0,2049.0,0.0,0.0,0.0
Ohio,Stark,39151,0.0,0.0,0.0,0.0,0.0,11462.0,1116.0,0.0,0.0,0.0
Ohio,Summit,39153,0.0,0.0,0.0,0.0,0.0,597.0,0.0,0.0,0.0,0.0
Ohio,Trumbull,39155,0.0,0.0,0.0,0.0,0.0,72910.0,2730.0,0.0,0.0,0.0
Ohio,Tuscarawas,39157,0.0,0.0,0.0,0.0,0.0,6080.0,5663.0,0.0,0.0,0.0
Ohio,Union,39159,7049.0,7262.0,5960.0,2129.0,1352.0,579520.0,16624.0,0.0,1886.0,0.0
Ohio,Van Wert,39161,1939.0,2758.0,0.0,0.0,0.0,1083858.4,11291.0,0.0,0.0,0.0
Ohio,Vinton,39163,3018.0,757.0,0.0,0.0,0.0,3338.0,0.0,0.0,0.0,0.0
Ohio,Warren,39165,0.0,0.0,0.0,1253.0,4660.0,52491.0,28668.0,0.0,0.0,0.0
Ohio,Washington,39167,0.0,0.0,0.0,0.0,0.0,0.0,0.0,0.0,0.0,0.0
Ohio,Wayne,39169,0.0,10829.0,0.0,0.0,0.0,46937.0,0.0,0.0,0.0,0.0
Ohio,Williams,39171,10149.0,37852.0,2606.0,40549.0,15082.0,1702744.0,85766.0,0.0,0.0,0.0
Ohio,Wood,39173,5763.0,5689.0,0.0,0.0,0.0,4649334.0,102523.0,87.0,240.0,0.0
Ohio,Wyandot,39175,2508.0,593.0,3586.0,1247.0,2396.0,1336007.0,11435.0,0.0,0.0,0.0
Oklahoma,Adair,40001,0.0,0.0,0.0,0.0,0.0,0.0,0.0,0.0,0.0,0.0
Oklahoma,Alfalfa,40003,1652.0,0.0,0.0,2147.0,8494.0,0.0,0.0,0.0,0.0,0.0
Oklahoma,Atoka,40005,0.0,0.0,0.0,0.0,0.0,0.0,0.0,0.0,0.0,0.0
Oklahoma,Beaver,40007,0.0,0.0,0.0,0.0,0.0,0.0,0.0,0.0,0.0,0.0
Oklahoma,Beckham,40009,0.0,0.0,0.0,0.0,0.0,0.0,0.0,0.0,0.0,0.0
Oklahoma,Blaine,40011,0.0,0.0,0.0,0.0,0.0,0.0,0.0,0.0,0.0,0.0
Oklahoma,Bryan,40013,0.0,0.0,0.0,0.0,0.0,2952.0,0.0,0.0,0.0,0.0
Oklahoma,Caddo,40015,2564.0,132.0,0.0,2935.0,0.0,0.0,0.0,0.0,0.0,0.0
Oklahoma,Canadian,40017,0.0,1614.0,1784.0,2218.0,747.0,0.0,0.0,0.0,0.0,43691.0
Oklahoma,Carter,40019,0.0,0.0,0.0,0.0,0.0,0.0,0.0,0.0,0.0,0.0
Oklahoma,Cherokee,40021,0.0,0.0,0.0,0.0,0.0,0.0,0.0,0.0,0.0,0.0
Oklahoma,Choctaw,40023,0.0,0.0,0.0,0.0,0.0,0.0,0.0,0.0,0.0,0.0
Oklahoma,Cimarron,40025,28044.0,9827.0,11846.0,90909.0,20312.0,0.0,0.0,120760.0,0.0,125000.0
Oklahoma,Cleveland,40027,0.0,0.0,0.0,0.0,0.0,0.0,0.0,0.0,0.0,0.0
Oklahoma,Coal,40029,0.0,0.0,0.0,0.0,0.0,0.0,0.0,0.0,0.0,0.0
Oklahoma,Comanche,40031,0.0,0.0,0.0,0.0,0.0,0.0,0.0,0.0,0.0,0.0
Oklahoma,Cotton,40033,0.0,0.0,0.0,0.0,0.0,0.0,0.0,0.0,0.0,0.0
Oklahoma,Craig,40035,0.0,0.0,0.0,0.0,0.0,0.0,0.0,0.0,0.0,0.0
Oklahoma,Creek,40037,0.0,0.0,0.0,0.0,0.0,0.0,0.0,0.0,0.0,0.0
Oklahoma,Custer,40039,0.0,0.0,0.0,0.0,0.0,0.0,0.0,0.0,0.0,0.0
Oklahoma,Delaware,40041,0.0,0.0,0.0,0.0,0.0,0.0,0.0,0.0,0.0,0.0
Oklahoma,Dewey,40043,0.0,0.0,0.0,0.0,0.0,0.0,0.0,0.0,0.0,0.0
Oklahoma,Ellis,40045,8416.0,0.0,4147.0,0.0,0.0,7718.0,0.0,0.0,0.0,0.0
Oklahoma,Garfield,40047,2624.0,2625.0,2577.0,17371.0,14612.0,0.0,0.0,0.0,0.0,0.0
Oklahoma,Garvin,40049,0.0,0.0,0.0,0.0,0.0,0.0,0.0,0.0,0.0,0.0
Oklahoma,Grady,40051,13357.0,12955.0,11745.0,11990.0,5107.0,0.0,0.0,0.0,0.0,0.0
Oklahoma,Grant,40053,8256.0,8256.0,6920.0,0.0,0.0,0.0,0.0,0.0,0.0,0.0
Oklahoma,Greer,40055,0.0,0.0,0.0,0.0,0.0,0.0,0.0,0.0,0.0,0.0
Oklahoma,Harmon,40057,0.0,0.0,0.0,0.0,0.0,0.0,0.0,0.0,0.0,0.0
Oklahoma,Harper,40059,20518.0,9516.0,11019.0,26856.0,13099.0,0.0,0.0,0.0,0.0,0.0
Oklahoma,Haskell,40061,0.0,0.0,0.0,0.0,0.0,0.0,0.0,0.0,0.0,0.0
Oklahoma,Hughes,40063,0.0,0.0,0.0,0.0,0.0,0.0,0.0,0.0,0.0,0.0
Oklahoma,Jackson,40065,0.0,0.0,0.0,0.0,0.0,0.0,0.0,0.0,0.0,0.0
Oklahoma,Jefferson,40067,0.0,0.0,0.0,0.0,0.0,0.0,0.0,0.0,0.0,0.0
Oklahoma,Johnston,40069,0.0,0.0,0.0,0.0,0.0,0.0,0.0,0.0,0.0,0.0
Oklahoma,Kay,40071,0.0,0.0,0.0,0.0,0.0,0.0,0.0,0.0,0.0,0.0
Oklahoma,Kingfisher,40073,0.0,0.0,0.0,0.0,0.0,0.0,0.0,0.0,0.0,0.0
Oklahoma,Kiowa,40075,0.0,0.0,0.0,0.0,0.0,0.0,0.0,0.0,0.0,0.0
Oklahoma,Latimer,40077,0.0,0.0,0.0,0.0,0.0,0.0,0.0,0.0,0.0,0.0
Oklahoma,Le Flore,40079,0.0,0.0,0.0,0.0,0.0,0.0,0.0,0.0,0.0,0.0
Oklahoma,Lincoln,40081,407.0,413.0,124.0,454.0,0.0,0.0,0.0,0.0,0.0,0.0
Oklahoma,Logan,40083,0.0,0.0,0.0,0.0,0.0,0.0,0.0,0.0,0.0,0.0
Oklahoma,Love,40085,0.0,0.0,0.0,0.0,0.0,0.0,0.0,0.0,0.0,0.0
Oklahoma,McClain,40087,0.0,0.0,0.0,0.0,0.0,0.0,0.0,0.0,0.0,0.0
Oklahoma,McCurtain,40089,0.0,116174.0,97925.0,12503.0,157099.0,119744.0,67339.0,9291.0,0.0,0.0
Oklahoma,McIntosh,40091,0.0,0.0,0.0,0.0,0.0,0.0,0.0,0.0,0.0,0.0
Oklahoma,Major,40093,21372.0,8108.0,9459.0,0.0,0.0,0.0,0.0,0.0,0.0,0.0
Oklahoma,Marshall,40095,0.0,0.0,0.0,0.0,0.0,0.0,0.0,0.0,0.0,0.0
Oklahoma,Mayes,40097,0.0,0.0,0.0,0.0,0.0,0.0,0.0,0.0,0.0,0.0
Oklahoma,Murray,40099,0.0,0.0,0.0,0.0,0.0,0.0,0.0,0.0,0.0,0.0
Oklahoma,Muskogee,40101,0.0,0.0,0.0,0.0,0.0,0.0,0.0,0.0,0.0,0.0
Oklahoma,Noble,40103,0.0,0.0,0.0,0.0,0.0,0.0,0.0,0.0,0.0,0.0
Oklahoma,Nowata,40105,0.0,0.0,0.0,0.0,0.0,0.0,0.0,0.0,0.0,0.0
Oklahoma,Okfuskee,40107,0.0,0.0,0.0,0.0,0.0,0.0,0.0,0.0,0.0,0.0
Oklahoma,Oklahoma,40109,0.0,0.0,0.0,0.0,0.0,0.0,0.0,0.0,0.0,0.0
Oklahoma,Okmulgee,40111,0.0,0.0,0.0,0.0,0.0,0.0,0.0,0.0,0.0,0.0
Oklahoma,Osage,40113,0.0,0.0,0.0,0.0,0.0,0.0,0.0,0.0,0.0,0.0
Oklahoma,Ottawa,40115,0.0,0.0,0.0,0.0,0.0,0.0,0.0,0.0,0.0,0.0
Oklahoma,Pawnee,40117,0.0,0.0,0.0,0.0,0.0,0.0,0.0,0.0,0.0,0.0
Oklahoma,Payne,40119,0.0,0.0,0.0,0.0,0.0,0.0,0.0,0.0,0.0,0.0
Oklahoma,Pittsburg,40121,0.0,0.0,0.0,0.0,0.0,0.0,0.0,0.0,0.0,0.0
Oklahoma,Pontotoc,40123,0.0,0.0,0.0,0.0,0.0,0.0,0.0,0.0,0.0,0.0
Oklahoma,Pottawatomie,40125,0.0,0.0,0.0,0.0,0.0,0.0,0.0,0.0,0.0,0.0
Oklahoma,Pushmataha,40127,0.0,0.0,0.0,0.0,0.0,0.0,0.0,0.0,0.0,0.0
Oklahoma,Roger Mills,40129,0.0,0.0,0.0,0.0,0.0,0.0,0.0,0.0,0.0,0.0
Oklahoma,Rogers,40131,0.0,0.0,0.0,0.0,0.0,0.0,0.0,0.0,0.0,0.0
Oklahoma,Seminole,40133,0.0,0.0,0.0,0.0,0.0,0.0,0.0,0.0,0.0,0.0
Oklahoma,Sequoyah,40135,0.0,0.0,0.0,0.0,0.0,0.0,0.0,0.0,0.0,0.0
Oklahoma,Stephens,40137,0.0,0.0,0.0,0.0,0.0,0.0,0.0,0.0,0.0,0.0
Oklahoma,Texas,40139,35781.0,0.0,39102.0,0.0,38491.0,0.0,0.0,0.0,0.0,0.0
Oklahoma,Tillman,40141,0.0,0.0,0.0,0.0,0.0,0.0,0.0,0.0,0.0,0.0
Oklahoma,Tulsa,40143,0.0,0.0,0.0,0.0,0.0,0.0,0.0,0.0,0.0,0.0
Oklahoma,Wagoner,40145,0.0,0.0,0.0,0.0,0.0,0.0,0.0,0.0,0.0,0.0
Oklahoma,Washington,40147,0.0,0.0,0.0,0.0,0.0,0.0,0.0,0.0,0.0,0.0
Oklahoma,Washita,40149,26674.0,16202.0,8355.0,20070.0,19484.0,0.0,0.0,0.0,0.0,0.0
Oklahoma,Woods,40151,31022.0,18417.0,3897.0,3444.0,23876.0,0.0,0.0,0.0,11793.0,18655.0
Oklahoma,Woodward,40153,0.0,0.0,0.0,0.0,0.0,0.0,0.0,0.0,0.0,0.0
Oregon,Baker,41001,0.0,0.0,0.0,0.0,0.0,0.0,0.0,0.0,0.0,0.0
Oregon,Benton,41003,0.0,0.0,0.0,0.0,0.0,0.0,0.0,0.0,0.0,0.0
Oregon,Clackamas,41005,0.0,0.0,0.0,0.0,0.0,0.0,0.0,0.0,0.0,0.0
Oregon,Clatsop,41007,0.0,0.0,0.0,0.0,0.0,0.0,0.0,0.0,0.0,0.0
Oregon,Columbia,41009,0.0,0.0,0.0,0.0,0.0,0.0,0.0,0.0,0.0,0.0
Oregon,Coos,41011,0.0,0.0,0.0,0.0,0.0,0.0,0.0,0.0,0.0,0.0
Oregon,Crook,41013,0.0,0.0,0.0,0.0,0.0,0.0,0.0,0.0,0.0,0.0
Oregon,Curry,41015,0.0,0.0,0.0,0.0,0.0,0.0,0.0,0.0,0.0,0.0
Oregon,Deschutes,41017,0.0,0.0,0.0,0.0,0.0,0.0,0.0,0.0,0.0,0.0
Oregon,Douglas,41019,0.0,0.0,0.0,0.0,0.0,0.0,0.0,0.0,0.0,0.0
Oregon,Gilliam,41021,0.0,0.0,0.0,0.0,0.0,0.0,0.0,0.0,0.0,0.0
Oregon,Grant,41023,0.0,0.0,0.0,0.0,0.0,0.0,0.0,0.0,0.0,0.0
Oregon,Harney,41025,0.0,0.0,0.0,0.0,0.0,0.0,0.0,0.0,0.0,0.0
Oregon,Hood River,41027,0.0,0.0,0.0,0.0,0.0,0.0,0.0,0.0,0.0,0.0
Oregon,Jackson,41029,186.0,0.0,0.0,0.0,0.0,0.0,0.0,0.0,0.0,0.0
Oregon,Jefferson,41031,0.0,0.0,0.0,0.0,0.0,0.0,0.0,0.0,0.0,11046.0
Oregon,Josephine,41033,0.0,0.0,0.0,0.0,0.0,0.0,0.0,0.0,0.0,0.0
Oregon,Klamath,41035,0.0,0.0,0.0,0.0,0.0,0.0,0.0,0.0,0.0,0.0
Oregon,Lake,41037,0.0,0.0,0.0,0.0,0.0,0.0,0.0,0.0,0.0,0.0
Oregon,Lane,41039,0.0,0.0,0.0,0.0,0.0,0.0,0.0,0.0,0.0,0.0
Oregon,Lincoln,41041,0.0,0.0,0.0,0.0,0.0,0.0,0.0,0.0,0.0,0.0
Oregon,Linn,41043,0.0,0.0,0.0,0.0,0.0,0.0,0.0,0.0,0.0,0.0
Oregon,Malheur,41045,0.0,0.0,0.0,0.0,0.0,0.0,0.0,0.0,0.0,0.0
Oregon,Marion,41047,0.0,0.0,0.0,0.0,0.0,0.0,0.0,0.0,0.0,0.0
Oregon,Morrow,41049,0.0,0.0,0.0,0.0,0.0,0.0,0.0,0.0,0.0,0.0
Oregon,Multnomah,41051,0.0,0.0,0.0,0.0,0.0,0.0,0.0,0.0,0.0,0.0
Oregon,Polk,41053,0.0,0.0,0.0,0.0,0.0,0.0,0.0,0.0,0.0,0.0
Oregon,Sherman,41055,946851.0,1512280.0,1466049.0,415406.0,78861.0,1063.0,0.0,24269.0,0.0,213686.0
Oregon,Tillamook,41057,0.0,0.0,0.0,0.0,0.0,0.0,0.0,0.0,0.0,0.0
Oregon,Umatilla,41059,637578.0,618379.0,602934.0,72857.0,46709.0,0.0,0.0,0.0,0.0,0.0
Oregon,Union,41061,0.0,0.0,0.0,0.0,0.0,0.0,0.0,0.0,0.0,0.0
Oregon,Wallowa,41063,0.0,0.0,0.0,0.0,0.0,0.0,0.0,0.0,0.0,0.0
Oregon,Wasco,41065,946848.0,1131447.0,1078000.0,383880.0,434174.0,7914.0,7790.0,115556.0,0.0,148619.0
Oregon,Washington,41067,0.0,0.0,0.0,0.0,0.0,0.0,0.0,0.0,0.0,0.0
Oregon,Wheeler,41069,0.0,0.0,0.0,0.0,0.0,0.0,0.0,0.0,0.0,0.0
Oregon,Yamhill,41071,0.0,0.0,0.0,0.0,0.0,0.0,0.0,0.0,0.0,0.0
Pennsylvania,Adams,42001,0.0,0.0,0.0,0.0,0.0,0.0,0.0,0.0,0.0,0.0
Pennsylvania,Allegheny,42003,0.0,0.0,0.0,0.0,0.0,104.0,101.0,0.0,0.0,0.0
Pennsylvania,Armstrong,42005,0.0,0.0,0.0,0.0,0.0,0.0,0.0,0.0,0.0,0.0
Pennsylvania,Beaver,42007,0.0,0.0,0.0,0.0,0.0,319.0,203.0,0.0,0.0,0.0
Pennsylvania,Bedford,42009,0.0,0.0,0.0,0.0,0.0,0.0,0.0,0.0,0.0,0.0
Pennsylvania,Berks,42011,0.0,2174.0,2174.0,0.0,0.0,0.0,0.0,0.0,0.0,0.0
Pennsylvania,Blair,42013,0.0,0.0,0.0,0.0,0.0,0.0,0.0,0.0,0.0,0.0
Pennsylvania,Bradford,42015,0.0,0.0,0.0,0.0,0.0,0.0,0.0,0.0,0.0,0.0
Pennsylvania,Bucks,42017,0.0,0.0,0.0,0.0,0.0,0.0,0.0,0.0,0.0,0.0
Pennsylvania,Butler,42019,0.0,0.0,0.0,0.0,0.0,1646.0,381.0,0.0,0.0,0.0
Pennsylvania,Cambria,42021,0.0,0.0,0.0,0.0,0.0,0.0,0.0,0.0,0.0,0.0
Pennsylvania,Cameron,42023,0.0,0.0,0.0,0.0,0.0,0.0,0.0,0.0,0.0,0.0
Pennsylvania,Carbon,42025,0.0,0.0,0.0,0.0,0.0,0.0,0.0,0.0,0.0,0.0
Pennsylvania,Centre,42027,0.0,0.0,0.0,0.0,0.0,0.0,0.0,0.0,0.0,0.0
Pennsylvania,Chester,42029,0.0,0.0,0.0,0.0,0.0,0.0,0.0,0.0,0.0,0.0
Pennsylvania,Clarion,42031,0.0,0.0,0.0,0.0,0.0,9497.0,6995.0,0.0,0.0,0.0
Pennsylvania,Clearfield,42033,0.0,0.0,0.0,0.0,0.0,0.0,0.0,0.0,0.0,0.0
Pennsylvania,Clinton,42035,0.0,0.0,0.0,0.0,0.0,766.0,73.0,0.0,0.0,0.0
Pennsylvania,Columbia,42037,0.0,0.0,0.0,0.0,0.0,0.0,0.0,0.0,0.0,0.0
Pennsylvania,Crawford,42039,0.0,0.0,0.0,0.0,0.0,17071.0,0.0,0.0,0.0,0.0
Pennsylvania,Cumberland,42041,10277.0,9370.0,16189.0,174.0,298.0,1670.0,0.0,0.0,0.0,0.0
Pennsylvania,Dauphin,42043,0.0,0.0,0.0,0.0,0.0,0.0,0.0,0.0,0.0,0.0
Pennsylvania,Delaware,42045,0.0,0.0,0.0,0.0,0.0,0.0,0.0,0.0,0.0,0.0
Pennsylvania,Elk,42047,0.0,0.0,0.0,0.0,0.0,0.0,0.0,0.0,0.0,0.0
Pennsylvania,Erie,42049,0.0,0.0,0.0,0.0,0.0,0.0,0.0,0.0,0.0,0.0
Pennsylvania,Fayette,42051,0.0,0.0,0.0,0.0,0.0,0.0,0.0,0.0,0.0,0.0
Pennsylvania,Forest,42053,0.0,0.0,0.0,0.0,0.0,0.0,0.0,0.0,0.0,0.0
Pennsylvania,Franklin,42055,0.0,0.0,0.0,0.0,0.0,0.0,0.0,0.0,0.0,0.0
Pennsylvania,Fulton,42057,0.0,0.0,0.0,0.0,0.0,0.0,0.0,0.0,0.0,0.0
Pennsylvania,Greene,42059,0.0,0.0,0.0,0.0,0.0,0.0,0.0,0.0,0.0,0.0
Pennsylvania,Huntingdon,42061,0.0,0.0,0.0,0.0,0.0,0.0,0.0,0.0,0.0,0.0
Pennsylvania,Indiana,42063,0.0,0.0,0.0,0.0,0.0,0.0,0.0,0.0,0.0,0.0
Pennsylvania,Jefferson,42065,0.0,0.0,0.0,0.0,0.0,0.0,0.0,0.0,0.0,0.0
Pennsylvania,Juniata,42067,0.0,0.0,0.0,0.0,0.0,0.0,0.0,0.0,0.0,0.0
Pennsylvania,Lackawanna,42069,0.0,0.0,0.0,0.0,0.0,0.0,0.0,0.0,0.0,0.0
Pennsylvania,Lancaster,42071,0.0,0.0,0.0,0.0,0.0,0.0,0.0,0.0,0.0,0.0
Pennsylvania,Lawrence,42073,0.0,0.0,0.0,0.0,0.0,11265.0,1852.0,0.0,0.0,1207.0
Pennsylvania,Lebanon,42075,0.0,0.0,0.0,0.0,0.0,0.0,0.0,0.0,0.0,0.0
Pennsylvania,Lehigh,42077,0.0,0.0,0.0,0.0,0.0,0.0,0.0,0.0,0.0,0.0
Pennsylvania,Luzerne,42079,202.0,0.0,14714.0,13651.0,14678.0,11147.0,0.0,0.0,0.0,0.0
Pennsylvania,Lycoming,42081,0.0,0.0,0.0,0.0,0.0,0.0,0.0,0.0,0.0,0.0
Pennsylvania,McKean,42083,0.0,0.0,0.0,0.0,0.0,0.0,0.0,0.0,0.0,0.0
Pennsylvania,Mercer,42085,0.0,0.0,0.0,0.0,0.0,52364.0,2857.0,0.0,0.0,0.0
Pennsylvania,Mifflin,42087,0.0,0.0,0.0,0.0,0.0,0.0,0.0,0.0,0.0,0.0
Pennsylvania,Monroe,42089,0.0,0.0,0.0,0.0,0.0,0.0,0.0,0.0,0.0,0.0
Pennsylvania,Montgomery,42091,0.0,0.0,0.0,0.0,0.0,0.0,0.0,0.0,0.0,0.0
Pennsylvania,Montour,42093,0.0,0.0,0.0,0.0,0.0,0.0,0.0,0.0,0.0,0.0
Pennsylvania,Northampton,42095,0.0,0.0,0.0,0.0,0.0,0.0,0.0,0.0,0.0,0.0
Pennsylvania,Northumberland,42097,0.0,0.0,0.0,0.0,0.0,0.0,0.0,0.0,0.0,0.0
Pennsylvania,Perry,42099,0.0,0.0,0.0,0.0,0.0,0.0,0.0,0.0,0.0,0.0
Pennsylvania,Philadelphia,42101,0.0,0.0,0.0,0.0,0.0,0.0,0.0,0.0,0.0,0.0
Pennsylvania,Pike,42103,0.0,0.0,0.0,0.0,0.0,0.0,0.0,0.0,0.0,0.0
Pennsylvania,Potter,42105,0.0,0.0,0.0,0.0,0.0,0.0,0.0,0.0,0.0,0.0
Pennsylvania,Schuylkill,42107,0.0,0.0,0.0,0.0,0.0,0.0,0.0,0.0,0.0,0.0
Pennsylvania,Snyder,42109,0.0,0.0,0.0,0.0,0.0,0.0,0.0,0.0,0.0,0.0
Pennsylvania,Somerset,42111,0.0,0.0,0.0,0.0,0.0,0.0,0.0,0.0,0.0,0.0
Pennsylvania,Sullivan,42113,0.0,0.0,0.0,0.0,0.0,0.0,0.0,0.0,0.0,0.0
Pennsylvania,Susquehanna,42115,0.0,0.0,0.0,0.0,0.0,0.0,0.0,0.0,0.0,0.0
Pennsylvania,Tioga,42117,0.0,0.0,0.0,0.0,0.0,0.0,0.0,0.0,0.0,0.0
Pennsylvania,Union,42119,0.0,0.0,0.0,0.0,0.0,0.0,0.0,0.0,0.0,0.0
Pennsylvania,Venango,42121,0.0,0.0,0.0,0.0,0.0,2646.0,119.0,0.0,0.0,0.0
Pennsylvania,Warren,42123,0.0,0.0,0.0,0.0,0.0,0.0,0.0,0.0,0.0,0.0
Pennsylvania,Washington,42125,0.0,0.0,0.0,0.0,0.0,0.0,0.0,0.0,0.0,0.0
Pennsylvania,Wayne,42127,0.0,0.0,0.0,0.0,0.0,0.0,0.0,0.0,0.0,0.0
Pennsylvania,Westmoreland,42129,0.0,0.0,0.0,0.0,0.0,4905.0,0.0,0.0,0.0,0.0
Pennsylvania,Wyoming,42131,0.0,0.0,0.0,0.0,0.0,0.0,0.0,0.0,0.0,0.0
Pennsylvania,York,42133,0.0,0.0,0.0,0.0,0.0,7489.0,0.0,0.0,0.0,0.0
Rhode Island,Bristol,44001,0.0,0.0,0.0,0.0,0.0,0.0,0.0,0.0,0.0,0.0
Rhode Island,Kent,44003,0.0,0.0,0.0,0.0,0.0,0.0,0.0,0.0,0.0,0.0
Rhode Island,Newport,44005,0.0,0.0,0.0,0.0,0.0,0.0,0.0,0.0,0.0,0.0
Rhode Island,Providence,44007,0.0,0.0,0.0,0.0,0.0,0.0,0.0,0.0,0.0,0.0
Rhode Island,Washington,44009,0.0,0.0,0.0,0.0,0.0,0.0,0.0,0.0,0.0,0.0
South Carolina,Abbeville,45001,0.0,0.0,0.0,0.0,0.0,0.0,0.0,0.0,0.0,0.0
South Carolina,Aiken,45003,0.0,0.0,0.0,0.0,0.0,0.0,0.0,0.0,0.0,0.0
South Carolina,Allendale,45005,0.0,0.0,0.0,0.0,0.0,0.0,0.0,0.0,0.0,0.0
South Carolina,Anderson,45007,0.0,0.0,0.0,0.0,0.0,0.0,0.0,0.0,0.0,0.0
South Carolina,Bamberg,45009,0.0,0.0,0.0,0.0,0.0,0.0,0.0,0.0,0.0,0.0
South Carolina,Barnwell,45011,0.0,0.0,0.0,0.0,0.0,0.0,0.0,0.0,0.0,0.0
South Carolina,Beaufort,45013,0.0,0.0,0.0,0.0,0.0,0.0,0.0,0.0,0.0,0.0
South Carolina,Berkeley,45015,0.0,0.0,0.0,0.0,0.0,0.0,0.0,0.0,0.0,0.0
South Carolina,Calhoun,45017,0.0,0.0,0.0,0.0,0.0,0.0,0.0,0.0,0.0,0.0
South Carolina,Charleston,45019,0.0,0.0,0.0,0.0,0.0,0.0,0.0,0.0,0.0,0.0
South Carolina,Cherokee,45021,0.0,0.0,0.0,0.0,0.0,0.0,0.0,0.0,0.0,0.0
South Carolina,Chester,45023,0.0,0.0,0.0,0.0,0.0,0.0,0.0,0.0,0.0,0.0
South Carolina,Chesterfield,45025,0.0,0.0,0.0,0.0,0.0,0.0,0.0,0.0,0.0,0.0
South Carolina,Clarendon,45027,4005.0,5152.0,0.0,0.0,0.0,0.0,0.0,0.0,0.0,0.0
South Carolina,Colleton,45029,0.0,0.0,0.0,0.0,0.0,0.0,0.0,0.0,0.0,0.0
South Carolina,Darlington,45031,0.0,0.0,0.0,0.0,0.0,0.0,0.0,0.0,0.0,0.0
South Carolina,Dillon,45033,0.0,0.0,0.0,0.0,0.0,0.0,0.0,0.0,0.0,0.0
South Carolina,Dorchester,45035,0.0,13846.0,0.0,0.0,0.0,0.0,0.0,0.0,0.0,0.0
South Carolina,Edgefield,45037,0.0,0.0,0.0,0.0,0.0,0.0,0.0,0.0,0.0,0.0
South Carolina,Fairfield,45039,0.0,0.0,0.0,0.0,0.0,0.0,0.0,0.0,0.0,0.0
South Carolina,Florence,45041,0.0,0.0,0.0,0.0,0.0,0.0,0.0,0.0,0.0,0.0
South Carolina,Georgetown,45043,0.0,0.0,0.0,0.0,0.0,0.0,0.0,0.0,0.0,0.0
South Carolina,Greenville,45045,0.0,0.0,0.0,0.0,0.0,0.0,0.0,0.0,0.0,0.0
South Carolina,Greenwood,45047,0.0,0.0,0.0,0.0,0.0,0.0,0.0,0.0,0.0,0.0
South Carolina,Hampton,45049,0.0,0.0,0.0,0.0,0.0,0.0,0.0,0.0,0.0,0.0
South Carolina,Horry,45051,0.0,0.0,0.0,0.0,0.0,0.0,0.0,0.0,0.0,0.0
South Carolina,Jasper,45053,0.0,0.0,0.0,0.0,0.0,0.0,0.0,0.0,0.0,0.0
South Carolina,Kershaw,45055,0.0,0.0,0.0,0.0,0.0,0.0,0.0,0.0,0.0,0.0
South Carolina,Lancaster,45057,0.0,0.0,0.0,0.0,0.0,0.0,0.0,0.0,0.0,0.0
South Carolina,Laurens,45059,0.0,0.0,0.0,0.0,0.0,0.0,0.0,0.0,0.0,0.0
South Carolina,Lee,45061,0.0,0.0,0.0,0.0,0.0,0.0,0.0,0.0,0.0,0.0
South Carolina,Lexington,45063,0.0,0.0,0.0,0.0,0.0,0.0,0.0,0.0,0.0,0.0
South Carolina,McCormick,45065,0.0,0.0,0.0,0.0,0.0,0.0,0.0,0.0,0.0,0.0
South Carolina,Marion,45067,0.0,0.0,0.0,0.0,0.0,0.0,0.0,0.0,0.0,0.0
South Carolina,Marlboro,45069,0.0,0.0,0.0,0.0,0.0,0.0,0.0,0.0,0.0,0.0
South Carolina,Newberry,45071,0.0,0.0,0.0,0.0,0.0,0.0,0.0,0.0,0.0,0.0
South Carolina,Oconee,45073,0.0,0.0,0.0,0.0,0.0,0.0,0.0,0.0,0.0,0.0
South Carolina,Orangeburg,45075,0.0,0.0,0.0,0.0,0.0,0.0,0.0,0.0,0.0,0.0
South Carolina,Pickens,45077,0.0,0.0,0.0,0.0,0.0,0.0,0.0,0.0,0.0,0.0
South Carolina,Richland,45079,0.0,0.0,0.0,0.0,0.0,0.0,0.0,0.0,0.0,0.0
South Carolina,Saluda,45081,0.0,0.0,0.0,0.0,0.0,0.0,0.0,0.0,0.0,0.0
South Carolina,Spartanburg,45083,0.0,0.0,0.0,0.0,0.0,0.0,0.0,0.0,0.0,0.0
South Carolina,Sumter,45085,0.0,0.0,0.0,0.0,0.0,0.0,0.0,0.0,0.0,0.0
South Carolina,Union,45087,0.0,0.0,0.0,0.0,0.0,0.0,0.0,0.0,0.0,0.0
South Carolina,Williamsburg,45089,0.0,0.0,0.0,0.0,0.0,0.0,0.0,0.0,0.0,0.0
South Carolina,York,45091,0.0,0.0,0.0,0.0,0.0,0.0,0.0,0.0,0.0,0.0
South Dakota,Aurora,46003,0.0,0.0,0.0,0.0,0.0,871406.0,12554.0,87233.0,26490.0,42146.0
South Dakota,Beadle,46005,0.0,0.0,0.0,0.0,0.0,5087787.0,94572.0,16958.0,10567.0,89455.0
South Dakota,Bennett,46007,0.0,0.0,0.0,2990.0,642.0,0.0,0.0,0.0,0.0,0.0
South Dakota,Bon Homme,46009,4112.0,7061.0,6045.0,4915.0,0.0,3649947.0,147051.0,68855.0,439746.0,47830.73
South Dakota,Brookings,46011,0.0,0.0,0.0,0.0,0.0,2700006.0,82145.0,0.0,0.0,0.0
South Dakota,Brown,46013,37724.0,21041.0,11993.0,11800.0,8233.0,1525258.0,417718.0,62331.0,82892.0,74099.0
South Dakota,Brule,46015,0.0,0.0,0.0,0.0,0.0,518133.0,24064.0,13391.0,2498.0,0.0
South Dakota,Buffalo,46017,0.0,0.0,0.0,0.0,0.0,1570.0,0.0,0.0,0.0,0.0
South Dakota,Butte,46019,39982.0,45557.0,47029.0,35930.0,0.0,14741.0,5097.0,2572.0,0.0,0.0
South Dakota,Campbell,46021,13966.0,15414.0,43190.0,38554.0,59018.0,98213.0,39828.0,3925.0,0.0,2007.0
South Dakota,Charles Mix,46023,9582.0,8311.0,9262.0,5631.0,7653.0,4025332.0,203108.0,6975.0,150581.0,321617.0
South Dakota,Clark,46025,7898.0,16698.0,40018.0,0.0,0.0,1254831.0,110997.0,0.0,6248.0,3843.0
South Dakota,Clay,46027,193346.0,2106.0,26421.0,15391.0,189263.0,2951744.0,71134.0,627.0,12838.0,0.0
South Dakota,Codington,46029,0.0,0.0,0.0,0.0,0.0,424878.0,8014.0,0.0,7341.0,85.0
South Dakota,Corson,46031,22349.0,41404.0,30875.0,41980.0,4283.0,0.0,1408.0,0.0,0.0,0.0
South Dakota,Custer,46033,0.0,0.0,0.0,0.0,0.0,0.0,0.0,0.0,0.0,0.0
South Dakota,Davison,46035,0.0,0.0,0.0,0.0,0.0,2111180.0,51894.0,57725.0,102913.0,41023.0
South Dakota,Day,46037,102848.0,105872.0,44124.0,24937.0,211.0,838156.0,329540.0,3666.0,624.0,11990.0
South Dakota,Deuel,46039,0.0,0.0,0.0,0.0,0.0,1526093.0,26591.0,0.0,0.0,1300.0
South Dakota,Dewey,46041,0.0,0.0,0.0,0.0,0.0,15726.0,0.0,0.0,0.0,0.0
South Dakota,Douglas,46043,0.0,0.0,0.0,0.0,0.0,2811470.0,70681.0,7185.0,153605.0,14589.34
South Dakota,Edmunds,46045,35178.0,43805.0,22557.0,33073.0,33040.0,200023.0,35667.0,66819.0,0.0,11300.0
South Dakota,Fall River,46047,217.0,2121.0,5827.0,0.0,0.0,0.0,0.0,0.0,0.0,0.0
South Dakota,Faulk,46049,17196.0,17196.0,16080.0,12969.0,0.0,540043.0,30030.0,61050.0,5047.0,444.0
South Dakota,Grant,46051,0.0,0.0,0.0,0.0,0.0,1629722.99,29110.0,4712.0,27177.0,87264.0
South Dakota,Gregory,46053,0.0,0.0,0.0,0.0,0.0,524464.2,50904.23,54133.0,73421.0,6380.0
South Dakota,Haakon,46055,0.0,0.0,0.0,0.0,0.0,0.0,0.0,0.0,0.0,0.0
South Dakota,Hamlin,46057,100187.0,121813.0,5558.0,49774.0,0.0,1525236.0,31236.0,147.0,2566.0,4635.0
South Dakota,Hand,46059,10940.0,0.0,14828.0,18583.0,0.0,919709.5,132614.0,30401.0,53742.0,36223.0
South Dakota,Hanson,46061,0.0,0.0,0.0,0.0,0.0,2984679.0,129260.0,13464.0,49462.0,0.0
South Dakota,Harding,46063,19966.0,16270.0,2540.0,16892.0,17799.0,0.0,0.0,0.0,0.0,0.0
South Dakota,Hughes,46065,0.0,0.0,0.0,0.0,0.0,8365.0,9280.0,0.0,0.0,1809.0
South Dakota,Hutchinson,46067,0.0,0.0,0.0,0.0,0.0,7195986.0,190228.0,118158.0,1170488.0,20789.0
South Dakota,Hyde,46069,0.0,0.0,0.0,0.0,0.0,142292.0,27519.0,1222.0,0.0,0.0
South Dakota,Jackson,46071,0.0,2597.0,4569.0,50007.0,3894.0,716.0,1928.0,0.0,0.0,0.0
South Dakota,Jerauld,46073,0.0,0.0,0.0,0.0,0.0,635449.0,31693.0,3729.0,0.0,8733.0
South Dakota,Jones,46075,0.0,0.0,0.0,0.0,0.0,0.0,0.0,0.0,0.0,0.0
South Dakota,Kingsbury,46077,0.0,0.0,0.0,0.0,0.0,1557122.0,63025.0,22847.0,874.0,9525.0
South Dakota,Lake,46079,88.0,0.0,0.0,0.0,0.0,2523193.0,11584.0,32931.0,193.0,0.0
South Dakota,Lawrence,46081,0.0,0.0,0.0,0.0,0.0,0.0,0.0,0.0,0.0,0.0
South Dakota,Lincoln,46083,658.0,0.0,0.0,386.0,384.0,3186614.99,232665.0,21860.0,77382.0,26269.0
South Dakota,Lyman,46085,0.0,0.0,0.0,0.0,0.0,907.0,0.0,0.0,0.0,0.0
South Dakota,McCook,46087,0.0,0.0,0.0,0.0,0.0,3920387.0,19999.0,3150.0,34170.0,28559.0
South Dakota,McPherson,46089,0.0,1710.0,5764.0,2031.0,0.0,121354.0,75454.0,4720.0,5062.0,0.0
South Dakota,Marshall,46091,78281.0,24353.0,9814.0,54723.0,0.0,1228963.0,484713.0,18538.0,48224.0,1395.0
South Dakota,Meade,46093,88493.0,112794.0,162255.0,154147.0,36440.0,0.0,0.0,0.0,10030.0,0.0
South Dakota,Mellette,46095,0.0,6910.0,7743.0,0.0,11400.0,50008.0,35112.0,0.0,0.0,0.0
South Dakota,Miner,46097,0.0,0.0,0.0,0.0,0.0,1057741.0,75410.0,0.0,0.0,0.0
South Dakota,Minnehaha,46099,0.0,0.0,0.0,0.0,0.0,4285955.0,76630.0,10098.0,0.0,5809.0
South Dakota,Moody,46101,0.0,0.0,0.0,0.0,0.0,2050033.46,12991.0,200.0,5.0,4732.0
South Dakota,Pennington,46103,0.0,17793.0,8820.0,13168.0,13181.0,0.0,0.0,0.0,0.0,0.0
South Dakota,Perkins,46105,68788.0,146936.0,493788.0,508096.0,266422.0,39733.0,71911.0,145427.0,20655.0,14572.0
South Dakota,Potter,46107,19043.0,99572.0,70082.0,230718.0,102118.0,816852.0,13978.0,20048.0,0.0,1484.0
South Dakota,Roberts,46109,31012.0,39428.0,41286.0,26785.0,0.0,1471258.0,341965.0,7947.0,131127.0,31363.0
South Dakota,Sanborn,46111,128.0,0.0,0.0,0.0,0.0,2355882.0,202301.0,1069.0,6609.0,40379.0
South Dakota,Shannon,46113,0.0,0.0,0.0,0.0,0.0,0.0,0.0,0.0,0.0,0.0
South Dakota,Spink,46115,118957.0,61425.0,16845.0,17841.0,0.0,1503544.14,188871.0,14367.0,40100.0,1761.0
South Dakota,Stanley,46117,0.0,0.0,0.0,0.0,0.0,106428.0,0.0,0.0,0.0,0.0
South Dakota,Sully,46119,0.0,0.0,0.0,0.0,0.0,87230.0,5262.0,0.0,0.0,41878.0
South Dakota,Todd,46121,0.0,0.0,0.0,0.0,0.0,0.0,0.0,0.0,0.0,0.0
South Dakota,Tripp,46123,0.0,0.0,1783.0,0.0,1026.0,19660.0,0.0,0.0,0.0,0.0
South Dakota,Turner,46125,0.0,0.0,0.0,0.0,0.0,5000277.0,93763.0,34980.0,180096.0,96120.0
South Dakota,Union,46127,13780.0,0.0,0.0,0.0,10122.0,1285951.0,15412.0,4537.0,11646.0,2970.0
South Dakota,Walworth,46129,20898.0,7115.0,20768.0,2892.0,5238.0,178225.0,52353.0,0.0,0.0,1264.0
South Dakota,Yankton,46135,0.0,370.0,0.0,3750.0,0.0,2205355.0,268895.0,60655.0,163845.0,47902.0
South Dakota,Ziebach,46137,2102.0,11023.0,2284.0,1409.0,0.0,0.0,0.0,0.0,0.0,0.0
Tennessee,Anderson,47001,0.0,0.0,0.0,0.0,0.0,0.0,0.0,0.0,0.0,0.0
Tennessee,Bedford,47003,0.0,0.0,0.0,0.0,0.0,0.0,0.0,0.0,0.0,0.0
Tennessee,Benton,47005,0.0,0.0,0.0,0.0,0.0,0.0,0.0,0.0,0.0,0.0
Tennessee,Bledsoe,47007,0.0,0.0,0.0,0.0,0.0,0.0,0.0,0.0,0.0,0.0
Tennessee,Blount,47009,0.0,0.0,0.0,0.0,0.0,0.0,0.0,0.0,0.0,0.0
Tennessee,Bradley,47011,0.0,0.0,0.0,0.0,0.0,0.0,0.0,0.0,0.0,0.0
Tennessee,Campbell,47013,0.0,0.0,0.0,0.0,0.0,0.0,0.0,0.0,0.0,0.0
Tennessee,Cannon,47015,0.0,0.0,0.0,0.0,0.0,0.0,0.0,0.0,0.0,0.0
Tennessee,Carroll,47017,0.0,11769.0,50861.0,3005.0,7532.0,0.0,0.0,0.0,0.0,0.0
Tennessee,Carter,47019,0.0,0.0,0.0,0.0,0.0,0.0,0.0,0.0,0.0,0.0
Tennessee,Cheatham,47021,0.0,0.0,0.0,0.0,0.0,0.0,0.0,0.0,0.0,0.0
Tennessee,Chester,47023,0.0,0.0,0.0,0.0,0.0,0.0,0.0,0.0,0.0,0.0
Tennessee,Claiborne,47025,0.0,0.0,0.0,0.0,0.0,0.0,0.0,0.0,0.0,0.0
Tennessee,Clay,47027,0.0,0.0,0.0,0.0,0.0,0.0,0.0,0.0,0.0,0.0
Tennessee,Cocke,47029,0.0,7397.0,0.0,0.0,0.0,0.0,0.0,0.0,0.0,0.0
Tennessee,Coffee,47031,0.0,0.0,0.0,0.0,0.0,0.0,0.0,0.0,0.0,0.0
Tennessee,Crockett,47033,0.0,0.0,0.0,0.0,0.0,0.0,0.0,0.0,0.0,0.0
Tennessee,Cumberland,47035,0.0,0.0,0.0,0.0,0.0,0.0,0.0,0.0,0.0,0.0
Tennessee,Davidson,47037,0.0,0.0,0.0,0.0,0.0,0.0,0.0,0.0,0.0,0.0
Tennessee,Decatur,47039,0.0,0.0,0.0,0.0,0.0,0.0,0.0,0.0,0.0,0.0
Tennessee,DeKalb,47041,0.0,0.0,0.0,0.0,0.0,0.0,0.0,0.0,0.0,0.0
Tennessee,Dickson,47043,0.0,0.0,0.0,0.0,0.0,0.0,0.0,0.0,0.0,0.0
Tennessee,Dyer,47045,0.0,0.0,0.0,0.0,0.0,0.0,0.0,0.0,0.0,0.0
Tennessee,Fayette,47047,0.0,0.0,0.0,0.0,0.0,0.0,0.0,0.0,0.0,0.0
Tennessee,Fentress,47049,0.0,0.0,0.0,0.0,0.0,0.0,0.0,0.0,0.0,0.0
Tennessee,Franklin,47051,0.0,0.0,0.0,0.0,0.0,0.0,0.0,0.0,0.0,0.0
Tennessee,Gibson,47053,0.0,0.0,0.0,0.0,0.0,0.0,0.0,0.0,0.0,0.0
Tennessee,Giles,47055,28007.0,25315.0,16629.0,0.0,24785.0,0.0,0.0,0.0,0.0,0.0
Tennessee,Grainger,47057,0.0,0.0,0.0,0.0,0.0,0.0,0.0,0.0,0.0,0.0
Tennessee,Greene,47059,0.0,0.0,0.0,0.0,0.0,0.0,0.0,0.0,0.0,0.0
Tennessee,Grundy,47061,0.0,0.0,0.0,0.0,0.0,0.0,0.0,0.0,0.0,0.0
Tennessee,Hamblen,47063,0.0,0.0,0.0,0.0,0.0,0.0,0.0,0.0,0.0,0.0
Tennessee,Hamilton,47065,0.0,0.0,0.0,0.0,0.0,0.0,0.0,0.0,0.0,0.0
Tennessee,Hancock,47067,0.0,0.0,0.0,0.0,0.0,0.0,0.0,0.0,0.0,0.0
Tennessee,Hardeman,47069,0.0,0.0,0.0,0.0,0.0,0.0,0.0,0.0,0.0,0.0
Tennessee,Hardin,47071,0.0,6547.0,11993.0,0.0,21074.0,0.0,0.0,0.0,0.0,0.0
Tennessee,Hawkins,47073,0.0,0.0,0.0,0.0,0.0,0.0,0.0,0.0,0.0,0.0
Tennessee,Haywood,47075,0.0,0.0,0.0,0.0,0.0,0.0,0.0,0.0,0.0,0.0
Tennessee,Henderson,47077,0.0,0.0,0.0,0.0,0.0,0.0,0.0,0.0,0.0,0.0
Tennessee,Henry,47079,0.0,0.0,0.0,0.0,0.0,0.0,0.0,0.0,0.0,0.0
Tennessee,Hickman,47081,0.0,0.0,0.0,0.0,0.0,0.0,0.0,0.0,0.0,0.0
Tennessee,Houston,47083,0.0,0.0,0.0,0.0,0.0,0.0,0.0,0.0,0.0,0.0
Tennessee,Humphreys,47085,0.0,0.0,0.0,0.0,0.0,0.0,0.0,0.0,0.0,0.0
Tennessee,Jackson,47087,0.0,0.0,0.0,0.0,0.0,0.0,0.0,0.0,0.0,0.0
Tennessee,Jefferson,47089,0.0,0.0,0.0,0.0,0.0,0.0,0.0,0.0,0.0,0.0
Tennessee,Johnson,47091,0.0,0.0,0.0,0.0,0.0,0.0,0.0,0.0,0.0,0.0
Tennessee,Knox,47093,0.0,0.0,0.0,0.0,0.0,0.0,0.0,0.0,0.0,0.0
Tennessee,Lake,47095,0.0,0.0,0.0,0.0,0.0,37001.0,0.0,0.0,0.0,0.0
Tennessee,Lauderdale,47097,0.0,0.0,0.0,0.0,0.0,0.0,0.0,0.0,0.0,0.0
Tennessee,Lawrence,47099,0.0,0.0,0.0,0.0,0.0,0.0,0.0,0.0,0.0,0.0
Tennessee,Lewis,47101,0.0,0.0,0.0,0.0,0.0,0.0,0.0,0.0,0.0,0.0
Tennessee,Lincoln,47103,0.0,0.0,0.0,0.0,0.0,0.0,0.0,0.0,0.0,0.0
Tennessee,Loudon,47105,0.0,0.0,0.0,0.0,0.0,0.0,0.0,0.0,0.0,0.0
Tennessee,McMinn,47107,0.0,0.0,0.0,0.0,0.0,0.0,0.0,0.0,0.0,0.0
Tennessee,McNairy,47109,4864.0,6956.0,4709.0,5856.0,0.0,47051.0,42058.0,0.0,0.0,0.0
Tennessee,Macon,47111,0.0,0.0,0.0,0.0,0.0,0.0,0.0,0.0,0.0,0.0
Tennessee,Madison,47113,0.0,0.0,0.0,0.0,0.0,0.0,0.0,0.0,0.0,0.0
Tennessee,Marion,47115,0.0,0.0,0.0,0.0,0.0,0.0,0.0,0.0,0.0,0.0
Tennessee,Marshall,47117,0.0,0.0,0.0,0.0,0.0,0.0,0.0,0.0,0.0,0.0
Tennessee,Maury,47119,0.0,0.0,0.0,0.0,0.0,0.0,0.0,0.0,0.0,0.0
Tennessee,Meigs,47121,0.0,0.0,0.0,0.0,0.0,0.0,0.0,0.0,0.0,0.0
Tennessee,Monroe,47123,0.0,0.0,0.0,0.0,0.0,0.0,0.0,0.0,0.0,0.0
Tennessee,Montgomery,47125,0.0,0.0,0.0,0.0,0.0,47813.0,0.0,0.0,137.0,0.0
Tennessee,Moore,47127,0.0,0.0,0.0,0.0,0.0,0.0,0.0,0.0,0.0,0.0
Tennessee,Morgan,47129,0.0,0.0,0.0,0.0,0.0,0.0,0.0,0.0,0.0,0.0
Tennessee,Obion,47131,0.0,0.0,0.0,0.0,0.0,0.0,0.0,0.0,0.0,0.0
Tennessee,Overton,47133,0.0,0.0,0.0,0.0,0.0,0.0,0.0,0.0,0.0,0.0
Tennessee,Perry,47135,0.0,0.0,0.0,0.0,0.0,0.0,0.0,0.0,0.0,0.0
Tennessee,Pickett,47137,0.0,0.0,0.0,0.0,0.0,0.0,0.0,0.0,0.0,0.0
Tennessee,Polk,47139,0.0,0.0,0.0,0.0,0.0,0.0,0.0,0.0,0.0,0.0
Tennessee,Putnam,47141,0.0,0.0,0.0,0.0,0.0,0.0,0.0,0.0,0.0,0.0
Tennessee,Rhea,47143,0.0,0.0,0.0,0.0,0.0,0.0,0.0,0.0,0.0,0.0
Tennessee,Roane,47145,0.0,0.0,0.0,0.0,0.0,0.0,0.0,0.0,0.0,0.0
Tennessee,Robertson,47147,0.0,0.0,0.0,0.0,0.0,1490.0,0.0,0.0,0.0,0.0
Tennessee,Rutherford,47149,0.0,0.0,0.0,0.0,0.0,0.0,0.0,0.0,0.0,0.0
Tennessee,Scott,47151,0.0,0.0,0.0,0.0,0.0,0.0,0.0,0.0,0.0,0.0
Tennessee,Sequatchie,47153,0.0,0.0,0.0,0.0,0.0,0.0,0.0,0.0,0.0,0.0
Tennessee,Sevier,47155,0.0,0.0,0.0,0.0,0.0,0.0,0.0,0.0,0.0,0.0
Tennessee,Shelby,47157,0.0,0.0,0.0,0.0,0.0,0.0,0.0,0.0,0.0,0.0
Tennessee,Smith,47159,0.0,0.0,0.0,0.0,0.0,0.0,0.0,0.0,0.0,0.0
Tennessee,Stewart,47161,0.0,0.0,0.0,0.0,0.0,0.0,0.0,0.0,0.0,0.0
Tennessee,Sullivan,47163,0.0,0.0,0.0,0.0,0.0,0.0,0.0,0.0,0.0,0.0
Tennessee,Sumner,47165,0.0,0.0,0.0,0.0,0.0,0.0,0.0,0.0,0.0,0.0
Tennessee,Tipton,47167,0.0,0.0,0.0,0.0,0.0,0.0,0.0,0.0,0.0,0.0
Tennessee,Trousdale,47169,0.0,0.0,0.0,0.0,0.0,0.0,0.0,0.0,0.0,0.0
Tennessee,Unicoi,47171,0.0,0.0,0.0,0.0,0.0,0.0,0.0,0.0,0.0,0.0
Tennessee,Union,47173,0.0,0.0,0.0,0.0,0.0,0.0,0.0,0.0,0.0,0.0
Tennessee,Van Buren,47175,2451.0,1875.0,5191.0,4214.0,3804.0,0.0,0.0,0.0,0.0,0.0
Tennessee,Warren,47177,0.0,0.0,0.0,0.0,0.0,0.0,0.0,0.0,0.0,0.0
Tennessee,Washington,47179,0.0,0.0,0.0,0.0,0.0,0.0,0.0,0.0,0.0,0.0
Tennessee,Wayne,47181,0.0,0.0,0.0,0.0,0.0,0.0,0.0,0.0,0.0,0.0
Tennessee,Weakley,47183,0.0,0.0,0.0,0.0,0.0,0.0,0.0,0.0,0.0,0.0
Tennessee,White,47185,0.0,0.0,0.0,0.0,0.0,0.0,0.0,0.0,0.0,0.0
Tennessee,Williamson,47187,0.0,0.0,0.0,0.0,0.0,0.0,0.0,0.0,0.0,0.0
Tennessee,Wilson,47189,0.0,0.0,0.0,0.0,0.0,0.0,0.0,0.0,0.0,0.0
Texas,Anderson,48001,0.0,0.0,0.0,0.0,0.0,0.0,0.0,0.0,0.0,0.0
Texas,Andrews,48003,0.0,0.0,0.0,0.0,0.0,0.0,0.0,0.0,0.0,0.0
Texas,Angelina,48005,0.0,0.0,0.0,0.0,0.0,0.0,0.0,0.0,0.0,0.0
Texas,Aransas,48007,0.0,0.0,0.0,0.0,0.0,0.0,0.0,0.0,0.0,0.0
Texas,Archer,48009,0.0,0.0,0.0,0.0,0.0,0.0,0.0,0.0,0.0,0.0
Texas,Armstrong,48011,0.0,0.0,0.0,0.0,0.0,0.0,0.0,0.0,0.0,0.0
Texas,Atascosa,48013,0.0,0.0,0.0,0.0,0.0,0.0,0.0,0.0,0.0,0.0
Texas,Austin,48015,0.0,0.0,0.0,0.0,0.0,0.0,0.0,0.0,0.0,0.0
Texas,Bailey,48017,0.0,0.0,0.0,0.0,0.0,0.0,0.0,0.0,0.0,0.0
Texas,Bandera,48019,0.0,0.0,0.0,0.0,0.0,0.0,0.0,0.0,0.0,0.0
Texas,Bastrop,48021,0.0,0.0,0.0,0.0,0.0,0.0,0.0,0.0,0.0,0.0
Texas,Baylor,48023,0.0,0.0,0.0,0.0,0.0,0.0,0.0,0.0,0.0,0.0
Texas,Bee,48025,0.0,0.0,0.0,0.0,0.0,0.0,0.0,0.0,0.0,0.0
Texas,Bell,48027,0.0,4608.0,4563.0,0.0,3751.0,0.0,0.0,0.0,0.0,0.0
Texas,Bexar,48029,0.0,0.0,0.0,0.0,0.0,0.0,0.0,0.0,0.0,0.0
Texas,Blanco,48031,0.0,0.0,0.0,0.0,0.0,0.0,0.0,0.0,0.0,0.0
Texas,Borden,48033,0.0,0.0,0.0,0.0,0.0,0.0,0.0,0.0,0.0,0.0
Texas,Bosque,48035,0.0,0.0,0.0,0.0,0.0,0.0,0.0,0.0,0.0,0.0
Texas,Bowie,48037,0.0,0.0,0.0,0.0,0.0,20250.0,17099.0,0.0,0.0,0.0
Texas,Brazoria,48039,0.0,0.0,0.0,0.0,0.0,0.0,0.0,0.0,0.0,0.0
Texas,Brazos,48041,0.0,0.0,0.0,0.0,0.0,0.0,0.0,0.0,0.0,0.0
Texas,Brewster,48043,0.0,0.0,0.0,0.0,0.0,0.0,0.0,0.0,0.0,0.0
Texas,Briscoe,48045,0.0,0.0,0.0,0.0,0.0,0.0,0.0,0.0,0.0,0.0
Texas,Brooks,48047,0.0,0.0,0.0,0.0,0.0,0.0,0.0,0.0,0.0,0.0
Texas,Brown,48049,0.0,0.0,0.0,0.0,0.0,0.0,0.0,0.0,0.0,0.0
Texas,Burleson,48051,0.0,0.0,0.0,0.0,0.0,0.0,0.0,0.0,0.0,0.0
Texas,Burnet,48053,0.0,0.0,0.0,0.0,0.0,0.0,0.0,0.0,0.0,0.0
Texas,Caldwell,48055,0.0,0.0,0.0,0.0,0.0,0.0,0.0,0.0,0.0,0.0
Texas,Calhoun,48057,0.0,0.0,0.0,0.0,0.0,0.0,0.0,0.0,0.0,0.0
Texas,Callahan,48059,18158.0,0.0,1771.0,16003.0,825.0,0.0,0.0,0.0,0.0,0.0
Texas,Cameron,48061,0.0,0.0,0.0,0.0,0.0,0.0,0.0,0.0,0.0,0.0
Texas,Camp,48063,0.0,0.0,0.0,0.0,0.0,0.0,0.0,0.0,0.0,0.0
Texas,Carson,48065,0.0,0.0,0.0,0.0,0.0,175556.0,0.0,0.0,120337.0,76664.0
Texas,Cass,48067,0.0,0.0,0.0,0.0,0.0,0.0,0.0,0.0,0.0,0.0
Texas,Castro,48069,46471.0,36990.0,82669.0,62447.0,44454.0,0.0,0.0,0.0,0.0,0.0
Texas,Chambers,48071,0.0,0.0,0.0,0.0,0.0,0.0,0.0,0.0,0.0,0.0
Texas,Cherokee,48073,0.0,0.0,0.0,0.0,0.0,0.0,0.0,0.0,0.0,0.0
Texas,Childress,48075,0.0,0.0,0.0,0.0,0.0,0.0,0.0,0.0,5915.0,0.0
Texas,Clay,48077,0.0,0.0,0.0,0.0,0.0,0.0,0.0,0.0,0.0,0.0
Texas,Cochran,48079,0.0,0.0,0.0,0.0,0.0,0.0,0.0,0.0,5508.0,0.0
Texas,Coke,48081,0.0,0.0,0.0,0.0,0.0,0.0,0.0,0.0,0.0,0.0
Texas,Coleman,48083,0.0,0.0,0.0,0.0,0.0,0.0,0.0,0.0,0.0,0.0
Texas,Collin,48085,0.0,0.0,0.0,0.0,0.0,314.0,301.0,0.0,0.0,0.0
Texas,Collingsworth,48087,0.0,0.0,0.0,0.0,0.0,0.0,0.0,0.0,0.0,0.0
Texas,Colorado,48089,0.0,0.0,0.0,0.0,0.0,0.0,0.0,0.0,0.0,0.0
Texas,Comal,48091,0.0,0.0,0.0,0.0,0.0,0.0,0.0,0.0,0.0,0.0
Texas,Comanche,48093,0.0,0.0,0.0,0.0,0.0,0.0,0.0,0.0,0.0,0.0
Texas,Concho,48095,0.0,0.0,0.0,0.0,0.0,0.0,0.0,0.0,0.0,0.0
Texas,Cooke,48097,0.0,0.0,0.0,0.0,0.0,0.0,0.0,0.0,0.0,0.0
Texas,Coryell,48099,0.0,0.0,0.0,0.0,0.0,0.0,0.0,0.0,0.0,0.0
Texas,Cottle,48101,0.0,0.0,0.0,0.0,0.0,0.0,0.0,0.0,0.0,0.0
Texas,Crane,48103,0.0,0.0,0.0,0.0,0.0,0.0,0.0,0.0,0.0,0.0
Texas,Crockett,48105,0.0,0.0,0.0,0.0,0.0,0.0,0.0,0.0,0.0,0.0
Texas,Crosby,48107,0.0,0.0,0.0,0.0,0.0,0.0,0.0,0.0,0.0,0.0
Texas,Culberson,48109,0.0,0.0,0.0,0.0,0.0,0.0,0.0,0.0,0.0,0.0
Texas,Dallam,48111,0.0,0.0,0.0,0.0,0.0,428235.0,0.0,0.0,0.0,0.0
Texas,Dallas,48113,0.0,0.0,0.0,0.0,0.0,0.0,0.0,0.0,0.0,0.0
Texas,Dawson,48115,0.0,0.0,0.0,0.0,0.0,0.0,0.0,0.0,0.0,0.0
Texas,Deaf Smith,48117,0.0,0.0,0.0,0.0,0.0,0.0,0.0,0.0,0.0,0.0
Texas,Delta,48119,0.0,0.0,0.0,0.0,0.0,0.0,0.0,0.0,0.0,0.0
Texas,Denton,48121,0.0,0.0,0.0,0.0,0.0,0.0,0.0,0.0,0.0,0.0
Texas,DeWitt,48123,0.0,0.0,0.0,0.0,0.0,0.0,0.0,0.0,0.0,0.0
Texas,Dickens,48125,0.0,0.0,0.0,0.0,0.0,0.0,0.0,0.0,0.0,0.0
Texas,Dimmit,48127,0.0,0.0,0.0,0.0,0.0,0.0,0.0,0.0,0.0,0.0
Texas,Donley,48129,0.0,0.0,0.0,0.0,0.0,40266.0,0.0,0.0,0.0,0.0
Texas,Duval,48131,0.0,0.0,0.0,0.0,0.0,0.0,0.0,0.0,0.0,0.0
Texas,Eastland,48133,0.0,0.0,0.0,0.0,0.0,0.0,0.0,0.0,0.0,0.0
Texas,Ector,48135,0.0,0.0,0.0,0.0,0.0,0.0,0.0,0.0,0.0,0.0
Texas,Edwards,48137,0.0,0.0,0.0,0.0,0.0,0.0,0.0,0.0,0.0,0.0
Texas,Ellis,48139,0.0,0.0,0.0,0.0,0.0,0.0,0.0,0.0,0.0,0.0
Texas,El Paso,48141,0.0,0.0,0.0,0.0,0.0,0.0,0.0,0.0,0.0,0.0
Texas,Erath,48143,0.0,0.0,0.0,0.0,0.0,0.0,0.0,0.0,0.0,0.0
Texas,Falls,48145,0.0,0.0,0.0,0.0,0.0,0.0,0.0,0.0,0.0,0.0
Texas,Fannin,48147,0.0,0.0,0.0,0.0,0.0,0.0,0.0,0.0,0.0,0.0
Texas,Fayette,48149,0.0,0.0,0.0,0.0,0.0,0.0,0.0,0.0,0.0,0.0
Texas,Fisher,48151,0.0,0.0,0.0,0.0,0.0,0.0,0.0,0.0,0.0,0.0
Texas,Floyd,48153,0.0,0.0,0.0,0.0,0.0,0.0,0.0,0.0,0.0,0.0
Texas,Foard,48155,0.0,0.0,0.0,0.0,0.0,0.0,0.0,0.0,0.0,0.0
Texas,Fort Bend,48157,0.0,0.0,0.0,0.0,0.0,0.0,0.0,0.0,0.0,0.0
Texas,Franklin,48159,0.0,0.0,0.0,0.0,0.0,0.0,0.0,0.0,0.0,0.0
Texas,Freestone,48161,0.0,0.0,0.0,0.0,0.0,0.0,0.0,0.0,0.0,0.0
Texas,Frio,48163,0.0,0.0,0.0,0.0,0.0,0.0,0.0,0.0,0.0,0.0
Texas,Gaines,48165,0.0,0.0,0.0,0.0,0.0,0.0,0.0,0.0,0.0,0.0
Texas,Galveston,48167,0.0,0.0,0.0,0.0,0.0,0.0,0.0,0.0,0.0,0.0
Texas,Garza,48169,0.0,0.0,0.0,0.0,0.0,0.0,0.0,0.0,0.0,0.0
Texas,Gillespie,48171,0.0,0.0,0.0,0.0,0.0,0.0,0.0,0.0,0.0,0.0
Texas,Glasscock,48173,0.0,0.0,0.0,0.0,0.0,0.0,0.0,0.0,0.0,0.0
Texas,Goliad,48175,0.0,0.0,0.0,0.0,0.0,0.0,0.0,0.0,0.0,0.0
Texas,Gonzales,48177,0.0,0.0,0.0,0.0,0.0,0.0,0.0,0.0,0.0,0.0
Texas,Gray,48179,0.0,0.0,0.0,0.0,0.0,220654.0,390.0,0.0,6266.0,0.0
Texas,Grayson,48181,0.0,0.0,0.0,0.0,0.0,0.0,0.0,0.0,0.0,0.0
Texas,Gregg,48183,0.0,0.0,0.0,0.0,0.0,0.0,0.0,0.0,0.0,0.0
Texas,Grimes,48185,0.0,0.0,0.0,0.0,0.0,0.0,0.0,0.0,0.0,0.0
Texas,Guadalupe,48187,0.0,0.0,0.0,0.0,0.0,0.0,0.0,0.0,0.0,0.0
Texas,Hale,48189,0.0,0.0,0.0,0.0,0.0,0.0,0.0,0.0,0.0,0.0
Texas,Hall,48191,0.0,0.0,0.0,0.0,0.0,0.0,0.0,0.0,0.0,0.0
Texas,Hamilton,48193,0.0,0.0,0.0,0.0,0.0,0.0,0.0,0.0,0.0,0.0
Texas,Hansford,48195,0.0,0.0,0.0,0.0,0.0,430403.0,241408.0,12017.0,0.0,0.0
Texas,Hardeman,48197,0.0,0.0,0.0,0.0,0.0,0.0,0.0,0.0,0.0,0.0
Texas,Hardin,48199,0.0,0.0,0.0,0.0,0.0,0.0,0.0,0.0,0.0,0.0
Texas,Harris,48201,0.0,0.0,0.0,0.0,0.0,0.0,0.0,0.0,0.0,0.0
Texas,Harrison,48203,0.0,0.0,0.0,0.0,0.0,0.0,0.0,0.0,0.0,0.0
Texas,Hartley,48205,0.0,0.0,0.0,0.0,0.0,1430647.0,115038.0,0.0,0.0,0.0
Texas,Haskell,48207,0.0,0.0,0.0,0.0,0.0,0.0,0.0,0.0,0.0,0.0
Texas,Hays,48209,0.0,0.0,0.0,0.0,0.0,0.0,0.0,0.0,0.0,0.0
Texas,Hemphill,48211,0.0,0.0,0.0,0.0,0.0,0.0,0.0,0.0,0.0,0.0
Texas,Henderson,48213,0.0,0.0,0.0,0.0,0.0,0.0,0.0,0.0,0.0,0.0
Texas,Hidalgo,48215,0.0,0.0,0.0,0.0,0.0,0.0,0.0,0.0,0.0,0.0
Texas,Hill,48217,0.0,0.0,0.0,0.0,0.0,0.0,0.0,0.0,0.0,0.0
Texas,Hockley,48219,0.0,0.0,0.0,0.0,0.0,0.0,0.0,0.0,17028.0,11343.0
Texas,Hood,48221,0.0,0.0,0.0,0.0,0.0,0.0,0.0,0.0,0.0,0.0
Texas,Hopkins,48223,0.0,0.0,0.0,0.0,0.0,0.0,0.0,0.0,0.0,0.0
Texas,Houston,48225,0.0,0.0,0.0,0.0,0.0,0.0,0.0,0.0,0.0,0.0
Texas,Howard,48227,0.0,0.0,0.0,0.0,0.0,0.0,0.0,0.0,0.0,0.0
Texas,Hudspeth,48229,0.0,0.0,0.0,0.0,0.0,0.0,0.0,0.0,0.0,0.0
Texas,Hunt,48231,0.0,0.0,0.0,0.0,0.0,3456.0,2986.0,0.0,0.0,0.0
Texas,Hutchinson,48233,0.0,0.0,0.0,0.0,0.0,13660.0,0.0,0.0,0.0,0.0
Texas,Irion,48235,0.0,0.0,0.0,0.0,0.0,0.0,0.0,0.0,0.0,0.0
Texas,Jack,48237,0.0,0.0,0.0,0.0,0.0,0.0,0.0,0.0,0.0,0.0
Texas,Jackson,48239,0.0,0.0,0.0,0.0,0.0,0.0,0.0,0.0,0.0,0.0
Texas,Jasper,48241,0.0,0.0,0.0,0.0,0.0,0.0,0.0,0.0,0.0,0.0
Texas,Jeff Davis,48243,0.0,0.0,0.0,0.0,0.0,0.0,0.0,0.0,0.0,0.0
Texas,Jefferson,48245,0.0,0.0,0.0,0.0,0.0,0.0,0.0,0.0,0.0,0.0
Texas,Jim Hogg,48247,0.0,0.0,0.0,0.0,0.0,0.0,0.0,0.0,0.0,0.0
Texas,Jim Wells,48249,0.0,0.0,0.0,0.0,0.0,0.0,0.0,0.0,0.0,0.0
Texas,Johnson,48251,0.0,0.0,0.0,0.0,0.0,0.0,0.0,0.0,0.0,0.0
Texas,Jones,48253,0.0,0.0,0.0,0.0,0.0,0.0,0.0,0.0,0.0,0.0
Texas,Karnes,48255,0.0,0.0,0.0,0.0,0.0,0.0,0.0,0.0,0.0,0.0
Texas,Kaufman,48257,0.0,0.0,0.0,0.0,0.0,0.0,0.0,0.0,0.0,0.0
Texas,Kendall,48259,0.0,0.0,0.0,0.0,0.0,0.0,0.0,0.0,0.0,0.0
Texas,Kenedy,48261,0.0,0.0,0.0,0.0,0.0,0.0,0.0,0.0,0.0,0.0
Texas,Kent,48263,0.0,0.0,0.0,0.0,0.0,0.0,0.0,0.0,0.0,0.0
Texas,Kerr,48265,0.0,0.0,0.0,0.0,0.0,0.0,0.0,0.0,0.0,0.0
Texas,Kimble,48267,0.0,0.0,0.0,0.0,0.0,0.0,0.0,0.0,0.0,0.0
Texas,King,48269,0.0,0.0,0.0,0.0,0.0,0.0,0.0,0.0,0.0,0.0
Texas,Kinney,48271,0.0,0.0,0.0,0.0,0.0,0.0,0.0,0.0,0.0,0.0
Texas,Kleberg,48273,0.0,0.0,0.0,0.0,0.0,0.0,0.0,0.0,0.0,0.0
Texas,Knox,48275,0.0,0.0,0.0,0.0,0.0,0.0,0.0,0.0,0.0,0.0
Texas,Lamar,48277,0.0,0.0,0.0,0.0,0.0,0.0,0.0,0.0,0.0,0.0
Texas,Lamb,48279,0.0,0.0,0.0,0.0,0.0,0.0,0.0,0.0,0.0,0.0
Texas,Lampasas,48281,0.0,0.0,0.0,0.0,0.0,0.0,0.0,0.0,0.0,0.0
Texas,La Salle,48283,0.0,0.0,0.0,0.0,0.0,0.0,0.0,0.0,0.0,0.0
Texas,Lavaca,48285,0.0,0.0,0.0,0.0,0.0,0.0,0.0,0.0,0.0,0.0
Texas,Lee,48287,0.0,0.0,0.0,0.0,0.0,0.0,0.0,0.0,0.0,0.0
Texas,Leon,48289,0.0,0.0,0.0,0.0,0.0,0.0,0.0,0.0,0.0,0.0
Texas,Liberty,48291,0.0,0.0,0.0,0.0,0.0,0.0,0.0,0.0,0.0,0.0
Texas,Limestone,48293,0.0,0.0,0.0,0.0,0.0,0.0,0.0,0.0,0.0,0.0
Texas,Lipscomb,48295,0.0,0.0,0.0,0.0,0.0,19780.2,20344.0,0.0,0.0,0.0
Texas,Live Oak,48297,0.0,0.0,0.0,0.0,0.0,0.0,0.0,0.0,0.0,0.0
Texas,Llano,48299,0.0,0.0,0.0,0.0,0.0,0.0,0.0,0.0,0.0,0.0
Texas,Loving,48301,0.0,0.0,0.0,0.0,0.0,0.0,0.0,0.0,0.0,0.0
Texas,Lubbock,48303,0.0,0.0,0.0,0.0,0.0,0.0,0.0,0.0,0.0,0.0
Texas,Lynn,48305,0.0,0.0,0.0,0.0,0.0,0.0,0.0,0.0,0.0,0.0
Texas,McCulloch,48307,0.0,0.0,0.0,0.0,0.0,0.0,0.0,0.0,0.0,0.0
Texas,McLennan,48309,0.0,0.0,0.0,0.0,0.0,0.0,0.0,0.0,0.0,0.0
Texas,McMullen,48311,0.0,0.0,0.0,0.0,0.0,0.0,0.0,0.0,0.0,0.0
Texas,Madison,48313,0.0,0.0,0.0,0.0,0.0,0.0,0.0,0.0,0.0,0.0
Texas,Marion,48315,0.0,0.0,0.0,0.0,0.0,0.0,0.0,0.0,0.0,0.0
Texas,Martin,48317,0.0,0.0,0.0,0.0,0.0,0.0,0.0,0.0,0.0,0.0
Texas,Mason,48319,0.0,0.0,0.0,0.0,0.0,0.0,0.0,0.0,0.0,0.0
Texas,Matagorda,48321,0.0,0.0,0.0,0.0,0.0,0.0,0.0,0.0,0.0,0.0
Texas,Maverick,48323,0.0,0.0,0.0,0.0,0.0,0.0,0.0,0.0,0.0,0.0
Texas,Medina,48325,0.0,0.0,0.0,0.0,0.0,0.0,0.0,0.0,0.0,0.0
Texas,Menard,48327,0.0,0.0,0.0,0.0,0.0,0.0,0.0,0.0,0.0,0.0
Texas,Midland,48329,0.0,0.0,0.0,0.0,0.0,0.0,0.0,0.0,0.0,0.0
Texas,Milam,48331,0.0,0.0,0.0,0.0,0.0,0.0,0.0,0.0,0.0,0.0
Texas,Mills,48333,0.0,0.0,0.0,0.0,0.0,0.0,0.0,0.0,0.0,0.0
Texas,Mitchell,48335,0.0,0.0,0.0,0.0,0.0,0.0,0.0,0.0,0.0,0.0
Texas,Montague,48337,0.0,0.0,0.0,0.0,0.0,0.0,0.0,0.0,0.0,0.0
Texas,Montgomery,48339,0.0,0.0,0.0,0.0,0.0,0.0,0.0,0.0,0.0,0.0
Texas,Moore,48341,8364.0,0.0,31080.0,56283.0,0.0,1310213.3,425877.0,4684.0,49614.0,312642.0
Texas,Morris,48343,0.0,0.0,0.0,0.0,0.0,0.0,0.0,0.0,0.0,0.0
Texas,Motley,48345,0.0,0.0,0.0,0.0,0.0,0.0,0.0,0.0,0.0,0.0
Texas,Nacogdoches,48347,0.0,0.0,0.0,0.0,0.0,0.0,0.0,0.0,0.0,0.0
Texas,Navarro,48349,1493.0,1493.0,0.0,0.0,1185.0,0.0,0.0,0.0,0.0,0.0
Texas,Newton,48351,0.0,0.0,0.0,0.0,0.0,0.0,0.0,0.0,0.0,0.0
Texas,Nolan,48353,1536.0,2060.0,5095.0,0.0,0.0,0.0,0.0,0.0,0.0,0.0
Texas,Nueces,48355,0.0,0.0,0.0,0.0,0.0,0.0,0.0,0.0,0.0,0.0
Texas,Ochiltree,48357,0.0,0.0,0.0,0.0,0.0,297768.0,0.0,0.0,0.0,0.0
Texas,Oldham,48359,0.0,0.0,0.0,0.0,0.0,0.0,0.0,0.0,9412.0,2948.0
Texas,Orange,48361,0.0,0.0,0.0,0.0,0.0,0.0,0.0,0.0,0.0,0.0
Texas,Palo Pinto,48363,0.0,0.0,0.0,0.0,0.0,0.0,0.0,0.0,0.0,0.0
Texas,Panola,48365,0.0,0.0,0.0,0.0,0.0,0.0,0.0,0.0,0.0,0.0
Texas,Parker,48367,0.0,0.0,0.0,0.0,0.0,0.0,0.0,0.0,0.0,0.0
Texas,Parmer,48369,0.0,0.0,0.0,0.0,0.0,0.0,0.0,0.0,0.0,0.0
Texas,Pecos,48371,0.0,0.0,0.0,0.0,0.0,0.0,0.0,0.0,0.0,0.0
Texas,Polk,48373,0.0,0.0,0.0,0.0,0.0,0.0,0.0,0.0,0.0,0.0
Texas,Potter,48375,0.0,0.0,0.0,0.0,0.0,0.0,0.0,0.0,0.0,0.0
Texas,Presidio,48377,0.0,0.0,0.0,0.0,0.0,0.0,0.0,0.0,0.0,0.0
Texas,Rains,48379,0.0,0.0,0.0,0.0,0.0,0.0,0.0,0.0,0.0,0.0
Texas,Randall,48381,519.0,1851.0,842.0,0.0,0.0,0.0,0.0,0.0,0.0,0.0
Texas,Reagan,48383,0.0,0.0,0.0,0.0,0.0,0.0,0.0,0.0,0.0,0.0
Texas,Real,48385,0.0,0.0,0.0,0.0,0.0,0.0,0.0,0.0,0.0,0.0
Texas,Red River,48387,0.0,0.0,0.0,0.0,0.0,0.0,0.0,0.0,0.0,0.0
Texas,Reeves,48389,0.0,0.0,0.0,0.0,0.0,0.0,0.0,0.0,0.0,0.0
Texas,Refugio,48391,0.0,0.0,0.0,0.0,0.0,0.0,0.0,0.0,0.0,0.0
Texas,Roberts,48393,0.0,0.0,0.0,0.0,0.0,0.0,0.0,0.0,18673.0,0.0
Texas,Robertson,48395,0.0,0.0,0.0,0.0,0.0,0.0,0.0,0.0,0.0,0.0
Texas,Rockwall,48397,0.0,0.0,0.0,0.0,0.0,0.0,0.0,0.0,0.0,0.0
Texas,Runnels,48399,0.0,0.0,0.0,0.0,0.0,0.0,0.0,0.0,0.0,0.0
Texas,Rusk,48401,0.0,0.0,0.0,0.0,0.0,0.0,0.0,0.0,0.0,0.0
Texas,Sabine,48403,0.0,0.0,0.0,0.0,0.0,0.0,0.0,0.0,0.0,0.0
Texas,San Augustine,48405,0.0,0.0,0.0,0.0,0.0,0.0,0.0,0.0,0.0,0.0
Texas,San Jacinto,48407,0.0,0.0,0.0,0.0,0.0,0.0,0.0,0.0,0.0,0.0
Texas,San Patricio,48409,0.0,0.0,0.0,0.0,0.0,0.0,0.0,0.0,0.0,0.0
Texas,San Saba,48411,0.0,0.0,0.0,0.0,0.0,0.0,0.0,0.0,0.0,0.0
Texas,Schleicher,48413,0.0,0.0,0.0,0.0,0.0,0.0,0.0,0.0,0.0,0.0
Texas,Scurry,48415,0.0,0.0,0.0,0.0,0.0,0.0,0.0,0.0,0.0,0.0
Texas,Shackelford,48417,0.0,0.0,0.0,0.0,0.0,0.0,0.0,0.0,0.0,0.0
Texas,Shelby,48419,0.0,0.0,0.0,0.0,0.0,0.0,0.0,0.0,0.0,0.0
Texas,Sherman,48421,48020.0,2106.0,151832.0,55672.0,165004.0,554587.0,175351.0,1208.0,41001.0,0.0
Texas,Smith,48423,0.0,0.0,0.0,0.0,0.0,0.0,0.0,0.0,0.0,0.0
Texas,Somervell,48425,0.0,0.0,0.0,0.0,0.0,0.0,0.0,0.0,0.0,0.0
Texas,Starr,48427,4011.0,6669.0,0.0,7753.0,0.0,0.0,0.0,0.0,0.0,0.0
Texas,Stephens,48429,0.0,0.0,0.0,0.0,0.0,0.0,0.0,0.0,0.0,0.0
Texas,Sterling,48431,0.0,0.0,0.0,0.0,0.0,0.0,0.0,0.0,0.0,0.0
Texas,Stonewall,48433,0.0,0.0,0.0,0.0,0.0,0.0,0.0,0.0,0.0,0.0
Texas,Sutton,48435,0.0,0.0,0.0,0.0,0.0,0.0,0.0,0.0,0.0,0.0
Texas,Swisher,48437,0.0,0.0,0.0,0.0,0.0,0.0,0.0,0.0,0.0,0.0
Texas,Tarrant,48439,0.0,0.0,0.0,0.0,0.0,0.0,0.0,0.0,0.0,0.0
Texas,Taylor,48441,0.0,0.0,0.0,0.0,0.0,0.0,0.0,0.0,0.0,0.0
Texas,Terrell,48443,0.0,0.0,0.0,0.0,0.0,0.0,0.0,0.0,0.0,0.0
Texas,Terry,48445,0.0,0.0,0.0,0.0,0.0,0.0,0.0,0.0,0.0,0.0
Texas,Throckmorton,48447,0.0,0.0,0.0,0.0,0.0,0.0,0.0,0.0,0.0,0.0
Texas,Titus,48449,0.0,0.0,0.0,0.0,0.0,0.0,0.0,0.0,0.0,0.0
Texas,Tom Green,48451,0.0,0.0,0.0,0.0,0.0,0.0,0.0,0.0,0.0,0.0
Texas,Travis,48453,0.0,0.0,0.0,0.0,0.0,0.0,0.0,0.0,0.0,0.0
Texas,Trinity,48455,0.0,0.0,0.0,0.0,0.0,0.0,0.0,0.0,0.0,0.0
Texas,Tyler,48457,0.0,0.0,0.0,0.0,0.0,0.0,0.0,0.0,0.0,0.0
Texas,Upshur,48459,0.0,0.0,0.0,0.0,0.0,0.0,0.0,0.0,0.0,0.0
Texas,Upton,48461,0.0,0.0,0.0,0.0,0.0,0.0,0.0,0.0,0.0,0.0
Texas,Uvalde,48463,0.0,0.0,0.0,0.0,0.0,0.0,0.0,0.0,0.0,0.0
Texas,Val Verde,48465,0.0,0.0,0.0,0.0,0.0,0.0,0.0,0.0,0.0,0.0
Texas,Van Zandt,48467,0.0,0.0,0.0,0.0,0.0,0.0,0.0,0.0,0.0,0.0
Texas,Victoria,48469,0.0,0.0,0.0,0.0,0.0,0.0,0.0,0.0,0.0,0.0
Texas,Walker,48471,0.0,0.0,0.0,0.0,0.0,0.0,0.0,0.0,0.0,0.0
Texas,Waller,48473,0.0,0.0,0.0,0.0,0.0,0.0,0.0,0.0,0.0,0.0
Texas,Ward,48475,0.0,0.0,0.0,0.0,0.0,0.0,0.0,0.0,0.0,0.0
Texas,Washington,48477,0.0,0.0,0.0,0.0,0.0,0.0,0.0,0.0,0.0,0.0
Texas,Webb,48479,0.0,0.0,0.0,0.0,0.0,0.0,0.0,0.0,0.0,0.0
Texas,Wharton,48481,0.0,0.0,0.0,0.0,0.0,0.0,0.0,0.0,0.0,0.0
Texas,Wheeler,48483,0.0,0.0,0.0,0.0,0.0,0.0,0.0,0.0,0.0,0.0
Texas,Wichita,48485,0.0,0.0,0.0,0.0,0.0,0.0,0.0,0.0,0.0,0.0
Texas,Wilbarger,48487,0.0,0.0,0.0,0.0,0.0,0.0,0.0,0.0,0.0,0.0
Texas,Willacy,48489,0.0,0.0,0.0,0.0,0.0,0.0,0.0,0.0,0.0,0.0
Texas,Williamson,48491,0.0,0.0,0.0,0.0,0.0,0.0,0.0,0.0,0.0,0.0
Texas,Wilson,48493,0.0,0.0,0.0,0.0,0.0,0.0,0.0,0.0,0.0,0.0
Texas,Winkler,48495,0.0,0.0,0.0,0.0,0.0,0.0,0.0,0.0,0.0,0.0
Texas,Wise,48497,0.0,0.0,0.0,0.0,0.0,0.0,0.0,0.0,0.0,0.0
Texas,Wood,48499,0.0,0.0,0.0,0.0,0.0,0.0,0.0,0.0,0.0,0.0
Texas,Yoakum,48501,0.0,0.0,0.0,0.0,0.0,0.0,0.0,0.0,0.0,0.0
Texas,Young,48503,0.0,0.0,0.0,0.0,0.0,0.0,0.0,0.0,0.0,0.0
Texas,Zapata,48505,0.0,0.0,0.0,0.0,0.0,0.0,0.0,0.0,0.0,0.0
Texas,Zavala,48507,0.0,0.0,0.0,0.0,0.0,0.0,0.0,0.0,0.0,0.0
Utah,Beaver,49001,0.0,0.0,0.0,0.0,0.0,0.0,0.0,0.0,0.0,0.0
Utah,Box Elder,49003,0.0,0.0,0.0,0.0,0.0,0.0,0.0,0.0,0.0,0.0
Utah,Cache,49005,0.0,0.0,0.0,0.0,0.0,0.0,0.0,0.0,0.0,0.0
Utah,Carbon,49007,0.0,0.0,0.0,0.0,0.0,0.0,0.0,0.0,0.0,0.0
Utah,Daggett,49009,0.0,0.0,0.0,0.0,0.0,0.0,0.0,0.0,0.0,0.0
Utah,Davis,49011,0.0,0.0,0.0,0.0,0.0,0.0,0.0,0.0,0.0,0.0
Utah,Duchesne,49013,0.0,0.0,0.0,0.0,0.0,0.0,0.0,0.0,0.0,0.0
Utah,Emery,49015,0.0,0.0,0.0,0.0,0.0,0.0,0.0,0.0,0.0,0.0
Utah,Garfield,49017,0.0,0.0,0.0,0.0,0.0,0.0,0.0,0.0,0.0,0.0
Utah,Grand,49019,0.0,0.0,0.0,0.0,0.0,0.0,0.0,0.0,0.0,0.0
Utah,Iron,49021,0.0,0.0,0.0,0.0,0.0,0.0,0.0,0.0,0.0,0.0
Utah,Juab,49023,0.0,0.0,0.0,0.0,0.0,0.0,0.0,0.0,0.0,0.0
Utah,Kane,49025,0.0,0.0,0.0,0.0,0.0,0.0,0.0,0.0,0.0,0.0
Utah,Millard,49027,0.0,0.0,0.0,0.0,0.0,0.0,0.0,0.0,0.0,0.0
Utah,Morgan,49029,0.0,0.0,0.0,0.0,0.0,0.0,0.0,0.0,0.0,0.0
Utah,Piute,49031,0.0,0.0,0.0,0.0,0.0,0.0,0.0,0.0,0.0,0.0
Utah,Rich,49033,0.0,0.0,0.0,0.0,0.0,0.0,0.0,0.0,0.0,0.0
Utah,Salt Lake,49035,0.0,0.0,0.0,0.0,0.0,0.0,0.0,0.0,0.0,0.0
Utah,San Juan,49037,0.0,0.0,0.0,0.0,0.0,0.0,0.0,0.0,0.0,0.0
Utah,Sanpete,49039,0.0,0.0,0.0,0.0,0.0,0.0,0.0,0.0,0.0,0.0
Utah,Sevier,49041,0.0,0.0,0.0,0.0,0.0,0.0,0.0,0.0,0.0,0.0
Utah,Summit,49043,0.0,0.0,0.0,0.0,0.0,0.0,0.0,0.0,0.0,0.0
Utah,Tooele,49045,0.0,0.0,0.0,0.0,0.0,0.0,0.0,0.0,0.0,0.0
Utah,Uintah,49047,0.0,0.0,0.0,0.0,0.0,0.0,0.0,0.0,0.0,0.0
Utah,Utah,49049,0.0,0.0,0.0,0.0,0.0,0.0,0.0,0.0,0.0,0.0
Utah,Wasatch,49051,0.0,0.0,0.0,0.0,0.0,0.0,0.0,0.0,0.0,0.0
Utah,Washington,49053,0.0,0.0,0.0,0.0,0.0,0.0,0.0,0.0,0.0,0.0
Utah,Wayne,49055,0.0,0.0,0.0,0.0,0.0,0.0,0.0,0.0,0.0,0.0
Utah,Weber,49057,0.0,0.0,0.0,0.0,0.0,0.0,0.0,0.0,0.0,0.0
Vermont,Addison,50001,0.0,0.0,0.0,0.0,0.0,0.0,0.0,0.0,0.0,0.0
Vermont,Bennington,50003,0.0,0.0,0.0,0.0,0.0,0.0,0.0,0.0,0.0,0.0
Vermont,Caledonia,50005,0.0,0.0,0.0,0.0,0.0,0.0,0.0,0.0,0.0,0.0
Vermont,Chittenden,50007,2491.0,15045.0,10497.0,1395.0,0.0,840.0,0.0,0.0,0.0,0.0
Vermont,Essex,50009,0.0,0.0,0.0,0.0,0.0,0.0,0.0,0.0,0.0,0.0
Vermont,Franklin,50011,0.0,0.0,0.0,0.0,0.0,0.0,0.0,0.0,0.0,0.0
Vermont,Grand Isle,50013,0.0,0.0,0.0,0.0,0.0,148.0,0.0,0.0,0.0,0.0
Vermont,Lamoille,50015,0.0,0.0,0.0,0.0,0.0,0.0,0.0,0.0,0.0,0.0
Vermont,Orange,50017,0.0,0.0,0.0,0.0,0.0,0.0,0.0,0.0,0.0,0.0
Vermont,Orleans,50019,0.0,0.0,0.0,0.0,0.0,0.0,0.0,0.0,0.0,0.0
Vermont,Rutland,50021,0.0,0.0,0.0,0.0,0.0,0.0,0.0,0.0,0.0,0.0
Vermont,Washington,50023,0.0,0.0,0.0,0.0,0.0,0.0,0.0,0.0,0.0,0.0
Vermont,Windham,50025,0.0,0.0,0.0,0.0,0.0,0.0,0.0,0.0,0.0,0.0
Vermont,Windsor,50027,0.0,0.0,0.0,0.0,0.0,0.0,0.0,0.0,0.0,0.0
Virginia,Accomack,51001,0.0,0.0,0.0,0.0,0.0,0.0,0.0,0.0,0.0,0.0
Virginia,Albemarle,51003,0.0,0.0,0.0,0.0,0.0,0.0,0.0,0.0,0.0,0.0
Virginia,Alleghany,51005,0.0,0.0,0.0,0.0,0.0,0.0,0.0,0.0,0.0,0.0
Virginia,Amelia,51007,18545.0,0.0,9025.0,0.0,0.0,20049.0,0.0,0.0,0.0,0.0
Virginia,Amherst,51009,0.0,0.0,0.0,0.0,0.0,0.0,0.0,0.0,0.0,0.0
Virginia,Appomattox,51011,0.0,0.0,0.0,0.0,0.0,0.0,0.0,0.0,0.0,0.0
Virginia,Arlington,51013,0.0,0.0,0.0,0.0,0.0,0.0,0.0,0.0,0.0,0.0
Virginia,Augusta,51015,4328.0,12023.0,12844.0,12759.0,3112.0,0.0,0.0,0.0,0.0,0.0
Virginia,Bath,51017,0.0,0.0,0.0,0.0,0.0,0.0,0.0,0.0,0.0,0.0
Virginia,Bedford,51019,0.0,0.0,0.0,0.0,0.0,0.0,0.0,0.0,0.0,0.0
Virginia,Bland,51021,6350.0,6460.0,5938.0,4745.0,352.0,0.0,0.0,0.0,0.0,0.0
Virginia,Botetourt,51023,0.0,0.0,0.0,0.0,0.0,0.0,0.0,0.0,0.0,0.0
Virginia,Brunswick,51025,0.0,0.0,0.0,0.0,0.0,0.0,0.0,0.0,0.0,0.0
Virginia,Buchanan,51027,0.0,0.0,0.0,0.0,0.0,0.0,0.0,0.0,0.0,0.0
Virginia,Buckingham,51029,0.0,0.0,0.0,0.0,0.0,0.0,0.0,0.0,0.0,0.0
Virginia,Campbell,51031,0.0,0.0,0.0,0.0,0.0,0.0,0.0,0.0,0.0,0.0
Virginia,Caroline,51033,0.0,0.0,0.0,0.0,0.0,0.0,0.0,0.0,0.0,0.0
Virginia,Carroll,51035,0.0,0.0,0.0,0.0,0.0,0.0,0.0,0.0,0.0,0.0
Virginia,Charles City,51036,0.0,0.0,0.0,0.0,0.0,0.0,0.0,0.0,0.0,0.0
Virginia,Charlotte,51037,0.0,0.0,0.0,0.0,0.0,0.0,0.0,0.0,0.0,0.0
Virginia,Chesterfield,51041,0.0,0.0,0.0,0.0,0.0,0.0,0.0,0.0,0.0,0.0
Virginia,Clarke,51043,0.0,0.0,0.0,0.0,0.0,0.0,0.0,0.0,0.0,0.0
Virginia,Craig,51045,0.0,0.0,0.0,0.0,0.0,0.0,0.0,0.0,0.0,0.0
Virginia,Culpeper,51047,0.0,0.0,0.0,0.0,0.0,0.0,0.0,0.0,0.0,0.0
Virginia,Cumberland,51049,0.0,0.0,0.0,0.0,0.0,0.0,0.0,0.0,0.0,0.0
Virginia,Dickenson,51051,0.0,0.0,0.0,0.0,0.0,0.0,0.0,0.0,0.0,0.0
Virginia,Dinwiddie,51053,0.0,0.0,0.0,0.0,0.0,0.0,0.0,0.0,0.0,0.0
Virginia,Essex,51057,0.0,0.0,0.0,0.0,0.0,0.0,0.0,0.0,0.0,0.0
Virginia,Fairfax,51059,0.0,0.0,0.0,0.0,0.0,0.0,0.0,0.0,0.0,0.0
Virginia,Fauquier,51061,0.0,0.0,0.0,0.0,0.0,0.0,0.0,0.0,0.0,0.0
Virginia,Floyd,51063,900.0,0.0,529.0,1381.0,1227.0,1404.0,0.0,0.0,1127.0,0.0
Virginia,Fluvanna,51065,0.0,0.0,0.0,0.0,0.0,0.0,0.0,0.0,0.0,0.0
Virginia,Franklin,51067,14203.0,0.0,3492.0,15693.0,0.0,4854.0,2926.0,0.0,2274.0,0.0
Virginia,Frederick,51069,0.0,0.0,0.0,0.0,0.0,0.0,0.0,0.0,0.0,0.0
Virginia,Giles,51071,0.0,0.0,0.0,0.0,0.0,0.0,0.0,0.0,0.0,0.0
Virginia,Gloucester,51073,0.0,0.0,0.0,0.0,0.0,0.0,0.0,0.0,0.0,0.0
Virginia,Goochland,51075,0.0,0.0,0.0,0.0,0.0,0.0,0.0,0.0,0.0,0.0
Virginia,Grayson,51077,0.0,0.0,0.0,0.0,0.0,0.0,0.0,0.0,0.0,0.0
Virginia,Greene,51079,0.0,0.0,0.0,0.0,0.0,0.0,0.0,0.0,0.0,0.0
Virginia,Greensville,51081,0.0,0.0,0.0,0.0,0.0,0.0,0.0,0.0,0.0,0.0
Virginia,Halifax,51083,0.0,0.0,0.0,0.0,0.0,0.0,0.0,0.0,0.0,0.0
Virginia,Hanover,51085,0.0,0.0,0.0,0.0,0.0,0.0,0.0,0.0,0.0,0.0
Virginia,Henrico,51087,0.0,0.0,0.0,0.0,0.0,0.0,0.0,0.0,0.0,0.0
Virginia,Henry,51089,0.0,0.0,0.0,0.0,0.0,0.0,0.0,0.0,0.0,0.0
Virginia,Highland,51091,0.0,0.0,0.0,0.0,0.0,0.0,0.0,0.0,0.0,0.0
Virginia,Isle of Wight,51093,0.0,0.0,0.0,0.0,0.0,0.0,0.0,0.0,0.0,0.0
Virginia,James City,51095,0.0,0.0,0.0,0.0,0.0,0.0,0.0,0.0,0.0,0.0
Virginia,King and Queen,51097,0.0,0.0,0.0,0.0,0.0,0.0,0.0,0.0,0.0,0.0
Virginia,King George,51099,0.0,0.0,0.0,0.0,0.0,0.0,0.0,0.0,0.0,0.0
Virginia,King William,51101,0.0,0.0,0.0,0.0,0.0,0.0,0.0,0.0,0.0,0.0
Virginia,Lancaster,51103,0.0,0.0,0.0,0.0,0.0,0.0,0.0,0.0,0.0,0.0
Virginia,Lee,51105,0.0,0.0,0.0,0.0,0.0,0.0,0.0,0.0,0.0,0.0
Virginia,Loudoun,51107,0.0,0.0,0.0,0.0,0.0,0.0,0.0,0.0,0.0,0.0
Virginia,Louisa,51109,0.0,0.0,0.0,0.0,0.0,0.0,0.0,0.0,0.0,0.0
Virginia,Lunenburg,51111,0.0,0.0,0.0,0.0,0.0,0.0,0.0,0.0,0.0,0.0
Virginia,Madison,51113,0.0,0.0,0.0,0.0,0.0,0.0,0.0,0.0,0.0,0.0
Virginia,Mathews,51115,0.0,0.0,0.0,0.0,0.0,0.0,0.0,0.0,0.0,0.0
Virginia,Mecklenburg,51117,0.0,0.0,0.0,0.0,0.0,0.0,0.0,0.0,0.0,0.0
Virginia,Middlesex,51119,0.0,0.0,0.0,0.0,0.0,0.0,0.0,0.0,0.0,0.0
Virginia,Montgomery,51121,18181.0,0.0,18411.0,18443.0,0.0,23213.0,4456.0,238.0,0.0,1694.0
Virginia,Nelson,51125,0.0,0.0,0.0,0.0,0.0,0.0,0.0,0.0,0.0,0.0
Virginia,New Kent,51127,0.0,0.0,0.0,0.0,0.0,0.0,0.0,0.0,0.0,0.0
Virginia,Northampton,51131,0.0,0.0,0.0,0.0,0.0,0.0,0.0,0.0,0.0,0.0
Virginia,Northumberland,51133,0.0,0.0,0.0,0.0,0.0,0.0,0.0,0.0,0.0,0.0
Virginia,Nottoway,51135,0.0,0.0,0.0,0.0,0.0,0.0,0.0,0.0,0.0,0.0
Virginia,Orange,51137,0.0,0.0,0.0,0.0,0.0,0.0,0.0,0.0,0.0,0.0
Virginia,Page,51139,0.0,0.0,0.0,0.0,0.0,0.0,0.0,0.0,0.0,0.0
Virginia,Patrick,51141,0.0,0.0,0.0,0.0,0.0,0.0,0.0,0.0,0.0,0.0
Virginia,Pittsylvania,51143,0.0,0.0,0.0,2822.0,0.0,0.0,0.0,0.0,0.0,0.0
Virginia,Powhatan,51145,0.0,0.0,0.0,0.0,0.0,0.0,0.0,0.0,0.0,0.0
Virginia,Prince Edward,51147,0.0,0.0,0.0,0.0,0.0,0.0,0.0,0.0,0.0,0.0
Virginia,Prince George,51149,0.0,0.0,0.0,0.0,0.0,0.0,0.0,0.0,0.0,0.0
Virginia,Prince William,51153,0.0,0.0,0.0,0.0,0.0,0.0,0.0,0.0,0.0,0.0
Virginia,Pulaski,51155,0.0,0.0,0.0,0.0,0.0,7310.0,0.0,0.0,0.0,0.0
Virginia,Rappahannock,51157,0.0,0.0,0.0,0.0,0.0,0.0,0.0,0.0,0.0,0.0
Virginia,Richmond,51159,0.0,0.0,0.0,0.0,0.0,0.0,0.0,0.0,0.0,0.0
Virginia,Roanoke,51161,0.0,0.0,0.0,0.0,0.0,0.0,0.0,0.0,0.0,0.0
Virginia,Rockbridge,51163,0.0,0.0,0.0,0.0,0.0,0.0,0.0,0.0,0.0,0.0
Virginia,Rockingham,51165,0.0,0.0,0.0,0.0,0.0,0.0,0.0,0.0,0.0,0.0
Virginia,Russell,51167,0.0,0.0,0.0,0.0,0.0,0.0,0.0,0.0,0.0,0.0
Virginia,Scott,51169,0.0,0.0,0.0,0.0,0.0,0.0,0.0,0.0,0.0,0.0
Virginia,Shenandoah,51171,0.0,0.0,0.0,0.0,0.0,0.0,0.0,0.0,0.0,0.0
Virginia,Smyth,51173,0.0,0.0,0.0,0.0,0.0,0.0,0.0,0.0,0.0,0.0
Virginia,Southampton,51175,0.0,0.0,0.0,0.0,0.0,0.0,0.0,0.0,0.0,0.0
Virginia,Spotsylvania,51177,0.0,0.0,0.0,0.0,0.0,0.0,0.0,0.0,0.0,0.0
Virginia,Stafford,51179,0.0,0.0,0.0,0.0,0.0,0.0,0.0,0.0,0.0,0.0
Virginia,Surry,51181,0.0,0.0,0.0,0.0,0.0,0.0,0.0,0.0,0.0,0.0
Virginia,Sussex,51183,0.0,0.0,0.0,0.0,0.0,0.0,0.0,0.0,0.0,0.0
Virginia,Tazewell,51185,0.0,0.0,0.0,0.0,0.0,0.0,0.0,0.0,0.0,0.0
Virginia,Warren,51187,0.0,0.0,0.0,0.0,0.0,0.0,0.0,0.0,0.0,0.0
Virginia,Washington,51191,0.0,3320.0,2876.0,0.0,0.0,0.0,0.0,0.0,0.0,0.0
Virginia,Westmoreland,51193,0.0,0.0,0.0,0.0,0.0,0.0,0.0,0.0,0.0,0.0
Virginia,Wise,51195,0.0,0.0,0.0,0.0,0.0,0.0,0.0,0.0,0.0,0.0
Virginia,Wythe,51197,68373.0,49711.0,70826.0,69566.0,5517.0,1597.0,776.0,0.0,0.0,0.0
Virginia,York,51199,0.0,0.0,0.0,0.0,0.0,0.0,0.0,0.0,0.0,0.0
Virginia,Alexandria,51510,0.0,0.0,0.0,0.0,0.0,0.0,0.0,0.0,0.0,0.0
Virginia,Bedford,51515,0.0,0.0,0.0,0.0,0.0,0.0,0.0,0.0,0.0,0.0
Virginia,Bristol,51520,0.0,0.0,0.0,0.0,0.0,0.0,0.0,0.0,0.0,0.0
Virginia,Buena Vista,51530,0.0,0.0,0.0,0.0,0.0,0.0,0.0,0.0,0.0,0.0
Virginia,Charlottesville,51540,0.0,0.0,0.0,0.0,0.0,0.0,0.0,0.0,0.0,0.0
Virginia,Chesapeake,51550,0.0,0.0,0.0,0.0,0.0,0.0,0.0,0.0,0.0,0.0
Virginia,Colonial Heights,51570,0.0,0.0,0.0,0.0,0.0,0.0,0.0,0.0,0.0,0.0
Virginia,Covington,51580,0.0,0.0,0.0,0.0,0.0,0.0,0.0,0.0,0.0,0.0
Virginia,Danville,51590,0.0,0.0,0.0,0.0,0.0,0.0,0.0,0.0,0.0,0.0
Virginia,Emporia,51595,0.0,0.0,0.0,0.0,0.0,0.0,0.0,0.0,0.0,0.0
Virginia,Fairfax,51600,0.0,0.0,0.0,0.0,0.0,0.0,0.0,0.0,0.0,0.0
Virginia,Falls Church,51610,0.0,0.0,0.0,0.0,0.0,0.0,0.0,0.0,0.0,0.0
Virginia,Franklin,51620,0.0,0.0,0.0,0.0,0.0,0.0,0.0,0.0,0.0,0.0
Virginia,Fredericksburg,51630,0.0,0.0,0.0,0.0,0.0,0.0,0.0,0.0,0.0,0.0
Virginia,Galax,51640,0.0,0.0,0.0,0.0,0.0,0.0,0.0,0.0,0.0,0.0
Virginia,Hampton,51650,0.0,0.0,0.0,0.0,0.0,0.0,0.0,0.0,0.0,0.0
Virginia,Harrisonburg,51660,0.0,0.0,0.0,0.0,0.0,0.0,0.0,0.0,0.0,0.0
Virginia,Hopewell,51670,0.0,0.0,0.0,0.0,0.0,0.0,0.0,0.0,0.0,0.0
Virginia,Lexington,51678,0.0,0.0,0.0,0.0,0.0,0.0,0.0,0.0,0.0,0.0
Virginia,Lynchburg,51680,0.0,0.0,0.0,0.0,0.0,0.0,0.0,0.0,0.0,0.0
Virginia,Manassas,51683,0.0,0.0,0.0,0.0,0.0,0.0,0.0,0.0,0.0,0.0
Virginia,Manassas Park,51685,0.0,0.0,0.0,0.0,0.0,0.0,0.0,0.0,0.0,0.0
Virginia,Martinsville,51690,0.0,0.0,0.0,0.0,0.0,0.0,0.0,0.0,0.0,0.0
Virginia,Newport News,51700,0.0,0.0,0.0,0.0,0.0,0.0,0.0,0.0,0.0,0.0
Virginia,Norfolk,51710,0.0,0.0,0.0,0.0,0.0,0.0,0.0,0.0,0.0,0.0
Virginia,Norton,51720,0.0,0.0,0.0,0.0,0.0,0.0,0.0,0.0,0.0,0.0
Virginia,Petersburg,51730,0.0,0.0,0.0,0.0,0.0,0.0,0.0,0.0,0.0,0.0
Virginia,Poquoson,51735,0.0,0.0,0.0,0.0,0.0,0.0,0.0,0.0,0.0,0.0
Virginia,Portsmouth,51740,0.0,0.0,0.0,0.0,0.0,0.0,0.0,0.0,0.0,0.0
Virginia,Radford,51750,0.0,0.0,0.0,0.0,0.0,0.0,0.0,0.0,0.0,0.0
Virginia,Richmond,51760,0.0,0.0,0.0,0.0,0.0,0.0,0.0,0.0,0.0,0.0
Virginia,Roanoke,51770,0.0,0.0,0.0,0.0,0.0,0.0,0.0,0.0,0.0,0.0
Virginia,Salem,51775,0.0,0.0,0.0,0.0,0.0,0.0,0.0,0.0,0.0,0.0
Virginia,Staunton,51790,0.0,0.0,0.0,0.0,0.0,0.0,0.0,0.0,0.0,0.0
Virginia,Suffolk,51800,0.0,0.0,0.0,0.0,0.0,0.0,0.0,0.0,0.0,0.0
Virginia,Virginia Beach,51810,0.0,0.0,0.0,0.0,0.0,0.0,0.0,0.0,0.0,0.0
Virginia,Waynesboro,51820,0.0,0.0,0.0,0.0,0.0,0.0,0.0,0.0,0.0,0.0
Virginia,Williamsburg,51830,0.0,0.0,0.0,0.0,0.0,0.0,0.0,0.0,0.0,0.0
Virginia,Winchester,51840,0.0,0.0,0.0,0.0,0.0,0.0,0.0,0.0,0.0,0.0
Washington,Adams,53001,147883.0,163865.0,116263.0,29120.0,11748.0,0.0,0.0,0.0,0.0,18402.0
Washington,Asotin,53003,0.0,0.0,0.0,0.0,0.0,0.0,0.0,0.0,0.0,0.0
Washington,Benton,53005,0.0,0.0,0.0,0.0,0.0,0.0,0.0,0.0,0.0,0.0
Washington,Chelan,53007,0.0,0.0,0.0,0.0,0.0,0.0,0.0,0.0,0.0,0.0
Washington,Clallam,53009,0.0,0.0,0.0,0.0,0.0,0.0,0.0,0.0,0.0,0.0
Washington,Clark,53011,0.0,0.0,0.0,0.0,0.0,0.0,0.0,0.0,0.0,0.0
Washington,Columbia,53013,137955.0,132258.0,99331.0,9922.0,13990.0,0.0,0.0,0.0,0.0,0.0
Washington,Cowlitz,53015,0.0,0.0,0.0,0.0,0.0,0.0,0.0,0.0,0.0,0.0
Washington,Douglas,53017,0.0,0.0,0.0,0.0,0.0,0.0,0.0,0.0,0.0,0.0
Washington,Ferry,53019,0.0,0.0,0.0,0.0,0.0,0.0,0.0,0.0,0.0,0.0
Washington,Franklin,53021,0.0,0.0,0.0,0.0,0.0,0.0,0.0,0.0,0.0,0.0
Washington,Garfield,53023,365259.0,451316.0,357938.0,59196.0,9166.0,0.0,0.0,0.0,0.0,0.0
Washington,Grant,53025,6077.0,12499.0,0.0,0.0,0.0,0.0,0.0,0.0,0.0,0.0
Washington,Grays Harbor,53027,0.0,0.0,0.0,0.0,0.0,0.0,0.0,0.0,0.0,0.0
Washington,Island,53029,0.0,0.0,0.0,0.0,0.0,0.0,0.0,0.0,0.0,0.0
Washington,Jefferson,53031,0.0,0.0,0.0,0.0,0.0,0.0,0.0,0.0,0.0,0.0
Washington,King,53033,0.0,0.0,0.0,0.0,0.0,0.0,0.0,0.0,0.0,0.0
Washington,Kitsap,53035,0.0,0.0,0.0,0.0,0.0,0.0,0.0,0.0,0.0,0.0
Washington,Kittitas,53037,0.0,0.0,0.0,0.0,0.0,0.0,0.0,0.0,0.0,0.0
Washington,Klickitat,53039,0.0,47022.0,27666.0,31360.0,0.0,0.0,0.0,0.0,0.0,0.0
Washington,Lewis,53041,0.0,0.0,0.0,0.0,0.0,0.0,0.0,0.0,0.0,0.0
Washington,Lincoln,53043,192424.0,193043.0,100617.0,103277.0,0.0,0.0,0.0,0.0,6359.0,0.0
Washington,Mason,53045,0.0,0.0,0.0,0.0,0.0,0.0,0.0,0.0,0.0,0.0
Washington,Okanogan,53047,0.0,0.0,0.0,0.0,0.0,0.0,0.0,0.0,0.0,0.0
Washington,Pacific,53049,0.0,0.0,0.0,0.0,0.0,0.0,0.0,0.0,0.0,0.0
Washington,Pend Oreille,53051,0.0,0.0,0.0,0.0,0.0,0.0,0.0,0.0,0.0,0.0
Washington,Pierce,53053,0.0,0.0,0.0,0.0,0.0,0.0,0.0,0.0,0.0,0.0
Washington,San Juan,53055,0.0,0.0,0.0,0.0,0.0,0.0,0.0,0.0,0.0,0.0
Washington,Skagit,53057,0.0,0.0,0.0,0.0,0.0,0.0,0.0,0.0,0.0,0.0
Washington,Skamania,53059,0.0,0.0,0.0,0.0,0.0,0.0,0.0,0.0,0.0,0.0
Washington,Snohomish,53061,1679.0,0.0,0.0,0.0,0.0,0.0,0.0,0.0,0.0,0.0
Washington,Spokane,53063,146129.0,189730.0,96282.0,160462.0,3370.0,0.0,0.0,2428.0,0.0,0.0
Washington,Stevens,53065,0.0,0.0,0.0,0.0,0.0,0.0,0.0,0.0,0.0,0.0
Washington,Thurston,53067,0.0,0.0,0.0,0.0,0.0,0.0,0.0,0.0,0.0,0.0
Washington,Wahkiakum,53069,0.0,0.0,0.0,0.0,0.0,0.0,0.0,0.0,0.0,0.0
Washington,Walla Walla,53071,187810.0,178179.0,157275.0,40642.0,0.0,0.0,0.0,0.0,18413.0,211761.0
Washington,Whatcom,53073,44911.0,45199.0,45926.0,30370.0,1633.0,320.0,0.0,0.0,0.0,0.0
Washington,Whitman,53075,2802429.0,2778670.0,1772293.87,809654.0,79226.0,8056.0,0.0,0.0,39607.0,316.0
Washington,Yakima,53077,0.0,0.0,0.0,0.0,0.0,0.0,0.0,0.0,0.0,0.0
West Virginia,Barbour,54001,0.0,0.0,0.0,0.0,0.0,0.0,0.0,0.0,0.0,0.0
West Virginia,Berkeley,54003,0.0,0.0,0.0,0.0,0.0,0.0,0.0,0.0,0.0,0.0
West Virginia,Boone,54005,0.0,0.0,0.0,0.0,0.0,0.0,0.0,0.0,0.0,0.0
West Virginia,Braxton,54007,0.0,0.0,0.0,0.0,0.0,0.0,0.0,0.0,0.0,0.0
West Virginia,Brooke,54009,0.0,0.0,0.0,0.0,0.0,0.0,0.0,0.0,0.0,0.0
West Virginia,Cabell,54011,0.0,0.0,0.0,0.0,0.0,0.0,0.0,0.0,0.0,0.0
West Virginia,Calhoun,54013,0.0,0.0,0.0,0.0,0.0,0.0,0.0,0.0,0.0,0.0
West Virginia,Clay,54015,0.0,0.0,0.0,0.0,0.0,0.0,0.0,0.0,0.0,0.0
West Virginia,Doddridge,54017,0.0,0.0,0.0,0.0,0.0,0.0,0.0,0.0,0.0,0.0
West Virginia,Fayette,54019,0.0,0.0,0.0,0.0,0.0,0.0,0.0,0.0,0.0,0.0
West Virginia,Gilmer,54021,0.0,0.0,0.0,0.0,0.0,0.0,0.0,0.0,0.0,0.0
West Virginia,Grant,54023,0.0,0.0,0.0,0.0,0.0,0.0,0.0,0.0,0.0,0.0
West Virginia,Greenbrier,54025,0.0,0.0,0.0,0.0,0.0,0.0,0.0,0.0,0.0,0.0
West Virginia,Hampshire,54027,3851.0,4257.0,0.0,0.0,3108.0,0.0,0.0,0.0,0.0,0.0
West Virginia,Hancock,54029,0.0,0.0,0.0,0.0,0.0,0.0,0.0,0.0,0.0,0.0
West Virginia,Hardy,54031,7944.0,16666.0,21222.0,6408.0,4435.0,0.0,0.0,0.0,0.0,0.0
West Virginia,Harrison,54033,0.0,0.0,0.0,0.0,0.0,0.0,0.0,0.0,0.0,0.0
West Virginia,Jackson,54035,0.0,0.0,0.0,0.0,0.0,0.0,0.0,0.0,0.0,0.0
West Virginia,Jefferson,54037,0.0,0.0,0.0,0.0,0.0,0.0,0.0,0.0,0.0,0.0
West Virginia,Kanawha,54039,0.0,0.0,0.0,0.0,0.0,0.0,0.0,0.0,0.0,0.0
West Virginia,Lewis,54041,0.0,0.0,0.0,0.0,0.0,0.0,0.0,0.0,0.0,0.0
West Virginia,Lincoln,54043,0.0,0.0,0.0,0.0,0.0,0.0,0.0,0.0,0.0,0.0
West Virginia,Logan,54045,0.0,0.0,0.0,0.0,0.0,0.0,0.0,0.0,0.0,0.0
West Virginia,McDowell,54047,0.0,0.0,0.0,0.0,0.0,0.0,0.0,0.0,0.0,0.0
West Virginia,Marion,54049,0.0,0.0,0.0,0.0,0.0,0.0,0.0,0.0,0.0,0.0
West Virginia,Marshall,54051,0.0,0.0,0.0,0.0,0.0,0.0,0.0,0.0,0.0,0.0
West Virginia,Mason,54053,0.0,0.0,0.0,0.0,0.0,0.0,0.0,0.0,0.0,0.0
West Virginia,Mercer,54055,0.0,0.0,0.0,0.0,0.0,0.0,0.0,0.0,0.0,0.0
West Virginia,Mineral,54057,0.0,0.0,0.0,0.0,0.0,0.0,0.0,0.0,0.0,0.0
West Virginia,Mingo,54059,0.0,0.0,0.0,0.0,0.0,0.0,0.0,0.0,0.0,0.0
West Virginia,Monongalia,54061,0.0,0.0,0.0,0.0,0.0,0.0,0.0,0.0,0.0,0.0
West Virginia,Monroe,54063,0.0,0.0,0.0,0.0,0.0,0.0,0.0,0.0,0.0,0.0
West Virginia,Morgan,54065,0.0,0.0,4886.0,0.0,4236.0,3945.0,0.0,0.0,0.0,0.0
West Virginia,Nicholas,54067,0.0,0.0,0.0,0.0,0.0,0.0,0.0,0.0,0.0,0.0
West Virginia,Ohio,54069,0.0,0.0,0.0,0.0,0.0,0.0,0.0,0.0,0.0,0.0
West Virginia,Pendleton,54071,0.0,0.0,0.0,0.0,0.0,0.0,0.0,0.0,0.0,0.0
West Virginia,Pleasants,54073,0.0,0.0,0.0,0.0,0.0,0.0,0.0,0.0,0.0,0.0
West Virginia,Pocahontas,54075,0.0,0.0,0.0,0.0,0.0,0.0,0.0,0.0,0.0,0.0
West Virginia,Preston,54077,0.0,0.0,0.0,0.0,0.0,0.0,0.0,0.0,0.0,0.0
West Virginia,Putnam,54079,0.0,0.0,0.0,0.0,0.0,0.0,0.0,0.0,0.0,0.0
West Virginia,Raleigh,54081,0.0,0.0,0.0,0.0,0.0,0.0,0.0,0.0,0.0,0.0
West Virginia,Randolph,54083,0.0,0.0,0.0,0.0,0.0,0.0,0.0,0.0,0.0,0.0
West Virginia,Ritchie,54085,0.0,0.0,0.0,0.0,0.0,0.0,0.0,0.0,0.0,0.0
West Virginia,Roane,54087,0.0,0.0,0.0,0.0,0.0,0.0,0.0,0.0,0.0,0.0
West Virginia,Summers,54089,0.0,0.0,0.0,0.0,0.0,0.0,0.0,0.0,0.0,0.0
West Virginia,Taylor,54091,0.0,0.0,0.0,0.0,0.0,0.0,0.0,0.0,0.0,0.0
West Virginia,Tucker,54093,0.0,0.0,0.0,0.0,0.0,0.0,0.0,0.0,0.0,0.0
West Virginia,Tyler,54095,0.0,0.0,0.0,0.0,0.0,0.0,0.0,0.0,0.0,0.0
West Virginia,Upshur,54097,0.0,0.0,0.0,0.0,0.0,0.0,0.0,0.0,0.0,0.0
West Virginia,Wayne,54099,0.0,0.0,0.0,0.0,0.0,0.0,0.0,0.0,0.0,0.0
West Virginia,Webster,54101,0.0,0.0,0.0,0.0,0.0,0.0,0.0,0.0,0.0,0.0
West Virginia,Wetzel,54103,0.0,0.0,0.0,0.0,0.0,0.0,0.0,0.0,0.0,0.0
West Virginia,Wirt,54105,0.0,0.0,0.0,0.0,0.0,0.0,0.0,0.0,0.0,0.0
West Virginia,Wood,54107,0.0,0.0,0.0,0.0,0.0,0.0,0.0,0.0,0.0,0.0
West Virginia,Wyoming,54109,0.0,0.0,0.0,0.0,0.0,0.0,0.0,0.0,0.0,0.0
Wisconsin,Adams,55001,0.0,0.0,0.0,0.0,0.0,0.0,0.0,0.0,0.0,0.0
Wisconsin,Ashland,55003,0.0,0.0,0.0,0.0,0.0,0.0,0.0,0.0,0.0,0.0
Wisconsin,Barron,55005,14468.0,4564.0,4929.0,1756.0,0.0,11769.0,0.0,0.0,0.0,99.0
Wisconsin,Bayfield,55007,0.0,0.0,0.0,0.0,0.0,0.0,0.0,0.0,0.0,0.0
Wisconsin,Brown,55009,0.0,0.0,0.0,0.0,0.0,109256.0,7636.0,250.0,0.0,0.0
Wisconsin,Buffalo,55011,0.0,0.0,0.0,0.0,0.0,0.0,0.0,0.0,0.0,0.0
Wisconsin,Burnett,55013,0.0,0.0,0.0,0.0,0.0,14255.0,0.0,0.0,0.0,0.0
Wisconsin,Calumet,55015,0.0,0.0,0.0,0.0,0.0,107333.0,10533.0,0.0,0.0,0.0
Wisconsin,Chippewa,55017,14962.0,11376.0,1014.0,0.0,0.0,32511.0,1518.0,0.0,0.0,0.0
Wisconsin,Clark,55019,0.0,0.0,0.0,0.0,0.0,2561.0,0.0,0.0,0.0,0.0
Wisconsin,Columbia,55021,0.0,0.0,0.0,0.0,0.0,17204.0,1855.0,0.0,0.0,0.0
Wisconsin,Crawford,55023,0.0,0.0,0.0,0.0,0.0,20553.0,1491.0,0.0,0.0,0.0
Wisconsin,Dane,55025,0.0,0.0,0.0,0.0,0.0,117865.0,7930.0,0.0,0.0,0.0
Wisconsin,Dodge,55027,0.0,0.0,0.0,0.0,0.0,77425.0,7091.0,0.0,0.0,0.0
Wisconsin,Door,55029,0.0,0.0,0.0,0.0,0.0,14124.0,0.0,0.0,0.0,0.0
Wisconsin,Douglas,55031,0.0,0.0,0.0,0.0,0.0,0.0,0.0,0.0,0.0,0.0
Wisconsin,Dunn,55033,69043.0,6252.0,0.0,0.0,0.0,23374.0,3202.0,0.0,0.0,0.0
Wisconsin,Eau Claire,55035,13303.0,11941.0,0.0,0.0,0.0,610.0,0.0,0.0,0.0,0.0
Wisconsin,Florence,55037,0.0,0.0,0.0,0.0,0.0,0.0,0.0,0.0,0.0,0.0
Wisconsin,Fond du Lac,55039,0.0,0.0,0.0,0.0,0.0,133930.0,10222.0,0.0,0.0,0.0
Wisconsin,Forest,55041,0.0,0.0,0.0,0.0,0.0,0.0,0.0,0.0,0.0,0.0
Wisconsin,Grant,55043,0.0,0.0,0.0,0.0,0.0,0.0,0.0,0.0,0.0,0.0
Wisconsin,Green,55045,0.0,0.0,0.0,0.0,0.0,57902.0,210.0,0.0,0.0,8707.0
Wisconsin,Green Lake,55047,0.0,0.0,0.0,0.0,0.0,51187.0,8499.0,0.0,0.0,0.0
Wisconsin,Iowa,55049,67749.0,70406.0,0.0,0.0,0.0,49018.0,1011.0,660.0,0.0,0.0
Wisconsin,Iron,55051,0.0,0.0,0.0,0.0,0.0,0.0,0.0,0.0,0.0,0.0
Wisconsin,Jackson,55053,0.0,0.0,0.0,0.0,0.0,4565.0,0.0,0.0,0.0,0.0
Wisconsin,Jefferson,55055,0.0,93.0,5775.0,7680.0,0.0,101364.65,5150.0,0.0,0.0,0.0
Wisconsin,Juneau,55057,0.0,0.0,0.0,0.0,0.0,44009.99,0.0,0.0,0.0,0.0
Wisconsin,Kenosha,55059,0.0,0.0,0.0,0.0,0.0,86019.0,11204.0,0.0,0.0,0.0
Wisconsin,Kewaunee,55061,0.0,0.0,0.0,0.0,0.0,11075.0,4212.0,0.0,0.0,0.0
Wisconsin,La Crosse,55063,0.0,0.0,0.0,0.0,0.0,0.0,0.0,0.0,0.0,0.0
Wisconsin,Lafayette,55065,0.0,0.0,0.0,0.0,0.0,13544.0,0.0,0.0,0.0,0.0
Wisconsin,Langlade,55067,0.0,0.0,0.0,0.0,0.0,0.0,0.0,0.0,0.0,0.0
Wisconsin,Lincoln,55069,0.0,0.0,0.0,0.0,0.0,0.0,0.0,0.0,0.0,0.0
Wisconsin,Manitowoc,55071,0.0,0.0,0.0,0.0,0.0,104907.0,5655.0,0.0,0.0,0.0
Wisconsin,Marathon,55073,0.0,0.0,0.0,0.0,0.0,9827.0,0.0,0.0,0.0,0.0
Wisconsin,Marinette,55075,0.0,0.0,0.0,0.0,0.0,30472.0,460.0,0.0,0.0,0.0
Wisconsin,Marquette,55077,0.0,0.0,0.0,0.0,0.0,1613.0,0.0,0.0,0.0,0.0
Wisconsin,Menominee,55078,0.0,0.0,0.0,0.0,0.0,0.0,0.0,0.0,0.0,0.0
Wisconsin,Milwaukee,55079,0.0,0.0,0.0,0.0,0.0,17487.0,1099.0,0.0,0.0,0.0
Wisconsin,Monroe,55081,0.0,0.0,0.0,0.0,0.0,27174.0,1940.0,0.0,0.0,0.0
Wisconsin,Oconto,55083,0.0,0.0,0.0,0.0,0.0,205845.0,9747.0,0.0,0.0,0.0
Wisconsin,Oneida,55085,0.0,0.0,0.0,0.0,0.0,0.0,0.0,0.0,0.0,0.0
Wisconsin,Outagamie,55087,0.0,0.0,0.0,0.0,0.0,563700.16,19164.0,0.0,0.0,0.0
Wisconsin,Ozaukee,55089,0.0,0.0,0.0,0.0,0.0,21504.0,5784.0,0.0,0.0,0.0
Wisconsin,Pepin,55091,0.0,0.0,0.0,0.0,0.0,0.0,0.0,0.0,0.0,0.0
Wisconsin,Pierce,55093,0.0,0.0,0.0,0.0,0.0,2851.0,0.0,0.0,0.0,0.0
Wisconsin,Polk,55095,0.0,0.0,0.0,0.0,0.0,2581.0,355.0,0.0,0.0,0.0
Wisconsin,Portage,55097,0.0,0.0,0.0,0.0,0.0,0.0,0.0,0.0,0.0,0.0
Wisconsin,Price,55099,0.0,0.0,0.0,0.0,0.0,0.0,0.0,0.0,0.0,0.0
Wisconsin,Racine,55101,0.0,0.0,0.0,0.0,0.0,249392.0,12787.09,1208.0,0.0,0.0
Wisconsin,Richland,55103,0.0,0.0,0.0,0.0,0.0,272.0,0.0,0.0,0.0,0.0
Wisconsin,Rock,55105,0.0,0.0,0.0,0.0,0.0,163830.0,2628.0,0.0,0.0,0.0
Wisconsin,Rusk,55107,0.0,0.0,0.0,0.0,0.0,0.0,0.0,0.0,0.0,0.0
Wisconsin,St. Croix,55109,0.0,0.0,0.0,0.0,0.0,33454.0,2842.0,0.0,0.0,0.0
Wisconsin,Sauk,55111,0.0,10226.0,6155.0,15222.0,5848.0,10497.0,6592.0,0.0,0.0,2215.0
Wisconsin,Sawyer,55113,0.0,0.0,0.0,0.0,0.0,0.0,0.0,0.0,0.0,0.0
Wisconsin,Shawano,55115,0.0,0.0,0.0,0.0,0.0,35013.0,689.0,0.0,0.0,0.0
Wisconsin,Sheboygan,55117,0.0,0.0,0.0,0.0,0.0,421597.0,24107.0,211.0,2328.0,2569.0
Wisconsin,Taylor,55119,0.0,0.0,0.0,0.0,0.0,0.0,0.0,0.0,0.0,0.0
Wisconsin,Trempealeau,55121,13497.0,13305.0,0.0,0.0,0.0,14013.0,0.0,0.0,0.0,0.0
Wisconsin,Vernon,55123,0.0,0.0,0.0,0.0,0.0,0.0,1965.0,0.0,0.0,0.0
Wisconsin,Vilas,55125,0.0,0.0,0.0,0.0,0.0,0.0,0.0,0.0,0.0,0.0
Wisconsin,Walworth,55127,0.0,0.0,0.0,0.0,0.0,429235.0,9213.0,0.0,0.0,0.0
Wisconsin,Washburn,55129,0.0,0.0,0.0,0.0,0.0,0.0,0.0,0.0,0.0,0.0
Wisconsin,Washington,55131,0.0,0.0,0.0,0.0,0.0,23713.0,4914.0,0.0,0.0,0.0
Wisconsin,Waukesha,55133,0.0,0.0,0.0,0.0,0.0,127659.0,5843.0,0.0,0.0,0.0
Wisconsin,Waupaca,55135,0.0,0.0,0.0,0.0,0.0,26003.0,5852.0,0.0,0.0,0.0
Wisconsin,Waushara,55137,0.0,0.0,0.0,0.0,0.0,2061.0,1415.0,0.0,577.0,0.0
Wisconsin,Winnebago,55139,0.0,0.0,0.0,0.0,0.0,197615.39,21965.0,0.0,0.0,0.0
Wisconsin,Wood,55141,0.0,0.0,0.0,0.0,0.0,21159.0,0.0,0.0,0.0,0.0
Wyoming,Albany,56001,0.0,0.0,0.0,0.0,0.0,0.0,0.0,0.0,0.0,0.0
Wyoming,Big Horn,56003,0.0,0.0,0.0,0.0,0.0,0.0,0.0,0.0,0.0,0.0
Wyoming,Campbell,56005,0.0,0.0,0.0,0.0,0.0,0.0,0.0,0.0,0.0,0.0
Wyoming,Carbon,56007,0.0,0.0,0.0,0.0,0.0,0.0,0.0,0.0,0.0,0.0
Wyoming,Converse,56009,0.0,0.0,0.0,0.0,0.0,0.0,0.0,0.0,0.0,0.0
Wyoming,Crook,56011,18825.0,39957.0,47867.0,20993.0,40214.0,0.0,0.0,0.0,0.0,0.0
Wyoming,Fremont,56013,0.0,0.0,0.0,0.0,0.0,0.0,0.0,0.0,0.0,0.0
Wyoming,Goshen,56015,0.0,4675.0,657.0,0.0,0.0,55944.0,122.0,0.0,0.0,0.0
Wyoming,Hot Springs,56017,0.0,0.0,0.0,0.0,0.0,0.0,0.0,0.0,0.0,0.0
Wyoming,Johnson,56019,0.0,0.0,0.0,0.0,0.0,0.0,0.0,0.0,0.0,0.0
Wyoming,Laramie,56021,90.0,23874.0,19593.0,5960.0,1982.0,0.0,0.0,0.0,0.0,0.0
Wyoming,Lincoln,56023,0.0,0.0,8581.0,0.0,0.0,0.0,0.0,0.0,0.0,0.0
Wyoming,Natrona,56025,0.0,0.0,0.0,0.0,0.0,0.0,0.0,0.0,0.0,0.0
Wyoming,Niobrara,56027,0.0,0.0,0.0,0.0,0.0,0.0,0.0,0.0,0.0,0.0
Wyoming,Park,56029,0.0,0.0,0.0,0.0,0.0,0.0,0.0,0.0,0.0,0.0
Wyoming,Platte,56031,0.0,0.0,0.0,0.0,0.0,0.0,0.0,0.0,0.0,0.0
Wyoming,Sheridan,56033,0.0,0.0,0.0,0.0,0.0,0.0,0.0,0.0,0.0,0.0
Wyoming,Sublette,56035,0.0,0.0,0.0,0.0,0.0,0.0,0.0,0.0,0.0,0.0
Wyoming,Sweetwater,56037,0.0,0.0,0.0,0.0,0.0,0.0,0.0,0.0,0.0,0.0
Wyoming,Teton,56039,0.0,0.0,0.0,0.0,0.0,0.0,0.0,0.0,0.0,0.0
Wyoming,Uinta,56041,0.0,0.0,0.0,0.0,0.0,0.0,0.0,0.0,0.0,0.0
Wyoming,Washakie,56043,0.0,0.0,0.0,0.0,0.0,0.0,0.0,0.0,0.0,0.0
Wyoming,Weston,56045,0.0,0.0,0.0,0.0,0.0,0.0,0.0,0.0,0.0,0.0
American Samoa,Eastern,60010,0.0,0.0,0.0,0.0,0.0,0.0,0.0,0.0,0.0,0.0
American Samoa,Manu'a,60020,0.0,0.0,0.0,0.0,0.0,0.0,0.0,0.0,0.0,0.0
American Samoa,Rose Island,60030,0.0,0.0,0.0,0.0,0.0,0.0,0.0,0.0,0.0,0.0
American Samoa,Swains Island,60040,0.0,0.0,0.0,0.0,0.0,0.0,0.0,0.0,0.0,0.0
American Samoa,Western,60050,0.0,0.0,0.0,0.0,0.0,0.0,0.0,0.0,0.0,0.0
Guam,Guam,66010,0.0,0.0,0.0,0.0,0.0,0.0,0.0,0.0,0.0,0.0
,Northern Islands,00085,0.0,0.0,0.0,0.0,0.0,0.0,0.0,0.0,0.0,0.0
#N/A,Rota,00100,0.0,0.0,0.0,0.0,0.0,0.0,0.0,0.0,0.0,0.0
#N/A,Saipan,00110,0.0,0.0,0.0,0.0,0.0,0.0,0.0,0.0,0.0,0.0
#N/A,Tinian,00120,0.0,0.0,0.0,0.0,0.0,0.0,0.0,0.0,0.0,0.0
Puerto Rico,Adjuntas,72001,0.0,0.0,0.0,0.0,0.0,0.0,0.0,0.0,0.0,0.0
Puerto Rico,Aguada,72003,0.0,0.0,0.0,0.0,0.0,0.0,0.0,0.0,0.0,0.0
Puerto Rico,Aguadilla,72005,0.0,0.0,0.0,0.0,0.0,0.0,0.0,0.0,0.0,0.0
Puerto Rico,Aguas Buenas,72007,0.0,0.0,0.0,0.0,0.0,0.0,0.0,0.0,0.0,0.0
Puerto Rico,Aibonito,72009,0.0,0.0,0.0,0.0,0.0,0.0,0.0,0.0,0.0,0.0
Puerto Rico,Anasco,72011,0.0,0.0,0.0,0.0,0.0,0.0,0.0,0.0,0.0,0.0
Puerto Rico,Arecibo,72013,0.0,0.0,0.0,0.0,0.0,0.0,0.0,0.0,0.0,0.0
Puerto Rico,Arroyo,72015,0.0,0.0,0.0,0.0,0.0,0.0,0.0,0.0,0.0,0.0
Puerto Rico,Barceloneta,72017,0.0,0.0,0.0,0.0,0.0,0.0,0.0,0.0,0.0,0.0
Puerto Rico,Barranquitas,72019,0.0,0.0,0.0,0.0,0.0,0.0,0.0,0.0,0.0,0.0
Puerto Rico,Bayamon,72021,0.0,0.0,0.0,0.0,0.0,0.0,0.0,0.0,0.0,0.0
Puerto Rico,Cabo Rojo,72023,0.0,0.0,0.0,0.0,0.0,0.0,0.0,0.0,0.0,0.0
Puerto Rico,Caguas,72025,0.0,0.0,0.0,0.0,0.0,0.0,0.0,0.0,0.0,0.0
Puerto Rico,Camuy,72027,0.0,0.0,0.0,0.0,0.0,0.0,0.0,0.0,0.0,0.0
Puerto Rico,Canovanas,72029,0.0,0.0,0.0,0.0,0.0,0.0,0.0,0.0,0.0,0.0
Puerto Rico,Carolina,72031,0.0,0.0,0.0,0.0,0.0,0.0,0.0,0.0,0.0,0.0
Puerto Rico,Catano,72033,0.0,0.0,0.0,0.0,0.0,0.0,0.0,0.0,0.0,0.0
Puerto Rico,Cayey,72035,0.0,0.0,0.0,0.0,0.0,0.0,0.0,0.0,0.0,0.0
Puerto Rico,Ceiba,72037,0.0,0.0,0.0,0.0,0.0,0.0,0.0,0.0,0.0,0.0
Puerto Rico,Ciales,72039,0.0,0.0,0.0,0.0,0.0,0.0,0.0,0.0,0.0,0.0
Puerto Rico,Cidra,72041,0.0,0.0,0.0,0.0,0.0,0.0,0.0,0.0,0.0,0.0
Puerto Rico,Coamo,72043,0.0,0.0,0.0,0.0,0.0,0.0,0.0,0.0,0.0,0.0
Puerto Rico,Comerio,72045,0.0,0.0,0.0,0.0,0.0,0.0,0.0,0.0,0.0,0.0
Puerto Rico,Corozal,72047,0.0,0.0,0.0,0.0,0.0,0.0,0.0,0.0,0.0,0.0
Puerto Rico,Culebra,72049,0.0,0.0,0.0,0.0,0.0,0.0,0.0,0.0,0.0,0.0
Puerto Rico,Dorado,72051,0.0,0.0,0.0,0.0,0.0,0.0,0.0,0.0,0.0,0.0
Puerto Rico,Fajardo,72053,0.0,0.0,0.0,0.0,0.0,0.0,0.0,0.0,0.0,0.0
Puerto Rico,Florida,72054,0.0,0.0,0.0,0.0,0.0,0.0,0.0,0.0,0.0,0.0
Puerto Rico,Guanica,72055,0.0,0.0,0.0,0.0,0.0,0.0,0.0,0.0,0.0,0.0
Puerto Rico,Guayama,72057,0.0,0.0,0.0,0.0,0.0,0.0,0.0,0.0,0.0,0.0
Puerto Rico,Guayanilla,72059,0.0,0.0,0.0,0.0,0.0,0.0,0.0,0.0,0.0,0.0
Puerto Rico,Guaynabo,72061,0.0,0.0,0.0,0.0,0.0,0.0,0.0,0.0,0.0,0.0
Puerto Rico,Gurabo,72063,0.0,0.0,0.0,0.0,0.0,0.0,0.0,0.0,0.0,0.0
Puerto Rico,Hatillo,72065,0.0,0.0,0.0,0.0,0.0,0.0,0.0,0.0,0.0,0.0
Puerto Rico,Hormigueros,72067,0.0,0.0,0.0,0.0,0.0,0.0,0.0,0.0,0.0,0.0
Puerto Rico,Humacao,72069,0.0,0.0,0.0,0.0,0.0,0.0,0.0,0.0,0.0,0.0
Puerto Rico,Isabela,72071,0.0,0.0,0.0,0.0,0.0,0.0,0.0,0.0,0.0,0.0
Puerto Rico,Jayuya,72073,0.0,0.0,0.0,0.0,0.0,0.0,0.0,0.0,0.0,0.0
Puerto Rico,Juana Diaz,72075,0.0,0.0,0.0,0.0,0.0,0.0,0.0,0.0,0.0,0.0
Puerto Rico,Juncos,72077,0.0,0.0,0.0,0.0,0.0,0.0,0.0,0.0,0.0,0.0
Puerto Rico,Lajas,72079,0.0,0.0,0.0,0.0,0.0,0.0,0.0,0.0,0.0,0.0
Puerto Rico,Lares,72081,0.0,0.0,0.0,0.0,0.0,0.0,0.0,0.0,0.0,0.0
Puerto Rico,Las Marias,72083,0.0,0.0,0.0,0.0,0.0,0.0,0.0,0.0,0.0,0.0
Puerto Rico,Las Piedras,72085,0.0,0.0,0.0,0.0,0.0,0.0,0.0,0.0,0.0,0.0
Puerto Rico,Loiza,72087,0.0,0.0,0.0,0.0,0.0,0.0,0.0,0.0,0.0,0.0
Puerto Rico,Luquillo,72089,0.0,0.0,0.0,0.0,0.0,0.0,0.0,0.0,0.0,0.0
Puerto Rico,Manati,72091,0.0,0.0,0.0,0.0,0.0,0.0,0.0,0.0,0.0,0.0
Puerto Rico,Maricao,72093,0.0,0.0,0.0,0.0,0.0,0.0,0.0,0.0,0.0,0.0
Puerto Rico,Maunabo,72095,0.0,0.0,0.0,0.0,0.0,0.0,0.0,0.0,0.0,0.0
Puerto Rico,Mayaguez,72097,0.0,0.0,0.0,0.0,0.0,0.0,0.0,0.0,0.0,0.0
Puerto Rico,Moca,72099,0.0,0.0,0.0,0.0,0.0,0.0,0.0,0.0,0.0,0.0
Puerto Rico,Morovis,72101,0.0,0.0,0.0,0.0,0.0,0.0,0.0,0.0,0.0,0.0
Puerto Rico,Naguabo,72103,0.0,0.0,0.0,0.0,0.0,0.0,0.0,0.0,0.0,0.0
Puerto Rico,Naranjito,72105,0.0,0.0,0.0,0.0,0.0,0.0,0.0,0.0,0.0,0.0
Puerto Rico,Orocovis,72107,0.0,0.0,0.0,0.0,0.0,0.0,0.0,0.0,0.0,0.0
Puerto Rico,Patillas,72109,0.0,0.0,0.0,0.0,0.0,0.0,0.0,0.0,0.0,0.0
Puerto Rico,Penuelas,72111,0.0,0.0,0.0,0.0,0.0,0.0,0.0,0.0,0.0,0.0
Puerto Rico,Ponce,72113,0.0,0.0,0.0,0.0,0.0,0.0,0.0,0.0,0.0,0.0
Puerto Rico,Quebradillas,72115,0.0,0.0,0.0,0.0,0.0,0.0,0.0,0.0,0.0,0.0
Puerto Rico,Rincon,72117,0.0,0.0,0.0,0.0,0.0,0.0,0.0,0.0,0.0,0.0
Puerto Rico,Rio Grande,72119,0.0,0.0,0.0,0.0,0.0,0.0,0.0,0.0,0.0,0.0
Puerto Rico,Sabana Grande,72121,0.0,0.0,0.0,0.0,0.0,0.0,0.0,0.0,0.0,0.0
Puerto Rico,Salinas,72123,0.0,0.0,0.0,0.0,0.0,0.0,0.0,0.0,0.0,0.0
Puerto Rico,San German,72125,0.0,0.0,0.0,0.0,0.0,0.0,0.0,0.0,0.0,0.0
Puerto Rico,San Juan,72127,0.0,0.0,0.0,0.0,0.0,0.0,0.0,0.0,0.0,0.0
Puerto Rico,San Lorenzo,72129,0.0,0.0,0.0,0.0,0.0,0.0,0.0,0.0,0.0,0.0
Puerto Rico,San Sebastian,72131,0.0,0.0,0.0,0.0,0.0,0.0,0.0,0.0,0.0,0.0
Puerto Rico,Santa Isabel,72133,0.0,0.0,0.0,0.0,0.0,0.0,0.0,0.0,0.0,0.0
Puerto Rico,Toa Alta,72135,0.0,0.0,0.0,0.0,0.0,0.0,0.0,0.0,0.0,0.0
Puerto Rico,Toa Baja,72137,0.0,0.0,0.0,0.0,0.0,0.0,0.0,0.0,0.0,0.0
Puerto Rico,Trujillo Alto,72139,0.0,0.0,0.0,0.0,0.0,0.0,0.0,0.0,0.0,0.0
Puerto Rico,Utuado,72141,0.0,0.0,0.0,0.0,0.0,0.0,0.0,0.0,0.0,0.0
Puerto Rico,Vega Alta,72143,0.0,0.0,0.0,0.0,0.0,0.0,0.0,0.0,0.0,0.0
Puerto Rico,Vega Baja,72145,0.0,0.0,0.0,0.0,0.0,0.0,0.0,0.0,0.0,0.0
Puerto Rico,Vieques,72147,0.0,0.0,0.0,0.0,0.0,0.0,0.0,0.0,0.0,0.0
Puerto Rico,Villalba,72149,0.0,0.0,0.0,0.0,0.0,0.0,0.0,0.0,0.0,0.0
Puerto Rico,Yabucoa,72151,0.0,0.0,0.0,0.0,0.0,0.0,0.0,0.0,0.0,0.0
Puerto Rico,Yauco,72153,0.0,0.0,0.0,0.0,0.0,0.0,0.0,0.0,0.0,0.0
#N/A,Midway Islands,00300,0.0,0.0,0.0,0.0,0.0,0.0,0.0,0.0,0.0,0.0
Virgin Islands,St. Croix,78010,0.0,0.0,0.0,0.0,0.0,0.0,0.0,0.0,0.0,0.0
Virgin Islands,St. John,78020,0.0,0.0,0.0,0.0,0.0,0.0,0.0,0.0,0.0,0.0
Virgin Islands,St. Thomas,78030,0.0,0.0,0.0,0.0,0.0,0.0,0.0,0.0,0.0,0.0
Alaska,Fairbanks,02001,0.0,0.0,0.0,0.0,0.0,0.0,0.0,0.0,0.0,0.0
Alaska,Delta,02002,0.0,1694.0,2712.0,0.0,8314.0,0.0,7782.0,0.0,0.0,0.0
Alaska,Homer,02003,0.0,0.0,0.0,0.0,0.0,0.0,0.0,0.0,0.0,0.0
Alaska,Palmer,02005,0.0,0.0,0.0,0.0,0.0,0.0,0.0,0.0,0.0,0.0
Florida,Dade/Monroe,12025,0.0,0.0,0.0,0.0,0.0,0.0,0.0,0.0,0.0,0.0
Guam,Guam,14001,0.0,0.0,0.0,0.0,0.0,0.0,0.0,0.0,0.0,0.0
American Samoa,American Samoa,60001,0.0,0.0,0.0,0.0,0.0,0.0,0.0,0.0,0.0,0.0
Nevada,Southeast Nye,32035,0.0,0.0,0.0,0.0,0.0,0.0,0.0,0.0,0.0,0.0
