State Name,State FIPS,County Name,County FIPS,FIPS,2014,2015,2016,2017,2018,2019,2020,2021,2022,2023,2024,2025,2014-2025 Average
Alabama,1,Autauga,1,1001,,,,,,14673.02,14524.34,12819.32,2010.76,6541.45,4444.96,8393.19,9058.148571
Alabama,1,Baldwin,3,1003,,,,,,49545.63,48971.7628,38513.11,36034.68,37200.15,36513.44,35948.27,40389.57754
Alabama,1,Barbour,5,1005,,,,,,27867.98,27569.64,27307.98,21263.7,22936.43,23172.35,22308.97,24632.43571
Alabama,1,Bibb,7,1007,,,,,,656.32,676.09,653.79,653.79,525.69,531.49,485.09,597.4657143
Alabama,1,Blount,9,1009,,,,,,3888.5,3941.29,3304.82,3176.84,3024.66,2438.51,2286.61,3151.604286
Alabama,1,Bullock,11,1011,,,,,,2202.66,2173.36,2179.56,2740.97,2729.11,1430.72,2273.68,2247.151429
Alabama,1,Butler,13,1013,,,,,,4342.02,4543.7,3611.88,4095.91,4037.69,3903.41,4238.39,4110.428571
Alabama,1,Calhoun,15,1015,,,,,,4718.48,4638.89,6562.42,0,0,0,0,2274.255714
Alabama,1,Chambers,17,1017,,,,,,0,0,0,0,0,0,0,0
Alabama,1,Cherokee,19,1019,,,,,,28463.53743,28219.50743,27428.56743,18356.92,18420.85,6136.21,7401.68,19203.89604
Alabama,1,Chilton,21,1021,,,,,,944.86,146.1,883.75,115.43,112.13,122.13,122.13,349.5042857
Alabama,1,Choctaw,23,1023,,,,,,318.58,361.08,361.08,361.17,375.08,297.08,339.48,344.7928571
Alabama,1,Clarke,25,1025,,,,,,399.3,421.3,169.3,212,212,356.8,356.8,303.9285714
Alabama,1,Clay,27,1027,,,,,,208.71,156.41,155.03,85.22,85.22,85.22,155.03,132.9771429
Alabama,1,Cleburne,29,1029,,,,,,0,0,0,0,0,0,0,0
Alabama,1,Coffee,31,1031,,,,,,49016.97,49090.42,46559.02,48001.42,48222.32,47594.64,47785.28,48038.58143
Alabama,1,Colbert,33,1033,,,,,,36371.77,36231.26,32798.23,18363.18,10366.33,4760.12,20367.13,22751.14571
Alabama,1,Conecuh,35,1035,,,,,,9018.5714,9742.86,9381.46,9719.64,9703.04,9938.39,9404.36,9558.331629
Alabama,1,Coosa,37,1037,,,,,,0,0,0,0,0,0,0,0
Alabama,1,Covington,39,1039,,,,,,30461.83,29928.56,30134.26,30089.76,29434.24,27404.67,28094.94,29364.03714
Alabama,1,Crenshaw,41,1041,,,,,,9859,9831.0326,9229.82,9545.35,9427.02,9718.65,8937.28,9506.878943
Alabama,1,Cullman,43,1043,,,,,,2270.34,2112.54,2224.33,2020.97,1347.59,1651.81,945.59,1796.167143
Alabama,1,Dale,45,1045,,,,,,31715.44,31307.96,30598.95,29811.05,30396.37,29413.74,29489.72,30390.46143
Alabama,1,Dallas,47,1047,,,,,,37314.24,34445.65,34519.3,23153.1,20211.42,21990.75,31730.08,29052.07714
Alabama,1,DeKalb,49,1049,,,,,,12664.83,12448.71,11624.74,8469.7,4343.38,3710.16,3553.72,8116.462857
Alabama,1,Elmore,51,1051,,,,,,13971.99,13930.89,12446.56,3387.95,333.61,2048.49,3643.13,7108.945714
Alabama,1,Escambia,53,1053,,,,,,35400.99,33949.92,34793.74,35283.82,35123.93,31927.72,33777.95,34322.58143
Alabama,1,Etowah,55,1055,,,,,,4449.4,4449.4,5195.93,3942.12,1666.69,838.39,920.32,3066.035714
Alabama,1,Fayette,57,1057,,,,,,7248.25,7141.85,5829.16,5564.13,5473.01,3672.91,4278.61,5601.131429
Alabama,1,Franklin,59,1059,,,,,,4107.99,4129.19,3745.69,2155.57,1110.52,980.31,836.88,2438.021429
Alabama,1,Geneva,61,1061,,,,,,65708.3,65387.32,64598.79,63013.62,62828.06,60044.58,57183.01,62680.52571
Alabama,1,Greene,63,1063,,,,,,4160.54,3711.48,3694.28,3532.48,3438.48,2802.08,2619.77,3422.73
Alabama,1,Hale,65,1065,,,,,,8543,10072.34,8814.94,8636.36,9096.36,8905.51,7059.23,8732.534286
Alabama,1,Henry,67,1067,,,,,,56143.44,55392.88,51958.48,54162.5884,54082.42,54228.48,53419.12,54198.2012
Alabama,1,Houston,69,1069,,,,,,82447.88,77904.15,77308.88,78180.15,79150.45,78765.11,79730.63,79069.60714
Alabama,1,Jackson,71,1071,,,,,,25938.64,25751.08,15289.29,3880.45,1420.86,1412.46,2095.86,10826.94857
Alabama,1,Jefferson,73,1073,,,,,,0,0,0,0,0,0,0,0
Alabama,1,Lamar,75,1075,,,,,,4337.47,4395.23,2290.31,2148.89,911.95,297.71,1614.31,2285.124286
Alabama,1,Lauderdale,77,1077,,,,,,37066.85,35904.23,31349.17,21236.6,16984.07,5614.95,10094.96,22607.26143
Alabama,1,Lawrence,79,1079,,,,,,46551.74,46507.76,47545.24,23859.5,20361.53,16780.77,29353.82,32994.33714
Alabama,1,Lee,81,1081,,,,,,4039.187028,2613.919936,3871.250868,4154.26,4075.79,3985.75,3740.44,3782.942547
Alabama,1,Limestone,83,1083,,,,,,56549.39387,55898.3011,54288.89,43061.27,25879.9714,23054.26,8137.1,38124.16948
Alabama,1,Lowndes,85,1085,,,,,,9814.84,9389.31,10783.35,8575.13,8675.66,7613.34,9248.8,9157.204286
Alabama,1,Macon,87,1087,,,,,,2701.614152,2432.51,3023.53,1673.44,2881.92,2881.92,2567.03,2594.566307
Alabama,1,Madison,89,1089,,,,,,68323.3,67491.78,46981.24,6145.49,2860.01,6806.68,13870.89,30354.19857
Alabama,1,Marengo,91,1091,,,,,,20042.47,17999.08,19295.3,17087.31,16284.71,16636.07,11978.9,17046.26286
Alabama,1,Marion,93,1093,,,,,,5085.22,5160.12,5026.7,5121.6,1847.89,1637.57,2663.98,3791.868571
Alabama,1,Marshall,95,1095,,,,,,6450.61,6440.21,4565.05,1853.87,1623.44,958.23,522.37,3201.968571
Alabama,1,Mobile,97,1097,,,,,,17024.16,16967.7,15138.97,16083.26,16514.78,14652.19,13831.19,15744.60714
Alabama,1,Monroe,99,1099,,,,,,32526.73,32418.13,32392.28,32107.9784,32387.888,30241.96,31620.26,31956.46091
Alabama,1,Montgomery,101,1101,,,,,,7526.08,8048.31,7339.34,2108.02,1266.52,1779.12,1027.02,4156.344286
Alabama,1,Morgan,103,1103,,,,,,6187.99,6338.86,5906.05,5066.44,975,2813.31,3598.01,4412.237143
Alabama,1,Perry,105,1105,,,,,,19161.76,18463.58,18547.45,15189.69,14485.92,14109.86,12807.68,16109.42
Alabama,1,Pickens,107,1107,,,,,,7675.76,7129.26,4188.87,6675.29,4194.36,3183.9,3155.12,5171.794286
Alabama,1,Pike,109,1109,,,,,,18158.73,18000.75,17776.7,17705.25,17799.02,17643.56,17613.99,17814
Alabama,1,Randolph,111,1111,,,,,,250.8,268.6,274.7,274.7,274.7,282.82,235.62,265.9914286
Alabama,1,Russell,113,1113,,,,,,8740.64,9038.28,8365.89554,4466.24,2975.96,6792.97,6356.66,6676.663649
Alabama,1,St. Clair,115,1115,,,,,,0,0,77,77,77,77,0,44
Alabama,1,Shelby,117,1117,,,,,,4150.28,4100.54,4357.3,0,0,0,2482.87,2155.855714
Alabama,1,Sumter,119,1119,,,,,,2100.5,2239.6,1753.4,1820.76,1757.26,1740.46,1738.66,1878.662857
Alabama,1,Talladega,121,1121,,,,,,13153.06,12799.27,14377.23,0,0,416.52,9401.77,7163.978571
Alabama,1,Tallapoosa,123,1123,,,,,,1035.63,966.04,828.99,161.96,158.55,158.55,158.55,495.4671429
Alabama,1,Tuscaloosa,125,1125,,,,,,8753.25,8747.39,6403.69,4986.93,5944.4,4913.93,4487.61,6319.6
Alabama,1,Walker,127,1127,,,,,,20.5,20.3,20.3,20.3,20.3,20.3,20.3,20.32857143
Alabama,1,Washington,129,1129,,,,,,2871.01,2775.32,2039.5,2069.82,2012.64,1975.59,866.61,2087.212857
Alabama,1,Wilcox,131,1131,,,,,,9911.41,9995.93,10405.03,8549.62,5476.32,5713.93,5603.96,7950.885714
Alabama,1,Winston,133,1133,,,,,,58.28,91.68,91.68,68.58,53.28,67.38,0,61.55428571
Alaska,2,Aleutians East,13,2013,,,,,,0,0,0,0,0,0,0,0
Alaska,2,Aleutians West,16,2016,,,,,,0,0,0,0,0,0,0,0
Alaska,2,Anchorage,20,2020,,,,,,0,0,0,0,0,0,0,0
Alaska,2,Bethel,50,2050,,,,,,0,0,0,0,0,0,0,0
Alaska,2,Bristol Bay,60,2060,,,,,,0,0,0,0,0,0,0,0
Alaska,2,Denali,68,2068,,,,,,0,0,0,0,0,0,0,0
Alaska,2,Dillingham,70,2070,,,,,,0,0,0,0,0,0,0,0
Alaska,2,Fairbanks North Star,90,2090,,,,,,0,0,0,0,0,0,0,0
Alaska,2,Haines,100,2100,,,,,,0,0,0,0,0,0,0,0
Alaska,2,Juneau,110,2110,,,,,,0,0,0,0,0,0,0,0
Alaska,2,Kenai Peninsula,122,2122,,,,,,0,0,0,0,0,0,0,0
Alaska,2,Ketchikan Gateway,130,2130,,,,,,0,0,0,0,0,0,0,0
Alaska,2,Kodiak Island,150,2150,,,,,,0,0,0,0,0,0,0,0
Alaska,2,Lake and Peninsula,164,2164,,,,,,0,0,0,0,0,0,0,0
Alaska,2,Matanuska-Susitna,170,2170,,,,,,0,0,0,0,0,0,0,0
Alaska,2,Nome,180,2180,,,,,,0,0,0,0,0,0,0,0
Alaska,2,North Slope,185,2185,,,,,,0,0,0,0,0,0,0,0
Alaska,2,Northwest Arctic,188,2188,,,,,,0,0,0,0,0,0,0,0
Alaska,2,Prince of Wales-Outer Ketchikan,201,2201,,,,,,0,0,0,0,0,0,0,0
Alaska,2,Sitka,220,2220,,,,,,0,0,0,0,0,0,0,0
Alaska,2,Skagway-Hoonah-Angoon,232,2232,,,,,,0,0,0,0,0,0,0,0
Alaska,2,Southeast Fairbanks,240,2240,,,,,,0,0,0,0,0,0,0,0
Alaska,2,Valdez-Cordova,261,2261,,,,,,0,0,0,0,0,0,0,0
Alaska,2,Wade Hampton,270,2270,,,,,,0,0,0,0,0,0,0,0
Alaska,2,Wrangell-Petersburg,280,2280,,,,,,0,0,0,0,0,0,0,0
Alaska,2,Yakutat,282,2282,,,,,,0,0,0,0,0,0,0,0
Alaska,2,Yukon-Koyukuk,290,2290,,,,,,0,0,0,0,0,0,0,0
Arizona,4,Apache,1,4001,,,,,,0,0,0,0,0,0,0,0
Arizona,4,Cochise,3,4003,,,,,,51829.76,51714.27,53878.1,54049.59,56357.58,57664.44,58045.94,54791.38286
Arizona,4,Coconino,5,4005,,,,,,0,0,0,0,0,0,0,0
Arizona,4,Gila,7,4007,,,,,,0,0,0,0,0,0,0,0
Arizona,4,Graham,9,4009,,,,,,20093.22,19268.25,19446.6,17242.43,18005.83,11805.87,19735.69,17942.55571
Arizona,4,Greenlee,11,4011,,,,,,1853.21,1853.21,1763.29,1755.09,1501.08,903.53,928.03,1508.205714
Arizona,4,La Paz,12,4012,,,,,,35704.2,34379.84,29363.61,33249.9,28748.63,32315.02,29105.32,31838.07429
Arizona,4,Maricopa,13,4013,,,,,,138471.58,135085.02,120591.67,104504.26,93299.59,89277.43,78396.15,108517.9571
Arizona,4,Mohave,15,4015,,,,,,5377.09,0,5948.71,0,0,0,0,1617.971429
Arizona,4,Navajo,17,4017,,,,,,0,0,0,0,0,0,0,0
Arizona,4,Pima,19,4019,,,,,,12166.76,10835.13,12713.36,10699.5,9120.93,12544.64,12732.2,11544.64571
Arizona,4,Pinal,21,4021,,,,,,153148.05,132182.94,158381.25,159860.45,156014.75,160316.55,148524.76,152632.6786
Arizona,4,Santa Cruz,23,4023,,,,,,0,0,0,0,0,0,0,0
Arizona,4,Yavapai,25,4025,,,,,,0,0,0,0,0,0,0,0
Arizona,4,Yuma,27,4027,,,,,,67449.42,68104.55,61812.06,70626.19,70607.69,66894.24,70475.33,67995.64
Arkansas,5,Arkansas,1,5001,,,,,,250987.37,241246.91,194269.83,186861.13,187294.17,185962.6,173463.47,202869.3543
Arkansas,5,Ashley,3,5003,,,,,,106508.05,105527.53,103316.94,81304.71,67014.06,71001.55,77190.57,87409.05857
Arkansas,5,Baxter,5,5005,,,,,,0,0,0,0,0,0,0,0
Arkansas,5,Benton,7,5007,,,,,,1541.41,1544.45,1461.15,1103.19,1360.91,1096.44,687.43,1256.425714
Arkansas,5,Boone,9,5009,,,,,,845.27,803.57,842.77,595.3,864.77,864.77,756.37,796.1171429
Arkansas,5,Bradley,11,5011,,,,,,0,0,0,0,0,0,0,0
Arkansas,5,Calhoun,13,5013,,,,,,0,0,0,0,0,0,0,0
Arkansas,5,Carroll,15,5015,,,,,,0,0,0,0,0,0,0,0
Arkansas,5,Chicot,17,5017,,,,,,184901.94,183454.29,163939.13,174663.45,169568.82,117337.26,126888.07,160107.5657
Arkansas,5,Clark,19,5019,,,,,,12134.98,12501.49,12492.26,11266.33,11934.25,9477.23,11145.8,11564.62
Arkansas,5,Clay,21,5021,,,,,,161555.22,161223.64,155678.51,154908.93,158196.83,157958.31,152839.97,157480.2014
Arkansas,5,Cleburne,23,5023,,,,,,823.13,820.43,820.43,788.13,788.13,767.83,245.83,721.9871429
Arkansas,5,Cleveland,25,5025,,,,,,433.1,433.1,433.1,441,401.3,435.2,435.2,430.2857143
Arkansas,5,Columbia,27,5027,,,,,,0,201.6,201.6,0,0,201.6,201.6,115.2
Arkansas,5,Conway,29,5029,,,,,,9080.56,9430.66,9645.39,8993.21,8426.42,7319.65,6906.45,8543.191429
Arkansas,5,Craighead,31,5031,,,,,,211645.96,209400.27,201011.95,201006.095,211782.88,209589.35,209910.23,207763.8193
Arkansas,5,Crawford,33,5033,,,,,,4477.93,4423.18,4257.18,3135.03,4533.53,4971.62,4994.32,4398.97
Arkansas,5,Crittenden,35,5035,,,,,,187105.19,186638.99,172996.41,130644.56,135987.43,137129.59,138404.27,155558.0629
Arkansas,5,Cross,37,5037,,,,,,153385.42,153898.72,154037.66,154816.19,154585.3,152645.52,154495.13,153980.5629
Arkansas,5,Dallas,39,5039,,,,,,605.2,632.9,632.9,740.3,412.6,732.7,646.04,628.9485714
Arkansas,5,Desha,41,5041,,,,,,207750.09,209854.48,155680.04,174283.17,167338.24,94590.2,131219.73,162959.4214
Arkansas,5,Drew,43,5043,,,,,,65162.91,65312.86,53706.72,47529.89,46015,28406.96,37256.55,49055.84143
Arkansas,5,Faulkner,45,5045,,,,,,10313.21,10297.04,10147.52,9960.84,9138.19,9532.48,9534.64,9846.274286
Arkansas,5,Franklin,47,5047,,,,,,281.76,281.76,281.76,281.76,281.76,263.66,629.72,328.8828571
Arkansas,5,Fulton,49,5049,,,,,,0,0,0,0,0,0,0,0
Arkansas,5,Garland,51,5051,,,,,,0,0,0,0,0,0,0,0
Arkansas,5,Grant,53,5053,,,,,,0,0,0,0,0,0,0,0
Arkansas,5,Greene,55,5055,,,,,,121040.4632,120156.83,106618.86,118094.99,118363.27,118235.14,117101.34,117087.2705
Arkansas,5,Hempstead,57,5057,,,,,,7340.31,7667.6,7782.82,7665.47,7130.53,6610.66,7491.54,7384.132857
Arkansas,5,Hot Spring,59,5059,,,,,,3150,3099.21,3099.21,2945.52,3601.82,3556.22,3347.22,3257.028571
Arkansas,5,Howard,61,5061,,,,,,356.97,345.77,278.77,278.66,146.62,143.34,322.48,267.5157143
Arkansas,5,Independence,63,5063,,,,,,41363.48,40499.04,41439.73,40733.53,41315.11,39545.86,38684.68,40511.63286
Arkansas,5,Izard,65,5065,,,,,,864.08,864.08,806.58,864.08,864.08,860.09,860.09,854.7257143
Arkansas,5,Jackson,67,5067,,,,,,185698.37,186256.56,117376.58,183493.45,184382.72,186378.17,170150.96,173390.9729
Arkansas,5,Jefferson,69,5069,,,,,,168376.77,168720.54,152107.92,148538.31,143961.2,131061.73,133497.91,149466.34
Arkansas,5,Johnson,71,5071,,,,,,47.59,47.59,47.59,47.59,47.59,47.59,755.74,148.7542857
Arkansas,5,Lafayette,73,5073,,,,,,37398.21,37421.56,33931.76,33417.1,34205.9,29489.98,33588.58,34207.58429
Arkansas,5,Lawrence,75,5075,,,,,,153554.283,154202.4505,142889.57,149110.59,149374.8,148171.24,146874.19,149168.1605
Arkansas,5,Lee,77,5077,,,,,,169724.86,168876.4,160988.73,116756.49,104408.16,111800.53,139359.13,138844.9
Arkansas,5,Lincoln,79,5079,,,,,,114303.07,113149.68,107473.53,99933.37,92953.51,61208.09,72975.34,94570.94143
Arkansas,5,Little River,81,5081,,,,,,31590.91,31640.41,23537.51,24556.9,25136.78,22827.13,20488.93,25682.65286
Arkansas,5,Logan,83,5083,,,,,,3815.39,3779.09,3728.89,3688.69,3731.19,4224.79,4342.49,3901.504286
Arkansas,5,Lonoke,85,5085,,,,,,179584.44,177721.32,173407.16,170362.34,169726.25,163904.06,162236.15,170991.6743
Arkansas,5,Madison,87,5087,,,,,,528.9,528.9,528.9,478.6,478.6,478.6,478.6,500.1571429
Arkansas,5,Marion,89,5089,,,,,,0,0,0,0,0,0,0,0
Arkansas,5,Miller,91,5091,,,,,,56483.6,54327.47,53023.72,49121.72,50396.12,28961.9,32328.98,46377.64429
Arkansas,5,Mississippi,93,5093,,,,,,293467.6,292106.86,265288.12,257179.68,269407.21,273525.39,281862.44,276119.6143
Arkansas,5,Monroe,95,5095,,,,,,146440.31,146192.85,140768.93,135959.25,133452.64,125731.7,136567.01,137873.2414
Arkansas,5,Montgomery,97,5097,,,,,,0,0,0,0,0,0,0,0
Arkansas,5,Nevada,99,5099,,,,,,1489.2,1704.3,1800,2013.9,1561.7,1354.3,1406.76,1618.594286
Arkansas,5,Newton,101,5101,,,,,,39.9,39.9,39.9,0,39.9,39.9,39.9,34.2
Arkansas,5,Ouachita,103,5103,,,,,,87.3,526.3,526.3,697.92,694.12,447.5,436.52,487.9942857
Arkansas,5,Perry,105,5105,,,,,,5153.4,5036.99,5046.84,5166.62,5255.93,4778.21,4425.36,4980.478571
Arkansas,5,Phillips,107,5107,,,,,,204889.86,203648.79,199184.56,162651.39,162284.35,157363.58,192351.68,183196.3157
Arkansas,5,Pike,109,5109,,,,,,891.69,894.09,819.17,826.57,826.57,828.79,822.37,844.1785714
Arkansas,5,Poinsett,111,5111,,,,,,238368.85,238385.08,232766.76,227744.51,236575.86,236288.06,235062.69,235027.4014
Arkansas,5,Polk,113,5113,,,,,,0,0,0,0,0,0,0,0
Arkansas,5,Pope,115,5115,,,,,,7026.67,7053.37,7055.7,6997.44,7019.72,7166.3,6763.9,7011.871429
Arkansas,5,Prairie,117,5117,,,,,,120492.56,121253.33,119791.7,121257.15,122650.14,118471.42,115609.47,119932.2529
Arkansas,5,Pulaski,119,5119,,,,,,16910.64,16370.95,13542.54,16716.15,15778.32,15061.43,15022.93,15628.99429
Arkansas,5,Randolph,121,5121,,,,,,50968.42,50865.68,46719.65,46414.75,46014.54,46900.16,46654.18,47791.05429
Arkansas,5,St. Francis,123,5123,,,,,,109101.97,109164.56,109010.01,94429.95,95826.44,95408.61,103402.5,102334.8629
Arkansas,5,Saline,125,5125,,,,,,81,81,81,316.1,316.1,358.8,272.6,215.2285714
Arkansas,5,Scott,127,5127,,,,,,0,0,0,0,0,0,0,0
Arkansas,5,Searcy,129,5129,,,,,,0,0,0,0,0,0,0,0
Arkansas,5,Sebastian,131,5131,,,,,,682.99,688.99,688.99,688.99,879.89,957.19,975.15,794.5985714
Arkansas,5,Sevier,133,5133,,,,,,1096.5,1096.5,1096.5,1096.5,1096.5,0,0,783.2142857
Arkansas,5,Sharp,135,5135,,,,,,0,0,0,0,0,0,0,0
Arkansas,5,Stone,137,5137,,,,,,535.1,516.1,516.1,516.1,516.1,516.1,516.1,518.8142857
Arkansas,5,Union,139,5139,,,,,,0,0,0,0,0,0,0,0
Arkansas,5,Van Buren,141,5141,,,,,,0,0,0,0,0,0,0,0
Arkansas,5,Washington,143,5143,,,,,,0,0,0,0,0,0,0,0
Arkansas,5,White,145,5145,,,,,,56168.51,57079.69,57947.4,55509.9,54669.84,51589.3,46699.5,54237.73429
Arkansas,5,Woodruff,147,5147,,,,,,140275.76,140352.97,133603.99,138131.82,138538.16,140259.32,141923.31,139012.19
Arkansas,5,Yell,149,5149,,,,,,8916.3,8880.26,9004.18,9068.58,9140.65,8550.02,6947.37,8643.908571
California,6,Alameda,1,6001,,,,,,3142.1,2932,2413.2,2512.6,2308.6,352.7,0,1951.6
California,6,Alpine,3,6003,,,,,,0,0,0,0,0,0,0,0
California,6,Amador,5,6005,,,,,,293.1,293.1,293.1,215.9,215.9,101.5,0,201.8
California,6,Butte,7,6007,,,,,,74731.59,76212.31,66611.57,77047.35,71100.19,66854.97,64939.23,71071.03
California,6,Calaveras,9,6009,,,,,,0,0,0,0,0,0,0,0
California,6,Colusa,11,6011,,,,,,183081.25,152872.27,17341.06,164903.76,133466.46,150212,147478.65,135622.2071
California,6,Contra Costa,13,6013,,,,,,12242.71,12231.91,7391.71,10092.81,5176.68,4276.66,2808.01,7745.784286
California,6,Del Norte,15,6015,,,,,,0,0,0,0,0,0,0,0
California,6,El Dorado,17,6017,,,,,,0,0,0,0,0,0,0,0
California,6,Fresno,19,6019,,,,,,142181.62,129059.14,116395.57,122577.45,107520.61,102029.18,74070.62,113404.8843
California,6,Glenn,21,6021,,,,,,104331.25,95662.28,68033.76,95774.33,93695.68,96260.81,106127.87,94269.42571
California,6,Humboldt,23,6023,,,,,,0,0,0,0,0,0,0,0
California,6,Imperial,25,6025,,,,,,72858.36,64201.54,53175.19,45552.44,43638.79,39642.67,46235.46,52186.35
California,6,Inyo,27,6027,,,,,,0,0,0,0,0,0,0,0
California,6,Kern,29,6029,,,,,,102159.79,99278.536,95489.9,82357.41,84010.326,85399.116,85275.066,90567.16343
California,6,Kings,31,6031,,,,,,161565.11,156530.54,144933.28,141561.92,129629.75,121106.81,109891.18,137888.37
California,6,Lake,33,6033,,,,,,0,0,0,0,0,0,0,0
California,6,Lassen,35,6035,,,,,,5586.36,5549.96,6334.16,6549.36,6455.06,6102.56,6232.16,6115.66
California,6,Los Angeles,37,6037,,,,,,911.23,861.13,678.66,192.67,192.67,192.67,0,432.7185714
California,6,Madera,39,6039,,,,,,42264.28,35162.88,37784.9,34504.67,33225.49,28689.32,26130.84,33966.05429
California,6,Marin,41,6041,,,,,,0,0,0,0,0,0,0,0
California,6,Mariposa,43,6043,,,,,,0,0,0,0,0,0,0,0
California,6,Mendocino,45,6045,,,,,,0,0,0,0,0,0,0,0
California,6,Merced,47,6047,,,,,,136460.91,133124.52,82368.04,138625.12,132814.8,130927.67,123927.04,125464.0143
California,6,Modoc,49,6049,,,,,,22491.23,22653.87,17454.13,21719.62174,19837.73,21634.57,18834.54,20660.81311
California,6,Mono,51,6051,,,,,,0,0,0,0,0,0,0,0
California,6,Monterey,53,6053,,,,,,6073.75,6073.75,5774.95,6005.95,4624.81,4831.3,5417.1,5543.087143
California,6,Napa,55,6055,,,,,,0,0,0,0,0,0,0,0
California,6,Nevada,57,6057,,,,,,0,0,0,0,0,0,0,0
California,6,Orange,59,6059,,,,,,0,0,0,0,0,0,0,0
California,6,Placer,61,6061,,,,,,4909.4,4782.7,3711.1,6550.36,3556.08,2207.42,1678.88,3913.705714
California,6,Plumas,63,6063,,,,,,387.5,387.5,387.5,387.5,387.5,387.5,387.5,387.5
California,6,Riverside,65,6065,,,,,,24201.22,24224.11,27682.02,25304.17,26475.49,26669.24,20374.14,24990.05571
California,6,Sacramento,67,6067,,,,,,45065.47,45067.4,37494.35,42001.99,31251.78,27373.59,27430.1,36526.38286
California,6,San Benito,69,6069,,,,,,1081.1,1000.1,808.2,135.6,694.7,112.5,68.2,557.2
California,6,San Bernardino,71,6071,,,,,,0,0,0,0,0,0,0,0
California,6,San Diego,73,6073,,,,,,0,0,0,0,0,0,0,0
California,6,San Francisco,75,6075,,,,,,0,0,0,0,0,0,0,0
California,6,San Joaquin,77,6077,,,,,,110477.35,107099.44,71850.57,82646.41,70487.42,112424.81,43364.19,85478.59857
California,6,San Luis Obispo,79,6079,,,,,,62553.57,63472.23,58852.78,59037.19,53349.2,55484.3,56495.99,58463.60857
California,6,San Mateo,81,6081,,,,,,0,0,0,0,0,0,0,0
California,6,Santa Barbara,83,6083,,,,,,0,0,0,0,0,0,0,0
California,6,Santa Clara,85,6085,,,,,,0,0,0,0,0,0,0,0
California,6,Santa Cruz,87,6087,,,,,,0,0,0,0,0,0,0,0
California,6,Shasta,89,6089,,,,,,760.97,760.97,300.34,760.97,17.15,17.15,17.15,376.3857143
California,6,Sierra,91,6091,,,,,,0,0,0,0,0,0,0,0
California,6,Siskiyou,93,6093,,,,,,28317.54,20545.77,21000.48,22615.69,14727.2,13570.06,9911.93,18669.81
California,6,Solano,95,6095,,,,,,58465.15,54234.48,43848.52,45737.68,23942.28,33758.51,27889.34,41125.13714
California,6,Sonoma,97,6097,,,,,,0,0,0,0,0,0,0,0
California,6,Stanislaus,99,6099,,,,,,48485.23,49395.4,45671.91,36878.28,34796.15,29037.18,35467.46,39961.65857
California,6,Sutter,101,6101,,,,,,82035.75,76656.04,73170.5,65787.66,64669.05,47690.18,51631.575,65948.67929
California,6,Tehama,103,6103,,,,,,5495.91,5404.61,4286.21,5404.61,4682.73,2917.44,1406.6,4228.301429
California,6,Trinity,105,6105,,,,,,0,0,0,0,0,0,0,0
California,6,Tulare,107,6107,,,,,,166652.01,162268.175,150612.19,147132.05,143165.01,148793.91,138585.33,151029.8107
California,6,Tuolumne,109,6109,,,,,,0,0,0,0,0,0,0,0
California,6,Ventura,111,6111,,,,,,0,0,0,0,0,0,0,0
California,6,Yolo,113,6113,,,,,,117589.85,86345.01,65572.15,85408.22,53679.74,57457.2,72959.88,77001.72143
California,6,Yuba,115,6115,,,,,,23341.84,23060.24,20673.34,18594.24,20367.24,11780.78,9849.44,18238.16
Colorado,8,Adams,1,8001,,,,,,162883.46,153899.67,164757.72,118180.9588,128243.46,125286.5717,128938.4252,140312.8951
Colorado,8,Alamosa,3,8003,,,,,,15405.53,14468.63,14142.17,12591.73,12063.01,10923.18,11427.36,13003.08714
Colorado,8,Arapahoe,5,8005,,,,,,91116.6,90992.51,84675.5,60814.74,57310.59,29537.21,35880.485,64332.51929
Colorado,8,Archuleta,7,8007,,,,,,0,0,0,0,0,0,0,0
Colorado,8,Baca,9,8009,,,,,,421707.4812,406310.1485,419384.14,302080.68,292939.1412,349092.7388,355013.4097,363789.6771
Colorado,8,Bent,11,8011,,,,,,22317.7,20640.49,12065.87,10107.47,7852.62,15628.86,14388.91346,14714.56049
Colorado,8,Boulder,13,8013,,,,,,3985.3,4394.6,4512.6,4508.4627,2368.53834,1925.8,1647.8,3334.72872
Colorado,8,Broomfield,14,8014,,,,,,621.25,728.46,694.89,689.32,907.67,907.67,840.3434,769.9433429
Colorado,8,Chaffee,15,8015,,,,,,0,0,0,0,0,0,0,0
Colorado,8,Cheyenne,17,8017,,,,,,235945.01,235327.07,190803.11,175148.68,168673.61,171492.72,155945.17,190476.4814
Colorado,8,Clear Creek,19,8019,,,,,,0,0,0,0,0,0,0,0
Colorado,8,Conejos,21,8021,,,,,,15530.81,15919.3,14821.74,12086.73,12901.34,11894.53,13613.02,13823.92429
Colorado,8,Costilla,23,8023,,,,,,6971.32,6570.22,6875.32,4563.92,5428.22,4521.32,5026.72,5708.148571
Colorado,8,Crowley,25,8025,,,,,,9834.88,9851.69,9866.33,9571.97,6542.07,8017.54,7004.54,8669.86
Colorado,8,Custer,27,8027,,,,,,0,0,0,0,0,0,0,0
Colorado,8,Delta,29,8029,,,,,,1432.76,1663.98,957.83,932.06,1303.71,833,152.2,1039.362857
Colorado,8,Denver,31,8031,,,,,,6878.87,6878.87,6903.75,6903.75,0,6903.75,6903.75,5910.391429
Colorado,8,Dolores,33,8033,,,,,,20719.51,20732.7,22261.06,20563.43,18418.46,20190.55,17963.85,20121.36571
Colorado,8,Douglas,35,8035,,,,,,360.17,360.17,528.96,462.79,528.96,294.7,210.1,392.2642857
Colorado,8,Eagle,37,8037,,,,,,0,0,0,0,0,0,0,0
Colorado,8,Elbert,39,8039,,,,,,50921.23,51993.65,52571.67544,49537.02,46116.6,43152.3345,45601.25907,48556.25272
Colorado,8,El Paso,41,8041,,,,,,1871.43,2696.29,1812.55,1838.24,1757.77,1420.26,1914.27,1901.544286
Colorado,8,Fremont,43,8043,,,,,,0,0,0,0,0,0,0,0
Colorado,8,Garfield,45,8045,,,,,,1618.3,1695.52,1701.92,1857.72,1857.72,1862.62,1860.49,1779.184286
Colorado,8,Gilpin,47,8047,,,,,,0,0,0,0,0,0,0,0
Colorado,8,Grand,49,8049,,,,,,0,0,0,0,0,0,0,0
Colorado,8,Gunnison,51,8051,,,,,,0,0,0,0,0,0,0,0
Colorado,8,Hinsdale,53,8053,,,,,,0,0,0,0,0,0,0,0
Colorado,8,Huerfano,55,8055,,,,,,0,0,0,0,0,0,0,0
Colorado,8,Jackson,57,8057,,,,,,0,0,0,0,0,0,0,0
Colorado,8,Jefferson,59,8059,,,,,,0,0,0,0,0,0,0,0
Colorado,8,Kiowa,61,8061,,,,,,352147.09,354782.4057,221303.09,92224.6725,95040.99,239918.2865,181525.925,219563.2085
Colorado,8,Kit Carson,63,8063,,,,,,566955.16,558175.33,276199.26,124728.03,26791.84,121160.34,142478.9,259498.4086
Colorado,8,Lake,65,8065,,,,,,0,0,0,0,0,0,0,0
Colorado,8,La Plata,67,8067,,,,,,3261.99,3099.63,694.95,601.7,233.3,176.8,270.9,1191.324286
Colorado,8,Larimer,69,8069,,,,,,11509.95,11241.54,11360.47,9240.75,3381.10678,4124.52561,4076.55287,7847.84218
Colorado,8,Las Animas,71,8071,,,,,,10081.29,9450.49,9773.19,5686.94,8695.9,6597.27,7109.32,8199.2
Colorado,8,Lincoln,73,8073,,,,,,199084.64,191698.64,186504.73,179631.18,169170.85,172970.8,183003.4094,183152.0356
Colorado,8,Logan,75,8075,,,,,,223229.15,221722.7066,201423.15,195046.32,164661.15,181136.9301,183837.31,195865.2452
Colorado,8,Mesa,77,8077,,,,,,5177.4,5298.31,5109.37,5548.79,5502.3,5286.57,5354.92,5325.38
Colorado,8,Mineral,79,8079,,,,,,0,0,0,0,0,0,0,0
Colorado,8,Moffat,81,8081,,,,,,27670.39,23757.29,27125.5,25850.82,25257.69,19092.34,19185.46,23991.35571
Colorado,8,Montezuma,83,8083,,,,,,12799.97,13166.77,12120.37,12205.88,7055.27,2778.7,1739.72,8838.097143
Colorado,8,Montrose,85,8085,,,,,,10515.93,10183.04,9825.92,9985.39,10050.49,9447.54,8239.72,9749.718571
Colorado,8,Morgan,87,8087,,,,,,158919.97,136779.53,133481.8,108727.04,97701.45,102195.51,107318.04,120731.9057
Colorado,8,Otero,89,8089,,,,,,10087.72,9913.72,12256.2,10598.03,6403.1,6349.42,6828.95,8919.591429
Colorado,8,Ouray,91,8091,,,,,,0,0,0,0,0,0,0,0
Colorado,8,Park,93,8093,,,,,,0,0,0,0,0,0,0,0
Colorado,8,Phillips,95,8095,,,,,,253864.24,253367.65,179897.78,79140.38,48922.06,93359.94,81769.12,141474.4529
Colorado,8,Pitkin,97,8097,,,,,,0,0,0,0,0,0,0,0
Colorado,8,Prowers,99,8099,,,,,,210599.18,206960.05,155280.88,127255.93,111394.36,157497.1959,152923.8447,160273.0629
Colorado,8,Pueblo,101,8101,,,,,,2232.32,1874.27,2583.12,1694.49,2868.74,2325.88,2538.22,2302.434286
Colorado,8,Rio Blanco,103,8103,,,,,,4099.89,4275.49,5831.41,4890.43,5649.91,3532.9,4716.51,4713.791429
Colorado,8,Rio Grande,105,8105,,,,,,26131.71,19533.8,23639.37,19459.41,22540.03,23353.36,13670.4,21189.72571
Colorado,8,Routt,107,8107,,,,,,15485.44,15858.19639,16580.54,16692.2914,18693.4758,16659.0258,17465.73136,16776.38582
Colorado,8,Saguache,109,8109,,,,,,22709.9,22729.6,21259.77,19028.76,19036.71,21746.45,10562.91,19582.01429
Colorado,8,San Juan,111,8111,,,,,,0,0,0,0,0,0,0,0
Colorado,8,San Miguel,113,8113,,,,,,1008.36,1021.16,1200.76,1144.2,1153.3,1131.4,563,1031.74
Colorado,8,Sedgwick,115,8115,,,,,,161079.17,160921.59,134671.29,95514.8,69312.5,86612.27,77582.77,112242.0557
Colorado,8,Summit,117,8117,,,,,,0,0,0,0,0,0,0,0
Colorado,8,Teller,119,8119,,,,,,0,0,0,0,0,0,0,0
Colorado,8,Washington,121,8121,,,,,,401088.61,397428.271,364609.06,228308.9269,179625.0823,269202.3248,282566.3149,303261.2271
Colorado,8,Weld,123,8123,,,,,,254809.23,265532.5502,235077.12,120142.844,114311.4218,119329.1973,97087.25,172327.0876
Colorado,8,Yuma,125,8125,,,,,,366443.28,394381.2938,288222.271,298785.8629,263570.933,285929.0255,225099.9363,303204.6575
Connecticut,9,Fairfield,1,9001,,,,,,0,0,0,0,0,0,0,0
Connecticut,9,Hartford,3,9003,,,,,,866.13,797.83,536.48,381.86,241.36,149.06,201.61,453.4757143
Connecticut,9,Litchfield,5,9005,,,,,,3274.3,3665.18,3489.51,3292.57,3188.66,3077.39,0,2855.372857
Connecticut,9,Middlesex,7,9007,,,,,,0,0,0,0,0,0,0,0
Connecticut,9,New Haven,9,9009,,,,,,0,0,0,0,0,0,89.8,12.82857143
Connecticut,9,New London,11,9011,,,,,,2435.86,2522.58,2305.09,2264.44,2277.48,2206.79,2229.9,2320.305714
Connecticut,9,Tolland,13,9013,,,,,,275.68,280.15,330.45,260.65,300.27,312.37,340.27,299.9771429
Connecticut,9,Windham,15,9015,,,,,,2949.46,2957.06,2995.66,2634.08,2742.65,2716.21,2518.4,2787.645714
Delaware,10,Kent,1,10001,,,,,,105463.33,100314.82,56612.52,44328.46136,43673.00463,39381.37647,37229.26525,61000.39681
Delaware,10,New Castle,3,10003,,,,,,30377.35,27160.45,14057.54,11159.74735,11114.52217,9341.687582,9984.142687,16170.77711
Delaware,10,Sussex,5,10005,,,,,,80812.75,74777.4868,34460.2315,28454.24613,27557.87878,28960.80853,28108.3965,43304.54261
District Of Columbia,11,District of Columbia,1,11001,,,,,,0,0,0,0,0,0,0,0
Florida,12,Alachua,1,12001,,,,,,3988.47,4206.02,4854.61,5165.78,5112.71,4665.59,5268.72,4751.7
Florida,12,Baker,3,12003,,,,,,0,0,0,0,0,0,0,0
Florida,12,Bay,5,12005,,,,,,0,0,0,0,0,0,0,0
Florida,12,Bradford,7,12007,,,,,,0,0,0,0,0,0,0,0
Florida,12,Brevard,9,12009,,,,,,0,0,0,0,0,0,0,0
Florida,12,Broward,11,12011,,,,,,0,0,0,0,0,0,0,0
Florida,12,Calhoun,13,12013,,,,,,11827.45,12304.12,11871.03,11095.88,11261.29,9648.41,12168.14,11453.76
Florida,12,Charlotte,15,12015,,,,,,0,0,0,0,0,0,0,0
Florida,12,Citrus,17,12017,,,,,,0,0,0,0,0,0,0,0
Florida,12,Clay,19,12019,,,,,,0,0,0,0,0,0,0,0
Florida,12,Collier,21,12021,,,,,,0,0,0,0,0,0,0,0
Florida,12,Columbia,23,12023,,,,,,10619.14,10576.06,7342,10080.59,8514.28,5976.81,5308.64,8345.36
Florida,12,DeSoto,27,12027,,,,,,0,0,0,0,0,0,0,0
Florida,12,Dixie,29,12029,,,,,,656.14,768,504.6,728.84,719.94,728.84,717.7,689.1514286
Florida,12,Duval,31,12031,,,,,,0,0,0,0,0,0,0,0
Florida,12,Escambia,33,12033,,,,,,18333.77,16815.35,18624.43,15046.23,15887.4,11591.3,16739.82,16148.32857
Florida,12,Flagler,35,12035,,,,,,0,0,0,0,0,0,0,0
Florida,12,Franklin,37,12037,,,,,,0,0,0,0,0,0,0,0
Florida,12,Gadsden,39,12039,,,,,,1589.05,1503.23,1395.2,1518.31,1646.01,1965.87,2175.99,1684.808571
Florida,12,Gilchrist,41,12041,,,,,,11492.7,13480.69,10633.2,13172.78,12972.02,11723.21,11792.44,12181.00571
Florida,12,Glades,43,12043,,,,,,0,84.4,0,0,0,124.8,0,29.88571429
Florida,12,Gulf,45,12045,,,,,,0,0,0,0,0,0,0,0
Florida,12,Hamilton,47,12047,,,,,,6516.08,6809.03,6254.74,6236.72,6179.66,6030.49,5607.02,6233.391429
Florida,12,Hardee,49,12049,,,,,,0,0,0,0,0,0,0,0
Florida,12,Hendry,51,12051,,,,,,0,0,0,0,0,0,0,0
Florida,12,Hernando,53,12053,,,,,,0,0,0,0,0,0,0,0
Florida,12,Highlands,55,12055,,,,,,0,0,0,0,0,0,0,0
Florida,12,Hillsborough,57,12057,,,,,,0,0,0,0,0,0,0,0
Florida,12,Holmes,59,12059,,,,,,8694.17,8873.05,10911.48,11736.55,9249.42,8347.72,8504.41,9473.828571
Florida,12,Indian River,61,12061,,,,,,0,0,0,0,0,0,0,0
Florida,12,Jackson,63,12063,,,,,,78691.17,70726.09,80586.61616,72048.95,63852.87,62386.26,62191.02,70068.99659
Florida,12,Jefferson,65,12065,,,,,,3842.16,4027.99,3789.79,3465.69,3465.69,2569.16,3267.39,3489.695714
Florida,12,Lafayette,67,12067,,,,,,1500.94,1823.31,1846.4,1842.35,1842.35,1842.35,1748.25,1777.992857
Florida,12,Lake,69,12069,,,,,,0,0,0,0,0,0,0,0
Florida,12,Lee,71,12071,,,,,,0,0,0,0,0,0,0,0
Florida,12,Leon,73,12073,,,,,,0,0,0,209.3,209.3,0,209.3,89.7
Florida,12,Levy,75,12075,,,,,,19886.37,20900.64,20394.24,20673.44,20353.53,18724.44,19125.78,20008.34857
Florida,12,Liberty,77,12077,,,,,,35.2,35.2,0,0,0,0,0,10.05714286
Florida,12,Madison,79,12079,,,,,,5390.76,5635.59,5244.71,5526.6,5607.31,6166.15,6124.23,5670.764286
Florida,12,Manatee,81,12081,,,,,,0,0,0,0,0,0,0,0
Florida,12,Marion,83,12083,,,,,,5452.49,5436.49,5392.45,5392.45,4972.84,3842.26,3842.26,4904.462857
Florida,12,Martin,85,12085,,,,,,0,0,0,0,0,0,0,0
Florida,12,Miami-Dade,86,12086,,,,,,0,0,0,0,0,0,0,0
Florida,12,Monroe,87,12087,,,,,,0,0,0,0,0,0,0,0
Florida,12,Nassau,89,12089,,,,,,327.59,327.59,0,342.09,0,0,0,142.4671429
Florida,12,Okaloosa,91,12091,,,,,,5066.87,5024.13,5074.46,4945.37,4830.33,4680.88,4486.48,4872.645714
Florida,12,Okeechobee,93,12093,,,,,,0,0,0,0,0,0,0,0
Florida,12,Orange,95,12095,,,,,,0,0,0,0,0,0,0,0
Florida,12,Osceola,97,12097,,,,,,0,0,0,0,0,0,0,0
Florida,12,Palm Beach,99,12099,,,,,,0,0,0,0,0,0,0,0
Florida,12,Pasco,101,12101,,,,,,0,0,0,0,0,0,0,0
Florida,12,Pinellas,103,12103,,,,,,0,0,0,0,0,0,0,0
Florida,12,Polk,105,12105,,,,,,0,0,0,0,0,0,0,0
Florida,12,Putnam,107,12107,,,,,,0,0,0,0,0,0,0,0
Florida,12,St. Johns,109,12109,,,,,,0,0,0,0,0,0,0,0
Florida,12,St. Lucie,111,12111,,,,,,0,0,0,0,0,0,0,0
Florida,12,Santa Rosa,113,12113,,,,,,40508.65,41764.49,41517.63,34712.1,35483.49,35280.06,38191.32,38208.24857
Florida,12,Sarasota,115,12115,,,,,,0,0,0,0,0,0,0,0
Florida,12,Seminole,117,12117,,,,,,0,0,0,0,0,0,0,0
Florida,12,Sumter,119,12119,,,,,,0,0,0,0,0,0,0,0
Florida,12,Suwannee,121,12121,,,,,,8577.08,9077.47,9146.87,9123.46,9522.71,9789.2,10066.44,9329.032857
Florida,12,Taylor,123,12123,,,,,,0,0,0,0,0,0,0,0
Florida,12,Union,125,12125,,,,,,274.5,274.5,250.7,250.7,0,0,0,150.0571429
Florida,12,Volusia,127,12127,,,,,,0,0,0,0,0,0,0,0
Florida,12,Wakulla,129,12129,,,,,,0,0,0,0,0,0,0,0
Florida,12,Walton,131,12131,,,,,,8205.12,8268.56,7413.24,8091.74,8035.78,6673.3,7401.86,7727.085714
Florida,12,Washington,133,12133,,,,,,4740.31,4766.74,5656.27,5412.87,4687.82,4342.37,4457.19,4866.224286
Georgia,13,Appling,1,13001,,,,,,39180.4544,38754.82,35996.22634,23967.2,30599.87,29621.89,33619.31,33105.68153
Georgia,13,Atkinson,3,13003,,,,,,18599.72,18696.12,15852.98,11761.1,11311,12856.9,18145.78,15317.65714
Georgia,13,Bacon,5,13005,,,,,,14803.79,14281.92,13162.09,10822.28,10069.73,8718.77,14764.33,12374.70143
Georgia,13,Baker,7,13007,,,,,,29089.24123,29704.89065,29824.27123,24805.09123,25631.35123,23866.18123,26943.06,27123.44097
Georgia,13,Baldwin,9,13009,,,,,,0,0,0,0,0,0,0,0
Georgia,13,Banks,11,13011,,,,,,517.07,419.07,488.82,502.87,575.93,321.85,459.92,469.3614286
Georgia,13,Barrow,13,13013,,,,,,0,0,0,0,0,0,0,0
Georgia,13,Bartow,15,13015,,,,,,3996.42,3858.81,3839.73,322.46,590.88,100.32,2394.86,2157.64
Georgia,13,Ben Hill,17,13017,,,,,,20644.62,20289.94,17861.28,16029.69,15956.28,16324.29,18333.64,17919.96286
Georgia,13,Berrien,19,13019,,,,,,50596.94,50133.7,50325.83,38516.41,34573.43,31316.63,47742.51,43315.06429
Georgia,13,Bibb,21,13021,,,,,,546.5,535.3,546.5,470.9,496.22,468.82,468.82,504.7228571
Georgia,13,Bleckley,23,13023,,,,,,22688.93,22561.72,24854.91,20708.82,19806.64,20491.77,24775.96,22269.82143
Georgia,13,Brantley,25,13025,,,,,,417.69,411.14,560.67,495.23,584.15,577.04,481.11,503.8614286
Georgia,13,Brooks,27,13027,,,,,,69708.57,68091.1,66322.53,45691.48,44044.7,43632.02,59722.41,56744.68714
Georgia,13,Bryan,29,13029,,,,,,0,78.6,0,473.61,312.89,0,0,123.5857143
Georgia,13,Bulloch,31,13031,,,,,,66033.06,64795.08,63353.91,45967.27,47649.53,41806.5,60834.83,55777.16857
Georgia,13,Burke,33,13033,,,,,,69982.67,68102.8,63425.71,54603.96,56262.18,52197.69,68574.078,61878.44114
Georgia,13,Butts,35,13035,,,,,,577.24,592.94,563.09,415.41,348.66,279.21,301.41,439.7085714
Georgia,13,Calhoun,37,13037,,,,,,71104.85,70034.58,63758.61,36832.09,37039.65,37366.27,38926.55,50723.22857
Georgia,13,Camden,39,13039,,,,,,0,0,0,0,0,0,0,0
Georgia,13,Candler,43,13043,,,,,,13298.14,13161.46,13052.35,7867.5,7524.82,5653.11,11808.54,10337.98857
Georgia,13,Carroll,45,13045,,,,,,6.9,0,0,0,0,0,0,0.985714286
Georgia,13,Catoosa,47,13047,,,,,,0,223.46,320.76,246.96,473.66,0,0,180.6914286
Georgia,13,Charlton,49,13049,,,,,,0,0,0,0,0,0,0,0
Georgia,13,Chatham,51,13051,,,,,,0,0,0,0,0,0,0,0
Georgia,13,Chattahoochee,53,13053,,,,,,0,0,0,0,0,0,0,0
Georgia,13,Chattooga,55,13055,,,,,,2301.72,2152.24,1581.69,1254.79,870.83,0,0,1165.895714
Georgia,13,Cherokee,57,13057,,,,,,0,0,0,0,0,0,0,0
Georgia,13,Clarke,59,13059,,,,,,655.7,228.79,0,163.75,0,0,163.75,173.1414286
Georgia,13,Clay,61,13061,,,,,,21935.18,21930.98,21498.43,19917.7,20518.06,20067.52,19909.13,20825.28571
Georgia,13,Clayton,63,13063,,,,,,0,0,0,0,0,0,0,0
Georgia,13,Clinch,65,13065,,,,,,462.94,533.73,554.79,526.14,426.87,542.67,443.46,498.6571429
Georgia,13,Cobb,67,13067,,,,,,0,0,0,0,0,0,0,0
Georgia,13,Coffee,69,13069,,,,,,52244.79,51605.68,45066.9,35624.45,34204.39,35570.24,51568.11,43697.79429
Georgia,13,Colquitt,71,13071,,,,,,94112.85,95160.68786,89422.72,73193.56,67915.04,58947.85,91838.63,81513.04827
Georgia,13,Columbia,73,13073,,,,,,0,0,0,0,0,0,0,0
Georgia,13,Cook,75,13075,,,,,,33344.52,33200.17,32957.89,21142.37,20273.55,18657.31,32302.5,27411.18714
Georgia,13,Coweta,77,13077,,,,,,0,0,0,0,0,0,0,0
Georgia,13,Crawford,79,13079,,,,,,1982.58,1319.89,1553.56,1603.26,1561.93,1696.2,1672.68,1627.157143
Georgia,13,Crisp,81,13081,,,,,,55943.22,53587.92,52861.05,47443.94,48148.31,47601.17,52325.92,51130.21857
Georgia,13,Dade,83,13083,,,,,,0,0,0,0,0,0,0,0
Georgia,13,Dawson,85,13085,,,,,,0,285.05,0,272.05,301.28,301.28,435.03,227.8128571
Georgia,13,Decatur,87,13087,,,,,,90749.67,90825.56,87337.28,66549.94,59779.04,49534.3,65496.89,72896.09714
Georgia,13,DeKalb,89,13089,,,,,,0,0,0,0,0,0,0,0
Georgia,13,Dodge,91,13091,,,,,,30549.04621,29022.67,29894.4,24134.8,27909.83,23512.26,25248.83,27181.69089
Georgia,13,Dooly,93,13093,,,,,,119919.17,119284.38,119137.97,95638.86,96638.87,95721.44,116790.59,109018.7543
Georgia,13,Dougherty,95,13095,,,,,,8102.56,8446.96,6752.4,2778.71,2285.91,2305.71,2623.74,4756.57
Georgia,13,Douglas,97,13097,,,,,,0,0,0,0,0,0,0,0
Georgia,13,Early,99,13099,,,,,,79130.15,80594.38,74024.09747,64730.45,66850.34,58064.78,74367.16,71108.76535
Georgia,13,Echols,101,13101,,,,,,816.42,835.66,1064.86,496.55,517.75,646.45,719.77,728.2085714
Georgia,13,Effingham,103,13103,,,,,,6870.52,6700.95,6124.15,4914.23,4347.02,3233.29,5496.5,5383.808571
Georgia,13,Elbert,105,13105,,,,,,4288.64,4360.51,3214.94,3145.07,2893.76,2627.08,3031.27,3365.895714
Georgia,13,Emanuel,107,13107,,,,,,33982.4,33389.63,33379.86,27926.8,30636.69,28469.26,32772.42,31508.15143
Georgia,13,Evans,109,13109,,,,,,3486.11,3327.46,3796.7,3308.61,3721.04,3644.98,3413.54,3528.348571
Georgia,13,Fannin,111,13111,,,,,,288.83,261.68,98.04,96.6,284.66,270.62,270.62,224.4357143
Georgia,13,Fayette,113,13113,,,,,,0,0,0,0,0,0,0,0
Georgia,13,Floyd,115,13115,,,,,,6603.64,6239.54,5708.77,4855.22,4458.64,0,938.84,4114.95
Georgia,13,Forsyth,117,13117,,,,,,0,0,0,22.8,0,0,0,3.257142857
Georgia,13,Franklin,119,13119,,,,,,254.42,354.29,883.96,408.18,604.54,831.44,1050.45,626.7542857
Georgia,13,Fulton,121,13121,,,,,,0,0,0,0,0,0,0,0
Georgia,13,Gilmer,123,13123,,,,,,261.42,265.23,260.53,256.03,311.13,308.99,308.99,281.76
Georgia,13,Glascock,125,13125,,,,,,1363.54,1253.14,1278.91,662.63,768.57,386.1,563.87,896.68
Georgia,13,Glynn,127,13127,,,,,,0,0,0,0,0,0,0,0
Georgia,13,Gordon,129,13129,,,,,,3898.49,4143.07,4408.72,1318.41,1527.79,959.68,1707.77,2566.275714
Georgia,13,Grady,131,13131,,,,,,46969.59403,47064.58,47230.86,28452.31,28473.42,26578.41,35845.19,37230.62343
Georgia,13,Greene,133,13133,,,,,,0,0,0,0,0,0,0,0
Georgia,13,Gwinnett,135,13135,,,,,,0,0,0,0,0,0,0,0
Georgia,13,Habersham,137,13137,,,,,,0,0,102.9,185.66,228.36,209.96,145.76,124.6628571
Georgia,13,Hall,139,13139,,,,,,427.53,422.24,459.64,630.56,935.59,757.33,965.91,656.9714286
Georgia,13,Hancock,141,13141,,,,,,0,0,0,113.1,113.1,113.1,0,48.47142857
Georgia,13,Haralson,143,13143,,,,,,0,0,0,33.5,66.46,68.46,0,24.06
Georgia,13,Harris,145,13145,,,,,,0,0,0,0,0,0,0,0
Georgia,13,Hart,147,13147,,,,,,1235.38,1148.01,2085.81,1973.63,1890.79,2204.33,2355.63,1841.94
Georgia,13,Heard,149,13149,,,,,,0,0,0,0,14.54,14.54,0,4.154285714
Georgia,13,Henry,151,13151,,,,,,235.12,227.28,142.26,142.26,142.26,142.06,142.06,167.6142857
Georgia,13,Houston,153,13153,,,,,,13802.69107,13592.91107,12754.49,11186.61,12606.04,12876.1,12746.76,12795.08602
Georgia,13,Irwin,155,13155,,,,,,66406.87,66119.27,61156.2,44674.29,47670.67,49428.19,59812.06,56466.79286
Georgia,13,Jackson,157,13157,,,,,,2892.62,2727.73,2676.92,1653.74,1798.38,1500.26,1555.86,2115.072857
Georgia,13,Jasper,159,13159,,,,,,0,10,15.97,128.98,132.63,118.45,127.94,76.28142857
Georgia,13,Jeff Davis,161,13161,,,,,,28537.04,28417.94,25466.169,16094.53,18497.23,20780.62,23412.41,23029.41986
Georgia,13,Jefferson,163,13163,,,,,,46221.83572,46544.93,42876.68,30877.73,30570.21,24639.6,32111.57,36263.22225
Georgia,13,Jenkins,165,13165,,,,,,29829.54,28976.17,20736.97,14409.12,17080.78,14647.18,23377.73,21293.92714
Georgia,13,Johnson,167,13167,,,,,,11283.85,11230.79,10462.32,7495.52,7780.62,5898.08,4777.36,8418.362857
Georgia,13,Jones,169,13169,,,,,,0,0,0,0,0,0,0,0
Georgia,13,Lamar,171,13171,,,,,,3512.73,3269.53,3593.82,3540.25,3569.27,2677.71,2593.13,3250.92
Georgia,13,Lanier,173,13173,,,,,,9268.09,9259.85,9244.44,5578.46,3979.92,3719.05,4036.01,6440.831429
Georgia,13,Laurens,175,13175,,,,,,50128.07,50650.39,49827.29,50161.02,52014.99,48122.07,45597.53,49500.19429
Georgia,13,Lee,177,13177,,,,,,60596.53,60714.51,64181.32,53137.52,49271.47,48120.37,42270.65,54041.76714
Georgia,13,Liberty,179,13179,,,,,,0,0,0,0,0,0,0,0
Georgia,13,Lincoln,181,13181,,,,,,0,0,0,0,0,0,0,0
Georgia,13,Long,183,13183,,,,,,0,76.95,76.95,0,0,0,0,21.98571429
Georgia,13,Lowndes,185,13185,,,,,,10739.31,10708.19,11282.4,8449.89,8591.34,8315.8,10014.13,9728.722857
Georgia,13,Lumpkin,187,13187,,,,,,0,476.6,424.3,501.68,551.68,286.09,104.88,335.0328571
Georgia,13,McDuffie,189,13189,,,,,,0,0,0,0,0,0,0,0
Georgia,13,McIntosh,191,13191,,,,,,0,0,0,0,0,0,0,0
Georgia,13,Macon,193,13193,,,,,,49767.72,50281.17,50215.3,45777.07,39589.29,40548.3,33511.37,44241.46
Georgia,13,Madison,195,13195,,,,,,4418.17,3451.59,4203.87,4076.94,3652.37,3619.25,3018.49,3777.24
Georgia,13,Marion,197,13197,,,,,,7612.91,7668.54,7587.28,7652.91,7616.32,7184.12,7161.89,7497.71
Georgia,13,Meriwether,199,13199,,,,,,255.7,249.33,973.96,722.2,471.56,712.9,457.87,549.0742857
Georgia,13,Miller,201,13201,,,,,,76189.96,74685.79,76140.3496,62349.8296,69025.64,68742.36,73842.53,71568.0656
Georgia,13,Mitchell,205,13205,,,,,,95033.79,95656.71,94575.68,84644.72,90322.87,74203.6,91697.89,89447.89429
Georgia,13,Monroe,207,13207,,,,,,2348.24,2273.69,2396.79,2311.38,2118.01,2133.64,2660.92,2320.381429
Georgia,13,Montgomery,209,13209,,,,,,8111.29,7377.42,3726.15,5476.36,5766.61,5778.97,5326.9,5937.671429
Georgia,13,Morgan,211,13211,,,,,,2132.77416,2406.95,2640.67,3063.84,2512.91,3059.7,2710.99,2646.833451
Georgia,13,Murray,213,13213,,,,,,706.72,673.98,1068.24,230.93,109.52,88.39,178.15,436.5614286
Georgia,13,Muscogee,215,13215,,,,,,0,0,0,0,0,0,0,0
Georgia,13,Newton,217,13217,,,,,,0,0,0,0,0,0,0,0
Georgia,13,Oconee,219,13219,,,,,,491.27,454.67,362.97,271.07,257.57,257.57,191.88,326.7142857
Georgia,13,Oglethorpe,221,13221,,,,,,1821.89,1872.7,1849.6,1718.86,1634.23,1433.84,1065.92,1628.148571
Georgia,13,Paulding,223,13223,,,,,,0,0,0,0,0,0,0,0
Georgia,13,Peach,225,13225,,,,,,8733.01,7906.79,8544.13,8075.07,8944.1,9227.21,6664.36,8299.238571
Georgia,13,Pickens,227,13227,,,,,,0,0,0,81.04,0,0,0,11.57714286
Georgia,13,Pierce,229,13229,,,,,,20162.8,20443.16,19788.83,16607.51,17247.45,18249.9,22153.74,19236.19857
Georgia,13,Pike,231,13231,,,,,,4111.16,4103.17,3977.37,3608.2,3452.65,3241.38,3306.97,3685.842857
Georgia,13,Polk,233,13233,,,,,,5026.7,5379.96,5220.97,5182.98,4699.03,0,1626.13,3876.538571
Georgia,13,Pulaski,235,13235,,,,,,10080.28482,10028.1,10299.35,8616.04,8778.88,8267.65,8805.56,9267.980689
Georgia,13,Putnam,237,13237,,,,,,235.5,240.6,0,342.3,266.5,259.6,242,226.6428571
Georgia,13,Quitman,239,13239,,,,,,3744.96,3696.76,3716.56,3293.7,3076.54,3149.72,2526.34,3314.94
Georgia,13,Rabun,241,13241,,,,,,0,0,0,0,0,0,0,0
Georgia,13,Randolph,243,13243,,,,,,48626.96,48532.49962,47708.56,37137.02,36328.98,35974.64,40410.28,42102.70566
Georgia,13,Richmond,245,13245,,,,,,0,0,0,0,0,0,0,0
Georgia,13,Rockdale,247,13247,,,,,,0,0,0,0,0,0,0,0
Georgia,13,Schley,249,13249,,,,,,6532.88,6535.05,5906.54,6103.18,5895.66,5868.82,5357.68,6028.544286
Georgia,13,Screven,251,13251,,,,,,45816.83,44464.93,32331.18,32081.96,34686.87,20228.76,32812.94,34631.92429
Georgia,13,Seminole,253,13253,,,,,,62096.12,62113.93,57298.29,45487.09,50691.35,39583.75,50276.35,52506.69714
Georgia,13,Spalding,255,13255,,,,,,541.43,533.34,464.94,0,0,0,0,219.9585714
Georgia,13,Stephens,257,13257,,,,,,0,0,0,42.4,0,0,0,6.057142857
Georgia,13,Stewart,259,13259,,,,,,10585.27,10621.64,10572.41,8653.88,8995.97,8947.77,10306.05,9811.855714
Georgia,13,Sumter,261,13261,,,,,,65621.9044,65358.51,63889.45,52648.11,53418.91,50210.64,50038.39,57312.27349
Georgia,13,Talbot,263,13263,,,,,,0,52.65,49.47,49.47,49.47,49.47,49.47,42.85714286
Georgia,13,Taliaferro,265,13265,,,,,,0,0,0,0,0,0,0,0
Georgia,13,Tattnall,267,13267,,,,,,10385.55985,9976.74,9977.22,9110.81,10285.1,9759.35,8909.36,9772.019979
Georgia,13,Taylor,269,13269,,,,,,1709.49,1611.81,1187.12,1160.96,1151.5,1302.98,939.19,1294.721429
Georgia,13,Telfair,271,13271,,,,,,17522.13,17169.24,16945.45,15110.48,17106.6,16693.13,17549.6,16870.94714
Georgia,13,Terrell,273,13273,,,,,,59356.66,59795.14625,59906.63,46195.36,54912.42,49473.04,60516.31,55736.50946
Georgia,13,Thomas,275,13275,,,,,,50042.24,49082.92,48310.85,33825.84,35276.09,30237.91,38428.32,40743.45286
Georgia,13,Tift,277,13277,,,,,,39492.4,39589.89,37880.05,26198.56,27803.97,25325.13,36925.15,33316.45
Georgia,13,Toombs,279,13279,,,,,,18358.74,12473.06,5442.03,8892.8,10831.14,9973.28,11254.92,11032.28143
Georgia,13,Towns,281,13281,,,,,,0,0,0,0,55.2,55.2,19.4,18.54285714
Georgia,13,Treutlen,283,13283,,,,,,6338.2,6234.92,3286.9,4666.79,4750.2,3980.94,4189.77,4778.245714
Georgia,13,Troup,285,13285,,,,,,0,0,0,0,0,0,0,0
Georgia,13,Turner,287,13287,,,,,,47128.95,50509.95,50484.22,40871.52,40981.41,38253.82,46721.38,44993.03571
Georgia,13,Twiggs,289,13289,,,,,,6969.07,6981.25,6104.82,5302.86,5827.78,5376.23,6988.64,6221.521429
Georgia,13,Union,291,13291,,,,,,287.2,246,267.18,271.18,390.94,348.49,382.78,313.3957143
Georgia,13,Upson,293,13293,,,,,,1248.48,1245.61,1276.76,1285.56,1275.18,881.49,881.49,1156.367143
Georgia,13,Walker,295,13295,,,,,,2862.45,2897.24,3507.53,1650.73,1667.47,0,0,1797.917143
Georgia,13,Walton,297,13297,,,,,,839.8,902,818.18,916.32,978.2,962.08,915.25,904.5471429
Georgia,13,Ware,299,13299,,,,,,2472.61,2443.26,2195.06,1581.85,1326.84,1568.48,2187.83,1967.99
Georgia,13,Warren,301,13301,,,,,,2802.58,2927.94,2744.84,3426.37,3288.91,3024.51,1940.61,2879.394286
Georgia,13,Washington,303,13303,,,,,,15159.26,15159.17,14486.03,10868.61,13867.11,9400.59,8333.85,12467.80286
Georgia,13,Wayne,305,13305,,,,,,11504.1,11546.47,12073.96,9021.64,10551.73,8786.23,11387.79,10695.98857
Georgia,13,Webster,307,13307,,,,,,22526.66,22508.68,23031.84,19712.03,21020.6,20255.42,22146.15,21600.19714
Georgia,13,Wheeler,309,13309,,,,,,9179.33,8175.75,8580.75,8297.9,9193.14,9116.36,9103.65,8806.697143
Georgia,13,White,311,13311,,,,,,109.3,403.14,685.44,906.98,903.05,217.68,263.9,498.4985714
Georgia,13,Whitfield,313,13313,,,,,,462.61,389.2,422.7,0,56.41,0,0,190.1314286
Georgia,13,Wilcox,315,13315,,,,,,49700.51,48079.01,48172.15,42847.79,45111.25,43162.9035,45085.648,46022.75164
Georgia,13,Wilkes,317,13317,,,,,,0,0,0,0,0,0,136.6,19.51428571
Georgia,13,Wilkinson,319,13319,,,,,,2554.81,2544.28,2619.38,2378.48,2253.28,2434.88,2298.25,2440.48
Georgia,13,Worth,321,13321,,,,,,100264.34,99148.29,100732.34,75451.69,70964.35,68536.21,90838.81,86562.29
Hawaii,15,Hawaii,1,15001,,,,,,0,0,0,0,0,0,0,0
Hawaii,15,Honolulu,3,15003,,,,,,0,0,0,0,0,0,0,0
Hawaii,15,Kalawao,5,15005,,,,,,0,0,0,0,0,0,0,0
Hawaii,15,Kauai,7,15007,,,,,,0,0,0,0,0,0,0,0
Hawaii,15,Maui,9,15009,,,,,,0,0,0,0,0,0,0,0
Idaho,16,Ada,1,16001,,,,,,12369.58,13253.61,13781.65,13691.46,13024.28,10209.11,10790.89,12445.79714
Idaho,16,Adams,3,16003,,,,,,853.9,905.5,891.1,905.5,916.2,950.3,950.3,910.4
Idaho,16,Bannock,5,16005,,,,,,64554.02,64668.47,69220.31,67231.42,64654.01,69445.27,71808.69,67368.88429
Idaho,16,Bear Lake,7,16007,,,,,,41838,41302.77,42122.99,42090.16,40097.92,40006.63,39353.39,40973.12286
Idaho,16,Benewah,9,16009,,,,,,60835.7,61345.84,57384.45,17372.85,3624.12,7861.84,5106.35,30504.45
Idaho,16,Bingham,11,16011,,,,,,169947.27,170602.22,152601.18,167145.7,165633.94,157700.3,161128.77,163537.0543
Idaho,16,Blaine,13,16013,,,,,,15926.54,15874.2,16184.9,14974.38,13964.47,16251.41,16639.11,15687.85857
Idaho,16,Boise,15,16015,,,,,,0,0,0,0,0,0,0,0
Idaho,16,Bonner,17,16017,,,,,,0,0,0,0,0,0,0,0
Idaho,16,Bonneville,19,16019,,,,,,133997.11,129865.3,121870.31,129298.36,128976.463,134461.05,131360.31,129975.5576
Idaho,16,Boundary,21,16021,,,,,,27224.43,27106.07,26550.88,26978.13,27331.34,24940.12,26908.6,26719.93857
Idaho,16,Butte,23,16023,,,,,,28844.17,29824.32,30999,31818.5,30792.85,28839.7,26307.22,29632.25143
Idaho,16,Camas,25,16025,,,,,,24130.2,23820.87,24813.77,25423.59,25260.96,24145.75,24309.49,24557.80429
Idaho,16,Canyon,27,16027,,,,,,40176.17,44113.64,43222.69,44274.97,43849.62,38832.3,35156.38,41375.11
Idaho,16,Caribou,29,16029,,,,,,125157.75,122464.9,125189.66,119233.6,67997.35,126389.38,119179.14,115087.3971
Idaho,16,Cassia,31,16031,,,,,,170471.17,170328.24,165640.39,183357.83,176191.19,175660.22,165075.12,172389.1657
Idaho,16,Clark,33,16033,,,,,,12391.69,12564.52,12501.09,12639.42,12360.79,9289.76,8686.31,11490.51143
Idaho,16,Clearwater,35,16035,,,,,,10560.68,9827.93,10493.74,3283.36,2817.15,5837.66,2820.22,6520.105714
Idaho,16,Custer,37,16037,,,,,,4395.81,4349,4794.42,4821.52,4242.42,4338.84,4621.9,4509.13
Idaho,16,Elmore,39,16039,,,,,,33578.87,33552.64,35787.79,35202.6,35419.85,37901.28,36511.25,35422.04
Idaho,16,Franklin,41,16041,,,,,,46952.87,46864.18,49258.99,47789.8831,27128.84986,27318.07,23621.08,38419.13185
Idaho,16,Fremont,43,16043,,,,,,115062.54,112837.25,112035.51,113541.64,116782.75,116877.06,115584.37,114674.4457
Idaho,16,Gem,45,16045,,,,,,4244.71,4242.28,4199.33,4119.34,4100.39,4131.53,3978.97,4145.221429
Idaho,16,Gooding,47,16047,,,,,,32114.97,31903.54,30404.33,30245.14,32134.11,31057.38,32349.36,31458.40429
Idaho,16,Idaho,49,16049,,,,,,128691.78,126985.85,119554.88,101451.79,47442.8,53574.14,58752.28,90921.93143
Idaho,16,Jefferson,51,16051,,,,,,103496.91,99392.08899,102911.62,98665.62624,102243.2617,86655.51,79415.03,96111.43528
Idaho,16,Jerome,53,16053,,,,,,50827.88,50429.8,50315.26,47279.9,44696.97,49533.1,52055.47,49305.48286
Idaho,16,Kootenai,55,16055,,,,,,21074.09,21246.6,22933.66,8907.62,4577.62,6146.49,3857.3,12677.62571
Idaho,16,Latah,57,16057,,,,,,162596.26,163827.9703,160552.67,61717.35,23867.23,55053.54,32835.17,94350.02719
Idaho,16,Lemhi,59,16059,,,,,,3334,3750.34,4007.55,4355.83,4288.53,3869.45,3987.3,3941.857143
Idaho,16,Lewis,61,16061,,,,,,142476.94,139154.74,139939.17,34899.13,41055.57,38477.11,33744.86,81392.50286
Idaho,16,Lincoln,63,16063,,,,,,12984.77,9114.02,7826.21,7969.29,8374.32,9102.41,9193.67,9223.527143
Idaho,16,Madison,65,16065,,,,,,80377.57,80334.1,76449.46,78180.24,74112.16,76296.24,68226.77,76282.36286
Idaho,16,Minidoka,67,16067,,,,,,99415.77,102721.96,94234.79,99484.9,101227.12,100871.04,100685.08,99805.80857
Idaho,16,Nez Perce,69,16069,,,,,,177467.86,177718.23,178091.45,79993.45,60437.91,52927.24,50392.39,111004.0757
Idaho,16,Oneida,71,16071,,,,,,105505.58,100965.09,107242.95,93760.4,95421.92,83655.63,84257.13,95829.81429
Idaho,16,Owyhee,73,16073,,,,,,16065.66,19067.18,15869.24,18626.62,17460.36,13998.39,10201.38,15898.40429
Idaho,16,Payette,75,16075,,,,,,8786.43,9299.23,9244.45,7752.74,7785.27,6984.83,6985.04,8119.712857
Idaho,16,Power,77,16077,,,,,,199440.92,195946.66,200034.72,190728.76,176179.73,189362.28,190975.04,191809.73
Idaho,16,Shoshone,79,16079,,,,,,0,0,0,0,0,0,0,0
Idaho,16,Teton,81,16081,,,,,,42988.19,41427.14,45816.85,43251.89,44016.34,44237.7,44251.92,43712.86143
Idaho,16,Twin Falls,83,16083,,,,,,98920.91,95846.62,97331.82,95731.36,97860.01,89845.48,101109,96663.6
Idaho,16,Valley,85,16085,,,,,,925.7,627.6,719.1,1110.8,643.7,728.7,1286.2,863.1142857
Idaho,16,Washington,87,16087,,,,,,18509.5,18958.16,18498.31,17000.66,16241.18,16667.11,15820.87,17385.11286
Illinois,17,Adams,1,17001,,,,,,149556.13,148614.84,106859.43,62587.40771,55486.46,30459.76,26331.52337,82842.22158
Illinois,17,Alexander,3,17003,,,,,,9925.5,9775.28,9031.54,9072.43,8738.26,6821.57,3890.6,8179.311429
Illinois,17,Bond,5,17005,,,,,,99039.57,76646.96,70560.03,67307.24,65287.30409,55669.47,41191.59,67957.45201
Illinois,17,Boone,7,17007,,,,,,54849.89,52598.27,54062.24,40505.45,42965.35,11863.27,6231.69,37582.30857
Illinois,17,Brown,9,17009,,,,,,49227.95,47045.19336,34144.71,37931.75,39056.5448,34305.36,12641.68,36336.16974
Illinois,17,Bureau,11,17011,,,,,,181751.57,182661.92,116186.3,153379.58,136488.27,35899.16,73141.61,125644.0586
Illinois,17,Calhoun,13,17013,,,,,,24266.26,24341.32,17520.06,17625.13,17010.82,15702.74551,10698.18544,18166.36013
Illinois,17,Carroll,15,17015,,,,,,174579.61,172084.81,151128.24,148539.08,130858.1306,48663.74,51779.15,125376.1087
Illinois,17,Cass,17,17017,,,,,,94549.03,94422.86,79964.08,70154.84,72226.33,22508.14,7503.4,63046.95429
Illinois,17,Champaign,19,17019,,,,,,259550.34,256276.47,188918.33,193379.76,214641.51,76178.35,34664.22,174801.2829
Illinois,17,Christian,21,17021,,,,,,199852.69,198425.9,157532.43,159061.79,152185.02,86624.63,36370.13,141436.0843
Illinois,17,Clark,23,17023,,,,,,98581.43,98575.15,88466.83,86303.34,84665.69,34886.14,8367.67,71406.60714
Illinois,17,Clay,25,17025,,,,,,63834.33,63696.83,57920.66,52573.35,41734.04,27236.75009,15784.44053,46111.4858
Illinois,17,Clinton,27,17027,,,,,,142603.86,149403.6859,122187.9559,118701.52,116622.73,90717.35,64382.77,114945.696
Illinois,17,Coles,29,17029,,,,,,110923.35,110136.19,80712.21,99662.25,103326,88821.41,8856.52,86062.56143
Illinois,17,Cook,31,17031,,,,,,2789.63,2823.43,2929.12,2610.06,2501.98,1239.39,199.31,2156.131429
Illinois,17,Crawford,33,17033,,,,,,95030.01,94116.21,59888.66,71947.05,63901.72,28103.75,15927.07,61273.49571
Illinois,17,Cumberland,35,17035,,,,,,70481.46,69167.04,50291.59,55843.60045,54322.61178,25234.12911,8133.48045,47639.13026
Illinois,17,DeKalb,37,17037,,,,,,201505.56,198244.59,213735.81,198718.72,197176.33,49883.56,37796.64,156723.03
Illinois,17,De Witt,39,17039,,,,,,106571.08,105514.98,97605.9,94898.95,98003.22,40430.41,21142.82,80595.33714
Illinois,17,Douglas,41,17041,,,,,,141710.71,138807.88,124199.65,134519.9498,150517.5165,45368.75,15566.79,107241.6066
Illinois,17,DuPage,43,17043,,,,,,1870.83,1825.53,292.37,699.29,632.24,114.49,98.69,790.4914286
Illinois,17,Edgar,45,17045,,,,,,171599.41,171457.6,143653.28,141568.0788,147610.2555,93206.91794,49525.9814,131231.6462
Illinois,17,Edwards,47,17047,,,,,,41513.49,40747.63,39131.72,39645.21,38309.77,22723.49,4818.15,32412.78
Illinois,17,Effingham,49,17049,,,,,,108298.23,108080.97,80317.14,72035.97213,56856.15,36495.06,21703.93,69112.49316
Illinois,17,Fayette,51,17051,,,,,,127248.42,135222.76,109558.23,108052.7738,98869.3,81328.82,69916.56,104313.8377
Illinois,17,Ford,53,17053,,,,,,115957.63,115477.21,103877.55,100165.36,92602.82,55385.94,30694.36,87737.26714
Illinois,17,Franklin,55,17055,,,,,,23653.53,22995.78,23947.86,30741.61098,34052.47224,23971.68,8009.16,23910.29903
Illinois,17,Fulton,57,17057,,,,,,115461.07,114812.39,110614.54,94526.46,89754.46,62154,34885.37,88886.89857
Illinois,17,Gallatin,59,17059,,,,,,27414.55,26510.25,75742.56,58772.83,67215.1175,31999.48716,1921.30897,41368.0148
Illinois,17,Greene,61,17061,,,,,,121261.12,120945.03,105454.64,105213.5003,100020.09,56116.95,21045.74,90008.15291
Illinois,17,Grundy,63,17063,,,,,,23416.96,24810.33,60114.72,55952.29,61476.66,19701.77,9184.23,36379.56571
Illinois,17,Hamilton,65,17065,,,,,,89354.55,89491.82,93837.95,72349.18,68891.97037,47672.59028,9404.14718,67286.02969
Illinois,17,Hancock,67,17067,,,,,,166490.95,166769.56,116592.51,84934.44,83323.26,75788.7,38508.04,104629.6371
Illinois,17,Hardin,69,17069,,,,,,4645.25,4544.5,4839.87,3922.76,2090.3,1125.51,571.87,3105.722857
Illinois,17,Henderson,71,17071,,,,,,100127.67,99977.31,89177.38,81697.16,68352.23,42511.14,26337.54,72597.20429
Illinois,17,Henry,73,17073,,,,,,219359.12,218271.343,160076.36,163904.57,131598.1,55644.41,57869.5,143817.629
Illinois,17,Iroquois,75,17075,,,,,,167398.28,167037.5,182257.1,133934.23,119632.06,54907.11,30852.23,122288.3586
Illinois,17,Jackson,77,17077,,,,,,30150.11742,29984.24,20625.51,20095.12126,19492.38411,19397.06383,16563.58845,22329.71787
Illinois,17,Jasper,79,17079,,,,,,120472.72,119194.24,71549.65,68834.364,56788.46121,18175.084,9327.634,66334.59332
Illinois,17,Jefferson,81,17081,,,,,,54927.54,55104.79,50755.05,50194.36,50754.46,38565.63,23020.73,46188.93714
Illinois,17,Jersey,83,17083,,,,,,75096.71,76009.5,62426.07,68115.91,67352.46,53087.37997,34536.2,62374.89
Illinois,17,Jo Daviess,85,17085,,,,,,108542.99,107853.38,99158.02,101549.51,95736.39,44212.6,23708.44,82965.90429
Illinois,17,Johnson,87,17087,,,,,,8824.46,8759.31,6707.51,7860.246,7323.036,6349.08,3509.10946,7047.535923
Illinois,17,Kane,89,17089,,,,,,78498.79,78443.16,77483.9,69974.92,69513.68,18699.93,14565.15,58168.50429
Illinois,17,Kankakee,91,17091,,,,,,163461.76,162150.46,113056.37,89719.63,86619.03,60352.30905,46360.1928,103102.8217
Illinois,17,Kendall,93,17093,,,,,,67048.27,63759.66,79590.44,68503.89,60835.75,13187.812,9404.77,51761.51314
Illinois,17,Knox,95,17095,,,,,,185228.08,184846.49,116217.56,142954.51,131811.15,65958.51,44950.11,124566.63
Illinois,17,Lake,97,17097,,,,,,3936.86,3354.46,4002.94,3397.73,3498.93,612.49,0,2686.201429
Illinois,17,LaSalle,99,17099,,,,,,259477.51,259523.89,241060.44,245015.49,239804.72,81151.6,50027.86,196580.2157
Illinois,17,Lawrence,101,17101,,,,,,95800.99,95237.97,70796.4,86047.42,64466.57,25767.55,8564.25,63811.59286
Illinois,17,Lee,103,17103,,,,,,180943.63,180998.67,168373.6,158708.45,151112.73,47205.24,56632.6,134853.56
Illinois,17,Livingston,105,17105,,,,,,272039.72,270738.07,260170.75,249711.89,230561.48,119095.37,77037.04,211336.3314
Illinois,17,Logan,107,17107,,,,,,223890.93,223618.17,204113.26,161133.23,140311.15,56997.43,22958.54,147574.6729
Illinois,17,McDonough,109,17109,,,,,,148455.57,149059.02,122279.97,95408.06,78185.26,59599.17,41142.68,99161.39
Illinois,17,McHenry,111,17111,,,,,,96189.74,92956.75,101589.24,75203.25,72770.205,23089.88,10580.13,67482.74214
Illinois,17,McLean,113,17113,,,,,,348328.62,347782.31,324551.84,304316.3,305717.39,126562.4,56729.44,259141.1857
Illinois,17,Macon,115,17115,,,,,,163331.23,163357.47,138977.45,141695.2,140728.07,52285.52234,32157.12,118933.1518
Illinois,17,Macoupin,117,17117,,,,,,231315.94,231280.87,159187.43,164363.52,159948.96,85533.49,53847.22,155068.2043
Illinois,17,Madison,119,17119,,,,,,116294.43,116162.32,96552.3,103357.4415,95374.67349,64805.64007,48791.8736,91619.81124
Illinois,17,Marion,121,17121,,,,,,87126.39,87570.05857,72152.18,64702.29,66397.46,57178.79,29031.22,66308.34122
Illinois,17,Marshall,123,17123,,,,,,97335.76,97108.07723,93762.18,91421.51,95673.25,32335.78,27107.7,76392.03675
Illinois,17,Mason,125,17125,,,,,,129633.31,129726.98,126839.78,123192.52,100725.1,56105.86,34957.73,100168.7543
Illinois,17,Massac,127,17127,,,,,,27718.12,27724.68,21804.14,22642.95,21946.5,22375.03,7916.04,21732.49429
Illinois,17,Menard,129,17129,,,,,,94707.78,94389.96,75989.06,54118.91,55967.68,32989.06,23934.75,61728.17143
Illinois,17,Mercer,131,17131,,,,,,135640.44,133096.19,112146.82,112159.14,111909.93,46585.49,32295.82,97690.54714
Illinois,17,Monroe,133,17133,,,,,,89891.08,89812.17,51271.39,50408.10681,48615.27855,33142.08,3767.961463,52415.43812
Illinois,17,Montgomery,135,17135,,,,,,190047.45,196485.1645,170069,175793.42,168386.486,109531.4682,43090.65468,150486.2348
Illinois,17,Morgan,137,17137,,,,,,162810.7,157152.66,127633.4,120284.38,124312.44,42160.86,20231.41,107797.9786
Illinois,17,Moultrie,139,17139,,,,,,94433.89,91645.8,66010.18,74338.87,80202.94,34077.03,11967.87,64668.08286
Illinois,17,Ogle,141,17141,,,,,,216293.51,215423.67,209478.61,189106.28,182547.74,65801.3,56509.88,162165.8557
Illinois,17,Peoria,143,17143,,,,,,101497.86,99187.68,114017.05,121101.14,125757.19,95737.99,85534.94,106119.1214
Illinois,17,Perry,145,17145,,,,,,55664.96,55396.366,54445.64,51890.7384,53191.7659,45731.0487,25769.1962,48869.95931
Illinois,17,Piatt,147,17147,,,,,,170088.4,169143.3543,159896.78,171654.7163,169675.429,39479.06792,12523.87682,127494.5178
Illinois,17,Pike,149,17149,,,,,,155059.12,153657.7093,133868.48,126021.77,104309.76,79684.15,42275.16,113553.7356
Illinois,17,Pope,151,17151,,,,,,8539.57,8536.42,5998.25,6029.94,5600.63,5630.95,2245.44,6083.028571
Illinois,17,Pulaski,153,17153,,,,,,21060.35,21075.76,18432.89,19951.73,18581.21,10101.3,7534.03,16676.75286
Illinois,17,Putnam,155,17155,,,,,,31602.73,30531.71,24288.27,24450.8,25051.89,12756.92,11021.79,22814.87286
Illinois,17,Randolph,157,17157,,,,,,114622.02,114163.6945,87137.05868,80321.02493,69644.72743,49950.37774,21852.62428,76813.07536
Illinois,17,Richland,159,17159,,,,,,112888.2,111577.66,80893.75,76972.9,73905.05,37859.65,15246.8,72763.43
Illinois,17,Rock Island,161,17161,,,,,,63501.19,60791.36,53212.59,41176.23,39016.75,21744.65,15334.69,42111.06571
Illinois,17,St. Clair,163,17163,,,,,,108410,108221.43,90749.27,88231.99,83207.48,57101.15,31534.68,81065.14286
Illinois,17,Saline,165,17165,,,,,,20078.1,19654.1,18216.33,15388.54,13060.54,9478.07,3325.70678,14171.62668
Illinois,17,Sangamon,167,17167,,,,,,244454.15,231707.91,184500.01,179346.59,175941.38,70288.14,53240.3,162782.64
Illinois,17,Schuyler,169,17169,,,,,,74052.32,67616.93224,62746.54,68704.23287,64835.61283,34933.90287,15914.41,55543.42154
Illinois,17,Scott,171,17171,,,,,,56476.95,56499.03,44012.52,31256.97,30842.34,16452.77,2976.59,34073.88143
Illinois,17,Shelby,173,17173,,,,,,185880.27,185642.02,165979.99,164701.96,137718.38,70826.83793,29932.44804,134383.1294
Illinois,17,Stark,175,17175,,,,,,112056.32,111762.88,78598.07,92056.84,84769.63,32861.74,47221.89,79903.91
Illinois,17,Stephenson,177,17177,,,,,,181262.83,179904.01,132524.575,138924.53,118768.87,51432.08,24244.34,118151.605
Illinois,17,Tazewell,179,17179,,,,,,184677.56,183413.69,166565.43,153277.27,134362.45,63259.64,43400.56,132708.0857
Illinois,17,Union,181,17181,,,,,,7972.16,7903.94,6896.72,7036.28,7295.74,3295.05,2376.9074,6110.971057
Illinois,17,Vermilion,183,17183,,,,,,164555.04,164185.75,100466.24,112751.58,131519.36,65650,28152.79,109611.5371
Illinois,17,Wabash,185,17185,,,,,,62117.57,62326.93,50059.72,51346.83,45080.77,22416.78,8678.23,43146.69
Illinois,17,Warren,187,17187,,,,,,184803.72,182849.6,139374.68,136479.51,126495.5,76648.73,35980.21,126090.2786
Illinois,17,Washington,189,17189,,,,,,156892.85,156948.07,120350.52,90568.94,90467.38,64711.78,34296.09,102033.6614
Illinois,17,Wayne,191,17191,,,,,,115335.52,114707.21,124012.22,118965.05,119067.77,77210.72,15324.09,97803.22571
Illinois,17,White,193,17193,,,,,,116229.69,116326.51,112854.33,55026.98,50149.4,45379.31,24716.21366,74383.20481
Illinois,17,Whiteside,195,17195,,,,,,194495.56,194285.27,185103.71,199993.99,146039.56,69706.66,57692.89,149616.8057
Illinois,17,Will,197,17197,,,,,,78089.09716,77566.1885,61315.25,58214.45,55482.75,48347.33,37256.41,59467.35367
Illinois,17,Williamson,199,17199,,,,,,2396.99,2334.62,1354.48,1295.458596,1259.235282,1389.87,1076.41,1586.723411
Illinois,17,Winnebago,201,17201,,,,,,77276.45,76697.51,58115.72,47896,47914.66,21786.42,13398.24,49012.14286
Illinois,17,Woodford,203,17203,,,,,,146893.34,147334.83,136944.69,140184.44,139046,67252.09,33257.44,115844.69
Indiana,18,Adams,1,18001,,,,,,59453.02,59875.34,68660.09,69445.228,71690.07,41802.29,22652.57,56225.51543
Indiana,18,Allen,3,18003,,,,,,80722.76,80713.84,90336.8,85664.45963,93725.77,35732.16796,19931.76,69546.79394
Indiana,18,Bartholomew,5,18005,,,,,,38197.19,38129.63,9834.62,15948.16,24032.16,8008.62,7264.96,20202.19143
Indiana,18,Benton,7,18007,,,,,,132539.6,132528.22,113967.81,81000.2,69171.98,23753.87,16768.63,81390.04429
Indiana,18,Blackford,9,18009,,,,,,32207.12,32134.56,33982.59,28536.73502,26894.48,19199.28,10164.98,26159.96357
Indiana,18,Boone,11,18011,,,,,,132927.45,133719.08,133954.21,134538.94,142223.9,113839.4878,53569.46,120681.7897
Indiana,18,Brown,13,18013,,,,,,1131.6,1103.8,1106.26,1102.55,941.87,1098.91,465.72,992.9585714
Indiana,18,Carroll,15,18015,,,,,,107859,98044.66,84170.42,71731.65,71949.22,53069.92,42255.36,75582.89
Indiana,18,Cass,17,18017,,,,,,98368.59,97685.86,63293.2674,55570.5674,75070.84,40611.14,11181.29,63111.65069
Indiana,18,Clark,19,18019,,,,,,21174.85,21406.51534,19914.92,20054.49807,18528.9341,10722.35,11528.73,17618.68536
Indiana,18,Clay,21,18021,,,,,,76233.47,75101.93,65967.12,64023.88,64913.39,48373.43637,27268.89,60268.87377
Indiana,18,Clinton,23,18023,,,,,,145403.95,144702.33,89811.68,68573.67,72871.21,48908.72,33590.88,86266.06286
Indiana,18,Crawford,25,18025,,,,,,2505.66,2639.4,2067.63,1922.96,1811.37,989.11,746.37,1811.785714
Indiana,18,Daviess,27,18027,,,,,,60062.14,57458.73,93919.1,99388.57,92240.19,90140.08,11310.54,72074.19286
Indiana,18,Dearborn,29,18029,,,,,,958.66,958.23,524.04,591.74,350.12,268.62,226.17,553.94
Indiana,18,Decatur,31,18031,,,,,,97139.88,97410.75,78751.69,83602.34,82498.62,58595.81,38525.89,76646.42571
Indiana,18,DeKalb,33,18033,,,,,,64269.73,64292.56,71013.95,66659.94544,66857.69409,44160.15481,19167.26,56631.61348
Indiana,18,Delaware,35,18035,,,,,,68269.33,67880.92,62262.88,56085.17266,46561.8475,29790.74191,15824.98,49525.12458
Indiana,18,Dubois,37,18037,,,,,,57923.84,57924.76,54860.02,57838.53,51899.57,31020.6,18816.1,47183.34571
Indiana,18,Elkhart,39,18039,,,,,,59367.59,58964.2596,55264.55,46002.53,38673.9,29903.36,12025.18,42885.90994
Indiana,18,Fayette,41,18041,,,,,,43562.16,42819.28,35418.45,33194.77,31848.31,20099.65,12931.82,31410.63429
Indiana,18,Floyd,43,18043,,,,,,2159.95,2188.6,2035.26,2100.36,2038.27,2145.86,1135.3,1971.942857
Indiana,18,Fountain,45,18045,,,,,,120434.22,118826.62,111421.34,82662.93,87501.5026,34960.8526,20784.67,82370.30503
Indiana,18,Franklin,47,18047,,,,,,22265.05,22207.44,21671.84,16489.92,16579.44,15948.17,10830.85,17998.95857
Indiana,18,Fulton,49,18049,,,,,,99735.88,101667.56,60788.73,51848.59,56531.51,24514.28,12828.46,58273.57286
Indiana,18,Gibson,51,18051,,,,,,139411.16,139015.85,105133.05,138211.696,89062.0269,38677.98,15567.53,95011.32756
Indiana,18,Grant,53,18053,,,,,,87042.76,86436.2,76327.57,71607.09,76736.03,48379.32,11351.36,65411.47571
Indiana,18,Greene,55,18055,,,,,,36165.48,36048.13,33697.2,42479.8,41976.21,30692.012,10255.64344,33044.92506
Indiana,18,Hamilton,57,18057,,,,,,31362.66,31221.6,29011.5,30372.12,31044.03,22767.68,6389.26,26024.12143
Indiana,18,Hancock,59,18059,,,,,,52487.27,52611.6,63525.44,66303.16628,61303.81628,28067.91,14055.1,48336.32894
Indiana,18,Harrison,61,18061,,,,,,13693.43,14099.02,16552.07,16037.42,16765,11784.53,8656.58,13941.15
Indiana,18,Hendricks,63,18063,,,,,,42272.88,38642.77,34140.22,41925.74,41853.42,30181.17,15445.3678,34923.08111
Indiana,18,Henry,65,18065,,,,,,18029.36,18027.03,18850.08,11187.58,8529.29,2839.84,2381.72,11406.41429
Indiana,18,Howard,67,18067,,,,,,86452.68,86386.75,71092.5,66156.6,70780.09,41236.07,19716.01,63117.24286
Indiana,18,Huntington,69,18069,,,,,,88495.92,88293.46,82488.89,92121.25,91895.56,56470.98,17293.37,73865.63286
Indiana,18,Jackson,71,18071,,,,,,8053.74,7977.14348,15954.95,12790.2603,12564.83,6415.13,4678.18,9776.319111
Indiana,18,Jasper,73,18073,,,,,,162577.75,161881.055,123068.55,51960.81,40565.23,24601.42,11607.35,82323.16643
Indiana,18,Jay,75,18075,,,,,,59161.85,60075.55,62635,56970.92672,58678.15,43150.14,31361.23,53147.54953
Indiana,18,Jefferson,77,18077,,,,,,7300.75,7020.39,4860.72,5173.09,5095.82,3786.84,2649.2172,5126.6896
Indiana,18,Jennings,79,18079,,,,,,4004.66,4118.54,2415.95,2876.04,7017.99,4490.28,5150.54,4296.285714
Indiana,18,Johnson,81,18081,,,,,,61598.82,61232.37,48329.91,29399.93,28972.18,18485.67,10959.68,36996.93714
Indiana,18,Knox,83,18083,,,,,,155686,155639.3926,107640.4,133620.0737,108066.662,54184.92,22117.16,105279.2298
Indiana,18,Kosciusko,85,18085,,,,,,127456.6,124611.12,116818.04,104894.7262,100233.26,56976.568,40932.19,95988.92917
Indiana,18,LaGrange,87,18087,,,,,,55838.09,56395.51,31027.9,25770.53,25767.65,15367.7,9101.14,31324.07429
Indiana,18,Lake,89,18089,,,,,,27661.45,28268.08,26949.81,24616.97,23260.575,19047.215,12159.085,23137.59786
Indiana,18,LaPorte,91,18091,,,,,,170449.81,169261.762,111002.57,95356.69,101690.71,59239.58,39030.51,106575.9474
Indiana,18,Lawrence,93,18093,,,,,,6574.86,6414.97,5821.56,8030.96,8837.59,7126.01,4079.08,6697.861429
Indiana,18,Madison,95,18095,,,,,,81762.03,81356.05,74913.81,80713.91,84970.24,43060.33,12641.69,65631.15143
Indiana,18,Marion,97,18097,,,,,,5450.44,5235.46,4364.94,1520.52,1390.48,1224.69,609.38,2827.987143
Indiana,18,Marshall,99,18099,,,,,,118280.49,118320.3766,82949.85,72005.59,69219.45,51983.18,29828.81,77512.53523
Indiana,18,Martin,101,18101,,,,,,10200.34,10984.49,13961.75,15331.44,10625.31,7681.4,2724.67,10215.62857
Indiana,18,Miami,103,18103,,,,,,75337.71,73036.49,49899.52,39606.54891,39938.42891,26010.77891,14493.13891,45474.65938
Indiana,18,Monroe,105,18105,,,,,,6488.35,5887.77,3933.95,3801.52,2330.64,2790.69,1038.51,3753.061429
Indiana,18,Montgomery,107,18107,,,,,,162103.18,161468.05,140308.95,148253.92,149764.17,72495.85,32474.1,123838.3171
Indiana,18,Morgan,109,18109,,,,,,38499.46,36097.05,23064.07,20846.62,20463.18,16449.30857,8741.935,23451.66051
Indiana,18,Newton,111,18111,,,,,,132536.41,114308.4,92138.82,41834.87,29158.53,22977.07,12569.58,63646.24
Indiana,18,Noble,113,18113,,,,,,61033.28,60277.9,48163.72744,47380.47181,46272.25681,22319.67,16764.87,43173.16801
Indiana,18,Ohio,115,18115,,,,,,320.06,320.06,254.4,254.4,221.86,187.63,188.13,249.5057143
Indiana,18,Orange,117,18117,,,,,,8627.07,8662.4,11138.59,9345.75,9153.45,7343.03,2160.69,8061.568571
Indiana,18,Owen,119,18119,,,,,,18364.4,17152.3,15569.72,14676.43,11825.79,8264.93,4508.71,12908.89714
Indiana,18,Parke,121,18121,,,,,,70360.14,70530.98348,61428.94,57380.50171,49184.46904,33052.48172,19877.21,51687.81799
Indiana,18,Perry,123,18123,,,,,,10889.82,9459.55,8352.33,8321.55,5715.42,4028.4,1812.12,6939.884286
Indiana,18,Pike,125,18125,,,,,,33137.64,33035.23,33122.4,41457.65,40293.56,22010.03339,3385.62,29491.73334
Indiana,18,Porter,127,18127,,,,,,64949.14,64750.95,47654.28,46645.1,47341.05,30395.92,22852.04357,46369.78337
Indiana,18,Posey,129,18129,,,,,,131928.89,131801.99,100060.76,107070.16,85691.89,46463.24,8866.44,87411.91
Indiana,18,Pulaski,131,18131,,,,,,131771.46,127868.28,103855.86,77301.72,73025.05,48508.8464,25687.07,84002.61234
Indiana,18,Putnam,133,18133,,,,,,66393.32,66394.79,57995.22,56003.52,59652.42,33422.04,22270.99,51733.18571
Indiana,18,Randolph,135,18135,,,,,,86932.77,87032.43,71062.83,63482.32,49423.94,31468.08,11214.57,57230.99143
Indiana,18,Ripley,137,18137,,,,,,2809.37,2826.25,4277.38,3764.75,6494.59,3712.29,2629.7,3787.761429
Indiana,18,Rush,139,18139,,,,,,92590.2,89341.31,59701.39,56298.87,51349.36,27184.18,19100.44,56509.39286
Indiana,18,St. Joseph,141,18141,,,,,,69460.29,68971.87802,43051.27,32750.57,28227.28,23682.55,13545.19,39955.57543
Indiana,18,Scott,143,18143,,,,,,2960.85,2902.66,8335.09,10295.16711,9787.81,1607.06,949.11,5262.535301
Indiana,18,Shelby,145,18145,,,,,,91059.29,85192.75,51954.17,47420.25,46542.04088,24874.12,20907.95,52564.36727
Indiana,18,Spencer,147,18147,,,,,,64852.51,61307.91,45202.79,45062.85,33416.72,23473.38,8575.12,40270.18286
Indiana,18,Starke,149,18149,,,,,,88759.35,87530.93,68928.61,48049.77,29482.1,28624.55,8159.14,51362.06429
Indiana,18,Steuben,151,18151,,,,,,41722.25,41445.77,28326.38,25436.01,34684.69,12631.693,7520.61,27395.34329
Indiana,18,Sullivan,153,18153,,,,,,98004.82,97590.58,87719.55,77788.26,82911.17,59295.87,28290.82,75943.01
Indiana,18,Switzerland,155,18155,,,,,,1053.8,985.07,268.95,288.56,377.7,277.46,277,504.0771429
Indiana,18,Tippecanoe,157,18157,,,,,,117041.87,115215.12,65782.14,65324.94,52032.3,36487.31,29067.52,68707.31429
Indiana,18,Tipton,159,18159,,,,,,76362.52,76091.19,47339.52,66739.66,57249.13,19486.03,9128,50342.29286
Indiana,18,Union,161,18161,,,,,,40651.48,39864.19,36410.38,36065.52,33581.12,19318.62,11319.1,31030.05857
Indiana,18,Vanderburgh,163,18163,,,,,,50204.57,47873.65,38696.02,44443,36664.61,12697.11,2280.36,33265.61714
Indiana,18,Vermillion,165,18165,,,,,,27677.32,27493.17901,27132.16,23539.10551,23357.32551,18816.3042,3969.54,21712.13346
Indiana,18,Vigo,167,18167,,,,,,66471.01,65016.99,46556.41,52450.6,47102.77,31153.75,15037.26,46255.54143
Indiana,18,Wabash,169,18169,,,,,,91412.72,91433.93,86292.57,67593.79,63960.48,44300.585,18142.415,66162.35571
Indiana,18,Warren,171,18171,,,,,,84272.16,84042.63,72725.42,63650.87,56472.63,33260.83,21396.35,59402.98429
Indiana,18,Warrick,173,18173,,,,,,61424.29,60372.9,13076.57,54384,35887.98,24639.09,3142.01,36132.40571
Indiana,18,Washington,175,18175,,,,,,25138.61,24606.48404,28111.21,23205.72,30280.19,22355.58,11019.82,23531.08772
Indiana,18,Wayne,177,18177,,,,,,70168.93,69869.18,64797.84,58622.72,57908.27,34163.36,6982.61,51787.55857
Indiana,18,Wells,179,18179,,,,,,92702.54,91851.4,96148.89,98581.62,101978.51,39755.83,20703.903,77388.95614
Indiana,18,White,181,18181,,,,,,127532.34,127627.49,86006.71,49898.04,50037.83,24947.47,18171.43,69174.47286
Indiana,18,Whitley,183,18183,,,,,,66337.15,63694.73,61374.77,62566.17091,62514.15604,47834.012,21871.39,55170.33985
Iowa,19,Adair,1,19001,,,,,,110192.39,102906.78,59971.95,33749.7832,35447.931,16490.6386,9947.1,52672.36754
Iowa,19,Adams,3,19003,,,,,,80164.26,77292.88,51056.41,30924.425,19920.04,7073.71,7577.8,39144.21786
Iowa,19,Allamakee,5,19005,,,,,,98967.55,98651.12,69925.57,58841.53,44964.85314,9167.87,7151.67,55381.45188
Iowa,19,Appanoose,7,19007,,,,,,16960.87,16587.5,10950.1,8942.51,7628.96,6540.99,6454.38,10580.75857
Iowa,19,Audubon,9,19009,,,,,,131235.63,131081.49,33465.9,18641.32,18202.72,13617.86,13827.87,51438.97
Iowa,19,Benton,11,19011,,,,,,215353.53,214138.13,78513.31,10158.22,8637.46,9949.51,4610.34,77337.21429
Iowa,19,Black Hawk,13,19013,,,,,,158066.97,157556.33,101985.4,60580.88,48128.34,19739.72,14470.14,80075.39714
Iowa,19,Boone,15,19015,,,,,,169491.89,169310.91,33504.43,41862.04,26373.43,12009.36,4958.18,65358.60571
Iowa,19,Bremer,17,19017,,,,,,138810.48,138821.74,82640.63,71376.09,70165.6,22716.33,2483.34,75287.74429
Iowa,19,Buchanan,19,19019,,,,,,203798.1,203331.24,95248.81,31281.46902,30472.73,14294,7669.29,83727.94843
Iowa,19,Buena Vista,21,19021,,,,,,177327.64,177298.37,23446.29,13603.99,10989.54,8639.93,2920.36,59175.16
Iowa,19,Butler,23,19023,,,,,,179484.77,179184.95,83660.72,67039.4,60674.34,22267.76,3199.12,85073.00857
Iowa,19,Calhoun,25,19025,,,,,,189889.05,189934.48,48312.25,32745.19,21852.16,13443.82,10768.73,72420.81143
Iowa,19,Carroll,27,19027,,,,,,200843.57,200999.55,98636.32,58014.99,42130.61,17610.74,11755.58,89998.76571
Iowa,19,Cass,29,19029,,,,,,149057.4,149615.72,45588.51,45794.39,44545.76,27936.26,16464.68,68428.96
Iowa,19,Cedar,31,19031,,,,,,189920.37,187214.73,151921.97,50350.39,43368.18,40460.7,10555.56,96255.98571
Iowa,19,Cerro Gordo,33,19033,,,,,,200663.65,200427.57,97902.38,51673.68,43560.5,18344.35,9194.59,88823.81714
Iowa,19,Cherokee,35,19035,,,,,,160803.75,160905.34,72014.86,62963.9,63127.66,48494.31,28059.83,85195.66429
Iowa,19,Chickasaw,37,19037,,,,,,167837.64,167673.16,58384.55,42099.97,27750.12,10863.06,4172.27,68397.25286
Iowa,19,Clarke,39,19039,,,,,,49813.61,48507.61,20253.35,11390.01,12781.65,14653.0435,12499.0022,24271.18224
Iowa,19,Clay,41,19041,,,,,,145961.73,144777.09,15862.48,16774.42,21855.54,11949.79,2759.04,51420.01286
Iowa,19,Clayton,43,19043,,,,,,170060.72,169329.61,39964.86,17305.67,18085.67,4980.84,4620.69,60621.15143
Iowa,19,Clinton,45,19045,,,,,,190562.15,189742.55,95841.39,70849.76,69033.44,34728.43,16814.1,95367.40286
Iowa,19,Crawford,47,19047,,,,,,209262.29,205209.9814,97619.99,51752.16,37544.13,14050.66,8535.14,89139.19305
Iowa,19,Dallas,49,19049,,,,,,143755.77,140103.18,52072.6,32223,25479.5,15656.152,11540.49,60118.67029
Iowa,19,Davis,51,19051,,,,,,58144.11,58084.03017,27024.68,16462.07008,17180.1,13554.92,13315.56,29109.35289
Iowa,19,Decatur,53,19053,,,,,,31000.62,30555.6,19368.64,10446.89,13241.76,11273.785,6105.77,17427.58071
Iowa,19,Delaware,55,19055,,,,,,207743.14,207533.81,110254.54,44827.46,37242.65,20376.89,20357.69,92619.45429
Iowa,19,Des Moines,57,19057,,,,,,77314.37,76619.16,44196.33,26172.7,25093.3,17966.75,18878.86,40891.63857
Iowa,19,Dickinson,59,19059,,,,,,82863.67,83076.46,12743.25,8381.82,9296.92,7776.71,1079.18,29316.85857
Iowa,19,Dubuque,61,19061,,,,,,147476.62,145490.72,93869.43,33856.79,18249.07,11370.4,10943.47,65893.78571
Iowa,19,Emmet,63,19063,,,,,,107586.61,107681.59,24132.16,16205.12,7974.2,8528.03,0,38872.53
Iowa,19,Fayette,65,19065,,,,,,208125.97,208765.87,103225.35,47329.97,29830.76,7731.67,5625.96,87233.65
Iowa,19,Floyd,67,19067,,,,,,163794.84,163037.6339,142776.4,166745.94,58180.45,17839.86,9166.4,103077.3606
Iowa,19,Franklin,69,19069,,,,,,205960.1,205565.88,70560.01,47294.91,41425.16,15762.19,9630.58,85171.26143
Iowa,19,Fremont,71,19071,,,,,,84563.85,84711.71,62635.78,21829.94382,17453.11,17456.41,11878.38,42932.74055
Iowa,19,Greene,73,19073,,,,,,182341.51,183199.8,61792.49,33282.56,34861.66,11955.56,4961.83,73199.34429
Iowa,19,Grundy,75,19075,,,,,,196918.25,195963.49,83865.13,61197.67,59957.28,33843.79,34706.14,95207.39286
Iowa,19,Guthrie,77,19077,,,,,,131598.9,131195.1,54053.12,22490.95,12617.46,9093.32,5640.9,52384.25
Iowa,19,Hamilton,79,19079,,,,,,198870.79,197896.61,34354.37,24484.11,17978.22,4297.04,2324.17,68600.75857
Iowa,19,Hancock,81,19081,,,,,,192933.3,192733.763,91011.39,83430.47,75408.81,43154.7,24639.67,100473.1576
Iowa,19,Hardin,83,19083,,,,,,207810.36,207420.63,70290.8,58303.73,55392.84,20040.05,13269.3,90361.10143
Iowa,19,Harrison,85,19085,,,,,,187328.18,187390.67,78200.42,8737.11,8800,5652.34,4248.2,68622.41714
Iowa,19,Henry,87,19087,,,,,,95202.81,95804.36,58930.7,32608.92,29359.15,22329.61,35381.86,52802.48714
Iowa,19,Howard,89,19089,,,,,,133548.4,133739.08,57060.23,14444.51,9260.56,7964.61,2853.96,51267.33571
Iowa,19,Humboldt,91,19091,,,,,,141110.41,141107.49,14480.17,7056.58,6663.1,1977.13,1659.02,44864.84286
Iowa,19,Ida,93,19093,,,,,,140457.22,138438.36,26246.24,24180.59,29217.97,10674.73,3877.55,53298.95143
Iowa,19,Iowa,95,19095,,,,,,147439.16,147677.23,87282.8,10701.96,11379.52,15926.14,6450.75,60979.65143
Iowa,19,Jackson,97,19097,,,,,,92211.78,91548.76,49087.45,43705.62,31464.18,22438.88,5816.03,48038.95714
Iowa,19,Jasper,99,19099,,,,,,188501.02,185808.75,48709.24,26735.23,20148.79,9444.28,11718.64,70152.27857
Iowa,19,Jefferson,101,19101,,,,,,85529.02,85682.32,41833.84,7339.68,10691.63,10189.69,15472.17,36676.90714
Iowa,19,Johnson,103,19103,,,,,,120794.1,120585.07,55610.46,11708.45,10113.14,4912.64,3892.28,46802.30571
Iowa,19,Jones,105,19105,,,,,,176179.28,175287.69,126414.54,81273.35,66577.99,23575,16875,95168.97857
Iowa,19,Keokuk,107,19107,,,,,,148044.68,149223.62,104744.58,68183.74,48852.03,43941.09,45114.15,86871.98429
Iowa,19,Kossuth,109,19109,,,,,,324838.24,323418.4,53240.66,67669.98,55689.29,27818.82,13421.04,123728.0614
Iowa,19,Lee,111,19111,,,,,,83766.35,83896.49,61241.32,43433.24,42803.94,37401.05,39934.54,56068.13286
Iowa,19,Linn,113,19113,,,,,,165197.9,164535.59,77158.33,22014.2,17741.68,10117.34,9466.66,66604.52857
Iowa,19,Louisa,115,19115,,,,,,86008.49,85900.41,52572.91,28585.33,21939.86,17306.06,17962.74,44325.11429
Iowa,19,Lucas,117,19117,,,,,,38145.36,33633.09,14628.43,9427.61,7928.41,7046.80139,9070.8,17125.78591
Iowa,19,Lyon,119,19119,,,,,,160679.32,160594.925,41906.12,28873.56,28504.96,17286.69,8168.22,63716.25643
Iowa,19,Madison,121,19121,,,,,,81557.97,80587.84,38273.89,18230.55,20515.7,11657.65,7607.68,36918.75429
Iowa,19,Mahaska,123,19123,,,,,,145347.62,142137.43,40514.88,30474.66,30448.13,23711.2,20496.91,61875.83286
Iowa,19,Marion,125,19125,,,,,,90695.71,91868.71,37423.77,20828.3,12878.01,10161.02,8182.08,38862.51429
Iowa,19,Marshall,127,19127,,,,,,172502.39,172643.49,54013.67,21091.78,18509.5707,7246.68089,2646.23,64093.40166
Iowa,19,Mills,129,19129,,,,,,105249.61,105287.77,37401.02,22327.82,21962.54,12038.14,7320.01,44512.41571
Iowa,19,Mitchell,131,19131,,,,,,167476.5355,168420.16,139543.96,109849.6,101015,43910.32,26951.63,108166.7436
Iowa,19,Monona,133,19133,,,,,,183441.56,183453.66,49633.48,12658.35,10182,7459.13,5319.4,64592.51143
Iowa,19,Monroe,135,19135,,,,,,30178.68,30367.35,12170.67,9021.01,7318.65,6449.8,5403.05,14415.60143
Iowa,19,Montgomery,137,19137,,,,,,106642.82,107777.46,65381.78,42654.05,38253.66,26040.39,5596.37,56049.50429
Iowa,19,Muscatine,139,19139,,,,,,101093.95,101268.71,54771.08,42542.83,33093.51,14588.74,6409.89,50538.38714
Iowa,19,O'Brien,141,19141,,,,,,177035.12,176871.68,55425.55,39191.39,30400.68,17967.36,12086.58,72711.19429
Iowa,19,Osceola,143,19143,,,,,,114149.81,114406.27,19473.94,14766.58,15987.74,8658.28,3425.3,41552.56
Iowa,19,Page,145,19145,,,,,,111073.45,110091.68,64739.52,42215.77,32329.85,19254.55991,16639.55,56620.6257
Iowa,19,Palo Alto,147,19147,,,,,,167929.48,168059.76,24950.23,20993.5439,13066.8239,9757.59,7237.68,58856.44397
Iowa,19,Plymouth,149,19149,,,,,,265200.97,265399.16,42573.38,37540.35,37910.71,23174.67,10413.92,97459.02286
Iowa,19,Pocahontas,151,19151,,,,,,172969.6,172310.56,8088.23,10113.61,13064.06,8324.05,3745.44,55516.50714
Iowa,19,Polk,153,19153,,,,,,95433.67,94737.09,17698.24,9535.06,10227.3,4848.47,1962.48,33491.75857
Iowa,19,E Pottawattamie,155,19155,,,,,,138826.59,134624.07,45525.67,32988.45,30498.94,22655.03,14399.27,59931.14571
Iowa,19,W Pottawattamie,156,19156,,,,,,106253.22,105138.41,48123.31,29894.07,17833.41,13335.68,8262.28,46977.19714
Iowa,19,Poweshiek,157,19157,,,,,,142020.31,142319.662,40441.83,23051.84,22936.62,17623.43,9140.3,56790.57029
Iowa,19,Ringgold,159,19159,,,,,,81478.09,81249.68,31899.23,24747.46,19381.64,17468.3516,13231.64,38493.72737
Iowa,19,Sac,161,19161,,,,,,182532.52,182652.86,45107.51,24817.66,15049.19,7884.65,6234.48,66325.55286
Iowa,19,Scott,163,19163,,,,,,125143.88,114780.06,92830.24,82816.21,78416.85,42316.67,20080.42,79483.47571
Iowa,19,Shelby,165,19165,,,,,,206134.77,205408.27,53388.23,23104.87,16104.26,12097.21,9832.45,75152.86571
Iowa,19,Sioux,167,19167,,,,,,255224.94,251763.11,94574.8,64773.25,51183.51,38425.17,28567.71,112073.2129
Iowa,19,Story,169,19169,,,,,,174438.52,174130.1,48223.25,25997.44,26186.12,16177.29,8330.65,67640.48143
Iowa,19,Tama,171,19171,,,,,,188841.65,188536.84,58623.63,42220.66,27818.74,24021.56,18866.93,78418.57286
Iowa,19,Taylor,173,19173,,,,,,82301.80652,81914.18,39920.4,31794.76,24888.61,16137.92,8180.58,40734.03665
Iowa,19,Union,175,19175,,,,,,29015.83,29071.87,16469.9,8302.401,2250.91,2768.54,2615.51,12927.85157
Iowa,19,Van Buren,177,19177,,,,,,51004.97,49212.12,25255.224,9814.94,8220.58,12218.11,13094.27,24117.17343
Iowa,19,Wapello,179,19179,,,,,,65220.64,65175.51,42290.14,20177.65,21362.44,21639.66,21860.37,36818.05857
Iowa,19,Warren,181,19181,,,,,,76397.21,73489.24,35734.93,30598.66,26935.58,19782.06069,11540.07,39211.10724
Iowa,19,Washington,183,19183,,,,,,154513.16,154098.78,83332.49,48360.32,36305.57,32477.06,38714.88,78257.46571
Iowa,19,Wayne,185,19185,,,,,,69292.4,69297.76,39391.02,21054.82,24808.55,19838.93,22263.93,37992.48714
Iowa,19,Webster,187,19187,,,,,,207231.23,207538.15,25293.81,19755.05,18457.3,8551.4,6946.05,70538.99857
Iowa,19,Winnebago,189,19189,,,,,,146429.88,147125.57,46304.41,31791.47,26484.06,7516.07,666.05,58045.35857
Iowa,19,Winneshiek,191,19191,,,,,,171290.22,171322.3,106552.1,89456.42,81647.17,31550.39,11330.39,94735.57
Iowa,19,Woodbury,193,19193,,,,,,260983.96,259529.17,115061.73,62197.04116,60829.00142,37633.24,14555.45,115827.0847
Iowa,19,Worth,195,19195,,,,,,126564.4,126456.77,60230.13,67546.42,58022.56,7193.53,4072.39,64298.02857
Iowa,19,Wright,197,19197,,,,,,197427.36,197085.28,38950.77,28754.12,21971.01,8044.15,6414.83,71235.36
Kansas,20,Allen,1,20001,,,,,,76850.35,76568.8,67211.62,62756.75048,61104.03,58920.95,57318.58,65818.72578
Kansas,20,Anderson,3,20003,,,,,,45173.56,46972.3,39126.03,37832.72,38388.71,33364.18,23226.04,37726.22
Kansas,20,Atchison,5,20005,,,,,,70586.57,65590.76,38939.61,31727.17,32622.92,32082.48,29617.38,43023.84143
Kansas,20,Barber,7,20007,,,,,,141246.59,139929.29,119051.92,83028.57,47832.61,95136.03,71274.87,99642.84
Kansas,20,Barton,9,20009,,,,,,278811.93,279533.4788,231964.72,159652.48,159148.9,205184.71,177231.5517,213075.3958
Kansas,20,Bourbon,11,20011,,,,,,28658.68,30466.23,28274.19,25113.34,20902.11,22572.03,21240.55,25318.16143
Kansas,20,Brown,13,20013,,,,,,105310.28,105154.92,38412.59,28439.09,25775.21,19159.2,13744.65,47999.42
Kansas,20,Butler,15,20015,,,,,,122292.7666,122146.71,109181.26,105593.27,98296.13,95123.79,82650.27,105040.5995
Kansas,20,Chase,17,20017,,,,,,18922.4,19265.01,19045.74,17971.85,17383.29,19386.73,14501.40948,18068.06135
Kansas,20,Chautauqua,19,20019,,,,,,4153.26,3693.98,3578.49,4164.94,3518.41,3812.16,3996.83,3845.438571
Kansas,20,Cherokee,21,20021,,,,,,70752.97,70848.83,44051.1,4976.02,2465.56,5262.35,31265.39,32803.17429
Kansas,20,Cheyenne,23,20023,,,,,,230273.74,226523.84,153686.11,97396.21,80984.29,81743.02,81258.17,135980.7686
Kansas,20,Clark,25,20025,,,,,,187995.74,187449.36,175718.92,123272.29,63652.26,151026.04,87226.1,139477.2443
Kansas,20,Clay,27,20027,,,,,,109217.05,110515.16,67470.58,58548.81,57901.88,52680.72,47527.16,71980.19429
Kansas,20,Cloud,29,20029,,,,,,207608.16,206339.15,144485.58,23782.41,13464.28,72982,30271.02,99847.51429
Kansas,20,Coffey,31,20031,,,,,,74966.75,75516.12,65536.91,65999.31,60280.12,63024.03,43584.9,64129.73429
Kansas,20,Comanche,33,20033,,,,,,4303,1359.4,1359.4,1359.4,854.7,1716.7,762.7,1673.614286
Kansas,20,Cowley,35,20035,,,,,,122979.32,123396.45,77136.57,48959.67,43481.5,43314.23,33466.3,70390.57714
Kansas,20,Crawford,37,20037,,,,,,62571.24,62196.65,61048.93,45086.73,4224.79,3971.69,9657.02,35536.72143
Kansas,20,Decatur,39,20039,,,,,,218675.54,216877.6,127736.43,74337.28,49800.63,91149.35,56060.19,119233.86
Kansas,20,Dickinson,41,20041,,,,,,233452.59,233863.39,185450.17,97893.03,83126.63,116152.74,136550.98,155212.79
Kansas,20,Doniphan,43,20043,,,,,,87625.34,80821.54,14734.83,16596.6,18131.04,12123.51,9273.81,34186.66714
Kansas,20,Douglas,45,20045,,,,,,45825.53,46161.99,38642.09,27918,27099.01,23770.77,22605.61,33146.14286
Kansas,20,Edwards,47,20047,,,,,,220029.38,220757.64,207093.26,169851.34,76879.24,163716.42,139610.58,171133.98
Kansas,20,Elk,49,20049,,,,,,5068.27,4945.37,6053.25,5502.81,6231.61,6492.87,6537.9,5833.154286
Kansas,20,Ellis,51,20051,,,,,,184450.21,186168.93,181293.96,176019.44,172481.37,180963.94,183750.61,180732.6371
Kansas,20,Ellsworth,53,20053,,,,,,152965.44,154958.51,128752.99,91457.89,74625.52182,84869.69003,71869.73,108499.9674
Kansas,20,Finney,55,20055,,,,,,377959.83,380751.25,279412.55,174047.99,127150.09,285401.78,209783.13,262072.3743
Kansas,20,Ford,57,20057,,,,,,351279.28,349639.37,312156.75,295586.2112,165509.22,270978.66,224577.7414,281389.6047
Kansas,20,Franklin,59,20059,,,,,,42415.22,42045.71,35844.74,28299.89,27309.52,33679.48,22193.78,33112.62
Kansas,20,Geary,61,20061,,,,,,14439.13,14411.79,10628.56,8514.76,8163.53,8768.95,7345.42,10324.59143
Kansas,20,Gove,63,20063,,,,,,95704.46,90442.39,61921.09,39495.27,18092.46,50703.74,34399.08,55822.64143
Kansas,20,Graham,65,20065,,,,,,174600.71,175848.97,140509.5,73341.98,60390.18,77551.5,74541.75,110969.2271
Kansas,20,Grant,67,20067,,,,,,160960.16,161090.14,164675,152584.63,20543.7,55575.74,22428.18,105408.2214
Kansas,20,Gray,69,20069,,,,,,338365.83,334564.37,263308.25,204556.02,126235.95,189319.12,168285.34,232090.6971
Kansas,20,Greeley,71,20071,,,,,,276713.11,275003.08,182291.62,167669.32,109228.1,177943.02,170842.22,194241.4957
Kansas,20,Greenwood,73,20073,,,,,,24666.11,23866.85,22405.51,24024.98,24467.72,25540.5,17803.34,23253.57286
Kansas,20,Hamilton,75,20075,,,,,,239314.26,238538.22,186540.96,130361.73,133689.28,180443.16,169751.16,182662.6814
Kansas,20,Harper,77,20077,,,,,,287962.53,289831.97,235089.79,124812.53,74345.67,181804.55,114718.67,186937.9586
Kansas,20,Harvey,79,20079,,,,,,217263.04,214298.47,162559.08,77781.31,69301.34,75001.6,73028.9,127033.3914
Kansas,20,Haskell,81,20081,,,,,,282311.82,280685.41,209231.21,160621.33,93135.9,155775.87,104248.17,183715.6729
Kansas,20,Hodgeman,83,20083,,,,,,192244.06,193174.57,190530.88,159948.73,113949.6,149424.95,125440.78,160673.3671
Kansas,20,Jackson,85,20085,,,,,,28583.57,28974.47,24425.36,20309.73,15809.99,16738.81,14136.74,21282.66714
Kansas,20,Jefferson,87,20087,,,,,,42225.77,42311.01,25009.32,18494.35,20144.75,17659.97,17605.61,26207.25429
Kansas,20,Jewell,89,20089,,,,,,212962.47,213769.94,128331.01,63618.74,50588.75,83630.57,37736.53,112948.2871
Kansas,20,Johnson,91,20091,,,,,,18296.94,18250.39,16301.81,8670.15,9308.17,10227.08,9124.44,12882.71143
Kansas,20,Kearny,93,20093,,,,,,273052.85,274517.65,187723.18,109083.32,60692.01,203635.47,122192.53,175842.43
Kansas,20,Kingman,95,20095,,,,,,262109.18,261259.66,232076.31,112231.88,82284.88,219699.99,200028.65,195670.0786
Kansas,20,Kiowa,97,20097,,,,,,160388.84,160783.21,134150.39,95931.29,71903.82,109209.72,108979.01,120192.3257
Kansas,20,Labette,99,20099,,,,,,82970.73,81715.23,72355.31,63862.9,64309.75,60716.4,40647.29842,66653.94549
Kansas,20,Lane,101,20101,,,,,,225733.51,223411.17,186749.36,130392.3,80052.54,165814.4,158606.31,167251.37
Kansas,20,Leavenworth,103,20103,,,,,,22470.58,22635.46,19029.85,16303.1295,14308.80393,12712.8,12883.14,17191.9662
Kansas,20,Lincoln,105,20105,,,,,,161641.32,159941.05,136640.45,106751.11,58596.62,59670.13,49724.51,104709.3129
Kansas,20,Linn,107,20107,,,,,,60615.72,62379.6,61860.65,53954.91,49481.64,45575.12,43940.05,53972.52714
Kansas,20,Logan,109,20109,,,,,,268455.2,266625.19,170091.35,102410.68,55745.05,89042.9,71174.38,146220.6786
Kansas,20,Lyon,111,20111,,,,,,52167.77,52145.99,51181.97,49163.58,48190.73,47863.19104,37837.17,48364.34301
Kansas,20,McPherson,113,20113,,,,,,286969.16,287074.06,243537.69,150252.15,132794.85,123679.91,110801.47,190729.8986
Kansas,20,Marion,115,20115,,,,,,210934.3,211896.77,170170.2,95679.95,85715.96,100117.75,105011.14,139932.2957
Kansas,20,Marshall,117,20117,,,,,,177734.14,176229.96,137111.09,21887.44,16087.23,29723.89,27370.81,83734.93714
Kansas,20,Meade,119,20119,,,,,,220052.08,222055.5418,194388.22,173961.56,30415.78,94937.41,61132.64,142420.4617
Kansas,20,Miami,121,20121,,,,,,30911.76,31173.46,32094.66,26194.77,22093.17,22484.34,15714.16,25809.47429
Kansas,20,Mitchell,123,20123,,,,,,258601.53,259648.6,184132.74,127937.26,60111.62,93138.08,61437.13,149286.7086
Kansas,20,Montgomery,125,20125,,,,,,74992.29,73185.14,66077.93,66568.02,45759.87,43110.26,30325.09,57145.51429
Kansas,20,Morris,127,20127,,,,,,75346.62,73731.29,68215.56,58297.29,54368.39,42396.44,44417.35,59538.99143
Kansas,20,Morton,129,20129,,,,,,174411.96,175781.02,151368.19,36252.51,23925.24,84701.38,70724.47,102452.11
Kansas,20,Nemaha,131,20131,,,,,,99023.4,97559.95,73812.5,65507.32,62266.17,46799.31,22823.62,66827.46714
Kansas,20,Neosho,133,20133,,,,,,60695.64,60525.89,59286.64,44983.96,42412.69,45259.26,48061.19,51603.61
Kansas,20,Ness,135,20135,,,,,,237941.75,239882.81,199911.87,144736.33,112198.67,187744.82,161665.11,183440.1943
Kansas,20,Norton,137,20137,,,,,,205137.21,205106.94,106704.2,80704.1,65744.66,75734.09,55469.55,113514.3929
Kansas,20,Osage,139,20139,,,,,,35589.83,34753.19,31141.54,25904.76,25108.91,23967.03,20508.45,28139.10143
Kansas,20,Osborne,141,20141,,,,,,186698.12,186736.9521,149057.61,103126.07,78964.48,139072.117,109109.35,136109.2427
Kansas,20,Ottawa,143,20143,,,,,,133644.6,132301.33,105741.5,46719.47,35529.73,46792.31,34128.61,76408.22143
Kansas,20,Pawnee,145,20145,,,,,,240737.39,239104.54,214015.97,181540.89,146609.67,168006.09,140085.32,190014.2671
Kansas,20,Phillips,147,20147,,,,,,190571.94,188551.88,90973.74,59783.4,34570,81728.44,42167.9,98335.32857
Kansas,20,Pottawatomie,149,20149,,,,,,51968.55,51900.23,45917.68,39340.09,35587.26,33342,24445.77,40357.36857
Kansas,20,Pratt,151,20151,,,,,,250432.09,251622.93,177091.92,89999.15,22126.75,97346.27,72175.34,137256.35
Kansas,20,Rawlins,153,20153,,,,,,236506.22,237631.41,122009.26,78889.37,65333.98,91490.12,83851.68,130816.0057
Kansas,20,Reno,155,20155,,,,,,327725.37,328095.59,281399.38,191482.49,168491.48,209365.88,170363.49,239560.5257
Kansas,20,Republic,157,20157,,,,,,210301.49,208309.49,134413.65,80319.55,41132.46,45078.19,30597.77,107164.6571
Kansas,20,Rice,159,20159,,,,,,244976.47,238904.78,195786.91,150029.663,99422.15,104567.9339,98133.16,161688.7238
Kansas,20,Riley,161,20161,,,,,,37819.09,37636.17,34098.45,27446.91,24180.14,22495.04,17457.14,28733.27714
Kansas,20,Rooks,163,20163,,,,,,185584.28,186379.425,134951.115,49505.35503,28782.53006,79839.06006,49968.09,102144.265
Kansas,20,Rush,165,20165,,,,,,209895.18,214106.56,200036.16,191646.92,162235.11,179716.24,181904.83,191363
Kansas,20,Russell,167,20167,,,,,,160636.6,153687.95,143791.33,97328.31,72367.15,128089.1,124753.91,125807.7643
Kansas,20,Saline,169,20169,,,,,,178733.71,168883.78,145037.368,60303.47,37912.9,77984.15,57986.59,103834.5669
Kansas,20,Scott,171,20171,,,,,,294180.6812,300355.51,184203.23,147931.04,174191.49,210103.37,197678.31,215520.5187
Kansas,20,Sedgwick,173,20173,,,,,,248664.65,249262.73,186614.64,123548.19,121928.99,140281.5316,117012.7056,169616.2053
Kansas,20,Seward,175,20175,,,,,,176825.71,172705.07,137171.32,43352.83,23424.23,53737.07,40559.61,92539.40571
Kansas,20,Shawnee,177,20177,,,,,,37010.53,35474.69,23502.44,16016.89,15319.42,15326.52,12524.67,22167.88
Kansas,20,Sheridan,179,20179,,,,,,276330.31,277398.25,141878.08,43799.87,41000.01,59295.45,47690.01,126770.2829
Kansas,20,Sherman,181,20181,,,,,,329725.01,326729.28,203512.92,134284.17,145968.71,158669.0442,163206.62,208870.822
Kansas,20,Smith,183,20183,,,,,,208991.77,208922.1774,118150.0405,79449.06742,69759.48,129657.5174,97693.79,130374.8347
Kansas,20,Stafford,185,20185,,,,,,266914.09,267646.59,228203.49,137165.85,36815.6,132703.48,100679.44,167161.22
Kansas,20,Stanton,187,20187,,,,,,231643.72,232676.7149,160914.2527,50747.83584,55219.85584,143615.25,85262.31,137154.277
Kansas,20,Stevens,189,20189,,,,,,243172.04,245179.78,188953.81,85654.92,53025.48,91544.44722,50891.91,136917.4839
Kansas,20,Sumner,191,20191,,,,,,464019.92,461280.02,368095.64,182883.01,132784.98,150948.72,131063.11,270153.6286
Kansas,20,Thomas,193,20193,,,,,,413070.59,413026.2,232973.67,174765.55,134108.34,177215.21,137435.74,240370.7571
Kansas,20,Trego,195,20195,,,,,,154146.13,154714.62,147148.05,126173.02,88727.07,127452.47,124291.69,131807.5786
Kansas,20,Wabaunsee,197,20197,,,,,,20488.6,19200.18,17429.78,16143.69,13742.15,12077.26,8804.21,15412.26714
Kansas,20,Wallace,199,20199,,,,,,179809.1,175831.55,114381.2,114868.2262,110973.57,115442.8,112470.92,131968.1952
Kansas,20,Washington,201,20201,,,,,,181815.17,182702.84,139419.97,98179.1,42655.16,41073.01,28613.73,102065.5686
Kansas,20,Wichita,203,20203,,,,,,265715.99,269370.09,154324.71,83390.63,62879.62,194637.19,120291.96,164372.8843
Kansas,20,Wilson,205,20205,,,,,,85470.85,82829.84,62175.27,48877.57,35898.51,39018.53,33219,55355.65286
Kansas,20,Woodson,207,20207,,,,,,31653.94,30170.77,23308.86,23344.12,19933.51,18121.79,15335.43,23124.06
Kansas,20,Wyandotte,209,20209,,,,,,358.73,478.83,728.27,547.97,296.05,341.86,510.08,465.97
Kentucky,21,Adair,1,21001,,,,,,12094.88,11952.84,11245.75,10816.46,11895.61,11963.77,11514.65,11640.56571
Kentucky,21,Allen,3,21003,,,,,,9798.07,9839.11,8746.95,8430.16,8514.81,2725.13,2178.39,7176.088571
Kentucky,21,Anderson,5,21005,,,,,,629.54,513.13,468.42,511.72,545.05,185.22,227.86,440.1342857
Kentucky,21,Ballard,7,21007,,,,,,43056.04,42760.03,33531.46,3648.03,4957.25,4089.05,970.45,19001.75857
Kentucky,21,Barren,9,21009,,,,,,24065.63,23332.59,20341.58,20943.23,20303.32,18145.91,17984.13,20730.91286
Kentucky,21,Bath,11,21011,,,,,,2314.91,2035.2,1768.05,2601.6,2656.57,2848.18,2485.37,2387.125714
Kentucky,21,Bell,13,21013,,,,,,104.4,92.4,92.4,92.4,104.4,55.1,33.4,82.07142857
Kentucky,21,Boone,15,21015,,,,,,1067.76,1153.77,1151.07,440.89,322.21,263.88,122.93,646.0728571
Kentucky,21,Bourbon,17,21017,,,,,,4570.66,4353.47,4226.55,4537.74,4221.17,4127.89,3382.57,4202.864286
Kentucky,21,Boyd,19,21019,,,,,,66.76,63.62,67.42,97.16,0,59.22,82.82,62.42857143
Kentucky,21,Boyle,21,21021,,,,,,4423.07,4550.79,3256.18,2172.76,2244.81,3032.95,2086.93,3109.641429
Kentucky,21,Bracken,23,21023,,,,,,1615.23,1593.51,1364.23,1214.66,769.67,203.92,98.53,979.9642857
Kentucky,21,Breathitt,25,21025,,,,,,406.03,330.03,402.53,414.33,311.93,259.7,265.75,341.4714286
Kentucky,21,Breckinridge,27,21027,,,,,,11435.08,11293.26,8011.9,11715.83,9371.36,10960.17,7314.5,10014.58571
Kentucky,21,Bullitt,29,21029,,,,,,2598.6,2728.6,1422.65,1212.75,143.31,1618.71,1133.81,1551.204286
Kentucky,21,Butler,31,21031,,,,,,12208.64,12225.74,9262.37,5313.86,4381.17,3120.39,992.23,6786.342857
Kentucky,21,Caldwell,33,21033,,,,,,48512.44,47768.03,28131.86,14313.08,23248.5,7712.84,695.78,24340.36143
Kentucky,21,Calloway,35,21035,,,,,,68598.81,68323.64,48132.83,9431.38,3323.235,40240.32,17265.96,36473.73929
Kentucky,21,Campbell,37,21037,,,,,,183.26,194.96,191.46,181.06,1.9,1.9,0,107.7914286
Kentucky,21,Carlisle,39,21039,,,,,,35005.08,34954.49,21358.88,16107.45,19340.11,8972.44,2833.16,19795.94429
Kentucky,21,Carroll,41,21041,,,,,,1072.71,1072.81,880.38,1562.72,1647.22,1196.47,0,1061.758571
Kentucky,21,Carter,43,21043,,,,,,1140.09,1106.12,1092.82,1160.68,1032.59,1013.75,749.49,1042.22
Kentucky,21,Casey,45,21045,,,,,,10539.5,9940.71,8080.56,6677.72,3618.44,3579.97,2410.63,6406.79
Kentucky,21,Christian,47,21047,,,,,,139533.35,138087.79,54705.77,44216.11,37032.75,24550.19,9014.19,63877.16429
Kentucky,21,Clark,49,21049,,,,,,5481.5,5654.96,5327.7633,2947.68,4982.52,4627.94,3771.95,4684.9019
Kentucky,21,Clay,51,21051,,,,,,243.8,340.4,257.8,235.25,258.25,253.75,256.75,263.7142857
Kentucky,21,Clinton,53,21053,,,,,,1872.66,2228.15,2082.49,2157.58,2200.8,2021.01,2058.5,2088.741429
Kentucky,21,Crittenden,55,21055,,,,,,18758.63,18509.4,10047.1,10408.8,7774.3,6193.55,3207.39,10699.88143
Kentucky,21,Cumberland,57,21057,,,,,,2840.24,3132.522,2751.74,3037.062,2935.152,2532.652,2007.44,2748.115429
Kentucky,21,Daviess,59,21059,,,,,,38391.93,38169.93,16153.77,12437.19,10436.53,5041.71,4049.66,17811.53143
Kentucky,21,Edmonson,61,21061,,,,,,5895.01,5612.65,4045.89,3447.98,2262.69,1759.1,1088.39,3444.53
Kentucky,21,Elliott,63,21063,,,,,,206.9,170.4,169.3,189.2,105.9,136.5,106.4,154.9428571
Kentucky,21,Estill,65,21065,,,,,,2310.75,2220.85,2296.45,2021.11,2176.36,2046.39,1989.72,2151.661429
Kentucky,21,Fayette,67,21067,,,,,,4300.72576,4095.3,3127.6,3453.4,1337.28,1611.92,636.27,2651.785109
Kentucky,21,Fleming,69,21069,,,,,,15471.47,15092.69,14858.5,14294.36,14430.18,13777.74,13461.08,14483.71714
Kentucky,21,Floyd,71,21071,,,,,,0,0,0,0,0,0,0,0
Kentucky,21,Franklin,73,21073,,,,,,375.87,338.57,128.5,297,510.68,459.11,355.03,352.1085714
Kentucky,21,Fulton,75,21075,,,,,,40229.17,40093.51,31745.08917,8854.44,16389.54,14516.1,6895.08,22674.70417
Kentucky,21,Gallatin,77,21077,,,,,,407.98,354.77,396.19,271.38,306.28,383.65,0,302.8928571
Kentucky,21,Garrard,79,21079,,,,,,3007.36,2948.64,2208.45,2019.44,1998.42,2132.26,1968.49,2326.151429
Kentucky,21,Grant,81,21081,,,,,,265.92,214.6,206.53,260.33,210.13,228.93,124.55,215.8557143
Kentucky,21,Graves,83,21083,,,,,,112291.28,95047.79,82841.16,40711.9,22381.76,18353.66,4513.72,53734.46714
Kentucky,21,Grayson,85,21085,,,,,,15040.98,15139.92,12432.53,8179.74,5205.29,5540.27,3632.28,9310.144286
Kentucky,21,Green,87,21087,,,,,,8538.8,7565.64,6983.7,7177.55,4712.01,4124.63,3140.77,6034.728571
Kentucky,21,Greenup,89,21089,,,,,,1481.56,1252.06,1073.02,539.53,425.13,419.53,396.33,798.1657143
Kentucky,21,Hancock,91,21091,,,,,,3313.54,3192.52,1652.79,3821.7,1498.34,1450.44,529.87,2208.457143
Kentucky,21,Hardin,93,21093,,,,,,29689.33,29136.42,29700.74,24497.48,22031.63,12275.11,7872.45,22171.88
Kentucky,21,Harlan,95,21095,,,,,,0,0,0,0,0,0,0,0
Kentucky,21,Harrison,97,21097,,,,,,1350.57,1781.13,2135.88,2066.98,1920.92,2196.64,522.5,1710.66
Kentucky,21,Hart,99,21099,,,,,,10754.94,9580.03,9238.43,6556.22,7585.4,7342.92,6462.99,8217.275714
Kentucky,21,Henderson,101,21101,,,,,,98852.98,97609.11,30705.72,87764.04,60454.2,32799.64,265.35,58350.14857
Kentucky,21,Henry,103,21103,,,,,,5101.77,4925.25,6361.02,6760.46,7651.07,7300.32,216.99,5473.84
Kentucky,21,Hickman,105,21105,,,,,,55771.65,55496.97,43691.75622,7832.81,34448.51,33303.99,11768.04,34616.2466
Kentucky,21,Hopkins,107,21107,,,,,,29299.39,29157.09,11061.68,15156.04,14585.94,8316.86,3215.49,15827.49857
Kentucky,21,Jackson,109,21109,,,,,,460.67,458.27,458.27,403.97,403.97,464.28,458.27,443.9571429
Kentucky,21,Jefferson,111,21111,,,,,,1116.57,752,399.24,1105.46,314.24,74.45,0,537.4228571
Kentucky,21,Jessamine,113,21113,,,,,,1906.17,2056.49,1414.21,2122.86,1759.06,407.23,795.74,1494.537143
Kentucky,21,Johnson,115,21115,,,,,,29.5,30.5,30.5,30.7,30.7,30.7,28.9,30.21428571
Kentucky,21,Kenton,117,21117,,,,,,184.9,139.2,178,137.5,83.6,77.2,0,114.3428571
Kentucky,21,Knott,119,21119,,,,,,0,0,0,0,0,0,0,0
Kentucky,21,Knox,121,21121,,,,,,463.72,457.52,469.87,412.77,430.9,484.8,339.5,437.0114286
Kentucky,21,Larue,123,21123,,,,,,24260.31,25074.38,22856.22,22245.65,23068.92,14998.07,7587.23,20012.96857
Kentucky,21,Laurel,125,21125,,,,,,1486.3,1285.68,1299.23,1486.15,1358.45,1472.75,1186.15,1367.815714
Kentucky,21,Lawrence,127,21127,,,,,,222.21,276.96,281.96,295.41,177.01,207.1,257.4,245.4357143
Kentucky,21,Lee,129,21129,,,,,,478.9,436.3,408.1,423.4,329.4,325.7,268.1,381.4142857
Kentucky,21,Leslie,131,21131,,,,,,0,0,0,0,0,0,0,0
Kentucky,21,Letcher,133,21133,,,,,,0,0,0,0,0,0,0,0
Kentucky,21,Lewis,135,21135,,,,,,4092.86,3345.89,2717.17,579.23,362.91,277.92,411.59,1683.938571
Kentucky,21,Lincoln,137,21137,,,,,,12523.28,12627.21,9087.47,7843.12,7463.19,6945.42,6544.59,9004.897143
Kentucky,21,Livingston,139,21139,,,,,,21805.74,21601.86,6266.89,6874.9,5682.5,4976.97,2529.88,9962.677143
Kentucky,21,Logan,141,21141,,,,,,96099.13,95323.11,45321.38,27543.64,34260.67,25901.1,4922.12,47053.02143
Kentucky,21,Lyon,143,21143,,,,,,11279.24,11173.1,7151.73,1074.47,1619.34,383.8,0,4668.811429
Kentucky,21,McCracken,145,21145,,,,,,17903.03,17910.81,17729.9,751.49,2308.64,2384.1,2542.99,8790.137143
Kentucky,21,McCreary,147,21147,,,,,,180.57,189.77,186.35,180.67,173.17,171.09,174.54,179.4514286
Kentucky,21,McLean,149,21149,,,,,,48995.36,48517.54,27266.86,26377.06,23469.43,13896.9,7384.24,27986.77
Kentucky,21,Madison,151,21151,,,,,,4171.74,4252.8,4269.62,3851.64,3762.36,4279.99,3668.02,4036.595714
Kentucky,21,Magoffin,153,21153,,,,,,465.4,455,468.5,429.83,400.03,266.43,240.63,389.4028571
Kentucky,21,Marion,155,21155,,,,,,26165.84,26107.57,22732.24,23827.47,24177.75,24216.98,19962.62,23884.35286
Kentucky,21,Marshall,157,21157,,,,,,20890.36,20798.56,14968.07,7450.58,2696.87,2297.2,806.7,9986.905714
Kentucky,21,Martin,159,21159,,,,,,0,0,0,0,0,0,0,0
Kentucky,21,Mason,161,21161,,,,,,10578.92,10469.82,8923.58,7166.82,2683.49,1291.4,872.9,5998.132857
Kentucky,21,Meade,163,21163,,,,,,15497.74,15484.37,12764.57,13313.72,11639.29,9009.79,7918.41,12232.55571
Kentucky,21,Menifee,165,21165,,,,,,0,0,57.4,49.1,64.3,0,0,24.4
Kentucky,21,Mercer,167,21167,,,,,,7023.7,7128.52,4281.62,2848.53,3857.01,4534.02,2518.35,4598.821429
Kentucky,21,Metcalfe,169,21169,,,,,,5360.2,5236.49,4997.14,5177.45,4653.56,4578.62,4779.41,4968.981429
Kentucky,21,Monroe,171,21171,,,,,,11084.13,11106.1,10983.03,9473.38,8982.89,7658.5,6379.59,9381.088571
Kentucky,21,Montgomery,173,21173,,,,,,1873.85,2158.34,1927.15,2188.33,2029.98,2336.36,1264.2,1968.315714
Kentucky,21,Morgan,175,21175,,,,,,747.54,831.94,889.64,870.04,883.36,675.2,629.42,789.5914286
Kentucky,21,Muhlenberg,177,21177,,,,,,20447.62,20445.4,9761.47,5371.15,5798.79,4355.29,312.11,9498.832857
Kentucky,21,Nelson,179,21179,,,,,,24652.4,24356.34,12341.47,8440.5,10619.17,11317.6,5671.13,13914.08714
Kentucky,21,Nicholas,181,21181,,,,,,650.33,816.53,678.27,590.82,573.1,602.39,634.78,649.46
Kentucky,21,Ohio,183,21183,,,,,,7454.34,7381.64,6506.12,5693.4,5758.85,3075.6,2968.55,5548.357143
Kentucky,21,Oldham,185,21185,,,,,,4752.77,4464.47,4247.7991,4908.58,3784.12,2914.32,0,3581.722729
Kentucky,21,Owen,187,21187,,,,,,1053.48,727.75,1246.34,752.44,432.91,805.54,531.91,792.91
Kentucky,21,Owsley,189,21189,,,,,,137.4,137.4,137.4,131.1,131.1,57.68,128.3,122.9114286
Kentucky,21,Pendleton,191,21191,,,,,,1450.09,1345.3,1397.33,1515.14,1510.48,1496.75,1032.29,1392.482857
Kentucky,21,Perry,193,21193,,,,,,0,0,0,0,0,0,0,0
Kentucky,21,Pike,195,21195,,,,,,0,0,0,0,0,0,0,0
Kentucky,21,Powell,197,21197,,,,,,474.4,474.4,438.07,404.7,0,262.4,343.5,342.4957143
Kentucky,21,Pulaski,199,21199,,,,,,12030.51,12144.1,12061.07,11931.52,12925.69,11724.52,11819.27,12090.95429
Kentucky,21,Robertson,201,21201,,,,,,278.93,151.72,157.66,294.92,60.35,0,0,134.7971429
Kentucky,21,Rockcastle,203,21203,,,,,,2498.53,2398.09,2391.53,1995.84,2358.91,2451.31,1682,2253.744286
Kentucky,21,Rowan,205,21205,,,,,,1416.75,1516.15,1359.95,1440.65,1390.59,1289.69,1195.9,1372.811429
Kentucky,21,Russell,207,21207,,,,,,7256.95,7036.95,7024.64,6943.69,6947.43,6711.34,6247.87,6881.267143
Kentucky,21,Scott,209,21209,,,,,,3516.81,3466.2,2831.67,3580.71,2042.85,835.11,921.68,2456.432857
Kentucky,21,Shelby,211,21211,,,,,,11850.98,10647.11,12673.17,16476.2,17882.18,14499.27,1172.93,12171.69143
Kentucky,21,Simpson,213,21213,,,,,,46901.7,46391.4,19430.74,28799.01,36151.02,15427.04,691.73,27684.66286
Kentucky,21,Spencer,215,21215,,,,,,1600.03,1402.11,2865.5683,4665.74,3855.75,1899.44,297.43,2369.438329
Kentucky,21,Taylor,217,21217,,,,,,18605.77,18079.72,12786.14,12913.17,11713.35,8757.25,8010.93,12980.90429
Kentucky,21,Todd,219,21219,,,,,,73827.42834,74087.66,20515.03,7296.17,6537.32,6524.27,0,26969.69691
Kentucky,21,Trigg,221,21221,,,,,,28298.43,27058.18,13592.35,8563.69,9016.54,5096.15,4132.75,13679.72714
Kentucky,21,Trimble,223,21223,,,,,,2614.16,2577.94,1328.44,1963.64,1957.55,1946.01,0,1769.677143
Kentucky,21,Union,225,21225,,,,,,95186.22,95146.84,40165.37,79405.67,62010.17,29067.51,0,57283.11143
Kentucky,21,Warren,227,21227,,,,,,41706.52,40647.19,26483.91,19024.63,19928.61,10890.44,3206.4,23126.81429
Kentucky,21,Washington,229,21229,,,,,,9459.62,9397.52,7025.28,5085.69,6302.49,6563.74,4772.6,6943.848571
Kentucky,21,Wayne,231,21231,,,,,,7704,6656.84,5987.47,6818.97,6751.84,6227.08,5963.26,6587.065714
Kentucky,21,Webster,233,21233,,,,,,48389.26,48605.65,10898.3,31660.06,24992.8,17164.49,2067.16,26253.96
Kentucky,21,Whitley,235,21235,,,,,,609.07,625.77,804.37,711.37,746.07,609.67,523.57,661.4128571
Kentucky,21,Wolfe,237,21237,,,,,,491.1,542.7,563.5,626.08,582.71,489.18,469.81,537.8685714
Kentucky,21,Woodford,239,21239,,,,,,1780.37,1412.06,1229.93,1268.42,1560.26,1614.28,1271.4,1448.102857
Louisiana,22,Acadia,1,22001,,,,,,123638.14,124216.6913,116501.04,124598.2013,125001.4013,124036.8278,123907.2649,123128.5095
Louisiana,22,Allen,3,22003,,,,,,30494.93,30970.65,29776.94,29204.5,29716.08,29102.08,29273.63,29791.25857
Louisiana,22,Ascension,5,22005,,,,,,353.9,353.9,401.9,353.9,353.9,353.9,386.9,365.4714286
Louisiana,22,Assumption,7,22007,,,,,,967.21,967.21,877.31,857.51,877.31,877.31,877.31,900.1671429
Louisiana,22,Avoyelles,9,22009,,,,,,68185.86,65617.41,62197.39,55071.51,53733.94,53248.37,51702.8,58536.75429
Louisiana,22,Beauregard,11,22011,,,,,,6819.59,7001.77,6054.09,5746.21,5069.65,5389.97,5391.73,5924.715714
Louisiana,22,Bienville,13,22013,,,,,,0,0,0,0,0,0,0,0
Louisiana,22,Bossier,15,22015,,,,,,13186.64,12801.66,9834.64,9615.24,8251.81,6537.69,6550.26,9539.705714
Louisiana,22,Caddo,17,22017,,,,,,37477.42,38228.03,34606.58,20907.22,17973.92,17674.25,27321.64,27741.29429
Louisiana,22,Calcasieu,19,22019,,,,,,35291.48,34791.21,32831.25,34265.29,33925.56,31041.09,32802.14,33564.00286
Louisiana,22,Caldwell,21,22021,,,,,,12239.09,12415.47,11326.78,9841.25,7496.71,9659.83,8830.17,10258.47143
Louisiana,22,Cameron,23,22023,,,,,,26899.29,25940.02,24432.15,23821.27,24147.6,23832.1,24030.37,24728.97143
Louisiana,22,Catahoula,25,22025,,,,,,90377.63,64043.76,92456.5,21566.55,45440.52,52460.35,53213.22,59936.93286
Louisiana,22,Claiborne,27,22027,,,,,,0,0,0,0,0,0,0,0
Louisiana,22,Concordia,29,22029,,,,,,96517.5,97147.48,109237.43,30649.58,46792.31,54024.47,54665.626,69862.05657
Louisiana,22,De Soto,31,22031,,,,,,0,0,0,0,0,0,0,0
Louisiana,22,East Baton Rouge,33,22033,,,,,,0,0,0,0,0,0,2.25,0.321428571
Louisiana,22,East Carroll,35,22035,,,,,,100142.42,100050.14,100438.36,85359.17,89679.1,87147.51,85191.98,92572.66857
Louisiana,22,East Feliciana,37,22037,,,,,,0,0,0,0,765.15,0,1321.57,298.1028571
Louisiana,22,Evangeline,39,22039,,,,,,64444.13,64566.75,64711.67,63575.38,62023.91,60824.85,60996.93108,63020.5173
Louisiana,22,Franklin,41,22041,,,,,,140594.12,140747.16,131729.19,96710.58411,103343.044,64707.49398,100397.42,111175.5732
Louisiana,22,Grant,43,22043,,,,,,5544.54,5557.68,4435.55,2582.51,3437.14,3276.77,3413.49,4035.382857
Louisiana,22,Iberia,45,22045,,,,,,2795.14,2771.64,2837.25,3078.05,3005.65,2973.0388,2690.46,2878.746971
Louisiana,22,Iberville,47,22047,,,,,,12560,12723.7,12351,12318.2,12362.8,12318.2,12067.1,12385.85714
Louisiana,22,Jackson,49,22049,,,,,,0,0,0,0,0,0,0,0
Louisiana,22,Jefferson,51,22051,,,,,,0,0,0,0,0,0,0,0
Louisiana,22,Jefferson Davis,53,22053,,,,,,116377.82,117056.64,119791.8,116748.92,114861.51,111371.85,111056.3392,115323.5542
Louisiana,22,Lafayette,55,22055,,,,,,4679.73,4617.04,4612.56,4564.21,4133.41,4203.8,4402.74,4459.07
Louisiana,22,Lafourche,57,22057,,,,,,287.2,287.2,287.2,148,271.6,271.6,271.6,260.6285714
Louisiana,22,La Salle,59,22059,,,,,,334.4,205.44,205.44,0,312.56,339.04,394.38,255.8942857
Louisiana,22,Lincoln,61,22061,,,,,,0,0,0,0,0,0,0,0
Louisiana,22,Livingston,63,22063,,,,,,0,0,0,0,0,0,0,0
Louisiana,22,Madison,65,22065,,,,,,144439.53,129277.15,105807.2,86040.97,81194.09,80014.15,83428.81,101457.4143
Louisiana,22,Morehouse,67,22067,,,,,,161480.42,161564.96,159112.91,147851.22,152007.85,126115.6,147533.07,150809.4329
Louisiana,22,Natchitoches,69,22069,,,,,,37187.71,37550.62,30685.45,26640.85,20818.23,24325.88,26594.79,29114.79
Louisiana,22,Orleans,71,22071,,,,,,0,0,0,0,0,0,0,0
Louisiana,22,Ouachita,73,22073,,,,,,35225.4,34217.51,34098.76,30282.45,31960.71,30531.08,33653.57,32852.78286
Louisiana,22,Plaquemines,75,22075,,,,,,0,0,0,0,0,0,0,0
Louisiana,22,Pointe Coupee,77,22077,,,,,,91680.11,91345.79272,56886.77,41102.31406,64453.67,28348.75,21359.20862,56453.8022
Louisiana,22,Rapides,79,22079,,,,,,48282.38,47622.49,47229.67,44486.57,43288.82,42523.38,42281.36,45102.09571
Louisiana,22,Red River,81,22081,,,,,,11335.12,10864.58,8997.12,7015.9,7484.74,6967.26,5431.73,8299.492857
Louisiana,22,Richland,83,22083,,,,,,118757.19,118863.73,117783.61,104872.24,103461.43,91563.9,96864.73,107452.4043
Louisiana,22,Sabine,85,22085,,,,,,0,0,0,0,0,0,0,0
Louisiana,22,St. Bernard,87,22087,,,,,,0,0,0,0,0,0,0,0
Louisiana,22,St. Charles,89,22089,,,,,,0,0,0,0,0,0,0,0
Louisiana,22,St. Helena,91,22091,,,,,,0,0,0,0,0,0,529.3,75.61428571
Louisiana,22,St. James,93,22093,,,,,,338.63,300.6,289,0,0,0,0,132.6042857
Louisiana,22,St. John the Baptist,95,22095,,,,,,0,0,0,0,0,0,0,0
Louisiana,22,St. Landry,97,22097,,,,,,82037.31,82884.13222,80316.76,78550.64,79132.64233,78396.8506,75138.03,79493.76645
Louisiana,22,St. Martin,99,22099,,,,,,11268.09,10284.81892,9431.57,11354.11,11897.03,11890.63,12103.79,11175.71985
Louisiana,22,St. Mary,101,22101,,,,,,324.89,324.89,324.89,324.89,324.89,324.89,324.89,324.89
Louisiana,22,St. Tammany,103,22103,,,,,,0,0,0,0,0,0,0,0
Louisiana,22,Tangipahoa,105,22105,,,,,,926.45,1158.29,1119.49,0,828.9,888.67,1032.48,850.6114286
Louisiana,22,Tensas,107,22107,,,,,,121256.09,120043.84,86191.24,27982.066,43586.26,41333.17,75678.71329,73724.48276
Louisiana,22,Terrebonne,109,22109,,,,,,199.9,199.9,199.9,199.9,199.9,199.9,199.9,199.9
Louisiana,22,Union,111,22111,,,,,,0,0,0,0,0,0,0,0
Louisiana,22,Vermilion,113,22113,,,,,,110595.96,111773.8734,109824.2595,111155.4969,110655.2675,110890.6533,110523.3175,110774.1183
Louisiana,22,Vernon,115,22115,,,,,,0,0,0,0,0,0,0,0
Louisiana,22,Washington,117,22117,,,,,,970.94,970.94,959.44,0,0,0,0,414.4742857
Louisiana,22,Webster,119,22119,,,,,,0,0,0,0,0,0,0,0
Louisiana,22,West Baton Rouge,121,22121,,,,,,7908.62,7870.82,7396.34,6702.81,6713.43,5832.47,5850.78,6896.467143
Louisiana,22,West Carroll,123,22123,,,,,,61502.66,63129.13,60519.15,56167.59,53937.51,53309.11,54132.82,57528.28143
Louisiana,22,West Feliciana,125,22125,,,,,,0,0,0,0,0,0,0,0
Louisiana,22,Winn,127,22127,,,,,,0,0,0,0,0,0,0,0
Maine,23,Androscoggin,1,23001,,,,,,2143.02,2108.61,2016.31,1870.91,2013.54,1867.93,1885.64,1986.565714
Maine,23,Houlton,2,23002,,,,,,5872.91,5808.09,5671.17,6319.7,6541.74,6483.61,6492.2,6169.917143
Maine,23,Aroostook,3,23003,,,,,,18184.11,18092.43,18850.06,15398.23,15214.21,14107.52,15259.55,16443.73
Maine,23,Fort Kent,4,23004,,,,,,1256.09,1253.99,1226.88,1333.09,1347.53,1332.36,1339.5,1298.491429
Maine,23,Cumberland,5,23005,,,,,,0,0,0,0,0,0,0,0
Maine,23,Franklin,7,23007,,,,,,0,0,0,0,0,0,0,0
Maine,23,Hancock,9,23009,,,,,,0,0,0,0,0,0,0,0
Maine,23,Kennebec,11,23011,,,,,,0,0,0,0,0,0,0,0
Maine,23,Knox,13,23013,,,,,,0,0,0,0,0,0,0,0
Maine,23,Lincoln,15,23015,,,,,,0,0,0,0,0,0,0,0
Maine,23,Oxford,17,23017,,,,,,1563.5,1563.5,1563.5,1473.03,1637.33,1528.73,1436.2,1537.97
Maine,23,Penobscot,19,23019,,,,,,127.7,187.9,235.3,57.9,57.9,60.6,124.9,121.7428571
Maine,23,Piscataquis,21,23021,,,,,,0,0,0,23,23,0,0,6.571428571
Maine,23,Sagadahoc,23,23023,,,,,,0,0,0,0,0,0,0,0
Maine,23,Somerset,25,23025,,,,,,0,0,0,0,0,0,0,0
Maine,23,Waldo,27,23027,,,,,,0,0,0,0,0,0,0,0
Maine,23,Washington,29,23029,,,,,,0,0,0,0,0,0,0,0
Maine,23,York,31,23031,,,,,,0,0,0,0,0,0,0,0
Maryland,24,Allegany,1,24001,,,,,,381.9,374.8,326.3,408.6,380,322.2,319.7,359.0714286
Maryland,24,Anne Arundel,3,24003,,,,,,1324.34,1334.43,1278.03,1277.83,1263.84,1252.51,1200.41,1275.912857
Maryland,24,Baltimore,5,24005,,,,,,21672.74115,22432.33,11778.06,11747.25,12012.94,3959.96,4441.86415,12577.8779
Maryland,24,Calvert,9,24009,,,,,,1112.62,1197.96,1079.14,877.41,885.91,1190.813,1190.813,1076.380857
Maryland,24,Caroline,11,24011,,,,,,33345.5,33208.91,30619.94,30037.15,29535.65,29423.48,27516.67,30526.75714
Maryland,24,Carroll,13,24013,,,,,,38861.7,38757.5428,32554.07,29046.1,26733.54,24756.16,17371.56,29725.8104
Maryland,24,Cecil,15,24015,,,,,,13804.12,13894.81,19314.56,20449.63,17218.92,16870.17,2124.44,14810.95
Maryland,24,Charles,17,24017,,,,,,3297.04,3182.56,2988.83,3218.3216,3280.4856,3238.0056,3533.4956,3248.3912
Maryland,24,Dorchester,19,24019,,,,,,28279.81,28266.61,23374.05,20016.324,19245.51,18759.42,17213.26,22164.99771
Maryland,24,Frederick,21,24021,,,,,,47312.36,46313.71,45255.35,47092.67,45136.16,41650.62,39234.45,44570.76
Maryland,24,Garrett,23,24023,,,,,,973.99,1043.39,1128,958.91,844.8,1360.11,1261.6,1081.542857
Maryland,24,Harford,25,24025,,,,,,20585.95,20438.57,12116.95,13844.04,13415.12,12322.75,4441.47422,13880.69346
Maryland,24,Howard,27,24027,,,,,,6039.1,6028.17,5852.47,5751.43,4975.07,5431.64,5339.78,5631.094286
Maryland,24,Kent,29,24029,,,,,,26108.27,26124.72,24347.76,16395.11,2436.99,9228.03,4618.84,15608.53143
Maryland,24,Montgomery,31,24031,,,,,,18912.72,17226.83,17351.61,18696.11,18019.65,16827.01,16396.75,17632.95429
Maryland,24,Prince George's,33,24033,,,,,,809.67,722.85,873.92,843.93,772.63,852.19,824.89,814.2971429
Maryland,24,Queen Anne's,35,24035,,,,,,40569.2,39929.66,18946.73,17069.49,18000.36,17144.2,15557.35,23888.14143
Maryland,24,St. Mary's,37,24037,,,,,,8398.37,8476.04,8403.24,7344.42,7170.46,7562.7637,7869.1537,7889.206771
Maryland,24,Somerset,39,24039,,,,,,16974.29,16928.77,11947.17,6160.43,63.23,0,0,7439.127143
Maryland,24,Talbot,41,24041,,,,,,31155.12,30483.24,22208.83,21414.35,19811.39,16501.18,15944.78,22502.69857
Maryland,24,Washington,43,24043,,,,,,23418.12,23070.76,23483.7,6152.07,5589.41,1241.61,705.55,11951.60286
Maryland,24,Wicomico,45,24045,,,,,,16027.98,16014.07,13432.61,4882.15,4641.8,268.4,105.29,7910.328571
Maryland,24,Worcester,47,24047,,,,,,17929.64,18722.94,16483.65,12537.94,10851.18,9848.21,4609.88,12997.63429
Maryland,24,Baltimore,510,24510,,,,,,0,0,0,0,0,0,0,0
Massachusetts,25,Barnstable,1,25001,,,,,,0,0,0,0,0,0,0,0
Massachusetts,25,Berkshire,3,25003,,,,,,3247.7,3098.4,3171.7,3180.3,2794.3,2982.4,0,2639.257143
Massachusetts,25,Bristol,5,25005,,,,,,1659.08,1527.17,1367.28,0,0,0,0,650.5042857
Massachusetts,25,Dukes,7,25007,,,,,,0,0,0,0,0,0,0,0
Massachusetts,25,Essex,9,25009,,,,,,272.8,384.03,291.23,262.03,218.23,360.23,298.53,298.1542857
Massachusetts,25,Franklin,11,25011,,,,,,2692.2,2518.4,1953.8,0,0,0,0,1023.485714
Massachusetts,25,Hampden,13,25013,,,,,,533.3,465.2,637.3,281.9,160.3,130.1,0,315.4428571
Massachusetts,25,Hampshire,15,25015,,,,,,2871.3,2186.8,3082.69,873.49,108.6,231.49,43.8,1342.595714
Massachusetts,25,Middlesex,17,25017,,,,,,506.8,482.4,482.4,482.4,482.4,434.3,436,472.3857143
Massachusetts,25,Nantucket,19,25019,,,,,,0,0,0,0,0,0,0,0
Massachusetts,25,Norfolk,21,25021,,,,,,0,0,0,0,0,0,0,0
Massachusetts,25,Plymouth,23,25023,,,,,,1031.4,587,1061.2,700.5,558.8,388.1,423.31,678.6157143
Massachusetts,25,Suffolk,25,25025,,,,,,0,0,0,0,0,0,0,0
Massachusetts,25,Worcester,27,25027,,,,,,2607.42,2600.21,2612.05,0,0,0,166,1140.811429
Michigan,26,Alcona,1,26001,,,,,,4733.2,4683.44166,3269.55,2819.49,2960.81,3276.63,755.15,3214.038809
Michigan,26,Alger,3,26003,,,,,,588.21,625.11,610.01,618.6,618.6,604.61,618.11,611.8928571
Michigan,26,Allegan,5,26005,,,,,,69588.69,65890.47,74934.61,48908.14,38887.67,21554,21109.6,48696.16857
Michigan,26,Alpena,7,26007,,,,,,13730.91,13076.69868,11623.92,11817.3,11048.32,9697.33964,1843.86,10405.47833
Michigan,26,Antrim,9,26009,,,,,,2418.21,2361.62,2316.7,2415.705,2148.97,1974.02,1913.39,2221.230714
Michigan,26,Arenac,11,26011,,,,,,29865.25,29743.28,7669.98,6451.5,5445.55,5560.5824,4101.05,12691.02749
Michigan,26,Baraga,13,26013,,,,,,0,0,0,0,0,0,0,0
Michigan,26,Barry,15,26015,,,,,,37146.61,37213.35,41853.03,34545.8,34460.21,25830.66,17591.96,32663.08857
Michigan,26,Bay,17,26017,,,,,,62916.47,62832.44,57398.33,9363.05,9626.39,10721.72,9883.7,31820.3
Michigan,26,Benzie,19,26019,,,,,,1003.72,978.83,1159.7,1009.83,1050.99275,887.33,1037.3,1018.24325
Michigan,26,Berrien,21,26021,,,,,,38736.94,36897.67,22770.2,25549.89,31177.39,22557.5,8722.97,26630.36571
Michigan,26,Branch,23,26023,,,,,,54895.97,54991.806,46435.29,37841.53,35160.87,20100.05,14843.57,37752.72657
Michigan,26,Calhoun,25,26025,,,,,,89458.06999,89369.05993,81299.93,56547.37,51353.21,38667.36,8018.76,59244.82285
Michigan,26,Cass,27,26027,,,,,,70464.03,71085.09,21103.38,12223.55,12033.92,10434.89,5066.42,28915.89714
Michigan,26,Charlevoix,29,26029,,,,,,3030.76,2699.76,2820.9965,0,0,0,0,1221.645214
Michigan,26,Cheboygan,31,26031,,,,,,1978.69,1849.5,1257.67,553.39,53.93,53.93,0,821.0157143
Michigan,26,Chippewa,33,26033,,,,,,3768.45,3660.19,519.04,256.15,14.9,25.06,57.86,1185.95
Michigan,26,Clare,35,26035,,,,,,8770.66,8455.99,7954.5,8475.96,8248.21,7953.65,4411.42,7752.912857
Michigan,26,Clinton,37,26037,,,,,,69331.58899,68364.70402,84277.76,72379.37217,57321.02,33377.47,41253.22,60900.7336
Michigan,26,Crawford,39,26039,,,,,,0,0,0,0,0,0,0,0
Michigan,26,Delta,41,26041,,,,,,4821.07,4729.62,4794.38,5570.49,5515.32,5439.75,5204.47,5153.585714
Michigan,26,Dickinson,43,26043,,,,,,303.38,323.38,158.16,161.99,109.25,106.62,131.32,184.8714286
Michigan,26,Eaton,45,26045,,,,,,40011.52,40609.24,58864.51,50189,52592.31,29518.9,20291.02,41725.21429
Michigan,26,Emmet,47,26047,,,,,,1994.76,1654.99,1899.19,0,0,0,0,792.7057143
Michigan,26,Genesee,49,26049,,,,,,33826.5226,33734.19,28012.15,27644.98,27365.35,20961.07,11922.61,26209.55323
Michigan,26,Gladwin,51,26051,,,,,,12399.22,12253.35,12595.98,12504.41,11179.9,11141.54,6134.63,11172.71857
Michigan,26,Gogebic,53,26053,,,,,,0,0,0,0,0,0,0,0
Michigan,26,Grand Traverse,55,26055,,,,,,5640.38,5832.7063,4479.33,4194.82,4127.29,4537.8,2190.16,4428.926614
Michigan,26,Gratiot,57,26057,,,,,,118967.19,117647.07,105917.03,107264.14,104325.06,60100.96,38588.57,93258.57429
Michigan,26,Hillsdale,59,26059,,,,,,74758.42,74981.17,81943.18,55245.42,55184.22,38956.44,21854.09,57560.42
Michigan,26,Houghton,61,26061,,,,,,10,10,10,10,10,10,0,8.571428571
Michigan,26,Huron,63,26063,,,,,,138139.26,138206.69,104957.82,79568.96,64070.67,49784.21,35135.27,87123.26857
Michigan,26,Ingham,65,26065,,,,,,40806.45,41262.41,35752.54,15081.33,16372.74,8372.19,7496.03,23591.95571
Michigan,26,Ionia,67,26067,,,,,,87598.72,85442.74,79815.96,64976.79,55162.45,34473.34,37291.06,63537.29429
Michigan,26,Iosco,69,26069,,,,,,12610.65,11938.55,5491.83,1978.81,1944.49,1932.37,646.49,5220.455714
Michigan,26,Iron,71,26071,,,,,,404.5,345.1,337.65,354.75,340.95,188.4,65.3,290.95
Michigan,26,Isabella,73,26073,,,,,,54308.57,53990.21,47030.5,52046.57,47723.22,40376.74,30424.88,46557.24143
Michigan,26,Jackson,75,26075,,,,,,55464.82,55342.02,51674.33,42610.14,35811.33,21622.42,14389.72,39559.25429
Michigan,26,Kalamazoo,77,26077,,,,,,44881.53,45077.992,37140.55,24384.7178,21043.0919,9068.1819,6299.25,26842.18766
Michigan,26,Kalkaska,79,26079,,,,,,1388.01,1623.79,1521.69,1492.39,1419.69,1415.29,1360.03,1460.127143
Michigan,26,Kent,81,26081,,,,,,51909.41948,51314.16715,48171.66,45400.61655,42018.65,26548.1,19430.15,40684.68045
Michigan,26,Keweenaw,83,26083,,,,,,0,0,0,0,0,0,0,0
Michigan,26,Lake,85,26085,,,,,,46,46,46,46,48.9,45.6,0,39.78571429
Michigan,26,Lapeer,87,26087,,,,,,31233.93,32607.68,26373.82,17713.77,14595.5,11317.71,7700.24,20220.37857
Michigan,26,Leelanau,89,26089,,,,,,497.53,531.96,455.26,416.86,416.86,455.58,163.2,419.6071429
Michigan,26,Lenawee,91,26091,,,,,,103064.14,102097.56,90876.21,66915.03919,68323.28,58838.52047,37453.04,75366.82709
Michigan,26,Livingston,93,26093,,,,,,18558.85,19066.36,22076.91,14001.81,4014.54,3075.93,1775.3,11795.67143
Michigan,26,Luce,95,26095,,,,,,265.02,265.02,0,0,0,0,0,75.72
Michigan,26,Mackinac,97,26097,,,,,,709.19,691.19,283.1,23.05,0,0,0,243.79
Michigan,26,Macomb,99,26099,,,,,,9080.88,8843.36,10365.95,9706.36,8622.86,7507.22,5650.14,8539.538571
Michigan,26,Manistee,101,26101,,,,,,843.18,795.28,1016.38,1032.28,1077.53,1040.48,848.88,950.5728571
Michigan,26,Marquette,103,26103,,,,,,901.45,901.45,851.12,688.62,688.62,535.19,490,722.35
Michigan,26,Mason,105,26105,,,,,,15401.87,15378.95,14204.02,12551.46,11825.29,11761.28,10348.54,13067.34429
Michigan,26,Mecosta,107,26107,,,,,,27334.85,26993.52,27362.05,27711.08,24350.39,20772.47,18435.03,24708.48429
Michigan,26,Menominee,109,26109,,,,,,1292.03,1335.13,836.78,851.44,796.25,734.9,686.32,933.2642857
Michigan,26,Midland,111,26111,,,,,,24973.1,25828.04542,22423.09,19000.27,18733.59,16835.65,14394.36,20312.58649
Michigan,26,Missaukee,113,26113,,,,,,11913.5,11534.84,11174.71,11056.19,10472.93,9165.071,5817.37,10162.08729
Michigan,26,Monroe,115,26115,,,,,,63398.29858,59234.11595,48377.19,16938.73,17542.79,22237.81,4141.42,33124.33636
Michigan,26,Montcalm,117,26117,,,,,,52909.9,53233.19,48700.55,48271.46,47141.75,31477.08,25680.48,43916.34429
Michigan,26,Montmorency,119,26119,,,,,,3849.67,3817.52,3090.33,3420.28,2898.94,2588.28,769.13,2919.164286
Michigan,26,Muskegon,121,26121,,,,,,13465.24,13245.0132,11448.36,12724.47173,12594.53,11084.81,8670.51,11890.41928
Michigan,26,Newaygo,123,26123,,,,,,21205.16,21244.91179,20268.75,21252.45412,20693.96,16715.46,16096.44,19639.59084
Michigan,26,Oakland,125,26125,,,,,,1711.91,1711.91,1519.95,1803.51,753.46,311,320.2,1161.705714
Michigan,26,Oceana,127,26127,,,,,,7231.87,6871.62,6658.59,6435.47,5713.76,4713.18,3531.79,5879.468571
Michigan,26,Ogemaw,129,26129,,,,,,15038.11,14773.24,1746.73,1384.87,1368.97,1341.19,831.08,5212.027143
Michigan,26,Ontonagon,131,26131,,,,,,75.13,54.43,54.23,54.23,54.23,53.8,14.5,51.50714286
Michigan,26,Osceola,133,26133,,,,,,7869.08,7673.41,7479.1,7455.72,7557.4096,6531.18992,4638.28,7029.169931
Michigan,26,Oscoda,135,26135,,,,,,239.3,237.3,0,0,0,0,0,68.08571429
Michigan,26,Otsego,137,26137,,,,,,1943.96,1975.39,2011.05,1751.89,1760.99,1524.59,1968.97,1848.12
Michigan,26,Ottawa,139,26139,,,,,,46019.32,44183.66,45275.82,42220.57,34919.8318,29722.311,24292.4,38090.55897
Michigan,26,Presque Isle,141,26141,,,,,,10087.96,9919.3364,6888.35,2977.63,1763.5,2153.7,1308.09,5014.080914
Michigan,26,Roscommon,143,26143,,,,,,0,0,22.1,21.6,21.6,21.6,21.6,15.5
Michigan,26,Saginaw,145,26145,,,,,,60802.29,59867.22,43254.19,40515.69,40191.74,31919.36,32044.39,44084.98286
Michigan,26,St. Clair,147,26147,,,,,,28240.23,28602.99,26481.27,23264.72,21847.07,19795.83,18313.99,23792.3
Michigan,26,St. Joseph,149,26149,,,,,,71502.33,70304.06,37166.72,22151.2974,24491.12,17913.94,13168.92,36671.1982
Michigan,26,Sanilac,151,26151,,,,,,160403.01,160318.27,144965.62,142985.58,135268.91,126592.59,115265.27,140828.4643
Michigan,26,Schoolcraft,153,26153,,,,,,465.2,464.2,483.99,317.85,551.19,523.51,590.04,485.14
Michigan,26,Shiawassee,155,26155,,,,,,54778.62,55022.73,67358.21,68176.2865,65882.35341,53143.85,20893.13,55036.45427
Michigan,26,Tuscola,157,26157,,,,,,143213.11,141727.86,101141.34,83753.27,77789.61,65145.96,58366.33,95876.78286
Michigan,26,Van Buren,159,26159,,,,,,19911.37,19438.55488,20755.46,16102.01,19004.48,16582.87,13222.01,17859.53641
Michigan,26,Washtenaw,161,26161,,,,,,56541.79,54718.41,65406.07,48151.09,35628.28,29737.24,6885.72,42438.37143
Michigan,26,Wayne,163,26163,,,,,,547.99,1329,1790.42,1182.42,667.96,582.65,261.09,908.79
Michigan,26,Wexford,165,26165,,,,,,2777.18,2756.65,2770.3,2808.56,2874.37,2676.41,2044.03,2672.5
Minnesota,27,Aitkin,1,27001,,,,,,1803.92,1878.01,431.8,493.9,390.15,390.15,412.13,828.58
Minnesota,27,Anoka,3,27003,,,,,,8753.42,7960.85,6370.53,5626.33,5721.76,3809.35,1195.68,5633.988571
Minnesota,27,Becker,5,27005,,,,,,69109.71,67910.28,45471.53,19873.4,15113.39,18042.93,9406.05,34989.61286
Minnesota,27,Beltrami,7,27007,,,,,,30513.19,27246.42,27495.62,18372.28,24631.68,17891.78,16652.46,23257.63286
Minnesota,27,Benton,9,27009,,,,,,19710.99,19419.33,13709.86,10997.03,9522.58,7751.91,5526.66,12376.90857
Minnesota,27,Big Stone,11,27011,,,,,,77613.13,77088.09,38304.73,27173.35,25595.33,27574.34,22142.03,42213
Minnesota,27,Blue Earth,13,27013,,,,,,184377.15,183511.59,104136.55,72876.63,54552.58,34654.22,13095.08,92457.68571
Minnesota,27,Brown,15,27015,,,,,,142689.84,142309.45,55862.46,54086.52,43142.12104,29197.04,11413.76,68385.88443
Minnesota,27,Carlton,17,27017,,,,,,415.41,424.68,632.79,451.52,436.92,436.92,398.41,456.6642857
Minnesota,27,Carver,19,27019,,,,,,51376.29,49974,31353.39,21902.44,17956.0056,10611.06,7077.43,27178.65937
Minnesota,27,Cass,21,27021,,,,,,3187.48,3597.4,3794.06,2853.48,2031.49,1891.22,2387.44,2820.367143
Minnesota,27,Chippewa,23,27023,,,,,,102779.59,103444,57561.59,32363.33,34474.05,22965.98,15005.91,52656.35
Minnesota,27,Chisago,25,27025,,,,,,19487.23,18767.09,18679.13,10675.23,8961.63,4197.01,2840.06,11943.91143
Minnesota,27,Clay,27,27027,,,,,,177280.86,170724.72,118311.17,71854.65972,63229.76,48613.57,31029.86,97292.08567
Minnesota,27,Clearwater,29,27029,,,,,,14657.47,14528.67,13807.02,9270.33,8863.44,9839.27,9437.32,11486.21714
Minnesota,27,Cook,31,27031,,,,,,0,0,0,0,0,0,0,0
Minnesota,27,Cottonwood,33,27033,,,,,,5348.91,5710,7087.44,17259.86,14517.1,1348.84,3975.09,7892.462857
Minnesota,27,Crow Wing,35,27035,,,,,,5159.54,5201.38,3766.04,3795.44,3544.95,1952.54,1439.39,3551.325714
Minnesota,27,Dakota,37,27037,,,,,,102532.61,102324.28,79615.8,65064.75,66702,27326.54,13075.97,65234.56429
Minnesota,27,Dodge,39,27039,,,,,,123785.84,123957.16,78266.42,49333.24,49904.24,12856.38,6741.4,63549.24
Minnesota,27,Douglas,41,27041,,,,,,55695.13,56622.34,50204.79,47632.08,45343.23,38257.42,26166.3,45703.04143
Minnesota,27,Faribault,43,27043,,,,,,193538.42,193616.62,117775.63,68635.59,49355.82,30975.77,17665.07,95937.56
Minnesota,27,Fillmore,45,27045,,,,,,191264.02,190344.99,125862.85,71686.01,51062.26,23072.95,14197.97,95355.86429
Minnesota,27,Freeborn,47,27047,,,,,,190287.21,186944.34,99668.43,83618.21,73904.92,28887.05,17464.87,97253.57571
Minnesota,27,Goodhue,49,27049,,,,,,156211.45,146874.65,108178.61,74944.83915,83155.58,21410.91,16697.73,86781.96702
Minnesota,27,Grant,51,27051,,,,,,137715.5,138107.7,116434.56,114536.53,66470.16,42691.18,9954.33,89415.70857
Minnesota,27,Hennepin,53,27053,,,,,,12277.77,11918.52,2872.52,2017.86266,2103.3,1580.03,1286.01,4865.144666
Minnesota,27,Houston,55,27055,,,,,,66848.75,64285.3,46606.38,40574.57,37940.85,29819.92,25471.94,44506.81571
Minnesota,27,Hubbard,57,27057,,,,,,19241.83,18232.76,16387.65,13059.06,12986.42,11550.99,11450.81,14701.36
Minnesota,27,Isanti,59,27059,,,,,,32183.93,31340.18,20159.4,14043.66,12655.25,8177.79,4518.03,17582.60571
Minnesota,27,Itasca,61,27061,,,,,,425.15,0,0,0,0,0,0,60.73571429
Minnesota,27,Jackson,63,27063,,,,,,3314.81,2586.84,12258.67,11312.47,9796.23,6375.43,289.24,6561.955714
Minnesota,27,Kanabec,65,27065,,,,,,13814.11,13644.7,5672.7,5483.73,5772.25,4953.98,4378.06,7674.218571
Minnesota,27,Kandiyohi,67,27067,,,,,,146587.8,145725.06,90010.2,48202.65,39255.74,26579.3,12199.64,72651.48429
Minnesota,27,Kittson,69,27069,,,,,,207594.36,208177.51,173283.6,115157.99,108834.77,100500.67,70882.13,140633.0043
Minnesota,27,Koochiching,71,27071,,,,,,3389.39,3401.98,2374.58,1658.86,1726.6,982.98,1298.09,2118.925714
Minnesota,27,Lac qui Parle,73,27073,,,,,,126558.56,125805.68,71365.39,42200.12,30732.3,21078.63,7389.85,60732.93286
Minnesota,27,Lake,75,27075,,,,,,0,0,0,0,0,0,0,0
Minnesota,27,Lake of the Woods,77,27077,,,,,,23557.25,20768.16,22415.05,8133.39,8198.75,8162.3,6515.06,13964.28
Minnesota,27,Le Sueur,79,27079,,,,,,129787.46,125149.76,71822.13,46308.51,40991.72,19206.54,10485.76,63393.12571
Minnesota,27,Lincoln,81,27081,,,,,,34552.32,34291.67,41030.63,14380.07,9065.51,10515.72,7819.88,21665.11429
Minnesota,27,Lyon,83,27083,,,,,,114230.84,113587.27,81673.01,49430.66,39896.27,31899.09,20607.53,64474.95286
Minnesota,27,McLeod,85,27085,,,,,,106281.84,100617.77,56208.59,33243.99,24457.72214,13543.43,9333.31,49098.09316
Minnesota,27,Mahnomen,87,27087,,,,,,45277.77,45142.9,30880.93,1296.27,1164.44,1933.81,2318.19,18287.75857
Minnesota,27,Marshall,89,27089,,,,,,342368.51,327706.47,275981.89,117624.32,60002.61,51287.18,36133.5,173014.9257
Minnesota,27,Martin,91,27091,,,,,,179861.97,178711,42499.1,24728.99,22146.87,16853.18,5803.59,67229.24286
Minnesota,27,Meeker,93,27093,,,,,,103493.5,101925.21,53565.94,38335.79,33308.22,27715.96,17754.48,53728.44286
Minnesota,27,Mille Lacs,95,27095,,,,,,12615.79,12464.76,6402.18,7480.49654,7996.42,5273.07,3902.41,8019.303791
Minnesota,27,Morrison,97,27097,,,,,,83510.27,83037.2,58732.36,37726.65,25501.7,15569.29,13382.44,45351.41571
Minnesota,27,Mower,99,27099,,,,,,222404.77,222045.72,111705.95,83168.53,69718,25169.2,13599.09,106830.18
Minnesota,27,Murray,101,27101,,,,,,8530.65,9517.48,24913.06,13326.08,8434.45,7884.18,3796.24,10914.59143
Minnesota,27,Nicollet,103,27103,,,,,,95932.6,95612.53,47567.33,30821.28,22462.66,8620.94,7243.6,44037.27714
Minnesota,27,Nobles,105,27105,,,,,,5214.24,5163.27,7686.52,16653.15,10834.66,598.46,545.4,6670.814286
Minnesota,27,Norman,107,27107,,,,,,203046.47,194414.74,164879.41,77722.94,78924.21,64646.06,49341.54,118996.4814
Minnesota,27,Olmsted,109,27109,,,,,,141719.29,136723.21,79216.67,58758.13,46750.24,22041.54,14011.56,71317.23429
Minnesota,27,East Otter Tail,111,27111,,,,,,58303.1,58116.65,59549.61,28482.64,18725.03,20835.36,14089.61,36871.71429
Minnesota,27,West Otter Tail,112,27112,,,,,,94370.23,92697.2,73261.59,66156.9,54088.22,45341.22,29595.23,65072.94143
Minnesota,27,Pennington,113,27113,,,,,,145192.17,138297.88,128061.03,38451.69,34021.27,32025.19,16890.1,76134.19
Minnesota,27,Pine,115,27115,,,,,,20294.66,18560.98,14475.4,12063.93,11970.39,10461.68,9388.04,13887.86857
Minnesota,27,Pipestone,117,27117,,,,,,4577.19,4042.53,31682.95,15651.58,10335.73,2691.74,1461.32,10063.29143
Minnesota,27,East Polk,119,27119,,,,,,128179.08,128455.12,116947.11,64996.28,57089.55,40019.53,31646.91,81047.65429
Minnesota,27,West Polk,120,27120,,,,,,349585.5,350730.97,268290.66,150417.71,109442.41,59856.73,42343.49,190095.3529
Minnesota,27,Pope,121,27121,,,,,,91577.64,92124.68,61473.99,57206.61044,58425.56,41505.62,19214.75,60218.40721
Minnesota,27,Ramsey,123,27123,,,,,,0,0,0,0,0,0,0,0
Minnesota,27,Red Lake,125,27125,,,,,,105131.81,103379.2,89758.37,28743.59,18451.49,31039.86,13534.4,55719.81714
Minnesota,27,Redwood,127,27127,,,,,,177520.18,175968.83,109004.18,65007.08,58404.06,38833.94,18920.34,91951.23
Minnesota,27,Renville,129,27129,,,,,,283259.92,278852.3,125066.57,59606.2,45092.72,21836.51,14295.48,118287.1
Minnesota,27,Rice,131,27131,,,,,,82805.65,81667.7,61636.58,50618.9,49234.14,16029.89,12446.43,50634.18429
Minnesota,27,Rock,133,27133,,,,,,7044.95,7044.95,10329.24,15326.58,12338.81,5759.18,1306.83,8450.077143
Minnesota,27,Roseau,135,27135,,,,,,224109.19,227628.89,194683.61,87358.89,79780.6,76363.07,70728.98,137236.1757
Minnesota,27,North St. Louis,137,27137,,,,,,0,312.14,312.14,302.04,62.51,62.51,67.71,159.8642857
Minnesota,27,South St. Louis,138,27138,,,,,,84.21,85.3,75.3,75.3,0,65.08,229.8,87.85571429
Minnesota,27,Scott,139,27139,,,,,,13811.88,13743,11740.36,10252.62,9912.68,5963.92,3234.73,9808.455714
Minnesota,27,Sherburne,141,27141,,,,,,32084.05,31107.9,28428.16,25950.49,30803.24,23308.86,6214.26,25413.85143
Minnesota,27,Sibley,143,27143,,,,,,127368.97,126026.54,46459.43,31138.02,23021.43,13793.63,12092.24,54271.46571
Minnesota,27,Stearns,145,27145,,,,,,189672.43,187785.9981,117825.15,100754.98,87862.3,69911,63573.59,116769.3497
Minnesota,27,Steele,147,27147,,,,,,106522.95,91865.25,73504.11,63269.63,52630.95,13092.66,5011.72,57985.32429
Minnesota,27,Stevens,149,27149,,,,,,129028.53,128349.55,55392.88,25784.62,22413.4,16424.03,11709.79,55586.11429
Minnesota,27,Swift,151,27151,,,,,,183871.8,185106.81,108930.66,76934.63,67346.25,26754.88,9151.61,94013.80571
Minnesota,27,Todd,153,27153,,,,,,61543.89,60862.64,41930.47,39678.7,26099.13,17004.52,16817,37705.19286
Minnesota,27,Traverse,155,27155,,,,,,92619.26,92623.08,57352.19,40020.66,13614.63,9775.04,5667.23,44524.58429
Minnesota,27,Wabasha,157,27157,,,,,,94781.33,93817.38,72552.12,32663.28,35639.58,13604.08,10314.9,50481.81
Minnesota,27,Wadena,159,27159,,,,,,22566.24,22623.01,14746.57,12174.20616,10767.79,10231.68,7480.41,14369.98659
Minnesota,27,Waseca,161,27161,,,,,,108417.85,97646.84,59285.54,33783.59,32052.85,12831.77,6651.97,50095.77286
Minnesota,27,Washington,163,27163,,,,,,18731.51,18111.75531,10848.34,10245.9029,7914.61,2818.73,1768.46,10062.75831
Minnesota,27,Watonwan,165,27165,,,,,,78646.15,77857.75,24198.94,18624.7,26943.95,7136.22,3367.42,33825.01857
Minnesota,27,Wilkin,167,27167,,,,,,171835.69,170886.24,157376.03,114685.72,100349.15,59226.84,45041.47,117057.3057
Minnesota,27,Winona,169,27169,,,,,,93887.65,93480.38,68093.21,44423.85,35397.73,17843.29,10225,51907.30143
Minnesota,27,Wright,171,27171,,,,,,74847.42,72314.23,41171.87,22606.1,20130.46,13095.55,10080.5,36320.87571
Minnesota,27,Yellow Medicine,173,27173,,,,,,128613.32,128211.6,59539.29,38627.06,44870.25,23580.03,10133.48,61939.29
Mississippi,28,Adams,1,28001,,,,,,4873,5645.1,5289.58,5359.86,4637.84,4533.44,5106.6,5063.631429
Mississippi,28,Alcorn,3,28003,,,,,,13506.86,13498.95,12973.6,13188.76,11111.53,11088.32,3860.69,11318.38714
Mississippi,28,Amite,5,28005,,,,,,547.9,287.36,143.65,554.42,423.72,352.32,128.84,348.3157143
Mississippi,28,Attala,7,28007,,,,,,7116.32,7077.58,5834.13,3440.37,4216.37,3440.71,5590.3,5245.111429
Mississippi,28,Benton,9,28009,,,,,,9234.83,8320.92,7047.19,5546.79,5020.39,2548.44,4646.59,6052.164286
Mississippi,28,Bolivar,11,28011,,,,,,230656.13,229471.63,220598.76,207739.29,196256.05,186147.73,199967.97,210119.6514
Mississippi,28,Calhoun,13,28013,,,,,,36442.59,37100.0686,35292.1786,28705.27,24045.31,1356.03,25341.97,26897.63103
Mississippi,28,Carroll,15,28015,,,,,,15949.14,15208.22693,6493.2815,6595.348808,3625.902336,2599.4,6953.71,8203.572796
Mississippi,28,Chickasaw,17,28017,,,,,,24606.91,24785.25,14848.86,6328.57,4739.15,3865.46,14674.08,13406.89714
Mississippi,28,Choctaw,19,28019,,,,,,3451.85,3442.05,3442.05,3405.32,2079.86,1990.97,1770.37,2797.495714
Mississippi,28,Claiborne,21,28021,,,,,,5739.57,6493.16,6556.61,4420.49,4811.48,3895.01,6380.35,5470.952857
Mississippi,28,Clarke,23,28023,,,,,,1645.4,1641.99,296.15,1170.9,0,220.93,363.55,762.7028571
Mississippi,28,Clay,25,28025,,,,,,10291.7,10301.4,8698.31,4.22,155.84,0,321.69,4253.308571
Mississippi,28,Coahoma,27,28027,,,,,,211076.59,210301.34,203304.58,93450.31,104007.18,84828.08,155043.72,151715.9714
Mississippi,28,Copiah,29,28029,,,,,,1543.01,2731.98,2594.47,1924.73,1870.47,1898.05,2494.9,2151.087143
Mississippi,28,Covington,31,28031,,,,,,1260.61,1286.51,1273.01,1268.31,1241.6,1241.6,730.71,1186.05
Mississippi,28,DeSoto,33,28033,,,,,,20096.12,18937.47,20471.54,10602.71,14325.05,13845.5,14836.06,16159.20714
Mississippi,28,Forrest,35,28035,,,,,,640.3,667.4,333.92,333.92,333.92,248.3,2583.08,734.4057143
Mississippi,28,Franklin,37,28037,,,,,,1978.09,1789.2,1745.8,1779.83,1676,1676,1408.9,1721.974286
Mississippi,28,George,39,28039,,,,,,7419.78,7526.04,7006.76,7036.62,7276.88,7043.07,7293.27,7228.917143
Mississippi,28,Greene,41,28041,,,,,,430.82,0,430.82,430.82,164.72,424.18,424.18,329.3628571
Mississippi,28,Grenada,43,28043,,,,,,17520.08,13649.55,12265.53,8716.42,5115.23,4494.35,12983.04,10677.74286
Mississippi,28,Hancock,45,28045,,,,,,446.3,446.3,356.3,28.4,63,63,63,209.4714286
Mississippi,28,Harrison,47,28047,,,,,,0,0,0,0,0,0,0,0
Mississippi,28,Hinds,49,28049,,,,,,12613.52,13176.61,11764.36,8471.88,11570.47,6746.44,6294.2,10091.06857
Mississippi,28,Holmes,51,28051,,,,,,72572.37,73038.89,61899.19,23029.9,13785.58,35134.01,56990.64,48064.36857
Mississippi,28,Humphreys,53,28053,,,,,,76688.26,75449.14,69757.35,51239.69,64942.26,56698.47,62261.56,65290.96143
Mississippi,28,Issaquena,55,28055,,,,,,44794.03,45389.16,38876.17,39053.34,37422.67,38627.78,39004.76,40452.55857
Mississippi,28,Itawamba,57,28057,,,,,,6997.67,7042.79,5993.14,5606,2276.69,2309.89,3967.45,4884.804286
Mississippi,28,Jackson,59,28059,,,,,,714.77,744.82,609.49,603.1,1312.65,1373.81,552.42,844.4371429
Mississippi,28,Jasper,61,28061,,,,,,408.45,581.65,219.81,556.81,501.61,508.61,356.5,447.6342857
Mississippi,28,Jefferson,63,28063,,,,,,4528.13,4519.75,4368.82,3920.36,3855.4,3905.32,3879.22,4139.571429
Mississippi,28,Jefferson Davis,65,28065,,,,,,1025.11,1244.51,512.66,722.91,509.96,319.25,3.7,619.7285714
Mississippi,28,Jones,67,28067,,,,,,0,0,0,0,0,0,0,0
Mississippi,28,Kemper,69,28069,,,,,,329.24,281.94,281.94,281.94,86.8,63.6,63.6,198.4371429
Mississippi,28,Lafayette,71,28071,,,,,,12287.01,12123.65,11491.74,9231.82,7630.51,5826.37,5618.12,9172.745714
Mississippi,28,Lamar,73,28073,,,,,,235.8,232.5,0,0,0,0,0,66.9
Mississippi,28,Lauderdale,75,28075,,,,,,219.86,219.86,206.66,206.66,0,0,0,121.8628571
Mississippi,28,Lawrence,77,28077,,,,,,974.35,974.35,974.35,314,105.7,105.7,0,492.6357143
Mississippi,28,Leake,79,28079,,,,,,2394.14,2463.54,2431.73,2424.65,2297.99,2324.71,2203.39,2362.878571
Mississippi,28,Lee,81,28081,,,,,,21146.2,21770.92,19698.52,19170.72,3805.1,3313.43,8432.05,13905.27714
Mississippi,28,Leflore,83,28083,,,,,,188622.33,188491.81,136566.03,94852.91,108337.74,108382.07,131182.58,136633.6386
Mississippi,28,Lincoln,85,28085,,,,,,1135.34,1469.7,988.89,1269.15,953.35,901.89,813.59,1075.987143
Mississippi,28,Lowndes,87,28087,,,,,,24536.11,24486.43,12987.53,4674.14,9398.4,3424.1,4127.65,11947.76571
Mississippi,28,Madison,89,28089,,,,,,26112.31,26250.24,24236.84,18894.36,23487.84,16355.88,20155.06,22213.21857
Mississippi,28,Marion,91,28091,,,,,,1477.12,1509.12,1509.37,1483.2,1537.75,1418.95,85.86,1288.767143
Mississippi,28,Marshall,93,28093,,,,,,31493.2,31293.94036,30683.03,23300.19,21711.99,12788.86,21374.57,24663.68291
Mississippi,28,Monroe,95,28095,,,,,,34877.01,34487.57,6222.28,6734.36,5592.970038,4843.66,14495.18,15321.86143
Mississippi,28,Montgomery,97,28097,,,,,,11506.14,10973.26,2340.93,736.42,800.39,494.3,9235.97,5155.344286
Mississippi,28,Neshoba,99,28099,,,,,,693.6,792.5,792.5,777.4,738.1,738.1,951.75,783.4214286
Mississippi,28,Newton,101,28101,,,,,,1469.12,1441.82,1471.22,1114.7,84.2,648.4,1009.5,1034.137143
Mississippi,28,Noxubee,103,28103,,,,,,49157.74,49132.91,16956.24,1378.38,3581.94,990.13,2376.86,17653.45714
Mississippi,28,Oktibbeha,105,28105,,,,,,3216.31,3183.71,2382.89,2234.92,1125.29,1000.68,1133.88,2039.668571
Mississippi,28,Panola,107,28107,,,,,,62479.7,64269.71,66555.39,55167.21,61023.67,56288.10022,50044.06,59403.97717
Mississippi,28,Pearl River,109,28109,,,,,,0,265.9,208.8,225.4,255.8,216.55,197.45,195.7
Mississippi,28,Perry,111,28111,,,,,,370.1,489,478.5,519.57,519.57,348.26,676.12,485.8742857
Mississippi,28,Pike,113,28113,,,,,,1400.21,1393.24,1076.92,951.92,632.9,295.4,99,835.6557143
Mississippi,28,Pontotoc,115,28115,,,,,,17339.21,17230.98,17516.59,15989.044,15903.73,17590.77,16556.43,16875.25057
Mississippi,28,Prentiss,117,28117,,,,,,12527.8,13501.51,12911.3,11535.04,15092.85,6363.14,6257.7673,11169.91533
Mississippi,28,Quitman,119,28119,,,,,,88315,87060.64,85658.76,64101.41,71055.55,63642.92,70245.98,75725.75143
Mississippi,28,Rankin,121,28121,,,,,,6598.45,5040.18,2921.29,1828.9,2646.32,2155.48,2843.16,3433.397143
Mississippi,28,Scott,123,28123,,,,,,3015.2,4262.79,4749.03,4629.41,4164.24,3798.93,4188.83,4115.49
Mississippi,28,Sharkey,125,28125,,,,,,74448.21,74634.04,67768.23,68598.87,66914.49,63751.21,63256.17,68481.60286
Mississippi,28,Simpson,127,28127,,,,,,2424.8,2486.7,2512.02,2506.12,2616.32,2476.43,2367.63,2484.288571
Mississippi,28,Smith,129,28129,,,,,,34.8,57.8,46.3,46.3,46.3,0,0,33.07142857
Mississippi,28,Stone,131,28131,,,,,,0,0,0,0,0,0,0,0
Mississippi,28,Sunflower,133,28133,,,,,,232336.39,232809.65,214831.8,195245.55,192242.62,183105.39,187639.18,205458.6543
Mississippi,28,Tallahatchie,135,28135,,,,,,164344.08,163972.92,149257.32,74004.99,91065.505,100275.36,109785.81,121815.1407
Mississippi,28,Tate,137,28137,,,,,,20399.2,20142.55,19447.71,15456.13,15585.7,13637,14515.05,17026.19143
Mississippi,28,Tippah,139,28139,,,,,,11031.41,11017.85,11058.56,10669.71,10372.87,9244.52,5566.49,9851.63
Mississippi,28,Tishomingo,141,28141,,,,,,5926.59,5848.2,5621.89,5623.72,4660.63,4412.45,3376.01,5067.07
Mississippi,28,Tunica,143,28143,,,,,,108191.88,107736.14,101447.59,67245.85,73885.26,63027.8,95579.79,88159.18714
Mississippi,28,Union,145,28145,,,,,,18192.4,18276.596,10599.855,3173.98,3432.7,2733.19,4234.03,8663.250143
Mississippi,28,Walthall,147,28147,,,,,,3156.96,3198.56,3028.39,2864.05,2681.8,2890.32,2871.14,2955.888571
Mississippi,28,Warren,149,28149,,,,,,19992.16,18938.81,20160.77,17800.24,16098.5,13973.07,16886.51,17692.86571
Mississippi,28,Washington,151,28151,,,,,,235308.23,235458.01,208105.77,196975.85,196834.75,192515.17,202617.5,209687.8971
Mississippi,28,Wayne,153,28153,,,,,,685.3,697.9,685.3,626.85,626.85,626.85,626.85,653.7
Mississippi,28,Webster,155,28155,,,,,,16606.33,16202.37,15952.5,8895.47,10728.1,3981.65,12941.18,12186.8
Mississippi,28,Wilkinson,157,28157,,,,,,1313.58,1320.28,1320.28,1347.48,1320.28,932.88,32.5,1083.897143
Mississippi,28,Winston,159,28159,,,,,,3264.36,3212.06,2330.56,2307.26,2307.26,1476.86,2136.96,2433.617143
Mississippi,28,Yalobusha,161,28161,,,,,,13400.31,12662.36,11456.935,9763.38,8178.63,7265.14,8400.63,10161.055
Mississippi,28,Yazoo,163,28163,,,,,,135752.76,134656.15,125538.074,79391.07632,90038.02834,76570.14,99716.45,105951.8112
Missouri,29,Adair,1,29001,,,,,,29930.61,30718.95,29681.93,22660.73,20337.28,22964.8476,20929.34,25317.66966
Missouri,29,Andrew,3,29003,,,,,,26941.43,27616.33,24439.16,20103.5,20404.14,19634.2,18642.18,22540.13429
Missouri,29,Atchison,5,29005,,,,,,85098.41,84444.65,68067.45,49110.45,42911.61,45010.06,39500.91,59163.36286
Missouri,29,Audrain,7,29007,,,,,,149477.42,148479.0159,139163.4659,100227.4859,41124.98285,54384.93,33078.58,95133.69721
Missouri,29,Barry,9,29009,,,,,,2413.6,2327.65,2234.91,2196.48,3103.14,3193.6,3143.2,2658.94
Missouri,29,Barton,11,29011,,,,,,105781.81,106399.13,100926.26,24895.25363,18664.87,18772.7,43457.71,59842.53338
Missouri,29,Bates,13,29013,,,,,,114144.19,114334.19,91199.14,29027.53,5454,3255.26,4707.2,51731.64429
Missouri,29,Benton,15,29015,,,,,,17968.75,17836.49,14973.6,13734.3,12772.22,11109.5454,9417.15,13973.15077
Missouri,29,Bollinger,17,29017,,,,,,27327.91,27184.96,26649.87,27466.54668,24694.92424,12474.74,5850.49,21664.20585
Missouri,29,Boone,19,29019,,,,,,43471.25,44016.99,38168.97,32852.53,30431.31,33011.16,29151.5,35871.95857
Missouri,29,Buchanan,21,29021,,,,,,44896.28,42483.49,35819.41,38203.2,35415.97,34804.85,33365.3,37855.5
Missouri,29,Butler,23,29023,,,,,,143181.27,143526.58,141707.89,140217.94,136625.28,131223.66,129017.71,137928.6186
Missouri,29,Caldwell,25,29025,,,,,,50704.97,50676.86,40742.5,41848.05,8790.9,12865.5,25330.18,32994.13714
Missouri,29,Callaway,27,29027,,,,,,51495.99682,51401.51632,49661.94,11663.46,6836.25,5907.49,5164.93,26018.79759
Missouri,29,Camden,29,29029,,,,,,406.1,406.1,406.1,406.1,406.1,406.1,406.1,406.1
Missouri,29,Cape Girardeau,31,29031,,,,,,73008.74834,73353.02895,72729.07,73792.23678,56880.10089,30126.52,21089.11,57282.68785
Missouri,29,Carroll,33,29033,,,,,,90438.19,90693.84,55396.35,23994.10861,12312.48,14130.66,21683.3,44092.70409
Missouri,29,Carter,35,29035,,,,,,0,0,0,0,0,0,0,0
Missouri,29,Cass,37,29037,,,,,,61663.99,62809.86376,33049.01,25445.59,26141.05,25954.8,23590.76,36950.72339
Missouri,29,Cedar,39,29039,,,,,,11804.19,11725.29,11239.12,10833.17,2028.6,2050.86,1841.56,7360.398571
Missouri,29,Chariton,41,29041,,,,,,69123.67,69259.88,60222.34,56596.84,55772.95,58191.03,54856.24,60574.70714
Missouri,29,Christian,43,29043,,,,,,1018.4,1038.39,1031.99,1014.44,1072.44,0,0,739.38
Missouri,29,Clark,45,29045,,,,,,66587.87,66320.02,61179.57,69670.1,58669.25,62139.53,53862.78,62632.73143
Missouri,29,Clay,47,29047,,,,,,7184.34,7001.88424,4620.81,3868.25,2088.34,2881.20424,2910.91,4365.105497
Missouri,29,Clinton,49,29049,,,,,,14711.62,14961.32,4219.08,5821.65,4000.22028,7278.16,5841.53,8119.082897
Missouri,29,Cole,51,29051,,,,,,12443.56,13426.65,14628.04,14968.6398,13075.1,12853.58159,12496.61,13413.16877
Missouri,29,Cooper,53,29053,,,,,,87293.89,86875.98,75311.91464,76292.89366,65368.1,61948.95,68452.75,74506.35404
Missouri,29,Crawford,55,29055,,,,,,1914.33,1813.35,1716.95,1732.36,1714.86,1734.19,1302.8,1704.12
Missouri,29,Dade,57,29057,,,,,,47078.29,47186.64,44796.07,46278.26,5778.91,12074.55,14928.85,31160.22429
Missouri,29,Dallas,59,29059,,,,,,570.06,570.06,503.92,486.8,533.05,710.24,700.4,582.0757143
Missouri,29,Daviess,61,29061,,,,,,47398.45,47587.42398,43083.47,40092.3036,30587.1,28120.26,25871.88,37534.41251
Missouri,29,DeKalb,63,29063,,,,,,21088.87,21309.76,17064.52,16225.11,16046.22,14007.77,12567.74,16901.42714
Missouri,29,Dent,65,29065,,,,,,416.6,400,418.8,388.7,388.7,375.6,418.8,401.0285714
Missouri,29,Douglas,67,29067,,,,,,0,0,0,0,0,0,0,0
Missouri,29,Dunklin,69,29069,,,,,,218152.44,218352.46,208828,178122.89,192267.91,166021.6,186588.57,195476.2671
Missouri,29,Franklin,71,29071,,,,,,25319.79,25397.79,24005.04,21788.38,20221.03,19686.7,17536.42,21993.59286
Missouri,29,Gasconade,73,29073,,,,,,15011.4,15947.53,14511.11,12885.65,11747.36634,9331.3,9268.60665,12671.85186
Missouri,29,Gentry,75,29075,,,,,,16956.18,16873.24,17062.23,15026.71,14070.84,14221.47,12339.05,15221.38857
Missouri,29,Greene,77,29077,,,,,,3718.52,3770.94,3750.17,3946.75,4003.14,101.15,366.04,2808.101429
Missouri,29,Grundy,79,29079,,,,,,56302.78,56250.87,55228.53,49282.19052,48171.49,49631.74,45580.61,51492.6015
Missouri,29,Harrison,81,29081,,,,,,52324.02,52472.84998,35512.44,38017.95,41140.29,33342.06,29334.62,40306.31857
Missouri,29,Henry,83,29083,,,,,,58148.16,58300.96818,58081.71818,48745.89,47025.51,39334.43,34137.08,49110.53662
Missouri,29,Hickory,85,29085,,,,,,3342.3,3362.6,3335.3,3452.66,3616.92,3788.82,2856.4,3393.571429
Missouri,29,Holt,87,29087,,,,,,80222.15,80411.87,70091.12,12785.23,9493.7,13965.81,8182.98,39307.55143
Missouri,29,Howard,89,29089,,,,,,36982.45,37820.44164,30588.75,23983.62728,19223.61,20408.75,18558.06,26795.09842
Missouri,29,Howell,91,29091,,,,,,900.82,900.82,900.82,893.82,893.82,890.62,890.62,895.9057143
Missouri,29,Iron,93,29093,,,,,,30.8,0,0,30.8,0,0,155.74,31.04857143
Missouri,29,Jackson,95,29095,,,,,,23613.09,24198.99,5806.49,4941.45,4227.66,4536.48,4857.16,10311.61714
Missouri,29,Jasper,97,29097,,,,,,56989.43,56694.77,52009.91,40674.54,39144.49,37803.31,34171.31,45355.39429
Missouri,29,Jefferson,99,29099,,,,,,2156.66,2135.97,1898.4,1813.21,996.19,1066.17,659.14,1532.248571
Missouri,29,Johnson,101,29101,,,,,,72659.55,72736.57,66484.84,66435.98,63075.91,63368.11,59370,66304.42286
Missouri,29,Knox,103,29103,,,,,,65371.31,65917.9,59207.34,58792.86,52116.471,52131.001,42910.53,56635.34457
Missouri,29,Laclede,105,29105,,,,,,1940.81,1940.81,1690.33,1610.51,1654.31,1667.91,1320.83,1689.358571
Missouri,29,Lafayette,107,29107,,,,,,125841.23,125129.09,89629.82,83659.745,78567.55,81883.15,55700.03,91487.23071
Missouri,29,Lawrence,109,29109,,,,,,23385.91,23380.78,22517.47,22770.9,20416.95,18896.66,17593.65,21280.33143
Missouri,29,Lewis,111,29111,,,,,,76076.15,75960.21,72989.54,70659.42,60547.34,54158.96,50072.91,65780.64714
Missouri,29,Lincoln,113,29113,,,,,,84722.63,84832.66086,74083.03,67833.91114,67214.6081,64845.39687,68803.99,73190.88957
Missouri,29,Linn,115,29115,,,,,,37931.15,37373.15561,28689.39799,27691.72799,27719.12,30173.93,29862.64,31348.73166
Missouri,29,Livingston,117,29117,,,,,,62623.34,62981.9,52520.46,36414.36,30698.6,41279.63,36604.84,46160.44714
Missouri,29,McDonald,119,29119,,,,,,354.49,365.99,365.99,248.86,248.86,233.66,153.67,281.6457143
Missouri,29,Macon,121,29121,,,,,,41144.1,40988.55,29203.68,27505.4,24876.43,22018.76,19317.51,29293.49
Missouri,29,Madison,123,29123,,,,,,999.21,1208.51,977.11,1059.01,877.91,892.61,900.41,987.8242857
Missouri,29,Maries,125,29125,,,,,,3807.4,3598.49,3423.06,3397.57,2529.73,2809.44,2093.94,3094.232857
Missouri,29,Marion,127,29127,,,,,,75195.94,75502.09,65402.5,61453.58,33667.28,24124.36,13289.5,49805.03571
Missouri,29,Mercer,129,29129,,,,,,40441.08,40985.83,28902.24,28408.85,30697.05,32835.84006,26947.85,32745.53429
Missouri,29,Miller,131,29131,,,,,,4653.46,5084.86,4924.36,4986.66,4766.86,4649.8733,4045.86,4730.276186
Missouri,29,Mississippi,133,29133,,,,,,145685.14,145705.53,146869.7,136095.6474,59433.88741,21143.2,9976.62,94987.10355
Missouri,29,Moniteau,135,29135,,,,,,47459.21,44126.22,34628.70111,30714.66111,25173.14,25423.07,28685.85,33744.40746
Missouri,29,Monroe,137,29137,,,,,,88770.83,89025.92,79456.25,72794.37,71047.45,63553.06,49461.28,73444.16571
Missouri,29,Montgomery,139,29139,,,,,,80191.68,80595.14,72991.02,10926.45,2846.47,3895.782782,2643.13,36298.52468
Missouri,29,Morgan,141,29141,,,,,,9995.59,10133.79,8118.14,7665.11,6344.41,5007.93,4400.64,7380.801429
Missouri,29,New Madrid,143,29143,,,,,,276123.78,273837.3,265025.99,237346.56,172437.01,161915.36,157078.68,220537.8114
Missouri,29,Newton,145,29145,,,,,,13583.73,13773.88,13382.47,11661.21,11347.51,11328.83,11492.18,12367.11571
Missouri,29,Nodaway,147,29147,,,,,,73571.88,72098.69,55718.91,50175.5,50241.13,46643.66,44622.5,56153.18143
Missouri,29,Oregon,149,29149,,,,,,541.47,433.67,457.47,457.47,438.77,456.57,385.47,452.9842857
Missouri,29,Osage,151,29151,,,,,,14344.91,13738.12,13455.88,12718.94,6987.46,10056.52,9123.48,11489.33
Missouri,29,Ozark,153,29153,,,,,,0,0,0,0,0,0,0,0
Missouri,29,Pemiscot,155,29155,,,,,,190765.8,189190.26,176755.27,169658.6127,131870.38,133578.5524,120945.78,158966.3793
Missouri,29,Perry,157,29157,,,,,,60135.5,59051.8,48802.55,40500.34,28050.14,18324.61,15701.61,38652.36429
Missouri,29,Pettis,159,29159,,,,,,103814.7,103698.31,95658.91,96166.61,95738.34,84644.67,81371.32,94441.83714
Missouri,29,Phelps,161,29161,,,,,,3898.72,3940.65,3833.32,3933.71,3812.89,4008.97,2477.62,3700.84
Missouri,29,Pike,163,29163,,,,,,90040.96,89871.02,68523.83,58461.36,51888.71,57892.7,51496.35,66882.13286
Missouri,29,Platte,165,29165,,,,,,36982.45,34109.31,24635.32,29004.87,27945.07,27934.57,27462.16,29724.82143
Missouri,29,Polk,167,29167,,,,,,5426.71,5471.65,5414.29,5613.63,5446.49,5375.92,5328.08,5439.538571
Missouri,29,Pulaski,169,29169,,,,,,802,802,613.14,597.64,491.74,467.14,424.74,599.7714286
Missouri,29,Putnam,171,29171,,,,,,30331.25,32308.38,25027.76,25799.07076,25627.17,23139.25,24088.07,26617.27868
Missouri,29,Ralls,173,29173,,,,,,80722.85,80732.59,67012.01,42310.73,33808.46,35656.17,32186.62,53204.20429
Missouri,29,Randolph,175,29175,,,,,,34053.03,34159.01351,31718.16,31466.485,26563.32,24024.78,22743.1,29246.84122
Missouri,29,Ray,177,29177,,,,,,52290.56,52474.13,37842.84,34521.81,22025.21,28652.7,31983.15,37112.91429
Missouri,29,Reynolds,179,29179,,,,,,0,0,0,59.3,0,0,0,8.471428571
Missouri,29,Ripley,181,29181,,,,,,10948.94,11086.64,11087.81,10252.36,10543.91,10713.69,9558.98,10598.90429
Missouri,29,St. Charles,183,29183,,,,,,37736.11,37424.05,35812.56,35289.6,32674.85,34006.82,32881.97,35117.99429
Missouri,29,St. Clair,185,29185,,,,,,49884.83,48798.6,49304.18,43613.91,40729,44241.27,39782.69,45193.49714
Missouri,29,Ste. Genevieve,193,29193,,,,,,23191.87,22667.49,14603.23,11705.12,5581.1,6208.2,3851.91,12544.13143
Missouri,29,St. Francois,187,29187,,,,,,4234.99,4437.82,4302.92,3927.51,4271.28,3949.34,3931.31,4150.738571
Missouri,29,St. Louis,189,29189,,,,,,2933.84,2897.24,2504.34,2421.61,2409.64,2421.87,2376.95,2566.498571
Missouri,29,Saline,195,29195,,,,,,118816.3,119274.43,83267.64,79007.36,77389.35,67405.82,57552.11,86101.85857
Missouri,29,Schuyler,197,29197,,,,,,20747.82,20419.53,15657.39,15680.37,15882.68,16236.6,15062.59,17098.14
Missouri,29,Scotland,199,29199,,,,,,50651.98,50629.87,41763.13,37609.95,37115.03,36734.9,28761.65,40466.64429
Missouri,29,Scott,201,29201,,,,,,133011.59,133267.72,129874.88,127806.45,56841.57,16274.64,23407.57,88640.63143
Missouri,29,Shannon,203,29203,,,,,,0,0,0,0,0,0,0,0
Missouri,29,Shelby,205,29205,,,,,,80715.25,79432.34619,75188.78,70181.08619,70657.97372,64697.80372,60264.47,71591.1014
Missouri,29,Stoddard,207,29207,,,,,,292219.93,292288.25,277541.75,237156.6935,157749.91,107009.81,134789.05,214107.9134
Missouri,29,Stone,209,29209,,,,,,0,0,0,0,0,0,0,0
Missouri,29,Sullivan,211,29211,,,,,,26868.09,26413.74,23933.43,25919.58,26376.57,25170.48,22008.57,25241.49429
Missouri,29,Taney,213,29213,,,,,,0,0,0,0,0,0,0,0
Missouri,29,Texas,215,29215,,,,,,1303.9,1269.8,1303.9,1303.9,1307,1281.1,1208.1,1282.528571
Missouri,29,Vernon,217,29217,,,,,,110532.46,109219.11,102443.04,87617.92,69267.35,61585.91,46959.46,83946.46429
Missouri,29,Warren,219,29219,,,,,,4861.66,4558.71,4045.56,1567.51,1196.79,1487.35,1141.14,2694.102857
Missouri,29,Washington,221,29221,,,,,,0,0,0,0,0,0,0,0
Missouri,29,Wayne,223,29223,,,,,,2331.95,2331.95,2277.37,2170.87,2203.57,1788.04,1563.84,2095.37
Missouri,29,Webster,225,29225,,,,,,2146.26,2066.73,2056.92,2042.16,1943.4,1932.22,1819.12,2000.972857
Missouri,29,Worth,227,29227,,,,,,10824.44,10946.04,7016.07,7233.49,5409.78,5609.86,4783.18,7403.265714
Missouri,29,Wright,229,29229,,,,,,342.79,413.87,324.02,324.02,264.23,264.23,276.23,315.6271429
Missouri,29,St. Louis,510,29510,,,,,,0,0,0,0,0,0,0,0
Montana,30,Beaverhead,1,30001,,,,,,19984.25,20317.99,24388.09,19186.66,19934.11,20241.76,20039.69,20584.65
Montana,30,Big Horn,3,30003,,,,,,163985.79,164209.4,137507.8,111221.21,102703.86,92363.64,148943.79,131562.2129
Montana,30,Blaine,5,30005,,,,,,342993.2,331375.64,314789.88,192361.36,184388.47,180692.6,193762.15,248623.3286
Montana,30,Broadwater,7,30007,,,,,,69796.14,69540.45,69597.88,67801.35,66480.48,65787.79,64366.25,67624.33429
Montana,30,Carbon,9,30009,,,,,,47735.44,47854.21,46137.31,42968.62,41243.27,39167.93,38093.21,43314.28429
Montana,30,Carter,11,30011,,,,,,63996.52,63636.82,58704.23,57519.42,59448.5,56618.47,56593.66,59502.51714
Montana,30,Cascade,13,30013,,,,,,292251.71,294795.0265,272193.78,89862.49,67506.48,120656.18,196115.45,190483.0166
Montana,30,Chouteau,15,30015,,,,,,900628.65,891091.17,802820.93,180402.3,213565.69,400873.41,759634.22,592716.6243
Montana,30,Custer,17,30017,,,,,,81395.51,76837.67,83488.24,60437.74,62174.78,63917.65,69722.33,71139.13143
Montana,30,Daniels,19,30019,,,,,,349870.28,346424.61,311931,128927.85,128177.63,118875.49,212606.07,228116.1329
Montana,30,Dawson,21,30021,,,,,,264558.67,262731.05,205396.56,76691.87,79598.22,113317.65,141101.43,163342.2071
Montana,30,Deer Lodge,23,30023,,,,,,3501.5,3495.8,3474.3,3495.8,3495.8,3495.8,1836.3,3256.471429
Montana,30,Fallon,25,30025,,,,,,81525,80781,80938.59,69775.45,71088.21,81289.65,66912.02,76044.27429
Montana,30,Fergus,27,30027,,,,,,339608.74,340285.62,321377.65,269861.02,234764.47,289427.01,315770.65,301585.0229
Montana,30,Flathead,29,30029,,,,,,27517.17,27590.86,30310.25,27189.75558,24780.37,27981.66,25027.52,27199.65508
Montana,30,Gallatin,31,30031,,,,,,93638.21,96930.22535,93497.17,83782.17,75414.4,76646.39,74582.5,84927.29505
Montana,30,Garfield,33,30033,,,,,,167746.68,162355.295,194479.52,134561.88,135333.29,150257.55,146293.31,155861.075
Montana,30,Glacier,35,30035,,,,,,298129.42,233588.41,150889.94,119105,123152.12,202915.18,221887.17,192809.6057
Montana,30,Golden Valley,37,30037,,,,,,56936.64,57021.13,49924.91,27790.48,22913.9,33929.16,43961.59,41782.54429
Montana,30,Granite,39,30039,,,,,,2411.81,2411.81,2411.81,2439.31,2442.21,2350.31,2299.51,2395.252857
Montana,30,Hill,41,30041,,,,,,644013.76,651809.92,631423.05,467691.15,501772.51,539206.12,526694.32,566087.2614
Montana,30,Jefferson,43,30043,,,,,,7510.64,7602.68,8557.44,3789.44,4505.54,4814.4,4485.5,5895.091429
Montana,30,Judith Basin,45,30045,,,,,,187354.38,186623.96,184229.51,156392.88,150194.71,147294.14,164492.42,168083.1429
Montana,30,Lake,47,30047,,,,,,25231.53,22615.83,26966.12,25624.17,23219.03,24565.56,23102.32,24474.93714
Montana,30,Lewis and Clark,49,30049,,,,,,24233.5,24357.84,24507.61,22663.22,22579.03,16368.92,15360.45,21438.65286
Montana,30,Liberty,51,30051,,,,,,443671.45,448006.34,434406.56,148645.45,169021.77,179817.98,225628.98,292742.6471
Montana,30,Lincoln,53,30053,,,,,,0,0,0,0,0,0,0,0
Montana,30,McCone,55,30055,,,,,,333291.92,327560.64,322903.47,143843.05,144322.63,204282.9,221868.75,242581.9086
Montana,30,Madison,57,30057,,,,,,17808.45,18150.33,18255.45,16576.36,16288.83,16092.33,15974.74,17020.92714
Montana,30,Meagher,59,30059,,,,,,42259.73,42221.926,42856.23,24445.36,36681.87,39103.2,31901.64,37067.13657
Montana,30,Mineral,61,30061,,,,,,818.83,910.03,814.73,764.03,0,0,0,472.5171429
Montana,30,Missoula,63,30063,,,,,,2452.14,2285.44,2183.74,2635.68,1331.35,1410.91,2194.61,2070.552857
Montana,30,Musselshell,65,30065,,,,,,52469.08,52236.38,49134.52,22492.06,20631.12,28894.28,23789.39,35663.83286
Montana,30,Park,67,30067,,,,,,21218.09,21560.09,20752.05,14815.55,16173.56,15832.88,16656.04,18144.03714
Montana,30,Petroleum,69,30069,,,,,,31132.05,30299.55,31446.05,30219.15,21594.05,26677.85,29148.65,28645.33571
Montana,30,Phillips,71,30071,,,,,,224422.32,222243.26,204402.03,137225.39,103693.23,76413.52,87395.01,150827.8229
Montana,30,Pondera,73,30073,,,,,,380811.07,371554.46,374399.51,334532.04,305524.02,293955.45,279272.45,334292.7143
Montana,30,Powder River,75,30075,,,,,,63599.94,64546.5,64425.57,65940.85,64967.27,65014.95,64576.52,64724.51429
Montana,30,Powell,77,30077,,,,,,7860.5,7865.88,7937.68,7852.78,7554.03,7739.13,7795.34,7800.762857
Montana,30,Prairie,79,30079,,,,,,81055.05,79565.43,65202.2,56173.74,48264.15,46180.99,45680.29,60303.12143
Montana,30,Ravalli,81,30081,,,,,,2861.6,3137.52,3046.42,0,0,0,2629.74,1667.897143
Montana,30,Richland,83,30083,,,,,,265392.88,264442.9628,244535.1677,178335.6809,156939.0815,169349.5683,172811.08,207400.9173
Montana,30,Roosevelt,85,30085,,,,,,429724.69,417896.2,355011.8,227741.9066,192812.92,189955.22,210613.97,289108.1009
Montana,30,Rosebud,87,30087,,,,,,69410.59,70122.55,71303.31,63642.97,47567.61,50575.07,62851.91,62210.57286
Montana,30,Sanders,89,30089,,,,,,1709.87,2193,4521.19,3534.71,3475.49,3440.39,3306.09,3168.677143
Montana,30,Sheridan,91,30091,,,,,,467131.075,466036.36,410255.49,317709.49,263783.4249,280345.8649,348498.4249,364822.8757
Montana,30,Silver Bow,93,30093,,,,,,0,0,0,359.48,359.48,359.48,363.48,205.9885714
Montana,30,Stillwater,95,30095,,,,,,112535.68,111475.6,110505.9,77494.46,93943.14,96797.86,97995.76,100106.9143
Montana,30,Sweet Grass,97,30097,,,,,,10452.25,9883.35,10647.05,8852.76,9832.96,8799.36,8352.24,9545.71
Montana,30,Teton,99,30099,,,,,,373675.13,371382.37,345213.31,212341.63,165208.57,92035.42,127417.87,241039.1857
Montana,30,Toole,101,30101,,,,,,425618.61,427960.6317,420490.13,369688.7632,374743.27,391082.68,410058.96,402806.1493
Montana,30,Treasure,103,30103,,,,,,12744.52,13506.42,14247.46,14020.22,10063.24,6973.22,9948.43,11643.35857
Montana,30,Valley,105,30105,,,,,,521428.33,520238.9214,478971.0614,102788.74,105821.62,143008.64,290975.91,309033.3175
Montana,30,Wheatland,107,30107,,,,,,82913.56,74401.22,82187.24,22740.1,30603.14,50765.19,59701.41,57615.98
Montana,30,Wibaux,109,30109,,,,,,85460.36,85508.9886,58576.55,43665.96,43052.19,42098.77,36973,56476.54551
Montana,30,Yellowstone,111,30111,,,,,,167531.28,168308.31,163589.89,125994,102900.8,119003.79,121566.43,138413.5
Nebraska,31,Adams,1,31001,,,,,,250048.93,248674.35,216478.96,197398.34,175038.55,124949.75,37109.68,178528.3657
Nebraska,31,Antelope,3,31003,,,,,,285364.6,283835.69,218326.68,203385.82,183305.88,107337.53,63526.92,192154.7314
Nebraska,31,Arthur,5,31005,,,,,,5233.06,5233.06,4039.96,3834.26,3279.26,2844.66,2814.8,3897.008571
Nebraska,31,Banner,7,31007,,,,,,73675.41,64761.38,64060.49,55013.37,31894.38,49408.57,45661.15,54924.96429
Nebraska,31,Blaine,9,31009,,,,,,1574.01,1541,1541,1541,1264,1473,1291.7,1460.815714
Nebraska,31,Boone,11,31011,,,,,,245600.5,247411.8,190933.79,187782.93,184185.28,126735.6,79493.04,180306.1343
Nebraska,31,Box Butte,13,31013,,,,,,200187.91,199702.27,150862.92,162519.64,127295.47,142936.69,103943.86,155349.8229
Nebraska,31,Boyd,15,31015,,,,,,36418.26,34372.77,14661.92,13016.33437,12469.39,14742.76,10399.74,19440.16777
Nebraska,31,Brown,17,31017,,,,,,52141.19,50660.82,49557.19,44889.29,42593.59,24330.7,11996.16,39452.70571
Nebraska,31,Buffalo,19,31019,,,,,,258104.7,255979.48,121784.71,90046.73,73137.29,46051.38,19161.67,123466.5657
Nebraska,31,Burt,21,31021,,,,,,137518.69,137421.0664,83603.83,61107.54,54239.34,42074.89,32146.9,78301.75091
Nebraska,31,Butler,23,31023,,,,,,241703.8,240430.27,191082.72,177967.21,172074.52,125214.01,81827.23,175757.1086
Nebraska,31,Cass,25,31025,,,,,,178846.95,179299.69,161260.77,128291.84,121017.07,92747.39,53983.39,130778.1571
Nebraska,31,Cedar,27,31027,,,,,,218029.71,217841.68,129020.68,102033.11,79531.51,60519.59,46823.52,121971.4
Nebraska,31,Chase,29,31029,,,,,,176557.34,165407.46,107717.28,92107.93,73249.76,57597.23,51800.62,103491.0886
Nebraska,31,Cherry,31,31031,,,,,,25574.72,25365.62,15239.61,15508.47,10776.09,10347.11,10455.41,16181.00429
Nebraska,31,Cheyenne,33,31033,,,,,,307696.49,308464.1,298027.41,282187.88,277702.35,300743.05,284607.96,294204.1771
Nebraska,31,Clay,35,31035,,,,,,206235.93,207567.15,182528.88,154656.31,141855.06,107164.83,36644.6,148093.2514
Nebraska,31,Colfax,37,31037,,,,,,122495.75,122206.43,60456.17,49877.91,36714.78,22667.96,14266.94,61240.84857
Nebraska,31,Cuming,39,31039,,,,,,213370.54,211465.35,96095.46,73143.99,65498.79,46375.6,22871.57,104117.3286
Nebraska,31,Custer,41,31041,,,,,,239914.28,230073.46,192355.67,166500.73,159770.68,109526.09,76468.19,167801.3
Nebraska,31,Dakota,43,31043,,,,,,52268.39,52379.37,14824.61,8760.63,10454.69,3652.48,1546.34,20555.21571
Nebraska,31,Dawes,45,31045,,,,,,79582.87,76988.4,81914.5,82294.89,79953.67,79397.57,71993.6,78875.07143
Nebraska,31,Dawson,47,31047,,,,,,262073.74,254055.7,245890.38,255735,257100.26,235134.79,193782.09,243395.9943
Nebraska,31,Deuel,49,31049,,,,,,87039.5,87886.33,66362.08,46862.29,29762.87,30331.5,27615.31,53694.26857
Nebraska,31,Dixon,51,31051,,,,,,141347.98,139766.33,49015.13,38047.1,31108.21,11345.66,7802.21,59776.08857
Nebraska,31,Dodge,53,31053,,,,,,178512.95,177756.66,120848.26,110571.7,102731.55,80452.36,60509.94,118769.06
Nebraska,31,Douglas,55,31055,,,,,,25331.78,25271.81,15566.45,14527.83,12683.06,10466.91,5948.23,15685.15286
Nebraska,31,Dundy,57,31057,,,,,,165279.66,122055.55,74410.1,65470.94,61658.34,66937.59,54809.82,87231.71429
Nebraska,31,Fillmore,59,31059,,,,,,295299.42,293626.02,273731.17,250440.95,213281.76,166103.45,47283.48,219966.6071
Nebraska,31,Franklin,61,31061,,,,,,138250.47,138676.61,97377.43,90062.89,85441.74,61519.45,46601.43,93990.00286
Nebraska,31,Frontier,63,31063,,,,,,93075.6,92536.16,44248.2,23457,19916.45,19822.49,11278.35,43476.32143
Nebraska,31,Furnas,65,31065,,,,,,195024.79,194673.24,68345.72,30159.34,13616.1,22029.13,15063.27,76987.37
Nebraska,31,Gage,67,31067,,,,,,253580.5,253637.54,153619.59,132712.77,119169.58,105847.87,72485.32,155864.7386
Nebraska,31,Garden,69,31069,,,,,,82384.21,82342.74,60943,42900.36,34803.82,49508.82,39796.73,56097.09714
Nebraska,31,Garfield,71,31071,,,,,,14028.57,13215.27,12461.2,9624.48,8167.73,6910.55,6016.71,10060.64429
Nebraska,31,Gosper,73,31073,,,,,,145310.19,136547.77,120930.64,116784.24,115868.58,109453.19,79776.73,117810.1914
Nebraska,31,Grant,75,31075,,,,,,0,0,0,0,0,0,0,0
Nebraska,31,Greeley,77,31077,,,,,,67272.95,66171.25,55932.81,47098.5,45136.59,33667.78,23382.29,48380.31
Nebraska,31,Hall,79,31079,,,,,,168609.2,166178.4,171913.28,128764.11,108733.09,79261.23,36127.92,122798.1757
Nebraska,31,Hamilton,81,31081,,,,,,274837.64,274527.09,233279.49,198974.42,163925.81,119981.22,71651.29,191025.28
Nebraska,31,Harlan,83,31083,,,,,,157689.31,157425.3,73220.91,38250.51,28948,30909.77,20552.16,72427.99429
Nebraska,31,Hayes,85,31085,,,,,,121789.91,120662.57,85386.05,25426.05,18784.7,21559.1,12114.34,57960.38857
Nebraska,31,Hitchcock,87,31087,,,,,,37940.13,37616.69,28122.51,11664.4,12581.14,11316.86,7777.34,21002.72429
Nebraska,31,Holt,89,31089,,,,,,228752.48,216600.26,170472.04,185751.85,160575.01,125464.03,75952.86,166224.0757
Nebraska,31,Hooker,91,31091,,,,,,0,0,0,0,0,0,0,0
Nebraska,31,Howard,93,31093,,,,,,137510.38,136187.26,100105.84,95023.39,87443.73,68948.83,37713.6,94704.71857
Nebraska,31,Jefferson,95,31095,,,,,,194736.65,195166.76,118497.33,102893.23,83930.59,62071.37,37534.86,113547.2557
Nebraska,31,Johnson,97,31097,,,,,,68267.26,67341.73,45012.89,25833.49,22049.18,17691.9,14970.64,37309.58429
Nebraska,31,Kearney,99,31099,,,,,,226305.51,226165.55,208477.52,195273.85,152985.16,123512.43,56116.32,169833.7629
Nebraska,31,Keith,101,31101,,,,,,162561.14,162409.18,143159.14,145384.45,113328.92,108996.51,62449.21,128326.9357
Nebraska,31,Keya Paha,103,31103,,,,,,16589.2,15912,15194.15,14934.25,6490.09,4437.28,3626.24,11026.17286
Nebraska,31,Kimball,105,31105,,,,,,215926.06,213780.94,214571.68,224910.58,216095.69,212744.94,178151.77,210883.0943
Nebraska,31,Knox,107,31107,,,,,,178332.74,178393.38,79790.63,57837.8,53426.58,24849.79,13692.74,83760.52286
Nebraska,31,Lancaster,109,31109,,,,,,183209.61,180858.82,121089.22,92002.51,78598.62,61247.75,33900.67,107272.4571
Nebraska,31,Lincoln,111,31111,,,,,,312808.65,310427.41,231381.67,181920.62,158880.96,153934.53,96675.29,206575.59
Nebraska,31,Logan,113,31113,,,,,,34253.53,33925.54,23261.74818,19442.65,17951.53,12624.78,7872.93,21333.24403
Nebraska,31,Loup,115,31115,,,,,,10002.19,9852.5,9195.49,8125.49,6101.59,4129.67,2919.03,7189.422857
Nebraska,31,McPherson,117,31117,,,,,,11844.01,11740.51,7903.45,6174.5,4668.86,3619.41,4005.32,7136.58
Nebraska,31,Madison,119,31119,,,,,,221780.71,221188.11,112791.46,97025.12,91866.05,80298.7,41660.04,123801.4557
Nebraska,31,Merrick,121,31121,,,,,,187005.98,186923.96,164871.04,128488.04,123458.61,110647.43,57456.51,136978.7957
Nebraska,31,Morrill,123,31123,,,,,,91681.6,92213.65,83261.24,79106.83,75010.83,71824.96,62423.07,79360.31143
Nebraska,31,Nance,125,31125,,,,,,96892.21,97318.11,77961.16,66694.11,64130.85,54743.87,44565.39,71757.95714
Nebraska,31,Nemaha,127,31127,,,,,,115032.44,114528.9,87600.97,72565.24,67514.83,51177.4,25802.22,76317.42857
Nebraska,31,Nuckolls,129,31129,,,,,,123927.44,120850.58,43650.41,30174.08,18580.72,10923.35,4165.2,50324.54
Nebraska,31,Otoe,131,31131,,,,,,160693.2,161120.29,113786.27,107175.68,95878.46,78767.24,26058,106211.3057
Nebraska,31,Pawnee,133,31133,,,,,,83939.4,83545.05,51741.88,14534.93,7814.82,6781.28,22113.94,38638.75714
Nebraska,31,Perkins,135,31135,,,,,,298993.82,293705.47,256811.7114,212604.39,191130.4,209790.27,131151.18,227741.0345
Nebraska,31,Phelps,137,31137,,,,,,261889.36,265400.71,253126.44,220740.13,218324.51,169255.03,130951.07,217098.1786
Nebraska,31,Pierce,139,31139,,,,,,195444,192983.3533,144160.41,129639.09,111056.08,73564.02,45164.98,127430.2762
Nebraska,31,Platte,141,31141,,,,,,289289.37,285752.81,150121.74,114173,97318.54,85590.17,51575.03,153402.9514
Nebraska,31,Polk,143,31143,,,,,,40967.62,40687.44,27222.31,25317.9,20510.26,20212.83,16710.02,27375.48286
Nebraska,31,Red Willow,145,31145,,,,,,284674.8,283851.23,128099.29,65651.49,56610.13,50529.23,30200.38,128516.65
Nebraska,31,Richardson,147,31147,,,,,,142463.19,142772.63,105125.5,66350.06,27320.08,22373.56,19276.11,75097.30429
Nebraska,31,Rock,149,31149,,,,,,45600.19,41959.89,41571.31,32135.34,29083.78,29575.19,23050.81,34710.93
Nebraska,31,Saline,151,31151,,,,,,212263.51,213231.89,180568.02,150316.12,137846.91,108187.39,67204.18,152802.5743
Nebraska,31,Sarpy,153,31153,,,,,,26862.43,26349.34,18982.93,13718.93,12571.3,9741.36,7598.41,16546.38571
Nebraska,31,Saunders,155,31155,,,,,,262300.85,263309.04,234421.74,214818.05,210303.24,173890.24,73036.5,204582.8086
Nebraska,31,Scotts Bluff,157,31157,,,,,,97565.7,89000.2,82801.28,69921.92,47593.15,61477.25,52033.36,71484.69429
Nebraska,31,Seward,159,31159,,,,,,238735.45,239147.5,206142.69,185441.37,171048.68,123624.54,52057.29,173742.5029
Nebraska,31,Sheridan,161,31161,,,,,,106465.17,97412.09,95709.94,97019.97,87674.26,91748.86,82579.72,94087.14429
Nebraska,31,Sherman,163,31163,,,,,,48632.08,48342.28,18894.31,12404.12,10773.52,9872.12,1985.65,21557.72571
Nebraska,31,Sioux,165,31165,,,,,,18734.71,17220.13,15378.1,12953.74,8324.67,11541.49,7869.98,13146.11714
Nebraska,31,Stanton,167,31167,,,,,,100877.83,100929.21,35907.16,22677.44,22433.51,13686.79,6808.9,43331.54857
Nebraska,31,Thayer,169,31169,,,,,,300043.55,303633.29,121293.22,61264.5,46213.31054,19288.65,13058.81,123542.1901
Nebraska,31,Thomas,171,31171,,,,,,834.2,834.2,526.4,526.4,347.8,526.4,526.4,588.8285714
Nebraska,31,Thurston,173,31173,,,,,,159226.15,157153.28,97369.94,88068.56,87367.61,62090.21,12295.17,94795.84571
Nebraska,31,Valley,175,31175,,,,,,134363.6,130485.96,99394.82,87235.62,75364.25,46432.39,30279.18,86222.26
Nebraska,31,Washington,177,31177,,,,,,111370.17,111082.29,58920.41,53585.17,57077.33,47706.21,33878.57,67660.02143
Nebraska,31,Wayne,179,31179,,,,,,154450.1,153905.77,83311.76,62841.67,47963.12,33455.59,22992.69,79845.81429
Nebraska,31,Webster,181,31181,,,,,,140552,141770.28,111171.03,75161.53,58114.24,40671.69,22480.22,84274.42714
Nebraska,31,Wheeler,183,31183,,,,,,36772.4,32620.15,31376.2,29816.73,28982.37,15314.11,6510.96,25913.27429
Nebraska,31,York,185,31185,,,,,,332536.85,333191.01,238054.54,211184.57,171044.19,123892,52231.19,208876.3357
Nevada,32,Churchill,1,32001,,,,,,4764.68,4729.18,4490.98,4628.18,4599.88,4578.98,4470.18,4608.865714
Nevada,32,Clark,3,32003,,,,,,0,0,0,0,0,0,0,0
Nevada,32,Douglas,5,32005,,,,,,83.4,83.4,71.9,71.9,71.9,71.9,71.9,75.18571429
Nevada,32,Elko,7,32007,,,,,,0,0,0,0,0,0,0,0
Nevada,32,Esmeralda,9,32009,,,,,,0,0,0,0,0,0,0,0
Nevada,32,Eureka,11,32011,,,,,,0,131.5,131.5,131.5,132.7,131.5,92.5,107.3142857
Nevada,32,Humboldt,13,32013,,,,,,26126.88,26166.9,21853.5,21505.4,21292.9,20572.18,21104.68,22660.34857
Nevada,32,Lander,15,32015,,,,,,2486.5,2460.8,2583.1,2680.4,2619.5,2378.1,2242.6,2493
Nevada,32,Lincoln,17,32017,,,,,,0,0,0,0,0,0,0,0
Nevada,32,Lyon,19,32019,,,,,,965.61,948.51,948.51,948.51,948.51,966.71,1005.41,961.6814286
Nevada,32,Mineral,21,32021,,,,,,0,0,0,0,0,0,0,0
Nevada,32,Nye,23,32023,,,,,,0,0,0,0,0,0,0,0
Nevada,32,Pershing,27,32027,,,,,,8849.68,8849.68,8880.19,8880.19,8874.39,8763.49,8877.39,8853.572857
Nevada,32,Storey,29,32029,,,,,,0,0,0,0,0,0,0,0
Nevada,32,Washoe,31,32031,,,,,,0,0,0,0,0,0,0,0
Nevada,32,White Pine,33,32033,,,,,,0,0,0,0,0,0,0,0
Nevada,32,Carson City,510,32510,,,,,,0,0,0,0,0,0,0,0
New Hampshire,33,Belknap,1,33001,,,,,,158.7,0,0,0,0,0,0,22.67142857
New Hampshire,33,Carroll,3,33003,,,,,,639.8,710.7,710.7,710.7,710.7,710.7,0,599.0428571
New Hampshire,33,Cheshire,5,33005,,,,,,490.27,439.794,1269.38564,1086.78564,1152.11,784.08,1205.39672,918.2602857
New Hampshire,33,Coos,7,33007,,,,,,1857.7,1857.7,1857.7,1657.2,1677.9,1683.18,0,1513.054286
New Hampshire,33,Grafton,9,33009,,,,,,3637.9,3635.89,0,3622.47,2986.89,1473.65,1769.25,2446.578571
New Hampshire,33,Hillsborough,11,33011,,,,,,0,0,0,0,0,0,0,0
New Hampshire,33,Merrimack,13,33013,,,,,,1108.03,1015.63,1104.49,1106.94,896.53,1114.64,961.59,1043.978571
New Hampshire,33,Rockingham,15,33015,,,,,,219.3,179.4,224.9,149,179.4,179.4,179.4,187.2571429
New Hampshire,33,Strafford,17,33017,,,,,,0,0,0,0,0,0,0,0
New Hampshire,33,Sullivan,19,33019,,,,,,0,0,869.8833,899.0733,855.23,788.53,788.53,600.1780857
New Jersey,34,Atlantic,1,34001,,,,,,0,0,0,0,0,0,0,0
New Jersey,34,Bergen,3,34003,,,,,,0,0,0,0,0,0,0,0
New Jersey,34,Burlington,5,34005,,,,,,1506.82,1723.95,1458.44,1043.1,1096.28,1163.6,1082.4,1296.37
New Jersey,34,Camden,7,34007,,,,,,0,0,0,0,0,0,0,0
New Jersey,34,Cape May,9,34009,,,,,,0,0,0,0,0,0,0,0
New Jersey,34,Cumberland,11,34011,,,,,,2974.31,2797.61,2706.21,2225.27,1925.65,1801.09,1893.32,2331.922857
New Jersey,34,Essex,13,34013,,,,,,0,0,0,0,0,0,0,0
New Jersey,34,Gloucester,15,34015,,,,,,2495.99,2394.18,2321.09,1510.92,1032.32,965.91,857.33,1653.962857
New Jersey,34,Hudson,17,34017,,,,,,0,0,0,0,0,0,0,0
New Jersey,34,Hunterdon,19,34019,,,,,,3848,3848.46,3519.39,3379.53,3569.5,3978.76,4671.83,3830.781429
New Jersey,34,Mercer,21,34021,,,,,,1829.59,1889.79,2057.24,2105.7,1804,1833.24,1551.28,1867.262857
New Jersey,34,Middlesex,23,34023,,,,,,1631.69,1294.73,982.47,938.57,956.57,855.13,779.22,1062.625714
New Jersey,34,Monmouth,25,34025,,,,,,1666.49,1820.65,1728.19,1775.83,1612.4,1578.6,1599.24,1683.057143
New Jersey,34,Morris,27,34027,,,,,,360.13,437.89,52.06,0,0,0,309.29,165.6242857
New Jersey,34,Ocean,29,34029,,,,,,0,0,0,0,0,0,0,0
New Jersey,34,Passaic,31,34031,,,,,,0,0,0,0,0,0,0,0
New Jersey,34,Salem,33,34033,,,,,,6996.66,6896.75,6608.43,5553.53,4646.44,4389.42,4246.46,5619.67
New Jersey,34,Somerset,35,34035,,,,,,2120.4,2204.17,1905.31,2121.78,1714.82,2394.68,2556.99,2145.45
New Jersey,34,Sussex,37,34037,,,,,,454.94,496.04,474.24,629.46,630.39,588.29,588.29,551.6642857
New Jersey,34,Union,39,34039,,,,,,0,0,0,0,0,0,0,0
New Jersey,34,Warren,41,34041,,,,,,6315.88,6389.77,3622.08,3377.48,3097.63,3020.74,2583.06,4058.091429
New Mexico,35,Bernalillo,1,35001,,,,,,0,0,0,0,0,0,0,0
New Mexico,35,Catron,3,35003,,,,,,0,0,0,0,0,0,0,0
New Mexico,35,Chaves,5,35005,,,,,,19434.88,19987.06,23109.24,22943.57,22847.51,17195.14,14022.42,19934.26
New Mexico,35,Cibola,6,35006,,,,,,0,0,0,0,0,0,0,0
New Mexico,35,Colfax,7,35007,,,,,,2705.7,2705.7,2636.8,2690,2690,2690,2797.4,2702.228571
New Mexico,35,Curry,9,35009,,,,,,370409.61,323698.6244,347684.64,203618.3,204236.34,156476.96,285779.59,270272.0092
New Mexico,35,De Baca,11,35011,,,,,,4852.56,4951.16,5548.62,3510.41,3821.14,4693.22,3256.69,4376.257143
New Mexico,35,Dona Ana,13,35013,,,,,,16508.46,15956.67,10075.35,9770.22,9394.26,9827.62,9770.87,11614.77857
New Mexico,35,Eddy,15,35015,,,,,,10211.49,10188.49,9084.77,5787.76,5194.33,4613.96,3370.98,6921.682857
New Mexico,35,Grant,17,35017,,,,,,0,0,0,0,0,0,0,0
New Mexico,35,Guadalupe,19,35019,,,,,,0,0,0,0,0,307,340.2,92.45714286
New Mexico,35,Harding,21,35021,,,,,,7587.06,7421.46,3057.46,3336.26,2948.9,3566.3,2538.3,4350.82
New Mexico,35,Hidalgo,23,35023,,,,,,11540.49,10756.19,11497.49,12296.57,10857.91,12955.28,12804.97,11815.55714
New Mexico,35,Lea,25,35025,,,,,,45939.15,48481.25,47873.76,40204.96,35428.15,16666.88,37289.58,38840.53286
New Mexico,35,Lincoln,27,35027,,,,,,0,0,0,0,0,0,0,0
New Mexico,35,Los Alamos,28,35028,,,,,,0,0,0,0,0,0,0,0
New Mexico,35,Luna,29,35029,,,,,,14585.35,13666.52,13998.6,14167.57,13219.75,12530.94,14724.88,13841.94429
New Mexico,35,McKinley,31,35031,,,,,,0,0,0,0,0,0,0,0
New Mexico,35,Mora,33,35033,,,,,,0,0,0,0,0,0,0,0
New Mexico,35,Otero,35,35035,,,,,,0,0,0,0,0,0,0,0
New Mexico,35,Quay,37,35037,,,,,,153191.19,153551.94,148343.78,123958.68,120011.02,120128.54,111602.57,132969.6743
New Mexico,35,Rio Arriba,39,35039,,,,,,115.55,115.55,1697.6,1049.28,0,553.98,0,504.5657143
New Mexico,35,Roosevelt,41,35041,,,,,,193557.61,193770.64,174458.22,152345.38,127431.15,109241.7,107189.24,151141.9914
New Mexico,35,Sandoval,43,35043,,,,,,0,0,0,0,0,0,0,0
New Mexico,35,San Juan,45,35045,,,,,,0,0,0,0,0,0,0,0
New Mexico,35,San Miguel,47,35047,,,,,,0,0,0,0,0,0,0,0
New Mexico,35,Santa Fe,49,35049,,,,,,1574.57,1434.77,1434.77,1371.07,1371.07,1382.67,1434.77,1429.098571
New Mexico,35,Sierra,51,35051,,,,,,1105.25,1105.25,1073.15,1090.15,1100.36,1081.16,1088.46,1091.968571
New Mexico,35,Socorro,53,35053,,,,,,0,0,0,0,0,0,0,0
New Mexico,35,Taos,55,35055,,,,,,0,0,0,0,0,0,0,0
New Mexico,35,Torrance,57,35057,,,,,,13317.17,12866.39,16407.7,16006.3,15911.94,16321.04,15820.65,15235.88429
New Mexico,35,Union,59,35059,,,,,,34839.29,35064.89,38668.66,26363.26,22831.99,25233.07,28924.1,30275.03714
New Mexico,35,Valencia,61,35061,,,,,,0,0,0,0,0,0,0,0
New York,36,Albany,1,36001,,,,,,3924.4,3617.33,3323.14,3204.02,2784.02,3173.44,2885.79,3273.162857
New York,36,Allegany,3,36003,,,,,,16230.3,16425.9,16003.46,9693.71,10057.85,3329.48789,4225.04,10852.2497
New York,36,Bronx,5,36005,,,,,,0,0,0,0,0,0,0,0
New York,36,Broome,7,36007,,,,,,4897,5003.28,5166.66,4506.87,4212.73,3551.15,607.2,3992.127143
New York,36,Cattaraugus,9,36009,,,,,,21328.93,20573.75,10877.25,4199.81,3476.65,1612.17,2754.89,9260.492857
New York,36,Cayuga,11,36011,,,,,,65976.71,63434.88,41139.7827,36002.67048,36346.59,30225.02,25841.17,42709.54617
New York,36,Chautauqua,13,36013,,,,,,14215.85,13536.04,9133.34847,4974.83,3953.47,3306.72,6294.13,7916.34121
New York,36,Chemung,15,36015,,,,,,3107,3078,117.52,0,0,0,0,900.36
New York,36,Chenango,17,36017,,,,,,13888.01,13514.73,13281.02,12832.39,12103.21,10745.56,1897.45,11180.33857
New York,36,Clinton,19,36019,,,,,,75.48,693.03,55.18,55.58,72.18,98.01,109.83,165.6128571
New York,36,Columbia,21,36021,,,,,,2956.48,2909.93,2915.66,2027.596,2076.52,1728.61,1890.45,2357.892286
New York,36,Cortland,23,36023,,,,,,14239.52,14286.96,14795.43,14536,14906.08,8732.51,7620.74,12731.03429
New York,36,Delaware,25,36025,,,,,,7199.49,7038.33,7071.34,6327.48,6303.23,6168.05,638.97,5820.984286
New York,36,Dutchess,27,36027,,,,,,6267.65,6048.05,5700.29,5468.51,5907.77,5736.68,5722.17,5835.874286
New York,36,Erie,29,36029,,,,,,22855.31,22143.13,20559.07,19941.52,17291.5,12862.19,9136.04,17826.96571
New York,36,Essex,31,36031,,,,,,0,130.6,0,0,0,0,0,18.65714286
New York,36,Franklin,33,36033,,,,,,816.38,869.54,193.41,419.19,401.51,319.95,402.3,488.8971429
New York,36,Fulton,35,36035,,,,,,1351.59,1472.05,1082.91,1091.86,537.23,325.14,248.5,872.7542857
New York,36,Genesee,37,36037,,,,,,27621.21,27749.85,32979.22,31387.99,30843.25,9129.34,1772.69,23069.07857
New York,36,Greene,39,36039,,,,,,474.12,578.25,537.89,417.45,490.21,532.05,622.81,521.8257143
New York,36,Hamilton,41,36041,,,,,,0,0,0,0,0,0,0,0
New York,36,Herkimer,43,36043,,,,,,10834.89,10132.75,8901.96,1798.92,559.09,746.27,850.21,4832.012857
New York,36,Jefferson,45,36045,,,,,,34966.35,34881.87,34811.73,34254.93,34910.68,31046.71,5060.4,29990.38143
New York,36,Kings,47,36047,,,,,,0,0,0,0,0,0,0,0
New York,36,Lewis,49,36049,,,,,,15372.67,14499,14148.08,14515.56,14669.72,14209.52,3548.1,12994.66429
New York,36,Livingston,51,36051,,,,,,72017.78,71103.69,72567.96,54579.73,44776.06,17012.28,12722.55,49254.29286
New York,36,Madison,53,36053,,,,,,19698.41,19638.7,15286.96721,14925.94,13199.06,13125.24,7873.25,14821.08103
New York,36,Monroe,55,36055,,,,,,29700.83,28694.01,22959.45,23174.72,21949.67,10709.04,6027.02,20459.24857
New York,36,Montgomery,57,36057,,,,,,11866.17,11902.76,9249.11,5598.65,5511.8,1026.2,1203.39,6622.582857
New York,36,Nassau,59,36059,,,,,,0,0,0,0,0,0,0,0
New York,36,New York,61,36061,,,,,,0,0,0,0,0,0,0,0
New York,36,Niagara,63,36063,,,,,,45273.78,44784.48,40577.66,44030.65,37622.52,5291.61,2767.24,31478.27714
New York,36,Oneida,65,36065,,,,,,29313.81,24720.93,15918.75,7204.83,2743.93,3138.32,2568.65,12229.88857
New York,36,Onondaga,67,36067,,,,,,37030.66,36445.42,27124.78,26299.77,26080.78,18624.59,7266.5,25553.21429
New York,36,Ontario,69,36069,,,,,,37773.53,37369.9057,33096.05,22406.21,7962.83,441.14,87.15,19876.68796
New York,36,Orange,71,36071,,,,,,7932.89,7869.69,7427.61,6963.34,6692.84,6480.36,5603.51,6995.748571
New York,36,Orleans,73,36073,,,,,,58474.59,59205.66,51640.19,11245.99,10767.69,6277.58,164.85,28253.79286
New York,36,Oswego,75,36075,,,,,,8876.6,8129.86,7501.53,6417.2409,6195.47,5994.36,5713.74,6975.542986
New York,36,Otsego,77,36077,,,,,,12002.21,10418.96,11703.96,10386.68,10066.81,9960.39,3441.06,9711.438571
New York,36,Putnam,79,36079,,,,,,0,0,0,0,0,0,0,0
New York,36,Queens,81,36081,,,,,,0,0,0,0,0,0,0,0
New York,36,Rensselaer,83,36083,,,,,,3293.23,3236.63,2112.7865,1894.17898,2113.76,2439.27,2509.5,2514.19364
New York,36,Richmond,85,36085,,,,,,0,0,0,0,0,0,0,0
New York,36,Rockland,87,36087,,,,,,0,0,0,0,0,0,0,0
New York,36,St. Lawrence,89,36089,,,,,,17501.12,16106.88,15111.32,14559.9,13658.5,6201.74,5823.8,12709.03714
New York,36,Saratoga,91,36091,,,,,,2193.68,2275.14,2329.85,1702.41,2240.07,2113.51,2091.71,2135.195714
New York,36,Schenectady,93,36093,,,,,,475.82,550.52,475.82,413.75,440.7,413.75,0,395.7657143
New York,36,Schoharie,95,36095,,,,,,9429.46,9206.93,8281.95,7648,7926.24,8051.97,3623.56,7738.301429
New York,36,Schuyler,97,36097,,,,,,3523.74,3445.28,2169.45,862.5,297.27,135.33,2067.7,1785.895714
New York,36,Seneca,99,36099,,,,,,44664.61,44546.54,27203.71,12988.58,7103.83,6962.6,4259.86,21104.24714
New York,36,Steuben,101,36101,,,,,,36336.48,35502.53,34721.01,33643.9,32711.99,29218.91,27036.13,32738.70714
New York,36,Suffolk,103,36103,,,,,,0,0,0,0,0,0,0,0
New York,36,Sullivan,105,36105,,,,,,1724.08,1666.08,1653.28,1537.84,1676.01,1613.86,218.9,1441.435714
New York,36,Tioga,107,36107,,,,,,2761.24,2693.01,402.5,0,0,0,0,836.6785714
New York,36,Tompkins,109,36109,,,,,,16074.94129,16033.1,16810.56,15433.13,14849.45,13089.74,12885.43,15025.19304
New York,36,Ulster,111,36111,,,,,,878.37,802.41,607.81,692.81,613.98,693.15,760.85,721.34
New York,36,Warren,113,36113,,,,,,0,0,0,0,0,0,0,0
New York,36,Washington,115,36115,,,,,,2025.59,2274.32,892.54,794.56,940.96,1086.04,1248.81,1323.26
New York,36,Wayne,117,36117,,,,,,37135.25,36073.97,2779.7,1888.86,1748.32,1720.05,437.56,11683.38714
New York,36,Westchester,119,36119,,,,,,0,0,0,0,0,0,0,0
New York,36,Wyoming,121,36121,,,,,,53597.72,52847.48,52501.23,52770.10155,47842.17,38411.74,18486.13,45208.08165
New York,36,Yates,123,36123,,,,,,12071.15,11292.62,9995.14,9715.27,9561.98,9350.62,8531.36,10074.02
North Carolina,37,Alamance,1,37001,,,,,,1378.47,1350.82,1551.36,1496.44,2240.01,2395.06,2454.45,1838.087143
North Carolina,37,Alexander,3,37003,,,,,,835.72,803.85,716.49,806.34,798.83,831.54,800.09,798.98
North Carolina,37,Alleghany,5,37005,,,,,,548.7,861.23,831.28,525.72,518.22,536.99,502.04,617.74
North Carolina,37,Anson,7,37007,,,,,,8208.72,8322.47,7817.25,11916.72,11194.71,11081.69,13417.55,10279.87286
North Carolina,37,Ashe,9,37009,,,,,,0,0,0,34.17,29.96,40.61,22.19,18.13285714
North Carolina,37,Avery,11,37011,,,,,,0,0,0,0,0,0,0,0
North Carolina,37,Beaufort,13,37013,,,,,,41976.96,40822.97,30255.88,22981.95,24671.65,20390.92,19409.91,28644.32
North Carolina,37,Bertie,15,37015,,,,,,58272.72,58589.69,52915.16,36637.79,43107.62,41471.63,36440.83,46776.49143
North Carolina,37,Bladen,17,37017,,,,,,12753.42,12903.61,10208.73,13274.39,13088.02,12866.14,12593.58,12526.84143
North Carolina,37,Brunswick,19,37019,,,,,,1632.58,1620.58,1562.95,1527.91,1033.38,838.9,722.4,1276.957143
North Carolina,37,Buncombe,21,37021,,,,,,0,195,197.5,102.7,113.3,99.6,99.6,115.3857143
North Carolina,37,Burke,23,37023,,,,,,293.67,300.77,624.5,473.08,511.06,429.99,237.56,410.09
North Carolina,37,Cabarrus,25,37025,,,,,,6239.16,5985.15,6565.56,9471.86,8972.38,8709.49,5783.27,7389.552857
North Carolina,37,Caldwell,27,37027,,,,,,1073.18,1079.37,1023.9,751.08,783.48,777.13,313.8,828.8485714
North Carolina,37,Camden,29,37029,,,,,,38148.48,37850.85,29063.07,29609.24,28171.89,25924.95,17245.03,29430.50143
North Carolina,37,Carteret,31,37031,,,,,,6748.63,6742.95,4942.47,0,0,1620.2,32495.1,7507.05
North Carolina,37,Caswell,33,37033,,,,,,180.29,253.39,192.32,861.3,957.1,945.24,968.62,622.6085714
North Carolina,37,Catawba,35,37035,,,,,,2847.22,3309.81,3317.01,2598.63,3023.2,2664.9,2711.58,2924.621429
North Carolina,37,Chatham,37,37037,,,,,,154.48,180.62,336.38,999.17,1071.77,1073.66,967.55,683.3757143
North Carolina,37,Cherokee,39,37039,,,,,,0,0,0,0,0,394.24,135.26,75.64285714
North Carolina,37,Chowan,41,37041,,,,,,23731.69,23741.64,23088.75,15529.49,18074.71,16331.36,17413.07,19701.53
North Carolina,37,Clay,43,37043,,,,,,0,0,0,0,0,0,0,0
North Carolina,37,Cleveland,45,37045,,,,,,7569.62,7529.79,6795.66,7424.55,6794.68,6962.42,7058.85,7162.224286
North Carolina,37,Columbus,47,37047,,,,,,17272.37,17517.56,15554.5,16158.18,15274.09,13696.94,8361.64,14833.61143
North Carolina,37,Craven,49,37049,,,,,,23139.81,23034.79,7264.26,1783.52,962.26,1307.85,2314.16,8543.807143
North Carolina,37,Cumberland,51,37051,,,,,,15696.2,15948.86,15764.43,15752.24,15504.86,15772.23,15558.61,15713.91857
North Carolina,37,Currituck,53,37053,,,,,,26076.22,25365.03,16347.85,16685.3,15917.42,12789.16,9593.72,17539.24286
North Carolina,37,Dare,55,37055,,,,,,0,0,0,0,0,0,0,0
North Carolina,37,Davidson,57,37057,,,,,,6049.34,6040.2,5926.56,5859.88,5747.42,6671.76,6632.62,6132.54
North Carolina,37,Davie,59,37059,,,,,,5969.89,6231.94,5222.98,5967.44,5750.93,5432.12,6068.37,5806.238571
North Carolina,37,Duplin,61,37061,,,,,,32764.04,33471.49,34482.8141,23296.41,19821.08,19099.44,19112.77,26006.86344
North Carolina,37,Durham,63,37063,,,,,,0,0,0,468.2,613.16,587.34,379.66,292.6228571
North Carolina,37,Edgecombe,65,37065,,,,,,54372.68,54425.54711,54533.57,36952.48,47924.56,35946.73,55006.87,48451.77673
North Carolina,37,Forsyth,67,37067,,,,,,1585.24,1595.1,1029.63,3129.54,1813.5,1240.09,1755.68,1735.54
North Carolina,37,Franklin,69,37069,,,,,,184.68,233.62,310.6,329.71,1305.02,928.14,106.06,485.4042857
North Carolina,37,Gaston,71,37071,,,,,,606.41,619.49,378.93,360.91,12.7,493.51,490.92,423.2671429
North Carolina,37,Gates,73,37073,,,,,,27767.31,28325.93,26798.64,13989.42,12871.3,11038.22,20449.74,20177.22286
North Carolina,37,Graham,75,37075,,,,,,0,0,0,0,0,0,0,0
North Carolina,37,Granville,77,37077,,,,,,2168.28,2421.51,2683.81,3862.12,4552.82,4323.25,3259.21,3324.428571
North Carolina,37,Greene,79,37079,,,,,,22319.88,22391.55,22461.28,17490.44,19674.61,21255.91,22760.4,21193.43857
North Carolina,37,Guilford,81,37081,,,,,,5791.97,5723.89,5842.6,6986.92,7554.46,7684.34,5138.59,6388.967143
North Carolina,37,Halifax,83,37083,,,,,,71406.41,71298.71,69344.16,37111.41,53306.14,45235.91,66449.84,59164.65429
North Carolina,37,Harnett,85,37085,,,,,,27698.18,27425.32,26817.75,27662.51,27939.37,27654.67,26940.63,27448.34714
North Carolina,37,Haywood,87,37087,,,,,,830.74,896.37,883.87,1008.74,976.05,401.36,403.53,771.5228571
North Carolina,37,Henderson,89,37089,,,,,,1276.88,1221.08,1256.38,1061.1,911.48,804.98,779.52,1044.488571
North Carolina,37,Hertford,91,37091,,,,,,26743.75,25327.14,25265.32,22584.79,21308.89742,19578.61,16701.19,22501.38535
North Carolina,37,Hoke,93,37093,,,,,,16779.06,16924.93,15957.07,10627.33178,12581.36,13397.35,11335.8,13943.27168
North Carolina,37,Hyde,95,37095,,,,,,24885.02,24939.33,14333.85,9983.29,12487.05,12554.47,13333.71,16073.81714
North Carolina,37,Iredell,97,37097,,,,,,7421.2,6793.71,6638.53,7499.5,8087.4,8039.15,8022.85,7500.334286
North Carolina,37,Jackson,99,37099,,,,,,0,0,0,0,0,0,0,0
North Carolina,37,Johnston,101,37101,,,,,,25398.81,25220.58,24182.1,22236.29,25992.31,21741.9,22958.01,23961.42857
North Carolina,37,Jones,103,37103,,,,,,20559.82,21505.04,20210.35,16837.88,18950.69,19895.41,19822.35,19683.07714
North Carolina,37,Lee,105,37105,,,,,,0,0,0,0,0,6.4,8.7,2.157142857
North Carolina,37,Lenoir,107,37107,,,,,,27050.86,27010.04,25005.45,23916.64,27310.82,25589.68,27234.66,26159.73571
North Carolina,37,Lincoln,109,37109,,,,,,1386.52,1575.25,1574.41,1457.68,1260.68,1473.24,1278.15,1429.418571
North Carolina,37,McDowell,111,37111,,,,,,0,0,0,0,0,0,0,0
North Carolina,37,Macon,113,37113,,,,,,0,0,0,0,0,0,0,0
North Carolina,37,Madison,115,37115,,,,,,0,0,0,46.09,46.09,0,0,13.16857143
North Carolina,37,Martin,117,37117,,,,,,54360.53,54666.23,54464.16,37171.64926,37530.36003,41932.63,54242.74,47766.8999
North Carolina,37,Mecklenburg,119,37119,,,,,,529.11,861.16,839.55,1241.59,1235.59,1132.73,463.69,900.4885714
North Carolina,37,Mitchell,121,37121,,,,,,0,0,0,0,0,0,0,0
North Carolina,37,Montgomery,123,37123,,,,,,0,0,0,0,0,0,0,0
North Carolina,37,Moore,125,37125,,,,,,0,0,0,0,0,0,0,0
North Carolina,37,Nash,127,37127,,,,,,25040.31,24503.94,23953.84,17153.41,22189.09,22608.89,23400.57,22692.86429
North Carolina,37,New Hanover,129,37129,,,,,,0,0,0,0,0,0,0,0
North Carolina,37,Northampton,131,37131,,,,,,66559.32,65898.44,63841.36,47246.22,57085.49,55275.52,63589.8,59928.02143
North Carolina,37,Onslow,133,37133,,,,,,5219.73,5209.81,5147.91,5707.2,5713.73,5647.23,5451.09,5442.385714
North Carolina,37,Orange,135,37135,,,,,,428.21,650.87,923.66,1827.87,2896.03,1889.57,1642.77,1465.568571
North Carolina,37,Pamlico,137,37137,,,,,,12847.23,12790.47,8563.06,1747.35,4368.38,3090.33,3831.34,6748.308571
North Carolina,37,Pasquotank,139,37139,,,,,,53595.07,53501.67,38552.68,34799.33,36484.18,24603.62,25656.01,38170.36571
North Carolina,37,Pender,141,37141,,,,,,6705.32,7162.74,4068.62,3279.42,3670.79,3740.48,3028.09,4522.208571
North Carolina,37,Perquimans,143,37143,,,,,,40672.09,40156.1,38081.35,34967.49,36647.53,37285.31,34540.92,37478.68429
North Carolina,37,Person,145,37145,,,,,,6546.49,6381.82,6225.63,9428.15,10129.39,9754.41,7446.32,7987.458571
North Carolina,37,Pitt,147,37147,,,,,,39136.81,39082.6492,25174.11,30641.94,30598.78,28620.6,33464.43,32388.47417
North Carolina,37,Polk,149,37149,,,,,,125.37,114.07,114.07,232.46,234.54,196.04,196.04,173.2271429
North Carolina,37,Randolph,151,37151,,,,,,2927.91,2988.42,3323.45,3865.97,3815.66,3836.28,3616.59,3482.04
North Carolina,37,Richmond,153,37153,,,,,,2125.95,2446.26,2656.51,990.06,925.77,840.22,740.11,1532.125714
North Carolina,37,Robeson,155,37155,,,,,,50506.59,49109.96,52745.66,32295.34,34433.77,32669.15,31396.3,40450.96714
North Carolina,37,Rockingham,157,37157,,,,,,2204.86,2272.24,2286.83,3622.37,4034.54,4108.58,4089.97,3231.341429
North Carolina,37,Rowan,159,37159,,,,,,8458.82,8384.9,6306.57,10077.3,10886.89,11249.22,11690.47,9579.167143
North Carolina,37,Rutherford,161,37161,,,,,,1501.95,1480.85,1491.18,1527.54,1458.72,1139.25,1394.35,1427.691429
North Carolina,37,Sampson,163,37163,,,,,,75132.86,61169.0117,68428.88,66408.4,71058.39,69322.56,66646.36,68309.49453
North Carolina,37,Scotland,165,37165,,,,,,12829.4,12306.99,11744.62,6222.53,11558.77,9327.07,11224.68,10744.86571
North Carolina,37,Stanly,167,37167,,,,,,27417.27,27065.06,35376.36,34404.35,32224.03,27956.16,26078.65,30074.55429
North Carolina,37,Stokes,169,37169,,,,,,0,23.9,27,2129.45,746.77,766.77,741.79,633.6685714
North Carolina,37,Surry,171,37171,,,,,,361.22,394.96,784.1,1901.9,3491.76,2814.68,2682.31,1775.847143
North Carolina,37,Swain,173,37173,,,,,,0,0,0,0,0,0,0,0
North Carolina,37,Transylvania,175,37175,,,,,,719.4,744.7,744.7,670.99,670.09,590.76,670.03,687.2385714
North Carolina,37,Tyrrell,177,37177,,,,,,16160.23,16111.05,3748.83,3031.91,1922.43,3638.51,2019.8,6661.822857
North Carolina,37,Union,179,37179,,,,,,16135.49,14287.28,15695.31,16677.52,17077,15634.69,18763.81,16324.44286
North Carolina,37,Vance,181,37181,,,,,,1085.74,1151.4,1545.55,2138.37,1927.19,1553.02,2043.09,1634.908571
North Carolina,37,Wake,183,37183,,,,,,4824.74,4729.91,4683.58,4561.39,3948.04,3895.25,3727.92,4338.69
North Carolina,37,Warren,185,37185,,,,,,383.83,384.39,384.39,205.88,205.88,163.68,431.59,308.52
North Carolina,37,Washington,187,37187,,,,,,25725.68,29229.26,12822.81,6296.72,6038.47,4767.02,7026.24,13129.45714
North Carolina,37,Watauga,189,37189,,,,,,22.1,22.1,12.3,67.54,67.34,52.44,60.04,43.40857143
North Carolina,37,Wayne,191,37191,,,,,,40282.85,39434.94,39850.57,35991.02,37671.15,36410.52,35510.64,37878.81286
North Carolina,37,Wilkes,193,37193,,,,,,1313.15,1382.13,1699.36,1269.63,1358.6,1885.77,1795.75,1529.198571
North Carolina,37,Wilson,195,37195,,,,,,30277.03,30086.308,20789.99345,27475.26,24462.68,19567.39,24180.22,25262.69735
North Carolina,37,Yadkin,197,37197,,,,,,27048.73,26911.8,23907.11,23854.26,21938.24,18405.55,22952.8505,23574.07721
North Carolina,37,Yancey,199,37199,,,,,,0,0,35.74,25.2,26.24,0,0,12.45428571
North Dakota,38,Adams,1,38001,,,,,,199244.61,197562.68,126548.85,87913.5,82457.26,92086.49,59472.43,120755.1171
North Dakota,38,Barnes,3,38003,,,,,,228772.97,228503.88,148058.64,119480.74,85767.11,33407.29,18917.73,123272.6229
North Dakota,38,Benson,5,38005,,,,,,287790.3,280514.82,256705.94,204722.57,170147.3,69064.85,51994.73,188705.7871
North Dakota,38,Billings,7,38007,,,,,,42615.25,42328.86,33210.95,28094.34808,23203.42,15643.78548,4883.16,27139.96765
North Dakota,38,Bottineau,9,38009,,,,,,641250.82,639546.65,584967.13,437149.03,432178.34,266077.32,85022.22,440884.5014
North Dakota,38,Bowman,11,38011,,,,,,173731.65,175591.83,119611.48,85665.66,79511.91,75397.33,66548.34,110865.4571
North Dakota,38,Burke,13,38013,,,,,,328288.85,328212.6,303536.2,189074.06,234171.56,127762.99,78128.76,227025.0029
North Dakota,38,Burleigh,15,38015,,,,,,299124.16,294497.5959,209370.3478,125904.9622,96145.68,113318.96,54644.35,170429.4365
North Dakota,38,Cass,17,38017,,,,,,323545.68,323027.52,200945.17,197023.61,164601.17,71758.95,42846.74,189106.9771
North Dakota,38,Cavalier,19,38019,,,,,,749816.49,749331.98,741241.67,639685.94,677298.06,495414.51,146085.19,599839.12
North Dakota,38,Dickey,21,38021,,,,,,173141.98,173700.49,82894.32,62291,88021.36,38877.16,4941.74,89124.00714
North Dakota,38,Divide,23,38023,,,,,,378241.47,379728.77,351156.58,260463.61,251182.41,222749.32,152436.86,285137.0029
North Dakota,38,Dunn,25,38025,,,,,,217085.15,219132.72,155066.1,106653.08,107741.57,104011.082,57990.22,138239.9889
North Dakota,38,Eddy,27,38027,,,,,,109650.16,109684.86,92578.97,101232.12,75937.2,20967.39,9483.12,74219.11714
North Dakota,38,Emmons,29,38029,,,,,,340708.76,341098.89,219844.47,204037.2,157434.96,107386.92,35972.89,200926.2986
North Dakota,38,Foster,31,38031,,,,,,137128.19,136413.96,130132.38,120684.87,124736.16,48216.86,26651.81,103423.4614
North Dakota,38,Golden Valley,33,38033,,,,,,128600.92,128231.18,62108.14,25148.35,33756.16,22758.9,18531.98,59876.51857
North Dakota,38,Grand Forks,35,38035,,,,,,341124.11,340659.09,248713.3,168761.76,159026.86,82918.29,41668.12,197553.0757
North Dakota,38,Grant,37,38037,,,,,,269904.48,271370.76,194722.01,104238.65,57854.86,67087.14,23653.72,141261.66
North Dakota,38,Griggs,39,38039,,,,,,130959.26,131960.78,113626.68,90781.03,55158.16,45928.62,42514.6,87275.59
North Dakota,38,Hettinger,41,38041,,,,,,403587.16,399446.87,255571.23,176563.43,162222.12,111590.84,88029.24,228144.4129
North Dakota,38,Kidder,43,38043,,,,,,179114.66,179459.68,155191.28,92858.49,55665.45,52506.18,26677.33,105924.7243
North Dakota,38,LaMoure,45,38045,,,,,,162594.58,162390.32,101111.38,72781.94,94712.55,40235.3,21028.17,93550.60571
North Dakota,38,Logan,47,38047,,,,,,161788.78,161943.28,123280.93,99267.37,86107.39,70170.44,22402.83,103565.86
North Dakota,38,McHenry,49,38049,,,,,,399909.05,398296.99,368969.5,311213.56,259363.92,164270.21,59681.19,280243.4886
North Dakota,38,McIntosh,51,38051,,,,,,188700.62,188967.6,157593.28,116418.89,76305.03,47308.85,25123.14,114345.3443
North Dakota,38,McKenzie,53,38053,,,,,,239674.26,239827.49,225723.27,172435.35,158882.04,155900.06,129697.41,188877.1257
North Dakota,38,McLean,55,38055,,,,,,612886.6,614314.4951,450081.36,197212.99,171688.12,292180.13,145963.52,354903.8879
North Dakota,38,Mercer,57,38057,,,,,,123621.8,120155.41,88956.23,54935.26,49352.47,45376.91,31341.41,73391.35571
North Dakota,38,Morton,59,38059,,,,,,290700.41,289732.69,192622.69,157664.07,122703.32,110834.55,73338.78,176799.5014
North Dakota,38,Mountrail,61,38061,,,,,,471080.6797,469864.775,448805.465,421736.755,381751.44,291476.62,176514.47,380175.7435
North Dakota,38,Nelson,63,38063,,,,,,264846.16,260896.48,215198.15,198074.14,165567.8,101857.7,48247.96,179241.1986
North Dakota,38,Oliver,65,38065,,,,,,109907.63,110560.42,62746.74,36867.82,29938.87,32466.27,22751.21,57891.28
North Dakota,38,Pembina,67,38067,,,,,,314524.78,305963.26,210677.85,181811.78,155760.29,109771.38,63707.14,191745.2114
North Dakota,38,Pierce,69,38069,,,,,,265060.08,264347.31,244665.61,220109.18,189002.11,75612.5,18189.74,182426.6471
North Dakota,38,Ramsey,71,38071,,,,,,330924.37,332431.03,319155.32,283108.78,271777.18,197886.56,75156.53,258634.2529
North Dakota,38,Ransom,73,38073,,,,,,131088.54,133556.82,77142.83,41527,49133.89,22519.56,27985.69,68993.47571
North Dakota,38,Renville,75,38075,,,,,,484970.4,485418.07,454952.22,383517.09,342593.75,280568.25,90137.38,360308.1657
North Dakota,38,Richland,77,38077,,,,,,305995.93,304845.83,176264.33,132358.69,68529.35,31818.39,26958.33,149538.6929
North Dakota,38,Rolette,79,38079,,,,,,257460.78,253749.29,235795.05,208886.96,212682.62,163383.61,41828.8,196255.3014
North Dakota,38,Sargent,81,38081,,,,,,133653.7,132879.19,56523.4,35910.01,26904.08,14627.68,15554.95,59436.14429
North Dakota,38,Sheridan,83,38083,,,,,,217744.15,215001.6821,196496.26,141664.21,153333.63,126964.91,87279.92,162640.6803
North Dakota,38,Sioux,85,38085,,,,,,80223.87,78327.38,30196.35,27001.46,22289.13,16965.89,9443.86,37778.27714
North Dakota,38,Slope,87,38087,,,,,,154396.88,151858.4584,86378.40839,66641.19839,69088.35,58861.81,39234.91,89494.28788
North Dakota,38,Stark,89,38089,,,,,,316550.97,314408.1139,155692.08,137075.7206,109612.63,93892.81601,40349.5,166797.4044
North Dakota,38,Steele,91,38091,,,,,,115804.22,114185.14,118022.08,130538.58,113575.39,36688.67,20960.42,92824.92857
North Dakota,38,Stutsman,93,38093,,,,,,297499.94,296097.59,272909.4,233047.1,203821.24,107527.37,46173.88,208153.7886
North Dakota,38,Towner,95,38095,,,,,,412205.75,416853.23,405140.79,238581.76,216860.09,136417.3,152365.03,282631.9929
North Dakota,38,Traill,97,38097,,,,,,176781.62,185191.51,169277.59,120415.18,139367.18,72743.81,39941.9,129102.6843
North Dakota,38,Walsh,99,38099,,,,,,381131.49,381049.07,276841.14,207220.1,181925.99,105839.72,69345.14,229050.3786
North Dakota,38,Ward,101,38101,,,,,,705300.64,709694.59,622144.21,565068.01,463775.2,312943.1,120395.49,499903.0343
North Dakota,38,Wells,103,38103,,,,,,319841.4,315180.914,299045.2122,288120.85,279544.08,117306.03,39599.15,236948.2338
North Dakota,38,Williams,105,38105,,,,,,513093.18,515458.66,403610.07,295164.2988,226711.41,215799.72,179343.02,335597.1941
Ohio,39,Adams,1,39001,,,,,,17965.98,16404.01,10558.46,10563.15,8644.74,7317.38,5828.64,11040.33714
Ohio,39,Allen,3,39003,,,,,,59376.62,59574.33,71916.88,68420.27,70189.72,33058.79,20058.35,54656.42286
Ohio,39,Ashland,5,39005,,,,,,41916.95,41137.28,29880.62,21777.39901,18797.98,16384.79,13570.43,26209.34986
Ohio,39,Ashtabula,7,39007,,,,,,19057.17,19071.25,13895.76,12517.79,8120.441,5596.224,3133.31,11627.42071
Ohio,39,Athens,9,39009,,,,,,1839.43,1806.41,1273.05,843.33,771.3,645.28,418.7,1085.357143
Ohio,39,Auglaize,11,39011,,,,,,79977.04,79426.71,55575.81,41559.69,33577.46,22326.83,13729.47,46596.14429
Ohio,39,Belmont,13,39013,,,,,,12.9,122.6,19.4,19.4,19.4,21.1,15.4,32.88571429
Ohio,39,Brown,15,39015,,,,,,34841.28,34821.03,19184.97,17199.76,17557.69,10364.65,4353.25,19760.37571
Ohio,39,Butler,17,39017,,,,,,29996.33,29645.355,25031.08,21765.90714,20636.13,18977.44,14376.32,22918.36602
Ohio,39,Carroll,19,39019,,,,,,10870.59,10937.51,986.81,42.57,0,0,195.76,3290.462857
Ohio,39,Champaign,21,39021,,,,,,44954.48,45086.91,47363.5,46037.57,47756.07,30639.02,20568.14,40343.67
Ohio,39,Clark,23,39023,,,,,,33001.17,33020.81,46845.14,56217.85,57342.81,40102.29,16590.95,40445.86
Ohio,39,Clermont,25,39025,,,,,,30900.28,30102.75,12044.9,15016.44,8535.93,5992.46,1233.9,14832.38
Ohio,39,Clinton,27,39027,,,,,,99099.55836,98392.1853,96427.02,80266.02,74499.01,40046.52,18767.05,72499.62338
Ohio,39,Columbiana,29,39029,,,,,,31046.93,31847.34,15746.79,5873.68,1853.62,539.46,316.7,12460.64571
Ohio,39,Coshocton,31,39031,,,,,,35540.2357,35831.16799,24904.41,7411.13,6090.48952,4907.41209,2474.09,16736.99076
Ohio,39,Crawford,33,39033,,,,,,81906.95,81734.19,59286.39,60550.19,71243.91,55883.69,36896.64,63928.85143
Ohio,39,Cuyahoga,35,39035,,,,,,0,0,0,0,0,0,0,0
Ohio,39,Darke,37,39037,,,,,,143167.91,141878.84,82398.72,57151.54,60434.99,42902.74,27302.71,79319.63571
Ohio,39,Defiance,39,39039,,,,,,39818.74,39483.38,65508.87,57736.21,63573.87,24852.1,19083.54,44293.81571
Ohio,39,Delaware,41,39041,,,,,,29832.35,29599.07,17920.38,18147.61,7472.91,9200.06,5172,16763.48286
Ohio,39,Erie,43,39043,,,,,,33422.48,33344.18,15290.27,9835.2,8182.84,7643.42,5787.24,16215.09
Ohio,39,Fairfield,45,39045,,,,,,45809.73,41478.84,25171.12,13498.86,17676.84,15752.05,10657.62,24292.15143
Ohio,39,Fayette,47,39047,,,,,,84598.97,84698.65,96103.77,74848.65,67157.64,41258.83,23069.74,67390.89286
Ohio,39,Franklin,49,39049,,,,,,20315.04,19562.63,10892.63,6822.29,9202.72,4927.75,1153.54,10410.94286
Ohio,39,Fulton,51,39051,,,,,,53695.13,52194.57,86652.51,82535.85,86983.74,33886.46,13586.53,58504.97
Ohio,39,Gallia,53,39053,,,,,,3557.51,3288.18,621.28,403.75,596.65,600.08,763.17,1404.374286
Ohio,39,Geauga,55,39055,,,,,,2856.14,2823.47,1778.66,1349.47,1140.73,542.1,446.5,1562.438571
Ohio,39,Greene,57,39057,,,,,,63556.18,63020.02,60034.54,47347.6,63368.26,34018.69,24067.57,50773.26571
Ohio,39,Guernsey,59,39059,,,,,,5984.46,5624.76,5328.43,5172.09,5157.79736,4955.54,3968.3,5170.196766
Ohio,39,Hamilton,61,39061,,,,,,3102.91,3051.72,2923.45,3120.26,2771.95,2692.26,2335.98,2856.932857
Ohio,39,Hancock,63,39063,,,,,,49169.52,48946.88,40201.34,26947.04,25074.06,17656.77,13694.45,31670.00857
Ohio,39,Hardin,65,39065,,,,,,56003.32,56345.76,70515.53,56776.15,54621.44,45916.74703,28594.79,52681.96243
Ohio,39,Harrison,67,39067,,,,,,3962.01,3937.91,1040.68,76.8,0,0,72.21,1298.515714
Ohio,39,Henry,69,39069,,,,,,82008,81492.92,83291.72,72154.86,86944.02201,31095.11812,25958.79,66135.06145
Ohio,39,Highland,71,39071,,,,,,80969.23,80423.81,63614.99,54117.97,41382.99,23592.67,9847.78,50564.20571
Ohio,39,Hocking,73,39073,,,,,,1215.34,999.77,613.83,690.48,490.36,516.2,456.22,711.7428571
Ohio,39,Holmes,75,39075,,,,,,24817.24,24863.96,8532.21,1841.57,1549.78,1170.17,1234.35,9144.182857
Ohio,39,Huron,77,39077,,,,,,69929.75,69327.36,39249.84,22513,19136.5,15832.69,7056.1,34720.74857
Ohio,39,Jackson,79,39079,,,,,,6650.39,6591.33,3076.6,3038.88,2612.86,2473.32,2111.9,3793.611429
Ohio,39,Jefferson,81,39081,,,,,,2497.74,2694.94,731.32,205.5,163,248.6,193.2,962.0428571
Ohio,39,Knox,83,39083,,,,,,66243.96,65115.93,25567.63,25201.07,22938.57,29060.86,17047.74,35882.25143
Ohio,39,Lake,85,39085,,,,,,456.63,413.07,356.69,352.49,306.35,122.44,55.79,294.78
Ohio,39,Lawrence,87,39087,,,,,,2124.76,2046.96,906.36,888.41,912.51,837.16,615.63,1190.255714
Ohio,39,Licking,89,39089,,,,,,62087.14,53726.33,6798.46,7277.39,16179.89,14959.84,6166.84,23885.12714
Ohio,39,Logan,91,39091,,,,,,17605.85,17708.64,28903.52,23104.52,25976.98,13568.08,7590.62,19208.31571
Ohio,39,Lorain,93,39093,,,,,,29086.48,29662.62,22336.94,1847.083,718.183,2382.08,850.2,12411.94086
Ohio,39,East Lucas,94,39094,,,,,,4059.24,3899.33,3643.99,3618.64,3576.76,2610.98,1195.61,3229.221429
Ohio,39,West Lucas,95,39095,,,,,,13804.87,13719.77,13552.86,16236.44,15310.14,7186.4,3228.68,11862.73714
Ohio,39,Madison,97,39097,,,,,,93699.92,93652.04,90685.15,84876.73,85887.63,47609.26,16460.23,73267.28
Ohio,39,Mahoning,99,39099,,,,,,19886.02,20067.39,20214.41,9202.81,3040.84,2135.64,900.88,10778.28429
Ohio,39,Marion,101,39101,,,,,,82139,81830.99,56197.05,48335.05,49195.12,37892.01,23810.61,54199.97571
Ohio,39,Medina,103,39103,,,,,,18862.83,19007.09,9193.11,1753.5,1087.14,2186.23,1078.33,7595.461429
Ohio,39,Meigs,105,39105,,,,,,3431.15,3316.21,266.11,183.54,198.54,189.9,352.85,1134.042857
Ohio,39,Mercer,107,39107,,,,,,101821.85,102067.91,84640.89,77049.35,77684.06,62009.8,39193.57,77781.06143
Ohio,39,Miami,109,39109,,,,,,43431.57,42974.76,34628.17,38102.26,30891.8,23801.72,12890.6,32388.69714
Ohio,39,Monroe,111,39111,,,,,,519.42,519.42,573.13,568.45,568.45,568.45,484.45,543.11
Ohio,39,Montgomery,113,39113,,,,,,28746.93,27630.63,21066.89,16184.40631,16494.63,10324.35,6301.11,18106.99233
Ohio,39,Morgan,115,39115,,,,,,4135.75,3924.4,3824.61,3554.69,2362.37,2292.22,1271.65,3052.241429
Ohio,39,Morrow,117,39117,,,,,,31839.77,31629.03,19804.35,22399.77,21013.66,17494.015,9185.41,21909.42929
Ohio,39,Muskingum,119,39119,,,,,,22703.5452,20506.2,22635.4377,19073.5,13704.6004,9383.88,4281.14,16041.18619
Ohio,39,Noble,121,39121,,,,,,423.1,416.05,313,292.1,292.1,460.8,460.8,379.7071429
Ohio,39,Ottawa,123,39123,,,,,,23328.17,23130.11,23326.38,21613.31,24437.89,16381.62,10854.29,20438.82429
Ohio,39,Paulding,125,39125,,,,,,79090.12,78750.3355,138244.76,131733.63,133846.362,56979.83,25955.42,92085.77964
Ohio,39,Perry,127,39127,,,,,,11236.8,10702.51,5005.92,3182.34,1929.05,2657.12,3508.16,5460.271429
Ohio,39,Pickaway,129,39129,,,,,,119286.63,118375.25,77352.34,32138.45,36142.57,21794.45,11310.92,59485.80143
Ohio,39,Pike,131,39131,,,,,,10661.89,10128.26,2261.4,2950.56,2056.3,1181.19,1147.9,4341.071429
Ohio,39,Portage,133,39133,,,,,,17101.67,16524.04,6472.35,3178.26,4208.29,468.83,71.52,6860.708571
Ohio,39,Preble,135,39135,,,,,,78388.13,76927.62,52543.42,46139.0006,43833.08,29349.29,20261.24,49634.54009
Ohio,39,Putnam,137,39137,,,,,,102825.73,103462.5235,81720.9,61568.57,65389.165,43351.45864,34470.22265,70398.36711
Ohio,39,Richland,139,39139,,,,,,34513.09,33583.99,29363.12,27046.88,26830.41,21328.35,20396.96,27580.4
Ohio,39,Ross,141,39141,,,,,,54664.95,54067.23856,37143.54,29251.31,30110.37,20864.38172,18286.46938,34912.60852
Ohio,39,Sandusky,143,39143,,,,,,49383.53,48996.58,32636.69,44067.99,44471.01,31474.74,25670.99,39528.79
Ohio,39,Scioto,145,39145,,,,,,8617.22,9291.18,2509.09,2539.44,1941.54,1609.43,1627,4019.271429
Ohio,39,Seneca,147,39147,,,,,,85019.65,84276.29,66198.7,72658.88,77070.25,55290.56,44721.85,69319.45429
Ohio,39,Shelby,149,39149,,,,,,85132.49,83950.74,56639.64,51842.89,50895.76,47391.68,27441.18,57613.48286
Ohio,39,Stark,151,39151,,,,,,32652.12,32355.37,27338.193,26003.408,25615.352,21385.455,16181.4935,25933.05593
Ohio,39,Summit,153,39153,,,,,,1828.38,1825.49,1041.26,158.65,170.49,89.95,106.44,745.8085714
Ohio,39,Trumbull,155,39155,,,,,,14718.53,14639.39,6155.97,3372.3,4700.63,1391.71,2495.24,6781.967143
Ohio,39,Tuscarawas,157,39157,,,,,,28772.07,28162.77,3022.55,498.97,699.33,1212.62,1651.18,9145.641429
Ohio,39,Union,159,39159,,,,,,60690.6,60401.74,53072.67,31703.91,17550.82,18659.09,14225.25,36614.86857
Ohio,39,Van Wert,161,39161,,,,,,77914.02,78693.37,127198.8,130952.98,132733.4369,25938.9866,11019.86,83493.06479
Ohio,39,Vinton,163,39163,,,,,,1780.95,1820.15,744.75,880.18,853.44,800.37,716.49,1085.19
Ohio,39,Warren,165,39165,,,,,,34131.3,33877.36,33444.18,25352.53875,24716.83,18514.64,7554.92,25370.25268
Ohio,39,Washington,167,39167,,,,,,6229.25,6026.29,3935.81,3544.46,4262.14,4635.41791,4407.61,4720.139701
Ohio,39,Wayne,169,39169,,,,,,67623.08029,67489.26391,48730.80244,10522.25,6858.45635,9924.69,2884.7,30576.17757
Ohio,39,Williams,171,39171,,,,,,36914.45,37253.85,55523.84,55129.76,56355.57,26829.13,14380.3,40340.98571
Ohio,39,Wood,173,39173,,,,,,57376.56,56506.92,76590.57,78069.272,76954.90846,38931.0536,31179.86,59372.73487
Ohio,39,Wyandot,175,39175,,,,,,62572.46,62546.58,49750.19,39479.32,40833.17,34394.92,25649.12,45032.25143
Oklahoma,40,Adair,1,40001,,,,,,233.8,223.7,223.7,223.7,223.7,223.7,223.7,225.1428571
Oklahoma,40,Alfalfa,3,40003,,,,,,279653.72,279534.69,266660.46,38718.06,27918.95,237053.7,107680.93,176745.7871
Oklahoma,40,Atoka,5,40005,,,,,,2045.5,2045.5,2005.8,2292.36,2172.6,2139.55,1152.38,1979.098571
Oklahoma,40,Beaver,7,40007,,,,,,231607.81,233365.2,186739.21,104790.33,62640.67876,153973.5636,173771.6728,163841.2093
Oklahoma,40,Beckham,9,40009,,,,,,147435.88,140820.82,144684.77,39581.11,26799.26,39118.24,28591.93,81004.57286
Oklahoma,40,Blaine,11,40011,,,,,,245242.16,241812.51,231202.32,26132.64,21233.02,166917.17,92132.96399,146381.8263
Oklahoma,40,Bryan,13,40013,,,,,,21792.18,21788.77,19034.78,6382.52,6425.18,6193.69,6746.27,12623.34143
Oklahoma,40,Caddo,15,40015,,,,,,250356.12,249529.59,247755.78,211381.9536,198940.78,212312.21,210788.394,225866.4039
Oklahoma,40,Canadian,17,40017,,,,,,204525.12,205860.3088,205967.4279,159370.9379,87214.18791,131913.1808,81255.93,153729.5848
Oklahoma,40,Carter,19,40019,,,,,,5180.26,5477.66,5150.16,5350.91,4210.26,3965.38732,3757.67,4727.472474
Oklahoma,40,Cherokee,21,40021,,,,,,0,0,0,0,0,0,0,0
Oklahoma,40,Choctaw,23,40023,,,,,,12006.07,12074.57,12055.07,11978.37,11909.07,11983.48,4335.37,10906
Oklahoma,40,Cimarron,25,40025,,,,,,302557.18,302262.32,212420.63,69845.16,88692.03,189880.71,229907.4902,199366.5029
Oklahoma,40,Cleveland,27,40027,,,,,,4113.32,3797.87,4756.89,2888,2336.08,2934.841527,3156.92,3426.274504
Oklahoma,40,Coal,29,40029,,,,,,335.03,335.03,335.03,489.61,473.31,257.93,229.79,350.8185714
Oklahoma,40,Comanche,31,40031,,,,,,88736.38,88687.28,91577.57,89676.56,63427.73,73381.54,59937.62,79346.38286
Oklahoma,40,Cotton,33,40033,,,,,,182361.63,182568.38,171517.68,80640.14,58125.68,149066.97,122972.09,135321.7957
Oklahoma,40,Craig,35,40035,,,,,,14963.63,14942.03,6589.95,3544.24,3084.39,7397.04,7290.3,8258.797143
Oklahoma,40,Creek,37,40037,,,,,,503.29,401.7,355,165.5,0,0,0,203.6414286
Oklahoma,40,Custer,39,40039,,,,,,252748.58,252436.64,232766.02,208722.1492,187348.57,238220.2649,233079.74,229331.7092
Oklahoma,40,Delaware,41,40041,,,,,,849.32,849.32,849.32,428.22,0,0,195.6,453.1114286
Oklahoma,40,Dewey,43,40043,,,,,,156005.97,158286.9484,158719.07,69499.06219,4922.91,35864.98,45836.39904,89876.47709
Oklahoma,40,Ellis,45,40045,,,,,,111860.66,111763.79,109274.97,112084.36,27519.01,39964.55,29562.05,77432.77
Oklahoma,40,Garfield,47,40047,,,,,,349053.79,347169.4331,312794.9,110437.8506,41506.59852,211839.0279,131706.014,214929.6592
Oklahoma,40,Garvin,49,40049,,,,,,32106.04,32324.9,31054.68,34262.98,33515.29,34750.38,28628.49,32377.53714
Oklahoma,40,Grady,51,40051,,,,,,118051.42,115921.66,108460.39,75130.66,49914.89041,59384.02,60161.45,83860.64149
Oklahoma,40,Grant,53,40053,,,,,,392906.33,393270.1922,346724.78,74173.59477,28923.34217,318994.1195,101763.9532,236679.4731
Oklahoma,40,Greer,55,40055,,,,,,142122.85,142110.19,124693.47,65811.95,61906.5,113481.47,85972.42,105156.9786
Oklahoma,40,Harmon,57,40057,,,,,,129422.11,129188.87,112711.73,22326.48,29392.7,79847.83,89105.25,84570.71
Oklahoma,40,Harper,59,40059,,,,,,123668.75,122662.22,127306.08,95934.13,47511.96,75653.6,90277.65,97573.48429
Oklahoma,40,Haskell,61,40061,,,,,,3172.55,3218.25,2371.03,2281.66,2357.98,2226.06,1463.35,2441.554286
Oklahoma,40,Hughes,63,40063,,,,,,14459.06,13706.22,13908.88,13892.03,13769.55,12214.91,12940.66,13555.90143
Oklahoma,40,Jackson,65,40065,,,,,,292375.09,290734.94,236301.79,103059.94,145100.67,197042.73,151335.86,202278.7171
Oklahoma,40,Jefferson,67,40067,,,,,,68098.35,66932.19,58680.51,58459.27,51016.42,51546.84,60247.5,59283.01143
Oklahoma,40,Johnston,69,40069,,,,,,6216.57,5473.18,5479.74,5524.35,6180.66,6839.33,7608.38,6188.887143
Oklahoma,40,Kay,71,40071,,,,,,248961.86,249764.5081,213154.98,122699.9618,72931.79895,138619.6689,126329.27,167494.5783
Oklahoma,40,Kingfisher,73,40073,,,,,,289978.83,288601.03,275137.51,151134.889,75917.91054,220831.9546,98725.54679,200046.8101
Oklahoma,40,Kiowa,75,40075,,,,,,303169.85,304876.05,284916.75,152468.05,139328.67,270984.64,238258.02,242000.29
Oklahoma,40,Latimer,77,40077,,,,,,0,0,0,0,0,0,0,0
Oklahoma,40,Le Flore,79,40079,,,,,,3925.28,3257.01,3789.78,5248.45,5333.59,5185.19,4268.8,4429.728571
Oklahoma,40,Lincoln,81,40081,,,,,,8200.17,8309.21,6624.36,6430.71,3853.03,5710.94,6899.98,6575.485714
Oklahoma,40,Logan,83,40083,,,,,,75382.93631,75270.75,64367.39,12291.68,10749.7,45540.88,35793.42,45628.10804
Oklahoma,40,Love,85,40085,,,,,,15221.42,15428.94,16248.93,14487.68,12944.68,11810.14,11139.86,13897.37857
Oklahoma,40,McClain,87,40087,,,,,,27571.28,26481.5,24556.45,23166.93988,18692.03,19747.76964,22542.67585,23251.23505
Oklahoma,40,McCurtain,89,40089,,,,,,14807.06,14819.46,8735.52,8704.56,8551.06,5455.18,6860.64,9704.782857
Oklahoma,40,McIntosh,91,40091,,,,,,3260.32,3809.84,3677.29,3386.75,3297.95,2444.83,2919.75,3256.675714
Oklahoma,40,Major,93,40093,,,,,,164117.88,165103.1775,139117.41,73848.46,51193.68,140522.23,94698.78,118371.6596
Oklahoma,40,Marshall,95,40095,,,,,,5776.06,5863.36,5934.46,4939.67,4295.19,3706.75,3244.6,4822.87
Oklahoma,40,Mayes,97,40097,,,,,,12020.5,12362.67,12066.65,1957.57,1557.5,884.56,966.91,5973.765714
Oklahoma,40,Murray,99,40099,,,,,,3732.04,2815.97,3353.83,3780.55,4206.5,4281.64,2552.57,3531.871429
Oklahoma,40,Muskogee,101,40101,,,,,,10596.46,10258.5,10285.36,8378.2,6314.39,7872.62,8577.33,8897.551429
Oklahoma,40,Noble,103,40103,,,,,,161013.24,161420.17,156028.19,141444.34,126896.63,148510.8234,111597.91,143844.4719
Oklahoma,40,Nowata,105,40105,,,,,,12860.03,11678.18,11108.33,10065.63,7918.34,5764.4,5450.36,9263.61
Oklahoma,40,Okfuskee,107,40107,,,,,,4918.86,4894.64,3055.89,3235.74,2907.19,3310.14,3265.97,3655.49
Oklahoma,40,Oklahoma,109,40109,,,,,,7322.66196,7737.59,6945.51,739.07,267.32,3848.43,2574.27,4204.978851
Oklahoma,40,Okmulgee,111,40111,,,,,,5937.34,5514.35,3309.88,2607.15,1956.79,1776.88,2314.08,3345.21
Oklahoma,40,Osage,113,40113,,,,,,34949.57,35033.36183,33532.51,29995.29,14930.41,17601.38,23136.57,27025.58455
Oklahoma,40,Ottawa,115,40115,,,,,,33151.98341,32681.5,32393.45,27894.76,23520.6,21117.57,20876.38,27376.6062
Oklahoma,40,Pawnee,117,40117,,,,,,21561.2,22530.31,20692.76,20849.36,19655.7,21648.49,19371.68,20901.35714
Oklahoma,40,Payne,119,40119,,,,,,29852.39,28012.38,25093.25,19235.06,19268.39,19607.61,18268.2,22762.46857
Oklahoma,40,Pittsburg,121,40121,,,,,,4351,5007.98,4525.33,4504.32,3930.92,3294.83,3137.72,4107.442857
Oklahoma,40,Pontotoc,123,40123,,,,,,1563.11,1888.91,2123.31,1889.32,1665.26,1699.61,1100.89,1704.344286
Oklahoma,40,Pottawatomie,125,40125,,,,,,14684.33,15482.99,14913.85,14696.38,10215.54,10988.28,13648.53508,13518.55787
Oklahoma,40,Pushmataha,127,40127,,,,,,0,0,0,0,0,0,0,0
Oklahoma,40,Roger Mills,129,40129,,,,,,52468.03,51730.03,46387.84,25667.77,8972.74,26407.64756,18246.56756,32840.0893
Oklahoma,40,Rogers,131,40131,,,,,,2841.4,3186.82,2813.13,1665.52,1473.9,1274.46,622.11,1982.477143
Oklahoma,40,Seminole,133,40133,,,,,,3355.44,2906.44,2886.27,2626.22,2782.36,2782.36,2598.11,2848.171429
Oklahoma,40,Sequoyah,135,40135,,,,,,2653.43,669.8,663.1,721.7,635.23,439.84,376.74,879.9771429
Oklahoma,40,Stephens,137,40137,,,,,,47920.52,48824.64,45493.04,44202.96,40665.02,45713.31,43681.71,45214.45714
Oklahoma,40,Texas,139,40139,,,,,,392780.14,380107.75,282407.83,118109.13,80202.55,163452.7,178353.39,227916.2129
Oklahoma,40,Tillman,141,40141,,,,,,299931.62,301659.365,278836.5,223947.47,140410.0886,262217.6862,167817.2221,239259.9931
Oklahoma,40,Tulsa,143,40143,,,,,,1297.2,1397.9,1372.1,1126.6,1134.2,371.7,371.7,1010.2
Oklahoma,40,Wagoner,145,40145,,,,,,27488.53,27628.7,27863.04,2766.02,1630.83,115.12,771.97,12609.17286
Oklahoma,40,Washington,147,40147,,,,,,10329.54,10796.24,9466.14,9196.01,7343.3,5537.4,3798.8,8066.775714
Oklahoma,40,Washita,149,40149,,,,,,297391.47,296724.27,258056.26,42912.13,31610.2,204120.09,215133.36,192278.2543
Oklahoma,40,Woods,151,40151,,,,,,226588.33,225335.1,222755.61,34714.55,21815.29,224443.83,167775.1,160489.6871
Oklahoma,40,Woodward,153,40153,,,,,,122385.35,121064.35,119759.69,95240.89,3924.85,20750.54,47252.55,75768.31714
Oregon,41,Baker,1,41001,,,,,,15022.63,14086.84,15108.94,13262.72,12358.87,13430.02,12389.04,13665.58
Oregon,41,Benton,3,41003,,,,,,5099.83,4098.08,5154.8,4609.8,4074,4725.52,4408.66,4595.812857
Oregon,41,Clackamas,5,41005,,,,,,491.2,227.6,476.9,351.45,161.91,828.3,930.94,495.4714286
Oregon,41,Clatsop,7,41007,,,,,,0,0,0,0,0,0,0,0
Oregon,41,Columbia,9,41009,,,,,,0,0,0,0,0,0,0,0
Oregon,41,Coos,11,41011,,,,,,108.5,108.5,100.2,100.2,100.2,100.2,100.2,102.5714286
Oregon,41,Crook,13,41013,,,,,,507.33,507.33,328.23,613.5,447.41,651.86,780.28,547.9914286
Oregon,41,Curry,15,41015,,,,,,0,0,0,0,0,0,0,0
Oregon,41,Deschutes,17,41017,,,,,,0,0,0,0,0,0,0,0
Oregon,41,Douglas,19,41019,,,,,,2232.4,2232.4,2232.4,1247.6,1156.6,1183.4,1064,1621.257143
Oregon,41,Gilliam,21,41021,,,,,,122999.56,122669.42,108678.2,40928.64,25247.42,39362.18,18331.9,68316.76
Oregon,41,Grant,23,41023,,,,,,710.9,710.9,338.34,254.04,184,330.74,99.7,375.5171429
Oregon,41,Harney,25,41025,,,,,,1748.3,1828,1882.2,2066.8,2271.4,2026.4,1916.6,1962.814286
Oregon,41,Hood River,27,41027,,,,,,0,0,0,0,0,0,0,0
Oregon,41,Jackson,29,41029,,,,,,240.11,201.61,201.61,201.61,136.41,611.19,0,227.5057143
Oregon,41,Jefferson,31,41031,,,,,,12961.04,13410.84,12501.45,8990.04,9564.48,9635.57,8857.96,10845.91143
Oregon,41,Josephine,33,41033,,,,,,0,0,0,0,0,0,0,0
Oregon,41,Klamath,35,41035,,,,,,31902.4,31257.84,29296.84,27611.29,24670.27,22029.81,25215.73,27426.31143
Oregon,41,Lake,37,41037,,,,,,316.5,316.5,317.8,317.8,65.4,0,0,190.5714286
Oregon,41,Lane,39,41039,,,,,,3119.28,3265.24,3409.45,2664.58,2310.22,2513.21,3521.62,2971.942857
Oregon,41,Lincoln,41,41041,,,,,,0,0,0,0,0,0,0,0
Oregon,41,Linn,43,41043,,,,,,5196.04,4910.66,4742.71,3561.2,3301.93,4567.21,5108.12,4483.981429
Oregon,41,Malheur,45,41045,,,,,,55163.93,54639.34,50406.99,50268.29,49201.87,49218.88,40406.04,49900.76286
Oregon,41,Marion,47,41047,,,,,,14411.49,14506.09,14324.25,14164.2,13776.47,13961.25,12584.79,13961.22
Oregon,41,Morrow,49,41049,,,,,,218714.3,218115.81,175900.67,38734.9,20397.38,113380.82,38924.39,117738.3243
Oregon,41,Multnomah,51,41051,,,,,,0,0,0,0,0,0,0,0
Oregon,41,Polk,53,41053,,,,,,8574.24,8872.62,9094.78,8402.84,8138.65,7440.22,7152.82,8239.452857
Oregon,41,Sherman,55,41055,,,,,,159951.5525,159830.31,147996.35,29.5,0,974.34,1219.55,67143.08607
Oregon,41,Tillamook,57,41057,,,,,,0,0,0,0,0,0,0,0
Oregon,41,Umatilla,59,41059,,,,,,354218.9703,353471.7552,307778.0246,80490.74995,54131.71,197610.34,98536.98,206605.5043
Oregon,41,Union,61,41061,,,,,,65832.65,61672.48,64176.04,5317.63,2866.3,6793.83,4549.3,30172.60429
Oregon,41,Wallowa,63,41063,,,,,,36640.66,36352.3,35153.28,30085.3,21426.64,25439.71,17834.41,28990.32857
Oregon,41,Wasco,65,41065,,,,,,99347.32,98956.72,76878.36,13043.63,12086.76,45606.45,32343.73,54037.56714
Oregon,41,Washington,67,41067,,,,,,9022.91,9091.56,18968.77,25238.21,23885.41,24685.94,23741.68,19233.49714
Oregon,41,Wheeler,69,41069,,,,,,4538.26,4577.1,4161.5,2466.05,0,0,0,2248.987143
Oregon,41,Yamhill,71,41071,,,,,,9466.51,10684.34,12984.63,16364.93,11709.2,11407.18,13930.65,12363.92
Pennsylvania,42,Adams,1,42001,,,,,,12170.84,12768.59,8272.08,7012.599,8342.38,9264.736,8803.156,9519.197286
Pennsylvania,42,Allegheny,3,42003,,,,,,0,0,0,0,0,0,0,0
Pennsylvania,42,Armstrong,5,42005,,,,,,12500.42,12518.37,12591.37,9238.55,9277.32,7120.47,6488.74,9962.177143
Pennsylvania,42,Beaver,7,42007,,,,,,1388.73,1624.581,1700.6804,1798.284,1836.19,1762.2,909.716,1574.3402
Pennsylvania,42,Bedford,9,42009,,,,,,3820.08,4486.63,5074.3,5062.3048,2965.66,2608.9,1794.82352,3687.528331
Pennsylvania,42,Berks,11,42011,,,,,,16126.45,15926.58,17129.79,16051.46,15062.91,14766.15,13210.56,15467.7
Pennsylvania,42,Blair,13,42013,,,,,,8865.07,9061.35,9549.12,9752.28,7089.627,5548.3587,4524.4602,7770.037986
Pennsylvania,42,Bradford,15,42015,,,,,,2408.49,2677.53,3727.37,3608.17,3368.8926,1886.351,2992.178,2952.711657
Pennsylvania,42,Bucks,17,42017,,,,,,3959.12,4032.31,4458.16,4210.06,4105.49,4305.5,3774.78,4120.774286
Pennsylvania,42,Butler,19,42019,,,,,,6404.42,7224.538,7103.276,7084.02745,6599.17445,6178.16,2333.737,6132.476129
Pennsylvania,42,Cambria,21,42021,,,,,,8624.51,8768.17,8665.62,8535.21,7788.46,5702.57,1748.6,7119.02
Pennsylvania,42,Cameron,23,42023,,,,,,44.25,44.25,38.45,201.68,198.98,164.52,198.98,127.3014286
Pennsylvania,42,Carbon,25,42025,,,,,,989.12,989.12,1017.22,1102.69,1087.72,1081.72,1118.92,1055.215714
Pennsylvania,42,Centre,27,42027,,,,,,14114.18,14059.6535,10313.46,8427.86,7673.21,6975.82,6749.172,9759.050786
Pennsylvania,42,Chester,29,42029,,,,,,11994.84,12064.69,12472.44,12301.69,11731.91,11129.94,10256.34,11707.40714
Pennsylvania,42,Clarion,31,42031,,,,,,8485.32,8180.42,8056.51,7693.9,7901.48,7691.5,7604.1,7944.747143
Pennsylvania,42,Clearfield,33,42033,,,,,,4294.46,4467.27,4434.37,2074.14,1375.03,1026.17,1114.803,2683.749
Pennsylvania,42,Clinton,35,42035,,,,,,4462.49,4266.164,2570.15,1947.98,1847.99,1693.87,1613.57,2628.887714
Pennsylvania,42,Columbia,37,42037,,,,,,3862.24,3838.8232,2690.02,2161.6262,2482.066,2578.28,2059.87,2810.417914
Pennsylvania,42,Crawford,39,42039,,,,,,16432.92,14759.43,9791.06,8526.21,5929.46,4107.92,5550.96,9299.708571
Pennsylvania,42,Cumberland,41,42041,,,,,,12458.27,12316.38,10863.68,10584.8191,9855.63069,8949.95694,8916.17703,10563.55911
Pennsylvania,42,Dauphin,43,42043,,,,,,6647,6832.07,5902.68,5269.167522,4495.717522,4441.217402,4472.104252,5437.136671
Pennsylvania,42,Delaware,45,42045,,,,,,0,0,0,0,0,0,0,0
Pennsylvania,42,Elk,47,42047,,,,,,572.38,599.48,599.48,283.85,204.79,163.5,160.7,369.1685714
Pennsylvania,42,Erie,49,42049,,,,,,19755.29,20197.65642,16626.31,16219.21249,14979.48,14067.4,13294.98648,16448.61934
Pennsylvania,42,Fayette,51,42051,,,,,,7746.06,7789.37,8860.95,106.59,0,2273.66,110.58,3841.03
Pennsylvania,42,Forest,53,42053,,,,,,396.05,395.25,404.35,411.15,411.15,411.15,411.15,405.75
Pennsylvania,42,Franklin,55,42055,,,,,,5376.46,6288.72,9697.38,11259.52,9769.806015,9350.88,9173.208822,8702.28212
Pennsylvania,42,Fulton,57,42057,,,,,,1722.13,1967.95,2357.31,2359.25,2263.93088,2218.76,2271.3,2165.804411
Pennsylvania,42,Greene,59,42059,,,,,,847.6,1001.3,966.9,952.3,961.6,949.3,967.11,949.4442857
Pennsylvania,42,Huntingdon,61,42061,,,,,,7979.85,8657.43,5787.4,5162.622,4736.63,4409.9963,4144.9516,5839.839986
Pennsylvania,42,Indiana,63,42063,,,,,,6591.76,6638.96,15665.1,14866.46,15042.93,14834.75,12592.02,12318.85429
Pennsylvania,42,Jefferson,65,42065,,,,,,5939.5,5767.69,5504.75,3379.99,2402.67,2300.5,2289.89,3940.712857
Pennsylvania,42,Juniata,67,42067,,,,,,7558.43,8252.589,9392.59,8619.5186,6851.85,6071.87,7015.886,7680.390514
Pennsylvania,42,Lackawanna,69,42069,,,,,,216.03,203.59,66,66,69.6,69.74,0,98.70857143
Pennsylvania,42,Lancaster,71,42071,,,,,,6739.41,7986.7,7765.22,8796.5,8931.09,8982.03,8862.52,8294.781429
Pennsylvania,42,Lawrence,73,42073,,,,,,5661.44,6160.82,5551.35,4859.32,4918.2,3828.64,3440.12,4917.127143
Pennsylvania,42,Lebanon,75,42075,,,,,,4440.5,4491.69,5006.43,4051.27,4291.13,4420.07,4341.22,4434.615714
Pennsylvania,42,Lehigh,77,42077,,,,,,10217.91,9638.32,10476.35,7539.55,4807.38,3783.66,3214.18,7096.764286
Pennsylvania,42,Luzerne,79,42079,,,,,,584.33,663.83,674.43,706.73,722.9,798.33,771.36,703.13
Pennsylvania,42,Lycoming,81,42081,,,,,,21406.25,20300.61,19214.21,18467.54,14212.66,14901.95,14524.01,17575.31857
Pennsylvania,42,McKean,83,42083,,,,,,1250.62,1282.82,1029.55,1346.55,1149.87,1196.74,1255.33,1215.925714
Pennsylvania,42,Mercer,85,42085,,,,,,17807.81,17843.53,10954.45,11329.88,9524.21,5983.54,5264.77,11244.02714
Pennsylvania,42,Mifflin,87,42087,,,,,,3325.97,3290.521,3132.5,2980.84,2291.82,2271.98,2091.1506,2769.254514
Pennsylvania,42,Monroe,89,42089,,,,,,0,0,0,104.86,0,0,0,14.98
Pennsylvania,42,Montgomery,91,42091,,,,,,1668.38,1597.2,1750.39,1603.87,1459.83,1601.74,1707.88,1627.041429
Pennsylvania,42,Montour,93,42093,,,,,,545.38,569.6758,412.23,284.19,358.615,1065.66,885.45,588.7429714
Pennsylvania,42,Northampton,95,42095,,,,,,9474.32,9683.42,9268.22,8406.98,6692.61,6702.39,6258.03,8069.424286
Pennsylvania,42,Northumberland,97,42097,,,,,,12167.22,12610.95568,12006.43424,12435.52645,12219.53683,9161.834819,9476.64,11439.73543
Pennsylvania,42,Perry,99,42099,,,,,,8627.5,8543.56,7929.79,7183.98904,6615.055072,5642.515222,5448.849472,7141.608401
Pennsylvania,42,Philadelphia,101,42101,,,,,,0,0,0,0,0,0,0,0
Pennsylvania,42,Pike,103,42103,,,,,,0,0,0,0,0,0,0,0
Pennsylvania,42,Potter,105,42105,,,,,,5580.47,5290.57,3442.56,3762.02,3210.95,2967.92,3034.7,3898.455714
Pennsylvania,42,Schuylkill,107,42107,,,,,,9356.4053,9783.05,8983.67,9092.71,8978.89,9289,9516.75,9285.782186
Pennsylvania,42,Snyder,109,42109,,,,,,9014.14,8857.52,6155.52,2952.48816,2904.1,1550.64,1133.48,4652.555451
Pennsylvania,42,Somerset,111,42111,,,,,,19528.61,19251.92,19170.06,19512.75,14479.42,13146.17,11294.75,16626.24
Pennsylvania,42,Sullivan,113,42113,,,,,,1037.36,1079.76,0,0,0,0,0,302.4457143
Pennsylvania,42,Susquehanna,115,42115,,,,,,465.1,560.9,449.7,664,495.62,639.36,649.68,560.6228571
Pennsylvania,42,Tioga,117,42117,,,,,,2581.5,2773.27,979.51,729.75,362.85,902.11,694.09,1289.011429
Pennsylvania,42,Union,119,42119,,,,,,3841.52,3824.82,2635.94,2042.14,2436.17,2073.18,1901.89,2679.38
Pennsylvania,42,Venango,121,42121,,,,,,2980.74,2920.39,2758.68,2869.54,2665.64,2515.94,1994.13,2672.151429
Pennsylvania,42,Warren,123,42123,,,,,,2560.39,2401.63,2426.25,2385.09,2350.5,2240.63,2227.32,2370.258571
Pennsylvania,42,Washington,125,42125,,,,,,3855.29,4170.6,4169.25,3672.64,4025.62,3757.56,3574.23,3889.312857
Pennsylvania,42,Wayne,127,42127,,,,,,0,0,0,0,0,36.49,0,5.212857143
Pennsylvania,42,Westmoreland,129,42129,,,,,,13244.95,12796.62,13184.13,13466.72,0,567.14,0,7608.508571
Pennsylvania,42,Wyoming,131,42131,,,,,,2259.7,1898.1,1458.67,2102.9,1783.67,2013.34,1456.7,1853.297143
Pennsylvania,42,York,133,42133,,,,,,39391.154,39365.42,31251.52,30873.14,23673.71,12599.69,9315.48,26638.58771
Rhode Island,44,Bristol,1,44001,,,,,,0,0,0,0,0,0,0,0
Rhode Island,44,Kent,3,44003,,,,,,0,0,0,0,0,0,0,0
Rhode Island,44,Newport,5,44005,,,,,,221.26,221.26,229.86,229.86,175.05,175.05,118.05,195.77
Rhode Island,44,Providence,7,44007,,,,,,0,0,0,0,0,0,0,0
Rhode Island,44,Washington,9,44009,,,,,,255.5,255.5,255.5,255.5,194.1,194.1,183.36,227.6514286
South Carolina,45,Abbeville,1,45001,,,,,,833.28,937.5,1119.99,849.47,1048.39,953.45,963.53,957.9442857
South Carolina,45,Aiken,3,45003,,,,,,7933.27704,7871.82,7987.96,4588.74,5273.85,4606.53,6746.75,6429.84672
South Carolina,45,Allendale,5,45005,,,,,,12704.44,12751.42,12379.77,11875.4,11807.59,8411.23,9513.01,11348.98
South Carolina,45,Anderson,7,45007,,,,,,4261.76,4076.69,3441.53,2512.93,3073.42,3787.53,3447.22,3514.44
South Carolina,45,Bamberg,9,45009,,,,,,14340.03,14460.16,14168.83,11412.77,11620.51569,13715.38862,9221.90862,12705.65756
South Carolina,45,Barnwell,11,45011,,,,,,16610.69,16425.47,16374.43,15595.34,15613.85,15349.89,15301.27,15895.84857
South Carolina,45,Beaufort,13,45013,,,,,,0,0,0,0,0,0,0,0
South Carolina,45,Berkeley,15,45015,,,,,,2236.74,2036.83,2036.83,2013.22,1437.48,1026.24,1444.57,1747.415714
South Carolina,45,Calhoun,17,45017,,,,,,45462.58057,45567.8,42291.18,25576.18,28627.755,27663.24,37823.18,36144.55937
South Carolina,45,Charleston,19,45019,,,,,,0,0,0,0,0,0,0,0
South Carolina,45,Cherokee,21,45021,,,,,,392.55,394.75,561.91,435.95,536.46,497.21,432.52,464.4785714
South Carolina,45,Chester,23,45023,,,,,,4661.88,3919.03,2896.89,2307.44,2334.92,2347.64,2350.08,2973.982857
South Carolina,45,Chesterfield,25,45025,,,,,,8349.77,8226.022,6183.34,7407,4042.07,3585.16,4083.19,5982.364571
South Carolina,45,Clarendon,27,45027,,,,,,33829.484,31853.79,30513.93,33153.94,27572.56,17307.16,17045.8,27325.23771
South Carolina,45,Colleton,29,45029,,,,,,6156.522,6226.33,5356.37,5534.42,5417.78,5685.36,5075.68,5636.066
South Carolina,45,Darlington,31,45031,,,,,,38055.16,37336.57,37127.61,22887.42,34976.56,22997.03,33289.45,32381.4
South Carolina,45,Dillon,33,45033,,,,,,36325.01,35188.73,28257.67,19139.36,25698.8,17997.85,23440.7,26578.30286
South Carolina,45,Dorchester,35,45035,,,,,,9060.11,9150.55,8866.1,6676.47,5457.6,6123.76,8487.69,7688.897143
South Carolina,45,Edgefield,37,45037,,,,,,1268.6,1345.25,1289.32,959.04,1001.51,821.66,1720.23,1200.801429
South Carolina,45,Fairfield,39,45039,,,,,,200.25,226.35,177.75,177.75,177.75,217.64,209.27,198.1085714
South Carolina,45,Florence,41,45041,,,,,,29964.73,30341.91,20944.38,16338.33,16719,17213.46,17206.77,21246.94
South Carolina,45,Georgetown,43,45043,,,,,,1597.85,1611.57,1484.41,1496.19,1559.61,1592.78,1597.83,1562.891429
South Carolina,45,Greenville,45,45045,,,,,,786.03,789.83,681.4,498.66,475.96,508.9,499.6,605.7685714
South Carolina,45,Greenwood,47,45047,,,,,,514.56,514.56,514.56,511.13,506.53,531.83,369.97,494.7342857
South Carolina,45,Hampton,49,45049,,,,,,29753.925,29344.005,28615.77,13208.61,13059.56,11514.54,19860.68,20765.29857
South Carolina,45,Horry,51,45051,,,,,,13947.72,13941,14475.34,12654.6,11925.684,9080.89,7744.92,11967.16486
South Carolina,45,Jasper,53,45053,,,,,,782.96,817.87,825.32,678.85,739.67,415.17,433.42,670.4657143
South Carolina,45,Kershaw,55,45055,,,,,,2397.12,2374.72,2927.52,2344.01,2225.18,2086.26,1722.46,2296.752857
South Carolina,45,Lancaster,57,45057,,,,,,330.09,442.42,753.97,954.48,1127.65,949.67,912.58,781.5514286
South Carolina,45,Laurens,59,45059,,,,,,3154.25,3236.7,3202.06,2563.8,2706.24,2251.87,2512.69,2803.944286
South Carolina,45,Lee,61,45061,,,,,,43706.03,37498.86,52553.4,23459.81,32265.58,19925.42,34685.64,34870.67714
South Carolina,45,Lexington,63,45063,,,,,,5926,6048.67,5345.83,5378.71928,5108.773,4912.61,4814.4,5362.143183
South Carolina,45,McCormick,65,45065,,,,,,199.4,199.4,0,16.5,0,0,0,59.32857143
South Carolina,45,Marion,67,45067,,,,,,15145.17,14128.87,13857.98,12666.26,12490.06,11194.19,11464.94,12992.49571
South Carolina,45,Marlboro,69,45069,,,,,,40607.82,39558.45,36086.69,15411.16,30060.35,23298.1,29521.396,30649.138
South Carolina,45,Newberry,71,45071,,,,,,5234.36,5113.52,3566.17,3569.95,4558.25,4565.39,2247.42,4122.151429
South Carolina,45,Oconee,73,45073,,,,,,703.53,700.03,981.13,836.03,830.49,828.06,953.71,833.2828571
South Carolina,45,Orangeburg,75,45075,,,,,,63013.04,63344.4,57499.63,37832.41,40715.1124,37979.44,39121.97,48500.85749
South Carolina,45,Pickens,77,45077,,,,,,206.55,206.55,206.55,0,0,23.75,23.75,95.30714286
South Carolina,45,Richland,79,45079,,,,,,10660.9,10868.43,11762.4,10607.72,7385.65,6697.64,4236.01,8888.392857
South Carolina,45,Saluda,81,45081,,,,,,5007.5,5070.58,4819.07,3453.47,3393.86,3271.34,4061.13,4153.85
South Carolina,45,Spartanburg,83,45083,,,,,,1338,1471.86,1439.25,1442.87,1273.9,1514.65,1377.1,1408.232857
South Carolina,45,Sumter,85,45085,,,,,,27900.58,27086.5,36711.96,19107.28,20024.00975,17791.08,16841.87,23637.61139
South Carolina,45,Union,87,45087,,,,,,170.71,199.91,181.41,181.41,196.01,196.01,196.01,188.7814286
South Carolina,45,Williamsburg,89,45089,,,,,,36829.84,34003.63,32615.39,28754.3758,31663.45,29354.17,26094.49,31330.76369
South Carolina,45,York,91,45091,,,,,,4501.58,2931.32,2583.6,2432.34,2436.87,2299.73,2024.31,2744.25
South Dakota,46,Aurora,3,46003,,,,,,75915.41,64634.91,40666.28,23471.058,35727.978,20925.56,20089.84,40204.43371
South Dakota,46,Beadle,5,46005,,,,,,36426.62,35750.26,36055.28,20631.93,19324.05,16379.02,32301.73,28124.12714
South Dakota,46,Bennett,7,46007,,,,,,125367.32,125461.37,120652.25,87698.28,91019.66,111634.62,90853.3,107526.6857
South Dakota,46,Bon Homme,9,46009,,,,,,41645.86,41462.43,13367.87,37899.19,26813.374,11089.66,25111.69,28198.582
South Dakota,46,Brookings,11,46011,,,,,,29669.29,28891.5,17425.56,13954,11747.97,8603.51,11213.03,17357.83714
South Dakota,46,Brown,13,46013,,,,,,406942.07,405799.77,141023.82,40992.66,39033.49,20410.96,17629.38,153118.8786
South Dakota,46,Brule,15,46015,,,,,,107834.05,107963.97,49915.27,7958.12,2063.15,4639.2,3661.55,40576.47286
South Dakota,46,Buffalo,17,46017,,,,,,35278.77,35278.77,19964.53,4896.32,3176.65,3247.06,492.64,14619.24857
South Dakota,46,Butte,19,46019,,,,,,33763.89,33858.33,27719.74,12991.83,12553.6,13716.78,16549.72,21593.41286
South Dakota,46,Campbell,21,46021,,,,,,134631.47,133906.79,70713.42,47065.73,54300.18,40927.25,21009.58,71793.48857
South Dakota,46,Charles Mix,23,46023,,,,,,118701.95,118533.56,46402.27,48701.23,44560.74,29451.75,49839.15,65170.09286
South Dakota,46,Clark,25,46025,,,,,,117060.29,116935.61,63328.92,40347.02,33588.59,28666.84,18973.05,59842.90286
South Dakota,46,Clay,27,46027,,,,,,53472.59,53651.52,13367.3,27185.77,27637.76,6178.79,25985.7,29639.91857
South Dakota,46,Codington,29,46029,,,,,,118177.37,117261.24,51074.14,17496.7,16706.61,14869.59,6389.87,48853.64571
South Dakota,46,Corson,31,46031,,,,,,155413.83,156066.01,111073.91,88353.1,86263.03,87713.6,58656.41,106219.9843
South Dakota,46,Custer,33,46033,,,,,,9089.25,9039.68,7867.48,5809.47,5727.97,5718.47,5992.53,7034.978571
South Dakota,46,Davison,35,46035,,,,,,33769.66,33598.57,21131.95,17247.21,15303.53,17177.92,22660.12,22984.13714
South Dakota,46,Day,37,46037,,,,,,153640.04,153484.37,73523.52,44070.81,32216.45,33227.09,10319.04,71497.33143
South Dakota,46,Deuel,39,46039,,,,,,70484.31,70363.19,26234.23,17126.84063,18079.83063,11135.07063,13549.95,32424.77456
South Dakota,46,Dewey,41,46041,,,,,,102728.09,101359.74,83643.47,53905.48,53168.76,46962.37,34549.11,68045.28857
South Dakota,46,Douglas,43,46043,,,,,,15947.81,15727.41,11247.09,20975.71,9169.57,4186.23,12900.87,12879.24143
South Dakota,46,Edmunds,45,46045,,,,,,220048.04,229856.65,104565.41,73913.02,47094.29,10942.6,5040.83,98780.12
South Dakota,46,Fall River,47,46047,,,,,,26851.79,26828.80981,24011,16427.83,15743.99,16066.87,19605.23,20790.78854
South Dakota,46,Faulk,49,46049,,,,,,132843.55,124589.22,62953.84,44845.6,33000.5,24357.23,11331.31,61988.75
South Dakota,46,Grant,51,46051,,,,,,95089.18,89677.33,68875.01,45857.06,45504.21,41090.19,30390.63,59497.65857
South Dakota,46,Gregory,53,46053,,,,,,66327.16,66786.4,48815.12,23540.43,19381.5,17599.25,13590.66,36577.21714
South Dakota,46,Haakon,55,46055,,,,,,218205.34,216685.81,204414.49,187467.97,130187.99,142134.61,135171.54,176323.9643
South Dakota,46,Hamlin,57,46057,,,,,,41482.39,42160.53,28889.75,25080.01,22895.77,19821.4,6778.72,26729.79571
South Dakota,46,Hand,59,46059,,,,,,234027.57,231920.88,105668.01,44965.58,35156.04,40362.49,18320.23,101488.6857
South Dakota,46,Hanson,61,46061,,,,,,21152.63,21070.51,9617.72,10463.48,11419.63,17681.5,38158.1,18509.08143
South Dakota,46,Harding,63,46063,,,,,,33335.95,33708.55,29783.03,6609.86,5770.66,6730.71,5952.96,17413.10286
South Dakota,46,Hughes,65,46065,,,,,,151627.42,151049.9,120513.2,35736.48,26164.94,20420.08,19656.61,75024.09
South Dakota,46,Hutchinson,67,46067,,,,,,37781.61,37987.62791,19564.63,52150.26,28555.44,11335.78,30471.34,31120.95542
South Dakota,46,Hyde,69,46069,,,,,,110425.12,107763.07,77372.57,37923.73,32752.64,23043.03,17964.85,58177.85857
South Dakota,46,Jackson,71,46071,,,,,,79036.06,77907.02,78139.2,73000.36,61946.64,59381.15,46841.59,68036.00286
South Dakota,46,Jerauld,73,46073,,,,,,47649.05,47596.76,20008.78,11147.1,1021.55,1214.04,1528.34,18595.08857
South Dakota,46,Jones,75,46075,,,,,,135995.97,133498.67,93315.92,55240.41,49992.44,42920.97,32197.38,77594.53714
South Dakota,46,Kingsbury,77,46077,,,,,,11575.95,11913.97,14645.06,13742.61,12609.96,9994.03,7476.21,11708.25571
South Dakota,46,Lake,79,46079,,,,,,4565.77,4568.49,24921.28,17668.27,16540.92,8275.09,6851.2,11913.00286
South Dakota,46,Lawrence,81,46081,,,,,,1612.57,1704.02,1632.02,1228.26,1110.42,1072.96,828.5,1312.678571
South Dakota,46,Lincoln,83,46083,,,,,,69682.58,69265.5,57171.64,44506.81,36660.04,29999.41,22040.59,47046.65286
South Dakota,46,Lyman,85,46085,,,,,,248355.39,248336.76,162013.23,91616.72,105441.97,69480.40654,73897.58,142734.5795
South Dakota,46,McCook,87,46087,,,,,,4555.23,4580.84,73026.86,75932.25,75985.06,77269.2,76709.41,55436.97857
South Dakota,46,McPherson,89,46089,,,,,,128803.67,125186.21,72003.04,44650.52,42674.74,36094.74,23437.76,67550.09714
South Dakota,46,Marshall,91,46091,,,,,,104047.11,103448.78,53637.28,24997.26,30982.67,19958.21,15136.29,50315.37143
South Dakota,46,Meade,93,46093,,,,,,141889.98,141586.8239,136855.86,104718.19,107698.58,105281.05,130745.65,124110.8763
South Dakota,46,Mellette,95,46095,,,,,,49349.28,48365.21,33960.43,27245.81,24447.82,25311.82,19447.2,32589.65286
South Dakota,46,Miner,97,46097,,,,,,4275.33,4376.11,11320.49,18296.2,22983.24,24594.21,26567.64,16059.03143
South Dakota,46,Minnehaha,99,46099,,,,,,42143.02,42011.45,73210.07,57391.85,28923.85,15590.36,9960.65,38461.60714
South Dakota,46,Moody,101,46101,,,,,,12370.83,12454.13,14205.51,15039.97,14619.66,8267.81,5363.52,11760.20429
South Dakota,46,Pennington,103,46103,,,,,,124081.58,121300.74,122164.78,124593.46,100524.1,117997.73,90684.46,114478.1214
South Dakota,46,Perkins,105,46105,,,,,,227810.98,224365.23,218176.58,153123.38,95151.65,133138.13,93746.54,163644.6414
South Dakota,46,Potter,107,46107,,,,,,176425.37,179692.95,59119.32,21078.43,23289.12,41786.15,15845.19,73890.93286
South Dakota,46,Roberts,109,46109,,,,,,158069.09,159161.1,100176.43,39819.37,33700.34,29280.97,17665.54,76838.97714
South Dakota,46,Sanborn,111,46111,,,,,,23498.04,22850.75,14785.2,10604.54,4347.23,3798.79,7119.37,12429.13143
South Dakota,46,Shannon,113,46113,,,,,,42850.95,41258.03,35826.06,32670.78,35281.23,40998.97,35323.98,37744.28571
South Dakota,46,Spink,115,46115,,,,,,232563.56,224654.229,119687.91,75791.29,62940.37,42762.03,24371.83,111824.4599
South Dakota,46,Stanley,117,46117,,,,,,120849.35,124183.58,99930.89,33643.78,36063.3,37627.9,36034.3,69761.87143
South Dakota,46,Sully,119,46119,,,,,,365625.34,363313.97,240652.14,89024.51,71959.53,110900.97,66580.37,186865.2614
South Dakota,46,Todd,121,46121,,,,,,19605.24,19275.48,15895.2,11322.96,10215.92,8112.72,6189.2,12945.24571
South Dakota,46,Tripp,123,46123,,,,,,195190.01,195626.44,113340.17,78706.52,100373.65,97934.1,70036.7,121601.0843
South Dakota,46,Turner,125,46125,,,,,,59599.87,59394.81,33875.98,38360.96,35117.49,22352.84,38465.97,41023.98857
South Dakota,46,Union,127,46127,,,,,,101016.02,100992.59,31905.66,23051.16,8602.55,6599.13,11010.59,40453.95714
South Dakota,46,Walworth,129,46129,,,,,,140732.76,138267.13,53346.19,33007.56,41109.33,30358.62,16154.56,64710.87857
South Dakota,46,Yankton,135,46135,,,,,,61424.45,61101.67,29499.23,46837.52,37711.32,13111.98,36625.01,40901.59714
South Dakota,46,Ziebach,137,46137,,,,,,112444.46,111797.8,84607.33,57938,58596.31,51152.82,40458.48,73856.45714
Tennessee,47,Anderson,1,47001,,,,,,49.8,49.8,49.8,31.5,31.5,31.5,0,34.84285714
Tennessee,47,Bedford,3,47003,,,,,,13804.87,13825.79,7131.54,3501.2,2521.02,2192.54,2459.33,6490.898571
Tennessee,47,Benton,5,47005,,,,,,11181.9,11059.09,9845.14,2384.21,2883.75,2807.64,774.36,5848.012857
Tennessee,47,Bledsoe,7,47007,,,,,,2309.45,2708.54,2696.06,2588.48,2586.43,2479.26,2540.06,2558.325714
Tennessee,47,Blount,9,47009,,,,,,2862.74,2870.19,1933.78,0,0,0,0,1095.244286
Tennessee,47,Bradley,11,47011,,,,,,3082.75,3121.35,0,0,0,0,80.8,897.8428571
Tennessee,47,Campbell,13,47013,,,,,,46.38,46.38,46.38,41.6,41.6,41.6,40.5,43.49142857
Tennessee,47,Cannon,15,47015,,,,,,5375.54,4818.13,4825.42,2857.35,2264.11,1252.1155,1615.4425,3286.872571
Tennessee,47,Carroll,17,47017,,,,,,52353.63,52290.8,40515.15,31746.58,28906.36,30721.31,25548.56,37440.34143
Tennessee,47,Carter,19,47019,,,,,,0,0,0,0,0,0,0,0
Tennessee,47,Cheatham,21,47021,,,,,,1139.02,1127.02,165.35,47.39,0,0,47.39,360.8814286
Tennessee,47,Chester,23,47023,,,,,,7169.38,7213.09,6695.06,2660.54,2263.02,2419.65,2262.31,4383.292857
Tennessee,47,Claiborne,25,47025,,,,,,191.84,191.62,191.62,188.21,0,0,0,109.0414286
Tennessee,47,Clay,27,47027,,,,,,697.4,685.7,669.8,870.58219,913.19,883.42,636.29,765.1974557
Tennessee,47,Cocke,29,47029,,,,,,0,0,0,0,1075.3,1653.84,1650.84,625.7114286
Tennessee,47,Coffee,31,47031,,,,,,26092.84,26219.7,22084.34,13538.78,12141.98,5148.78,6016.66,15891.86857
Tennessee,47,Crockett,33,47033,,,,,,87705.73,87544.56,77230.09,71163.23,74170.66,76500.32217,73302.73909,78231.04732
Tennessee,47,Cumberland,35,47035,,,,,,321.65,365.36,348.76,351.15,312.95,353.3,508.27,365.92
Tennessee,47,Davidson,37,47037,,,,,,294.17,294.17,0,0,0,0,0,84.04857143
Tennessee,47,Decatur,39,47039,,,,,,5403.64,5306.92,3142.72,821.55,649.87,237.51,50.16,2230.338571
Tennessee,47,DeKalb,41,47041,,,,,,4630.08,4612.88,4014.16,3901.57,3865.2398,3597.82,1963.55,3797.899971
Tennessee,47,Dickson,43,47043,,,,,,1381.31,1426.95,2730.08,2370.01,2325.27,473.09,464.72,1595.918571
Tennessee,47,Dyer,45,47045,,,,,,111479.84,111025.95,73375.08,65916.02,51957.55,50611.43,42138.65,72357.78857
Tennessee,47,Fayette,47,47047,,,,,,75899.61,75887.72,77044.09,66183.37,52413.6,51494.68,49848.51,64110.22571
Tennessee,47,Fentress,49,47049,,,,,,111.11,99.01,97.97,96.57,83.21,54.48,91.39,90.53428571
Tennessee,47,Franklin,51,47051,,,,,,31196.9275,31523.8373,22365.92,21843.51635,22910.50021,8758.8856,4481.3255,20440.13035
Tennessee,47,Gibson,53,47053,,,,,,175565.03,172734.22,109639.03,75283.4,66626.7122,66056.07,54510.1308,102916.3704
Tennessee,47,Giles,55,47055,,,,,,14102.23,13686.57,6924.35,4216.83,6087.3096,5432.45,3352.73,7686.067086
Tennessee,47,Grainger,57,47057,,,,,,1260.93,1132.26,1147.63,1165.12,1060.28,1073.71,940.93,1111.551429
Tennessee,47,Greene,59,47059,,,,,,6660.54,6610.75,6554.54,6234.97,5958.75,5904.61,5273.17,6171.047143
Tennessee,47,Grundy,61,47061,,,,,,3142.97,3131.94,2307.18,651.7,1551.57,15.3,0,1542.951429
Tennessee,47,Hamblen,63,47063,,,,,,2667.72,2696.24,2429.91,1515.08,1045.52,1630.82,1591.15,1939.491429
Tennessee,47,Hamilton,65,47065,,,,,,1257.32,928.43,286.21,61.81,0,0,12.78,363.7928571
Tennessee,47,Hancock,67,47067,,,,,,0,0,0,0,31.6,0,0,4.514285714
Tennessee,47,Hardeman,69,47069,,,,,,36928.92,36667.11,34636.83,25749.49,21765.53,22115.59,21520.52,28483.42714
Tennessee,47,Hardin,71,47071,,,,,,18534.92,18594.92,11971.49,6605.99,6228.28,7618.17,4934.39,10641.16571
Tennessee,47,Hawkins,73,47073,,,,,,650.27,610.39,688.69,605.79,599.23,578.39,631.26,623.4314286
Tennessee,47,Haywood,75,47075,,,,,,123592.5354,123246.68,119423.93,100845.0788,106590.9831,102066.9267,98309.46669,110582.2287
Tennessee,47,Henderson,77,47077,,,,,,22481.44,21895.96,15690.56,5384.31,4541.35,3178.9,2693.83,10838.05
Tennessee,47,Henry,79,47079,,,,,,60305.47,59315.1,45263.2,32230.61,21169.2,22022.97,11290.53,35942.44
Tennessee,47,Hickman,81,47081,,,,,,6157.05,5880.29,3441.91,1723.32,1538.42,1419.63,1890.05,3150.095714
Tennessee,47,Houston,83,47083,,,,,,412.36,367.16,355.96,368.46,306.06,306.06,306.06,346.0171429
Tennessee,47,Humphreys,85,47085,,,,,,4731.8,5113.43,4188.28,3317.61,3329.22,2882.23,2293.08,3693.664286
Tennessee,47,Jackson,87,47087,,,,,,145.2,294.7,459.76,477.66,460.9,384.85,412.65,376.5314286
Tennessee,47,Jefferson,89,47089,,,,,,0,67.23,45.9,55.47,120.02,192.18,193.68,96.35428571
Tennessee,47,Johnson,91,47091,,,,,,0,78.2,78.2,78.6,81.2,108.01,128,78.88714286
Tennessee,47,Knox,93,47093,,,,,,939.5,939.5,804.1,696.2,696.2,696.2,576.4,764.0142857
Tennessee,47,Lake,95,47095,,,,,,43749.27,27387.02,23663.42,17735.9,15268.39216,15978.68,12494.53,22325.31602
Tennessee,47,Lauderdale,97,47097,,,,,,85791.35,85079.02,56568.2525,50094.3991,48794.27502,50454.04874,52973.8172,61393.59465
Tennessee,47,Lawrence,99,47099,,,,,,24428.7,24413.06,20729.61,13045.9748,12237.5284,10093.5981,7525.89,16067.7659
Tennessee,47,Lewis,101,47101,,,,,,528.4,605.4,505.7,505.7,266.3,76,85.9,367.6285714
Tennessee,47,Lincoln,103,47103,,,,,,33607.01,33163.77,30356.06,16220.1725,8491.73,6040.88,3661.37,18791.57036
Tennessee,47,Loudon,105,47105,,,,,,2571,2639.86,996.51,854.71,803.96,759.61,643.57,1324.174286
Tennessee,47,McMinn,107,47107,,,,,,8953.18,8732.7,8627.57,8356.85,0,0,0,4952.9
Tennessee,47,McNairy,109,47109,,,,,,16591.12,16539.05,20033.68,10637.02,9622.83,6106.185,4904.46,12062.04929
Tennessee,47,Macon,111,47111,,,,,,2877.55,2906.85,3280.92,3298.22,3338.16,1583.89,1776.02,2723.087143
Tennessee,47,Madison,113,47113,,,,,,61167.26,59637.66,60219.97,43984.8485,44765.64368,45381.99473,44366.261,51360.5197
Tennessee,47,Marion,115,47115,,,,,,3370.04,3283.54,2211.38,0,0,0,0,1266.422857
Tennessee,47,Marshall,117,47117,,,,,,6992.56,7251.42,3970.31,1563.42,1265.05,936.78,1293.44,3324.711429
Tennessee,47,Maury,119,47119,,,,,,10484.49,10487.13,3240.44,1929.38,872.4,781.7917,745.69,4077.331671
Tennessee,47,Meigs,121,47121,,,,,,2745.79,2680,2608.53,2425.94,0,0,0,1494.322857
Tennessee,47,Monroe,123,47123,,,,,,6940.95,6840.05,2610.45,387.91,0,0,0,2397.051429
Tennessee,47,Montgomery,125,47125,,,,,,26009.52,25581.72,14223.9,102.1,994.16,2094.91,278,9897.758571
Tennessee,47,Moore,127,47127,,,,,,0,0,0,0,0,0,0,0
Tennessee,47,Morgan,129,47129,,,,,,24.4,24.4,22.1,22.1,22.1,22.1,18.5,22.24285714
Tennessee,47,Obion,131,47131,,,,,,129400.16,129093.2,92626.09,90577.0414,80661.41,72721.66044,10698.97,86539.79026
Tennessee,47,Overton,133,47133,,,,,,279.51,285.25,231.54,241.24,450.23,504.84,465.73,351.1914286
Tennessee,47,Perry,135,47135,,,,,,3044.84,3051.17,2552.95,1323.87,885.77,563.61,747.11,1738.474286
Tennessee,47,Pickett,137,47137,,,,,,152.63,120.23,110.64,78.54,219.57,210.9,210.4,157.5585714
Tennessee,47,Polk,139,47139,,,,,,6360.99,5784.49,0,0,0,0,114.5,1751.425714
Tennessee,47,Putnam,141,47141,,,,,,933.56,876.26,866.61,859.02,974.65,742.16,563.51,830.8242857
Tennessee,47,Rhea,143,47143,,,,,,3636.3,3198.38,833.91,0,0,0,131.64,1114.318571
Tennessee,47,Roane,145,47145,,,,,,196.1,206.8,105.7,105.7,105.7,105.7,0,117.9571429
Tennessee,47,Robertson,147,47147,,,,,,42376.03,42660.18,17513.82,7885.28,12745.94,11405.92,1311.59,19414.10857
Tennessee,47,Rutherford,149,47149,,,,,,15494.12,15219.76,11047.14,10432.08,5540.21,4494.45,2484.5,9244.608571
Tennessee,47,Scott,151,47151,,,,,,0,0,0,0,0,0,0,0
Tennessee,47,Sequatchie,153,47153,,,,,,683.68,708.75,989.89,188.3,0,0,0,367.2314286
Tennessee,47,Sevier,155,47155,,,,,,0,0,0,0,0,0,0,0
Tennessee,47,Shelby,157,47157,,,,,,36992.36,36755.92411,32625.3,27875.21766,22665.07544,20258.71332,10059.02,26747.37293
Tennessee,47,Smith,159,47159,,,,,,2482.47,2457.57,1634.71,1139.79766,0,20.6,0,1105.021094
Tennessee,47,Stewart,161,47161,,,,,,3357.01,3356.72,2411.04,2534.74,2105.49,2195.39,1651.35,2515.962857
Tennessee,47,Sullivan,163,47163,,,,,,0,119,0,89.9,89.93,89.93,89.93,68.38428571
Tennessee,47,Sumner,165,47165,,,,,,9463.91,9242.42,6426.75,4705.39,3355.015,132.615,136.88,4780.425714
Tennessee,47,Tipton,167,47167,,,,,,81193.78,81931.97748,73921.51,73850.86782,54174.32142,56564.05265,70679.89329,70330.91467
Tennessee,47,Trousdale,169,47169,,,,,,303.14,306.34,336.84,334.94,851.51,401.99,718.35,464.73
Tennessee,47,Unicoi,171,47171,,,,,,0,0,0,0,0,0,0,0
Tennessee,47,Union,173,47173,,,,,,0,0,0,0,0,0,0,0
Tennessee,47,Van Buren,175,47175,,,,,,610.27,613.97,630.76,640.26,640.26,635.96,343.77,587.8928571
Tennessee,47,Warren,177,47177,,,,,,10524.81,9987.01,9738.17,8885.21,8145.530444,7102.36,7355.01,8819.728635
Tennessee,47,Washington,179,47179,,,,,,1858.68,1962.44,2800.76,2599.05,2461.88,2257.4,2432.2,2338.915714
Tennessee,47,Wayne,181,47181,,,,,,2260.25,2227.88,1423.81,1152.6,961.248,877.3652,940.4072,1406.222914
Tennessee,47,Weakley,183,47183,,,,,,111753.86,111709.73,20633.69,25142.84,22720.54,16377.4275,2865.7075,44457.685
Tennessee,47,White,185,47185,,,,,,4032.6,3961.85,3894.29,3977.52,4035.56,3054.91,2575.44,3647.452857
Tennessee,47,Williamson,187,47187,,,,,,2718.9,2610.07,2114.04,933.34,1251.46,597.07,616.64,1548.788571
Tennessee,47,Wilson,189,47189,,,,,,1449.26,1236.02,983.64,508.22,0,0,0,596.7342857
Texas,48,Anderson,1,48001,,,,,,0,0,0,0,0,0,0,0
Texas,48,Andrews,3,48003,,,,,,21431.58,21474.02,18879.24,13028.19,11350.3,4109.6,17546.46,15402.77
Texas,48,Angelina,5,48005,,,,,,0,0,0,0,0,0,0,0
Texas,48,Aransas,7,48007,,,,,,1023.4,1023.4,0,0,0,0,0,292.4
Texas,48,Archer,9,48009,,,,,,73999.43,75360.07,75305.04,30694.77,4628.4,53328.08,1845.83,45023.08857
Texas,48,Armstrong,11,48011,,,,,,102464.79,100099.93,99121.05,63475.76,38671.41,57769.82228,56868.14,74067.27175
Texas,48,Atascosa,13,48013,,,,,,25626.29,27609.39,27565.56,27739.12,26148.88,14481.84,18481.46,23950.36286
Texas,48,Austin,15,48015,,,,,,23804.34,23061.5,21873.33,17573.61,16738.46,15162.15,16523.8,19248.17
Texas,48,Bailey,17,48017,,,,,,153145.13,147505.67,103971.92,49273.76,64919.97,51674.9,136813.42,101043.5386
Texas,48,Bandera,19,48019,,,,,,530.65,611.94,729.16,644.33,675.43,663.73,0,550.7485714
Texas,48,Bastrop,21,48021,,,,,,10629.23,10540.61,9692.33,7991.8,8374.12,7473.66,7407.26,8872.715714
Texas,48,Baylor,23,48023,,,,,,149668.81,150711.3,154749.98,41623.48,44913.89,130289.81,81881.16,107691.2043
Texas,48,Bee,25,48025,,,,,,45516.24,46090.81,20503.58,12785.98,10700.08,17310.87,19190.72,24585.46857
Texas,48,Bell,27,48027,,,,,,105271.83,104066.04,78860.39,47926.19,34541.72,49148.26,25307.12,63588.79286
Texas,48,Bexar,29,48029,,,,,,28397.66,28495.72,28909.5,27839.14,26514.33,26816.06,20228.39,26742.97143
Texas,48,Blanco,31,48031,,,,,,64.51,64.51,74.52,74.52,258.74,0,0,76.68571429
Texas,48,Borden,33,48033,,,,,,33727.12,33914.62,20429.08,2456.86,19981.39,4977.67,32224.94,21101.66857
Texas,48,Bosque,35,48035,,,,,,17097.78,17500.04,16865.78,16345.05,14489.85,15869.58,15016.92,16169.28571
Texas,48,Bowie,37,48037,,,,,,33326.75,33823.01,26751.96,26698.97,18338.18,20703.82,18161.12,25400.54429
Texas,48,Brazoria,39,48039,,,,,,77309.75,74264.605,74334.62,64423.38,53605.09088,52280.55,54815.64,64433.37655
Texas,48,Brazos,41,48041,,,,,,21023.64,20843.08,20770.06,6109.55,8425.62,8044.68,14737.81,14279.20571
Texas,48,Brewster,43,48043,,,,,,0,0,0,0,0,0,0,0
Texas,48,Briscoe,45,48045,,,,,,89690.43,89605.7,79098.13,1233.53,2598.02,16036.27,90562.28,52689.19429
Texas,48,Brooks,47,48047,,,,,,2418.46,2776.3,2416.51,3755.82,1208.5,3585.42,2119.27,2611.468571
Texas,48,Brown,49,48049,,,,,,31285.5,31989.86,30868.13,27404.02,25970.95,2834.7,4439.28,22113.20571
Texas,48,Burleson,51,48051,,,,,,27704.27,28688.63,23411.8,12038.75,14502.71,11887.104,14862.11,19013.62486
Texas,48,Burnet,53,48053,,,,,,1996.1,2057.5,2160.52,1768.51,1847.37,1681.64,1935.86,1921.071429
Texas,48,Caldwell,55,48055,,,,,,18723.84,19525.19,17357.74,13647.59,13784.35,11868.94,10296.88,15029.21857
Texas,48,Calhoun,57,48057,,,,,,59345.86,58778.46,52453.38,54279.22,54165.42,55158.19,49847.61,54861.16286
Texas,48,Callahan,59,48059,,,,,,39038.87,38886.24,38894.44,7302.16,8645.06,12260.56,11823.05,22407.19714
Texas,48,Cameron,61,48061,,,,,,126966.28,130452.05,75775.72,33629.72,29757.01,33566.73,75741.09,72269.8
Texas,48,Camp,63,48063,,,,,,0,0,0,0,0,0,0,0
Texas,48,Carson,65,48065,,,,,,209655.05,211680.36,172582.8,125920.24,82398.37,119130.48,99025.67,145770.4243
Texas,48,Cass,67,48067,,,,,,0,0,0,0,0,0,0,0
Texas,48,Castro,69,48069,,,,,,303644.04,297347.18,231070.24,155634.96,85081.99,57572.17,160858.77,184458.4786
Texas,48,Chambers,71,48071,,,,,,45976.15,46215.28,43199.83,45621.36,43552.89,44133.47,43973.75,44667.53286
Texas,48,Cherokee,73,48073,,,,,,0,0,0,0,0,0,0,0
Texas,48,Childress,75,48075,,,,,,99327.28,97380.01,91450.28,39192.91,48894.1,55065.44,80731.69,73148.81571
Texas,48,Clay,77,48077,,,,,,67939.78531,69825.42,50663.14,28977.33,2519.803839,4237.7,8634.18,33256.76559
Texas,48,Cochran,79,48079,,,,,,186118.38,187684.51,171593.87,64712.96,66451.18,34853.24,151851.65,123323.6843
Texas,48,Coke,81,48081,,,,,,12481.28,13214.91,12648.09,6579.75,6074.12,6393.17,4729.7,8874.431429
Texas,48,Coleman,83,48083,,,,,,102672.61,102643.82,96584.55,63299.58,59191.54,69760.06,56241.15,78627.61571
Texas,48,Collin,85,48085,,,,,,67446.07,63548.38,61154.24,52053.53,49978.13,49092.55,40626.3,54842.74286
Texas,48,Collingsworth,87,48087,,,,,,148910.28,148846.595,122502.5,103065.1555,92777.69,94823.68,130510.18,120205.1544
Texas,48,Colorado,89,48089,,,,,,67693.41,68094.89,66312.42,65681.64,59640.02,59913.47,59856.48,63884.61857
Texas,48,Comal,91,48091,,,,,,0,0,0,56.16,256.99,75.36,169.4,79.70142857
Texas,48,Comanche,93,48093,,,,,,32406.34,32827.66,30638.26,31102.42,30559.29,29418.35,28080.86,30719.02571
Texas,48,Concho,95,48095,,,,,,96015.04,95342.79,75009.46,3224.58,5049.73,40364.41,41945.59,50993.08571
Texas,48,Cooke,97,48097,,,,,,54751.86,53539.85,51788.32,53726.72,48775.78,52462.67,50192.7,52176.84286
Texas,48,Coryell,99,48099,,,,,,43580.41,43541.80181,41306.53,34345.09,31241.98,27999.74,19273.25,34469.82883
Texas,48,Cottle,101,48101,,,,,,65074.29,64079.43,65867.28,38965.45,51945.15,14152.99,25333.33,46488.27429
Texas,48,Crane,103,48103,,,,,,0,0,0,0,0,0,0,0
Texas,48,Crockett,105,48105,,,,,,0,0,0,0,0,0,0,0
Texas,48,Crosby,107,48107,,,,,,245119.04,237312.5,180053.665,76312.94,51298.17,46732.13,212393.24,149888.8121
Texas,48,Culberson,109,48109,,,,,,6523.54,6513.4,6827.24,1910.66,1820.14,5729.2,7616.54,5277.245714
Texas,48,Dallam,111,48111,,,,,,245013.5,233320.82,212449.5,128494.79,116126.5,141549.53,147611.02,174937.9514
Texas,48,Dallas,113,48113,,,,,,10364.69,10285.77,1845.64,972.19,616,869.88,1100.05,3722.031429
Texas,48,Dawson,115,48115,,,,,,360961.02,353205.04,158568.34,79066.34,88113.71,48071.86,332443.95,202918.6086
Texas,48,Deaf Smith,117,48117,,,,,,393061.73,394008.45,379057.05,97382.3,71215.68,112184.25,153030.45,228562.8443
Texas,48,Delta,119,48119,,,,,,10795.09,11410.63,11634.19,11927.64,11032.59,9759.22,11197.39,11108.10714
Texas,48,Denton,121,48121,,,,,,59447.78,58446.43,56263.96,50468.09,37636.8,42916.91,37195.1,48910.72429
Texas,48,DeWitt,123,48123,,,,,,3110.33,3096.86,2937.94,2948.74,2744.46,2846.96,3240.36,2989.378571
Texas,48,Dickens,125,48125,,,,,,51266.6,52673.63368,42172.03,9197.48,5740.75,4001.97,27169.53,27460.28481
Texas,48,Dimmit,127,48127,,,,,,2919,2919,2502,2905.5,2905.5,2905.5,2905.5,2851.714286
Texas,48,Donley,129,48129,,,,,,45004.84,42434.7,44046.74,38701.4,34982.2,38215.52,34906.3,39755.95714
Texas,48,Duval,131,48131,,,,,,19113.36,20327.14,18192.4,14599.01,13848.44,10064.72,10812.87,15279.70571
Texas,48,Eastland,133,48133,,,,,,29117.71,27645.17,26656.07,24432.84,25069.89,18328,17746.33,24142.28714
Texas,48,Ector,135,48135,,,,,,0,0,0,0,0,0,0,0
Texas,48,Edwards,137,48137,,,,,,0,0,0,0,0,0,0,0
Texas,48,Ellis,139,48139,,,,,,111960.71,111096.6,49786.01,15872.2,14980.23,20976.46,16500.37653,48738.94093
Texas,48,El Paso,141,48141,,,,,,9564.2,8971.55,7847.61,9162.1,8079.4,8666.29,8408.42,8671.367143
Texas,48,Erath,143,48143,,,,,,9855.1,10306.17,10713.48,10463.59,10367.69,9183.34,7461.75,9764.445714
Texas,48,Falls,145,48145,,,,,,122517.13,121265.8,103125.56,81297.82,65044.4,73525.61,62236.27,89858.94143
Texas,48,Fannin,147,48147,,,,,,100369.57,99306.78,82575.49,60606.5,45359.33,40461.44,41680.71,67194.26
Texas,48,Fayette,149,48149,,,,,,15404.63,15654.79,15691.28,12902.89,11072.74,10262.53,4852.46,12263.04571
Texas,48,Fisher,151,48151,,,,,,143094.58,140911.24,54450.5,8242.87,9713.4,17445.16,96551.87,67201.37429
Texas,48,Floyd,153,48153,,,,,,320665.77,322721.59,208504.67,37213.35,21345.71,20579.48,276295.67,172475.1771
Texas,48,Foard,155,48155,,,,,,104034.32,103695.47,105286.74,32480.62,9298.45,53290.87,15426.08,60501.79286
Texas,48,Fort Bend,157,48157,,,,,,89450.57,88576.61,82170.42,50014.33,44096.1,46748.08,52725.11,64825.88857
Texas,48,Franklin,159,48159,,,,,,2211.07,1961.68,2054.35,2085.98,2054.35,2057.58,2057.58,2068.941429
Texas,48,Freestone,161,48161,,,,,,0,0,0,0,0,0,0,0
Texas,48,Frio,163,48163,,,,,,43786.99,38594.85,42704.74,45425.52,44448.73,35197,40419.41,41511.03429
Texas,48,Gaines,165,48165,,,,,,418036.6,417253.41,328454.68,212664.81,138373.29,97882.75,358872.09,281648.2329
Texas,48,Galveston,167,48167,,,,,,10726.22,9067.15,10770.86,9339.99,6513.98,5916.19,8098.18,8633.224286
Texas,48,Garza,169,48169,,,,,,47241.73,47433.35,48328.17,23785.73,23664.24,16366.2,45215.44,36004.98
Texas,48,Gillespie,171,48171,,,,,,14980.04,14524.19,14380.05,13662.37,13507.47,1768.99,1343.04,10595.16429
Texas,48,Glasscock,173,48173,,,,,,109040.869,107461.02,87106.57,2776.91,897.38,8993.77,81401.69,56811.17272
Texas,48,Goliad,175,48175,,,,,,8610.09194,8341.84,4341.4,3160.1,2839.04,2317.05,2925.45,4647.853134
Texas,48,Gonzales,177,48177,,,,,,7104.65,7546.12,7054.56,6665.28,3526.49,2487.19,4254.88,5519.881429
Texas,48,Gray,179,48179,,,,,,111800.78,102468.66,107148.7,89858.08,20086.55,66037.97,62820.29,80031.57571
Texas,48,Grayson,181,48181,,,,,,88917.89416,86833.8,80590.68,75884.42,82967.55,81716.33,74132.94,81577.65917
Texas,48,Gregg,183,48183,,,,,,0,0,0,0,0,0,0,0
Texas,48,Grimes,185,48185,,,,,,0,0,0,0,0,0,0,0
Texas,48,Guadalupe,187,48187,,,,,,40128.23,36651.3,38791.12,22578.26,15514.45,19266.93,15524.87,26922.16571
Texas,48,Hale,189,48189,,,,,,396914.43,397501.95,377178.49,238676.37,198972.61,151569.41,330562.97,298768.0329
Texas,48,Hall,191,48191,,,,,,124410.29,119614.95,107066.45,39307.32,41178.31,57996.39,99320.38,84127.72714
Texas,48,Hamilton,193,48193,,,,,,28263.54,27759.6,26686.27,24364.8,25996.16,26360.75,24577.42,26286.93429
Texas,48,Hansford,195,48195,,,,,,329368.7807,328782.4207,320484.13,212529.96,115194.59,182425.86,206260.15,242149.4131
Texas,48,Hardeman,197,48197,,,,,,153056.75,151705.97,137911.36,99429.05,97060.11,133600.39,127215.46,128568.4414
Texas,48,Hardin,199,48199,,,,,,0,0,0,0,0,0,0,0
Texas,48,Harris,201,48201,,,,,,14237.3,15644.65,12128.5,11294.77,8235.06,5595.34,4627.52,10251.87714
Texas,48,Harrison,203,48203,,,,,,0,0,0,0,0,0,0,0
Texas,48,Hartley,205,48205,,,,,,192028.59,184283.06,171923.31,169156.57,121477.46,117299.45,105217.73,151626.5957
Texas,48,Haskell,207,48207,,,,,,265166.58,265008.11,227149.61,72748.22,81776.01,115231.03,201763.8,175549.0514
Texas,48,Hays,209,48209,,,,,,8077.15,8041.56,4701.79,3745.98,2828.27,1725.54,898.71,4288.428571
Texas,48,Hemphill,211,48211,,,,,,20129.09,23019.91,24616.97,22575.39,24364.06,24288.68,22512.47,23072.36714
Texas,48,Henderson,213,48213,,,,,,0,0,0,0,0,0,0,0
Texas,48,Hidalgo,215,48215,,,,,,145421.05,118057.03,98057.16,78850.4179,96765.6,90640.15,108022.65,105116.294
Texas,48,Hill,217,48217,,,,,,144544.71,148799.18,63734.73,21634.47,23179.83,98151.1,79899.15,82849.02429
Texas,48,Hockley,219,48219,,,,,,301752.9081,299997.54,228197.72,128065.363,114737.59,40492.41,253693.865,195276.7709
Texas,48,Hood,221,48221,,,,,,880.71,674.01,272.61,294.2,299,0,31.87,350.3428571
Texas,48,Hopkins,223,48223,,,,,,12901.61,12915.21,12203.78,8515.77,7905.81,8716.91,7668.95,10118.29143
Texas,48,Houston,225,48225,,,,,,9240.8,9217.5,8974.8,8040.29,5341.09,4778.69,4244.13,7119.614286
Texas,48,Howard,227,48227,,,,,,129683.61,129834.66,106639.37,12811.99,12408.03,8116.38,36061.94,62222.28286
Texas,48,Hudspeth,229,48229,,,,,,14437.6,14050.18,14080.41,10718.08,8462.88,7069.41,7695.23,10930.54143
Texas,48,Hunt,231,48231,,,,,,47969.95,47495.05,46568.76,40327.51,37702.23,38033.61,42698.10793,42970.74542
Texas,48,Hutchinson,233,48233,,,,,,21911.88,23759.35,20451.8,14614.42,11291.21,23249.34,28126.16,20486.30857
Texas,48,Irion,235,48235,,,,,,742.07,742.07,654.09,610.49,675.69,0,0,489.2014286
Texas,48,Jack,237,48237,,,,,,4535.15,4490.11,4213.11,3995.86,0,0,598.11,2547.477143
Texas,48,Jackson,239,48239,,,,,,166941.32,166630.59,162589.32,153726.05,118201.01,103685.09,98991.78,138680.7371
Texas,48,Jasper,241,48241,,,,,,0,0,0,0,0,0,0,0
Texas,48,Jeff Davis,243,48243,,,,,,0,0,0,0,0,0,0,0
Texas,48,Jefferson,245,48245,,,,,,52628.86,48769.89,46819.01,48697.09,47158.06,48468.49,46541.16,48440.36571
Texas,48,Jim Hogg,247,48247,,,,,,873.9,803.7,891.1,873.9,803.7,841.6,841.6,847.0714286
Texas,48,Jim Wells,249,48249,,,,,,79228.72,74825.06,32563.6,16011.94,13025.7,12832.06,33370.47,37408.22143
Texas,48,Johnson,251,48251,,,,,,31688.85,33503.35,27746.69,13604.53,16348.54,17762.84,14356.42,22144.46
Texas,48,Jones,253,48253,,,,,,211472.76,213763.65,185867.34,14315.37,18693.36,95304.78,133283.93,124671.5986
Texas,48,Karnes,255,48255,,,,,,17763.43,19484.64,16266.5,10872.55,12693.68,12652.44,23172.92,16129.45143
Texas,48,Kaufman,257,48257,,,,,,21867.53,21709.97,3157.51,2507.51,2312.68,7162.28,11959.16,10096.66286
Texas,48,Kendall,259,48259,,,,,,1259.6,1316.3,1347.23,1246.23,1356.22,0,0,932.2257143
Texas,48,Kenedy,261,48261,,,,,,0,0,0,0,0,0,0,0
Texas,48,Kent,263,48263,,,,,,21013.64,21664.79,10528.62,4026.24,4961.6,2342.64,12183.02,10960.07857
Texas,48,Kerr,265,48265,,,,,,705.25,714.15,910.15,648.05,678.05,527.59,0,597.6057143
Texas,48,Kimble,267,48267,,,,,,184.25,90.83,138.47,0,223.67,191.57,0,118.3985714
Texas,48,King,269,48269,,,,,,17317.92,17155.17,17044.82,12882.12,15765.01,1235.18,4320.99,12245.88714
Texas,48,Kinney,271,48271,,,,,,2651.82,1209.72,0,0,0,0,0,551.6485714
Texas,48,Kleberg,273,48273,,,,,,52503.11,47274.88,10086.01,3720.03,5132.71,5561.84,14236.79,19787.91
Texas,48,Knox,275,48275,,,,,,168934.52,168110.65,164685.71,37615.98,35159.4,80787.17,65652.18,102992.23
Texas,48,Lamar,277,48277,,,,,,97018.41,96014.63,96037.85,88875.41,87444.45,73719.57,58437.31,85363.94714
Texas,48,Lamb,279,48279,,,,,,330599.5074,331903.84,300354.22,152062.94,128513.91,105003.305,263521.475,230279.8853
Texas,48,Lampasas,281,48281,,,,,,7370.89,7227.82,6992.84,6688.04,7229.62,7073.7,7708.16,7184.438571
Texas,48,La Salle,283,48283,,,,,,4361.9,3838.8,6501.44,5343.38,9392.49,3695.76,3755.96,5269.961429
Texas,48,Lavaca,285,48285,,,,,,14021.68784,14471.41,14533.96,14583.71,14351.51,14681.63,13598.65,14320.36541
Texas,48,Lee,287,48287,,,,,,6630.36,6637.73,6496.19,6026.18,5409.74,4993.78,2461.42,5522.2
Texas,48,Leon,289,48289,,,,,,0,0,0,0,0,0,0,0
Texas,48,Liberty,291,48291,,,,,,50681.12,50699.08,43611.34,49750.8,47852.42,44179.55,47116.59,47698.7
Texas,48,Limestone,293,48293,,,,,,21705.14,20423.39,17313.35,3368.84,4425.47,7111.99,9678.69,12003.83857
Texas,48,Lipscomb,295,48295,,,,,,68507.35,66120.68,72819.97,71078.74,65202.7,48858.3,61350.17,64848.27286
Texas,48,Live Oak,297,48297,,,,,,20465.63548,20308.3,14565.44,9329.36,8119.56,7392.44,8616.47,12685.31507
Texas,48,Llano,299,48299,,,,,,533.1,375.1,524.79,524.79,534.39,0,121.6,373.3957143
Texas,48,Loving,301,48301,,,,,,0,0,0,0,0,0,0,0
Texas,48,Lubbock,303,48303,,,,,,330586.99,329633.96,281459.53,141364.73,103886.7,65813.71,274110.978,218122.3711
Texas,48,Lynn,305,48305,,,,,,334969.62,331831.05,247610.26,93242.71231,101525.955,88953.4,272350.49,210069.0696
Texas,48,McCulloch,307,48307,,,,,,65451.38,65632.57,64946.93,21995.27,15486.12,33496.3,27533.2,42077.39571
Texas,48,McLennan,309,48309,,,,,,99564.81,99248.27,65782.94,36006.55,12578.22,37708.31,25607.34,53785.20571
Texas,48,McMullen,311,48311,,,,,,0,0,0,0,0,0,0,0
Texas,48,Madison,313,48313,,,,,,0,0,0,0,0,0,0,0
Texas,48,Marion,315,48315,,,,,,0,0,0,0,0,0,0,0
Texas,48,Martin,317,48317,,,,,,178501.2237,176687.5,139429.08,34842.51,43166.79994,22549.61,86753.28,97418.57194
Texas,48,Mason,319,48319,,,,,,6628.52,6747.03,7178.13,7145.89,7522.49,2896.78,3290.75,5915.655714
Texas,48,Matagorda,321,48321,,,,,,137113.81,135668.2,132504.67,102890.99,75128.75,86495.68,101146.95,110135.5786
Texas,48,Maverick,323,48323,,,,,,0,0,0,0,0,0,0,0
Texas,48,Medina,325,48325,,,,,,68026.17,67273.03,59611.44,57637.67,56709.9,57222.27,50176.98,59522.49429
Texas,48,Menard,327,48327,,,,,,1582.96,1660.01,1750.81,0,0,407.07,380.77,825.9457143
Texas,48,Midland,329,48329,,,,,,2954.17,2954.17,1127.25,0,0,0,1409.67,1206.465714
Texas,48,Milam,331,48331,,,,,,90112.54,88089.21,76209.18,31650.93,27364.56,34510.16,25153.05007,53298.51858
Texas,48,Mills,333,48333,,,,,,3581.22,3750.12,3769.53,4089.8,4944.38,4600.61,4505.03,4177.241429
Texas,48,Mitchell,335,48335,,,,,,72803.31,73514.49,20125.07,5751.32,5775.38,9123.13,62145.8,35605.5
Texas,48,Montague,337,48337,,,,,,23498.82,23374.07,22877.38,22536.91,23132.73,23575.27,10662.35,21379.64714
Texas,48,Montgomery,339,48339,,,,,,0,0,0,0,0,0,0,0
Texas,48,Moore,341,48341,,,,,,226530.2,221183.94,255399.51,201786.4,180223.87,182709.61,192688.82,208646.05
Texas,48,Morris,343,48343,,,,,,24.7,24.7,24.7,24.7,24.7,24.7,24.7,24.7
Texas,48,Motley,345,48345,,,,,,50919.4,27123.23,33032.7,18507.12,21067.8,12034.24,41660.39,29192.12571
Texas,48,Nacogdoches,347,48347,,,,,,0,0,0,0,0,0,0,0
Texas,48,Navarro,349,48349,,,,,,63579.00832,64421.11276,30144.82,8416.65,11556.35,22273.29803,23333.58,31960.68844
Texas,48,Newton,351,48351,,,,,,0,0,0,0,0,0,0,0
Texas,48,Nolan,353,48353,,,,,,85296.47,85464.82,34977.34,8537.71,9200.76,18959.93,62265.72,43528.96429
Texas,48,Nueces,355,48355,,,,,,280629.03,261317.81,140192.73,39133.94,43536.76,6907.63,70118.88,120262.3971
Texas,48,Ochiltree,357,48357,,,,,,273178.0462,255302.9101,213827.46,146935.8109,51719.86,194696.14,248979.05,197805.611
Texas,48,Oldham,359,48359,,,,,,70269.55869,70300.99131,71212.41,28872.09,17615.84,27860.26,33433.75,45652.12857
Texas,48,Orange,361,48361,,,,,,0,0,0,0,0,0,0,0
Texas,48,Palo Pinto,363,48363,,,,,,2175.8,2186.1,2592,1238.45,704.5,0,0,1270.978571
Texas,48,Panola,365,48365,,,,,,0,0,0,0,0,0,0,0
Texas,48,Parker,367,48367,,,,,,880.4,1395.3,0,0,196.89,0,15.04,355.3757143
Texas,48,Parmer,369,48369,,,,,,252009.93,248487.77,225323.65,48547.18,49636.67,56629.19,178660.94,151327.9043
Texas,48,Pecos,371,48371,,,,,,11683.71,11668.22,12098.14,12354.57,8832.44,6865.04,5869.28,9910.2
Texas,48,Polk,373,48373,,,,,,0,0,0,0,0,0,0,0
Texas,48,Potter,375,48375,,,,,,24167.29,23765.5,21782.14,15534.8,8505.37,10921.77,13939.87,16945.24857
Texas,48,Presidio,377,48377,,,,,,0,0,0,0,0,0,0,0
Texas,48,Rains,379,48379,,,,,,1098.07,920.65,1013.52,612.48,899.17,963.12,1144.21,950.1742857
Texas,48,Randall,381,48381,,,,,,145173.87,144804.73,157302.49,110716.11,9478.72,46218.52,73297.66,98141.72857
Texas,48,Reagan,383,48383,,,,,,43494.5,43087.91,24974.99,4647.91,3252.71,4361.66,27145.45,21566.44714
Texas,48,Real,385,48385,,,,,,0,0,0,0,0,0,0,0
Texas,48,Red River,387,48387,,,,,,50237.13,48876.77,45623.18,45652.17,27187.52,26471.57,29340.81,39055.59286
Texas,48,Reeves,389,48389,,,,,,6216.08,5563.5,4961.46,5061.95,3589.32,4607.89,4295.62,4899.402857
Texas,48,Refugio,391,48391,,,,,,79843.27629,78921.21,47870.6,21954.44,23450.86,18530.55,44775.30538,45049.4631
Texas,48,Roberts,393,48393,,,,,,18681.09,17976.69,18933.79,15439.38,3774.2,12542.53,13657.06,14429.24857
Texas,48,Robertson,395,48395,,,,,,27385.15,27515.99,26820.86,3980.85,18414.18,20113.39,23623.67,21122.01286
Texas,48,Rockwall,397,48397,,,,,,3243.11,3067.97,2415.6,1133.54,1250.8,1201.73,0,1758.964286
Texas,48,Runnels,399,48399,,,,,,204564.5,204470.9,163276.67,31567.49,29424.08,144605.45,131958.9,129981.1414
Texas,48,Rusk,401,48401,,,,,,0,0,0,0,0,0,0,0
Texas,48,Sabine,403,48403,,,,,,0,0,0,0,0,0,0,0
Texas,48,San Augustine,405,48405,,,,,,0,0,0,0,0,0,0,0
Texas,48,San Jacinto,407,48407,,,,,,0,0,0,0,0,0,0,0
Texas,48,San Patricio,409,48409,,,,,,219120.58,218150.29,59239.86,7899.84,5771.14,19367.81,65389.45,84991.28143
Texas,48,San Saba,411,48411,,,,,,17545.58,17463.17,17972.74,18430.06,19956.5,18560.49,18567.24,18356.54
Texas,48,Schleicher,413,48413,,,,,,18624.06,19375.14,12528.88,7556.42,6655.02,2296.94,6106.45,10448.98714
Texas,48,Scurry,415,48415,,,,,,80896.66,81275.33,44027.14,6390.94,7927.19,8471.51,70814.36,42829.01857
Texas,48,Shackelford,417,48417,,,,,,27486.72,27221.67,25376.44,9710.11,5508.29,11488.36,11706.07,16928.23714
Texas,48,Shelby,419,48419,,,,,,0,0,0,0,0,0,0,0
Texas,48,Sherman,421,48421,,,,,,265983.85,256474.35,235514.46,123969.43,82883.56,94685.33,117534.72,168149.3857
Texas,48,Smith,423,48423,,,,,,0,0,0,0,0,0,0,0
Texas,48,Somervell,425,48425,,,,,,0,0,0,0,0,0,0,0
Texas,48,Starr,427,48427,,,,,,45337.49,44722.3,28229.75,30978.21,20867.91,20225.95,39389.86,32821.63857
Texas,48,Stephens,429,48429,,,,,,9421.43,9990.4,10001.22,6144.86,2756.64,2124.02,1878.19,6045.251429
Texas,48,Sterling,431,48431,,,,,,3385.8,3339.2,3927,1124.2,1433.6,1284.35,1059.4,2221.935714
Texas,48,Stonewall,433,48433,,,,,,45140.78,45678.73,44148.81,20775.21,17216.56,20055.26,23127.88,30877.60429
Texas,48,Sutton,435,48435,,,,,,1163.9,1122.4,1186.2,1186.2,1096.1,1105.8,1105.8,1138.057143
Texas,48,Swisher,437,48437,,,,,,292128.54,271185.41,214154.94,26042.084,28407.15,62844.9,210864.14,157946.7377
Texas,48,Tarrant,439,48439,,,,,,3476.23,3077.65,2479.67,1613.61,1634.3,1426,1021.22,2104.097143
Texas,48,Taylor,441,48441,,,,,,103917.75,101851.87,86623.87,24963.98,5754.35,56102.29,51125.60792,61477.10256
Texas,48,Terrell,443,48443,,,,,,0,0,0,0,0,0,0,0
Texas,48,Terry,445,48445,,,,,,331024.95,328015.02,182709.43,79550.31,75907.71262,65551.27,310147.64,196129.4761
Texas,48,Throckmorton,447,48447,,,,,,50146.46,50408.12,51518.71,11128.91,13195.6,12911.67,9005.00624,28330.63946
Texas,48,Titus,449,48449,,,,,,0,0,0,0,0,0,0,0
Texas,48,Tom Green,451,48451,,,,,,155476.89,155145.41,106806.21,9069.79,7102.09,39589.97,77909.63,78728.57
Texas,48,Travis,453,48453,,,,,,32836.14,31927,23584.03,14766.49,13870.62,17612.02,16385.6,21568.84286
Texas,48,Trinity,455,48455,,,,,,0,0,0,0,0,0,0,0
Texas,48,Tyler,457,48457,,,,,,0,0,0,0,0,0,0,0
Texas,48,Upshur,459,48459,,,,,,0,0,0,0,0,0,0,0
Texas,48,Upton,461,48461,,,,,,23173.25,20897.23,17699.77,7500.85,10272.59,9103.58,16409.68,15008.13571
Texas,48,Uvalde,463,48463,,,,,,66512.42,61594.09,60780.25,57635.59,57413.73,30879.82,21849.09,50952.14143
Texas,48,Val Verde,465,48465,,,,,,0,0,0,0,0,0,0,0
Texas,48,Van Zandt,467,48467,,,,,,208.92,259.62,235.62,186.22,186.22,235.62,0,187.46
Texas,48,Victoria,469,48469,,,,,,81558.25288,79961.68,64966.04,58255.06,53481.11,47398.8,56825.1,63206.57755
Texas,48,Walker,471,48471,,,,,,0,0,0,0,0,0,0,0
Texas,48,Waller,473,48473,,,,,,12267.59,12560.77,12183.97,11141.32,9979.92,9919.69,8942.82,10999.44
Texas,48,Ward,475,48475,,,,,,262.8,262.8,0,0,0,0,0,75.08571429
Texas,48,Washington,477,48477,,,,,,1203.21,2658.2,790.17,1004.37,1162.63,904.97,269.33,1141.84
Texas,48,Webb,479,48479,,,,,,0,0,0,0,0,0,0,0
Texas,48,Wharton,481,48481,,,,,,287367.77,214967.4,274508.43,202986.18,184987.78,179679.34,192128.14,219517.8629
Texas,48,Wheeler,483,48483,,,,,,80239.13,79449.49,85840.92,68468.28,72797.69,64138.11,77855.32,75541.27714
Texas,48,Wichita,485,48485,,,,,,94584.5676,93190.47499,91338.86,62747.28,60280.22,82325.79,16116.49,71511.95466
Texas,48,Wilbarger,487,48487,,,,,,194550.55,192033.6827,158650.33,91142.9,119039.9063,150453.68,89165.47947,142148.0755
Texas,48,Willacy,489,48489,,,,,,171026.61,170319.87,29456.65,11200.49,1205.17,6289.68,83966.13258,67637.80037
Texas,48,Williamson,491,48491,,,,,,147815.6234,150111.0105,112278.08,66028.07,56473.58,89269.56,67996.06184,98567.42654
Texas,48,Wilson,493,48493,,,,,,32687.52,34406.97,32427.73,29114.79,27126.8,23992.13,31766.11,30217.43571
Texas,48,Winkler,495,48495,,,,,,0,0,0,0,0,0,0,0
Texas,48,Wise,497,48497,,,,,,17412.44,17451.09,18058.78,15552.48,15967.09,16165.38,11430.31,16005.36714
Texas,48,Wood,499,48499,,,,,,323.6,276.7,266.43,273.23,270.33,290.53,262.83,280.5214286
Texas,48,Yoakum,501,48501,,,,,,187945.54,188624.15,122415.87,78247.11,65374.93,63111.48,173117.74,125548.1171
Texas,48,Young,503,48503,,,,,,74806.19,74773.66,74746.48,30411.68,15882.84,14470.9,11003.44,42299.31286
Texas,48,Zapata,505,48505,,,,,,0,0,0,0,0,0,0,0
Texas,48,Zavala,507,48507,,,,,,27437.68,25700.88,26688.56,26876.29,26862.11,24319.46,15242.58,24732.50857
Utah,49,Beaver,1,49001,,,,,,5272.99,5091.66,5523.59,5605.8,5561.92,5569.08,5215.48,5405.788571
Utah,49,Box Elder,3,49003,,,,,,131360.01,130268.5,143565.99,64882.09,12742.63,15026.3,6253.24,72014.10857
Utah,49,Cache,5,49005,,,,,,56522.08,56280.88,55470.09,55646.42,55024.34,53301.25,49600.1102,54549.31003
Utah,49,Carbon,7,49007,,,,,,617.32,585.02,585.02,468.32,468.32,404.72,436.52,509.32
Utah,49,Daggett,9,49009,,,,,,0,0,0,0,0,0,0,0
Utah,49,Davis,11,49011,,,,,,1232.28,1234.22,885.33,1037.29,813.1,773.19,950.62,989.4328571
Utah,49,Duchesne,13,49013,,,,,,5066.02,4933.52,5095.16,4966.78,3693.35,4204.28,4126.55,4583.665714
Utah,49,Emery,15,49015,,,,,,4266.01,3898.51,4150.61,3178.11,3012.12,3586.91,3657.1,3678.481429
Utah,49,Garfield,17,49017,,,,,,90.4,351.1,155.4,149,134.8,125.3,125.3,161.6142857
Utah,49,Grand,19,49019,,,,,,0,0,0,0,0,0,0,0
Utah,49,Iron,21,49021,,,,,,4656.81,4669.61,4669.61,4625.31,4640.6,4640.6,3866.13,4538.381429
Utah,49,Juab,23,49023,,,,,,11807.5,11493.9,11947.68,12562.51,13595.39,12597.61,12412.15,12345.24857
Utah,49,Kane,25,49025,,,,,,49.1,61.7,43.2,37.8,0,0,0,27.4
Utah,49,Millard,27,49027,,,,,,31582.93,30062.68,30635.7,30189.11,32440.68,32253.78,34056.98,31603.12286
Utah,49,Morgan,29,49029,,,,,,1723.01,1443.01,1555.65,1543.11,1090.44,1487.54,1567.99,1487.25
Utah,49,Piute,31,49031,,,,,,680.93,616.86,675.09,675.09,659.43,615.43,577.33,642.88
Utah,49,Rich,33,49033,,,,,,2713.2,2713.2,2528.1,2538.1,2919.7,2919.7,0,2333.142857
Utah,49,Salt Lake,35,49035,,,,,,0,0,0,0,0,0,0,0
Utah,49,San Juan,37,49037,,,,,,48505.62,48695.19,51521.33,49734.13,49489.09,48288.34,41796.51,48290.03
Utah,49,Sanpete,39,49039,,,,,,9281.01,9249.01,8738.61,8004.3,0,4390.07,3770.24,6204.748571
Utah,49,Sevier,41,49041,,,,,,7277.75,7141.75,6991.24,6765.46,6575.38,6473.54,6187.54,6773.237143
Utah,49,Summit,43,49043,,,,,,201.26,172.37,0,0,0,0,0,53.37571429
Utah,49,Tooele,45,49045,,,,,,973.11,175.18,848.09,848.09,561.1,710.86,998.86,730.7557143
Utah,49,Uintah,47,49047,,,,,,4682.29,4725.11,4677.96,4942.64,4175.81,5125.53,5329.93,4808.467143
Utah,49,Utah,49,49049,,,,,,22185.94,20724.36,21221.02,20916.79,18662.27,19215.27,16942.81,19981.20857
Utah,49,Wasatch,51,49051,,,,,,0,0,0,0,0,0,0,0
Utah,49,Washington,53,49053,,,,,,380.07,380.07,380.07,0,0,0,0,162.8871429
Utah,49,Wayne,55,49055,,,,,,3759.97,3775.85,3353.97,3291.95,3585.03,3012.22,2587,3337.998571
Utah,49,Weber,57,49057,,,,,,4254.39,4109.19,3627.86,3754.16,3790.64,3188.35,3655.19,3768.54
Vermont,50,Addison,1,50001,,,,,,25797.44,25529.98,26099.73,26139.62,25272.99,0,0,18405.68
Vermont,50,Bennington,3,50003,,,,,,612.3,602.3,1558.2,1652.26,1943.26,523.4,558.47,1064.312857
Vermont,50,Caledonia,5,50005,,,,,,2960.09,2772.14,2939.8,2979.79,2737.21,0,0,2055.575714
Vermont,50,Chittenden,7,50007,,,,,,4464.98,4254.84,4712.24,3434.45,1408.08,901.6,0,2739.455714
Vermont,50,Essex,9,50009,,,,,,1380.5,1302,1314.1,1319.4,1369.48,684.08,0,1052.794286
Vermont,50,Franklin,11,50011,,,,,,21184.77,20320.26,21034.65,20921.05,0,0,0,11922.96143
Vermont,50,Grand Isle,13,50013,,,,,,2865.23,2686.43,2814.23,2786.63,0,0,0,1593.217143
Vermont,50,Lamoille,15,50015,,,,,,1831.22,1483.02,1726.02,1370.72,764.52,531.1,0,1100.942857
Vermont,50,Orange,17,50017,,,,,,2778.23,2778.23,2163.53,2733.8,1938.29,0,0,1770.297143
Vermont,50,Orleans,19,50019,,,,,,5699.68,5266.88,5327.18,5417.91,4307.23,4811.56,0,4404.348571
Vermont,50,Rutland,21,50021,,,,,,5198.6,5123.04,5768.84,5320.25,5326.99,290.31,188.91,3888.134286
Vermont,50,Washington,23,50023,,,,,,1806.36,1798.56,872.46,770.46,759.96,0,0,858.2571429
Vermont,50,Windham,25,50025,,,,,,2012.74,1942.84,1824.31,1705.31,1494.01,0,0,1282.744286
Vermont,50,Windsor,27,50027,,,,,,1738.6,1706.9,1650.77,1685.67,1397.33,0,0,1168.467143
Virginia,51,Accomack,1,51001,,,,,,22736.1,22820.17,18885.66,18569.36,18372.96,19545.81,21064.39,20284.92143
Virginia,51,Albemarle,3,51003,,,,,,1394.1,1616.3,746,860.3,788.1,402.79,220.66,861.1785714
Virginia,51,Alleghany,5,51005,,,,,,165.9,165.9,83.8,97.7,46.04,141.64,0,100.14
Virginia,51,Amelia,7,51007,,,,,,4995.81,5142.11,5234.04,4819.98,4657.12,4955.31,4981.53,4969.414286
Virginia,51,Amherst,9,51009,,,,,,172.6,65.3,65.3,94.34,79.94,79.94,229.66,112.44
Virginia,51,Appomattox,11,51011,,,,,,759,623.1,683.3,771.4,702,565.3,719.43,689.0757143
Virginia,51,Arlington,13,51013,,,,,,0,0,0,0,0,0,0,0
Virginia,51,Augusta,15,51015,,,,,,10307.27,10472,10249.42,9852.83,9771.13,6576,7090.65,9188.471429
Virginia,51,Bath,17,51017,,,,,,303.2,307.5,293.66,289.1,273.9,223.2,239.5,275.7228571
Virginia,51,Bedford,19,51019,,,,,,1560.35,1766.41,1803.1,1716.53,1620.23,1602.24,1851.84,1702.957143
Virginia,51,Bland,21,51021,,,,,,0,0,0,0,0,0,0,0
Virginia,51,Botetourt,23,51023,,,,,,534.36,518.96,530.76,464.36,1134.13,1114.69,1010.66,758.2742857
Virginia,51,Brunswick,25,51025,,,,,,2919.75,3007.05,3130.35,3082.47,3244.91,3250.81,3077.72,3101.865714
Virginia,51,Buchanan,27,51027,,,,,,35.4,35.4,35.4,0,0,0,0,15.17142857
Virginia,51,Buckingham,29,51029,,,,,,868.54,988.54,990.34,1006.74,881.16,1165.22,851.1,964.52
Virginia,51,Campbell,31,51031,,,,,,1715.55,1661.21,1614.32,1764.41,1707.55,1538.55,1530.28,1647.41
Virginia,51,Caroline,33,51033,,,,,,6694.62,7353.23,6146.21,5881.35,5301.2,4653.93,4493.56,5789.157143
Virginia,51,Carroll,35,51035,,,,,,230.15,231.95,183.15,140.28,201.71,210.51,191.81,198.5085714
Virginia,51,Charles City,36,51036,,,,,,10245.39,10152.43,8976.27,4045.71,1532.85,2347.94,2346.22,5663.83
Virginia,51,Charlotte,37,51037,,,,,,2493.26,2681.11,2678.59,2676.48,2586.57,2830.74,2695.89,2663.234286
Virginia,51,Chesterfield,41,51041,,,,,,863.72,863.72,933.52,914.72,912.62,784.42,851.52,874.8914286
Virginia,51,Clarke,43,51043,,,,,,910.19,1362.9,1247.5,942.09,885.19,0,0,763.9814286
Virginia,51,Craig,45,51045,,,,,,166.87,163.47,149.47,148.57,156.69,143.29,140.09,152.6357143
Virginia,51,Culpeper,47,51047,,,,,,0,18.06,479.53,548.81,522.35,86.37,141.09,256.6014286
Virginia,51,Cumberland,49,51049,,,,,,900.88,924.28,884.31,810.37,805.58,783.95,781.31,841.5257143
Virginia,51,Dickenson,51,51051,,,,,,0,0,0,0,0,0,0,0
Virginia,51,Dinwiddie,53,51053,,,,,,11355.12,11450.02,11069.03,10009.57,10033.37,8331.65,8205.35,10064.87286
Virginia,51,Essex,57,51057,,,,,,10711.05,10727.34,10588.67,9522.17,7308.94,7262.86,5254.06,8767.87
Virginia,51,Fairfax,59,51059,,,,,,0,0,0,0,0,0,0,0
Virginia,51,Fauquier,61,51061,,,,,,4733.89,4909.49,14669.19,14228.64,13645.91,2779.19,1311.05,8039.622857
Virginia,51,Floyd,63,51063,,,,,,0,23.35,58.1,58.21,121.77,111.47,132.86,72.25142857
Virginia,51,Fluvanna,65,51065,,,,,,1044.4,962.5,500.77,536.18,644.28,545.2,727.26,708.6557143
Virginia,51,Franklin,67,51067,,,,,,2492.12,2568.78,2516.03,2273.81,2236.23,2863.52,2240.31,2455.828571
Virginia,51,Frederick,69,51069,,,,,,1220.26,1479.36,1561.96,732.42,634.52,0,0,804.0742857
Virginia,51,Giles,71,51071,,,,,,0,0,0,0,0,0,0,0
Virginia,51,Gloucester,73,51073,,,,,,7034.14,7026.62,5818.01,5663.61,6095.02,4313.53,4428.67,5768.514286
Virginia,51,Goochland,75,51075,,,,,,3243.4,3398.1,3035.94,3071.47,2969.6,2441.1,2559.86,2959.924286
Virginia,51,Grayson,77,51077,,,,,,12.1,305,12.1,198.86,244.67,224.94,215.76,173.3471429
Virginia,51,Greene,79,51079,,,,,,0,4.1,0,102.23,90.93,0,70.28,38.22
Virginia,51,Greensville,81,51081,,,,,,14768.09,14546.95,14571.26,10987.73,11375.73,11209.11,12488.18,12849.57857
Virginia,51,Halifax,83,51083,,,,,,11892,11736.24,12380.16,11825.72,10064.66,8775.66,7696.15,10624.37
Virginia,51,Hanover,85,51085,,,,,,7769.11,7741.6,4584.11,3286.65,3531.24,3468.87,6375.31,5250.984286
Virginia,51,Henrico,87,51087,,,,,,1746.04,3164.31,401.18,342.86,338.46,240.39,31.72,894.9942857
Virginia,51,Henry,89,51089,,,,,,398.73,389.83,475.83,462.03,422.03,440.13,375.1,423.3828571
Virginia,51,Highland,91,51091,,,,,,190.7,190.7,190.7,141.1,190.7,153.3,166.7,174.8428571
Virginia,51,Isle of Wight,93,51093,,,,,,45002.49,44659.32,39970.54,26539.03,29178.4,23621.13,21493.69,32923.51429
Virginia,51,James City,95,51095,,,,,,1391.61,1368.68,378.22,921.02,293.77,899.32,292.13,792.1071429
Virginia,51,King and Queen,97,51097,,,,,,6159.39,6209.32,4565.19,4401.94,4449.87,5433.53,2917.35,4876.655714
Virginia,51,King George,99,51099,,,,,,2819.47,2597.64,2370.53,1722.98,1016.01,1196.82,1188.83,1844.611429
Virginia,51,King William,101,51101,,,,,,8669.06,8992.19,8576.27,7520.83,7754.54,7368.08,7078.73,7994.242857
Virginia,51,Lancaster,103,51103,,,,,,5465.49,5771.56,4119.72,3945.44,4147.37,3465.44,4033.02,4421.148571
Virginia,51,Lee,105,51105,,,,,,832.74,815.78,115.2,114.1,109.8,108,191.62,326.7485714
Virginia,51,Loudoun,107,51107,,,,,,4077.63,3684.04,4676.48,4388.28,3115.53,1682.94,1736.58,3337.354286
Virginia,51,Louisa,109,51109,,,,,,4311,4741.04,4672.23,4295.81,4132.93,2688.38,3184.78,4003.738571
Virginia,51,Lunenburg,111,51111,,,,,,787.5,805.88,648,497.63,612.3,539.2,600.88,641.6271429
Virginia,51,Madison,113,51113,,,,,,0,91.02,148.32,246.31,261.21,0,453.43,171.47
Virginia,51,Mathews,115,51115,,,,,,0,0,186.87,186.87,180.63,212.32,268.85,147.9342857
Virginia,51,Mecklenburg,117,51117,,,,,,10283.49,10536,10594.72,11148.8,10645.69,10666.2,9708.44,10511.90571
Virginia,51,Middlesex,119,51119,,,,,,6902.25,6878.59,5645.72,2575.8,2590.4,1688.36,3845.34,4303.78
Virginia,51,Montgomery,121,51121,,,,,,42.13,42.13,60.23,205.99,221.59,114.99,202.59,127.0928571
Virginia,51,Nelson,125,51125,,,,,,87.47,210.87,177.44,98.46,55.14,27.7,51.76,101.2628571
Virginia,51,New Kent,127,51127,,,,,,1793.17,1793.17,2249.68,2215.99,2193.66,2025.79,2442.59,2102.007143
Virginia,51,Northampton,131,51131,,,,,,13769.39,13957.75,13507.95,13891.18,13819.6,13683.18,14442.84,13867.41286
Virginia,51,Northumberland,133,51133,,,,,,15304.9,15287.69,12324.19,12814.35,13739.73,12288.94,12912.29,13524.58429
Virginia,51,Nottoway,135,51135,,,,,,1508.18,1568.98,1719.23,1742.63,1851.07,1820.85,1955.21,1738.021429
Virginia,51,Orange,137,51137,,,,,,0,0,307.53,476.66,421.03,244.87,135.55,226.52
Virginia,51,Page,139,51139,,,,,,1526.07,1467.53,4869.56,0,0,382.18,360.47,1229.401429
Virginia,51,Patrick,141,51141,,,,,,659.11,699.71,678.36,670.14,656.38,615.08,558.6,648.1971429
Virginia,51,Pittsylvania,143,51143,,,,,,8862.37,8928.99,9072.59,17389.47,15302.89,15459.9,16364.57,13054.39714
Virginia,51,Powhatan,145,51145,,,,,,799.55,786.07,797.8,604.56,696.16,729.77,1212.81,803.8171429
Virginia,51,Prince Edward,147,51147,,,,,,3500.18,3058.06,3489.59,3668.89,4583.72,4518.01,3769,3798.207143
Virginia,51,Prince George,149,51149,,,,,,8127.79,7947.66,5363.36,5076.62,5772.03,5390.33,4957.73,6090.788571
Virginia,51,Prince William,153,51153,,,,,,714.38,731.93,2402.63,1287.08,1847.34,100.51,0,1011.981429
Virginia,51,Pulaski,155,51155,,,,,,0,687.07,644.03,656.63,657.23,565.77,613.91,546.3771429
Virginia,51,Rappahannock,157,51157,,,,,,0,0,0,0,0,0,0,0
Virginia,51,Richmond,159,51159,,,,,,9116.09,9054.46,7612.31,8440.77,8465.81,8176.48,9069.23,8562.164286
Virginia,51,Roanoke,161,51161,,,,,,52.1,48.5,52.1,52.1,63,50.6,47,52.2
Virginia,51,Rockbridge,163,51163,,,,,,1002.89,1036.49,1070.92,1049.29,1096.45,1062.18,1011.58,1047.114286
Virginia,51,Rockingham,165,51165,,,,,,13106.08,12969.94,21195.42,444.15,0,1131.82,1919.74,7252.45
Virginia,51,Russell,167,51167,,,,,,508.04,496.64,536.9,453.97,431.43,548.44,556.38,504.5428571
Virginia,51,Scott,169,51169,,,,,,742.28,811.4,751.23,715.61,458.49,92.02,191.85,537.5542857
Virginia,51,Shenandoah,171,51171,,,,,,7572.5,7471.29,6650.88,6237.92,6358.18,0,223.41,4930.597143
Virginia,51,Smyth,173,51173,,,,,,109.05,228.28,211.15,212.95,229.36,178.39,156.41,189.37
Virginia,51,Southampton,175,51175,,,,,,70542.87,70669.76,67704.74,48618.07,49956.39,44873.31,43478.15,56549.04143
Virginia,51,Spotsylvania,177,51177,,,,,,1802.08,1990.41,791.38,789.41,1032.19,1239.03,1005.48,1235.711429
Virginia,51,Stafford,179,51179,,,,,,34.44,187.5,194.3,41.44,37.04,37.04,325.36,122.4457143
Virginia,51,Surry,181,51181,,,,,,25161.99,25236.98,22764.6,15021.53,14537.23,13890.32,11213.79,18260.92
Virginia,51,Sussex,183,51183,,,,,,26087.7,26067.36,21982.13,17322.92,16927.3,17420.93,18126.88,20562.17429
Virginia,51,Tazewell,185,51185,,,,,,911.94,950.67,847.68,676.64,623.81,894.37,950.17,836.4685714
Virginia,51,Warren,187,51187,,,,,,124.88,110.38,106.28,215,92.8,0,0,92.76285714
Virginia,51,Washington,191,51191,,,,,,1034.23,1250.89,1107.25,1336.75,1357.88,1305.85,1231.66,1232.072857
Virginia,51,Westmoreland,193,51193,,,,,,10183.58,10260.64,8841.92,9748.79,9067.79,7796.83,7997.24,9128.112857
Virginia,51,Wise,195,51195,,,,,,0,0,0,0,0,0,0,0
Virginia,51,Wythe,197,51197,,,,,,320.86,713.96,257.41,0,0,0,0,184.6042857
Virginia,51,York,199,51199,,,,,,0,0,0,0,0,0,0,0
Virginia,51,Alexandria,510,51510,,,,,,0,0,0,0,0,0,0,0
Virginia,51,Bedford,515,51515,,,,,,0,0,0,0,0,0,0,0
Virginia,51,Bristol,520,51520,,,,,,0,0,0,0,0,0,0,0
Virginia,51,Buena Vista,530,51530,,,,,,0,0,0,0,0,0,0,0
Virginia,51,Charlottesville,540,51540,,,,,,0,0,0,0,0,0,0,0
Virginia,51,Chesapeake,550,51550,,,,,,19655.56,16101.77,6270.73,1021.58,2737.13,3642.36,0,7061.304286
Virginia,51,Colonial Heights,570,51570,,,,,,0,0,0,0,0,0,0,0
Virginia,51,Covington,580,51580,,,,,,0,0,0,0,0,0,0,0
Virginia,51,Danville,590,51590,,,,,,0,0,0,0,0,0,0,0
Virginia,51,Emporia,595,51595,,,,,,0,0,0,0,0,0,0,0
Virginia,51,Fairfax,600,51600,,,,,,0,0,0,0,0,0,0,0
Virginia,51,Falls Church,610,51610,,,,,,0,0,0,0,0,0,0,0
Virginia,51,Franklin,620,51620,,,,,,0,0,0,0,0,0,0,0
Virginia,51,Fredericksburg,630,51630,,,,,,0,0,0,0,0,0,0,0
Virginia,51,Galax,640,51640,,,,,,0,0,0,0,0,0,0,0
Virginia,51,Hampton,650,51650,,,,,,0,0,0,0,0,0,0,0
Virginia,51,Harrisonburg,660,51660,,,,,,0,0,0,0,0,0,0,0
Virginia,51,Hopewell,670,51670,,,,,,0,0,0,0,0,0,0,0
Virginia,51,Lexington,678,51678,,,,,,0,0,0,0,0,0,0,0
Virginia,51,Lynchburg,680,51680,,,,,,0,0,0,0,0,0,0,0
Virginia,51,Manassas,683,51683,,,,,,0,0,0,0,0,0,0,0
Virginia,51,Manassas Park,685,51685,,,,,,0,0,0,0,0,0,0,0
Virginia,51,Martinsville,690,51690,,,,,,0,0,0,0,0,0,0,0
Virginia,51,Newport News,700,51700,,,,,,0,0,0,0,0,0,0,0
Virginia,51,Norfolk,710,51710,,,,,,0,0,0,0,0,0,0,0
Virginia,51,Norton,720,51720,,,,,,0,0,0,0,0,0,0,0
Virginia,51,Petersburg,730,51730,,,,,,0,0,0,0,0,0,0,0
Virginia,51,Poquoson,735,51735,,,,,,0,0,0,0,0,0,0,0
Virginia,51,Portsmouth,740,51740,,,,,,0,0,0,0,0,0,0,0
Virginia,51,Radford,750,51750,,,,,,0,0,0,0,0,0,0,0
Virginia,51,Richmond,760,51760,,,,,,0,0,0,0,0,0,0,0
Virginia,51,Roanoke,770,51770,,,,,,0,0,0,0,0,0,0,0
Virginia,51,Salem,775,51775,,,,,,0,0,0,0,0,0,0,0
Virginia,51,Staunton,790,51790,,,,,,0,0,0,0,0,0,0,0
Virginia,51,Suffolk,800,51800,,,,,,36425.38,35838.22,33495.14,25003.98,24540.92,18944.73,20043.63,27756
Virginia,51,Virginia Beach,810,51810,,,,,,11856,9375.52,8170.34,0,47.04,2204.32,0,4521.888571
Virginia,51,Waynesboro,820,51820,,,,,,0,0,0,0,0,0,0,0
Virginia,51,Williamsburg,830,51830,,,,,,0,0,0,0,0,0,0,0
Virginia,51,Winchester,840,51840,,,,,,0,0,0,0,0,0,0,0
Washington,53,Adams,1,53001,,,,,,440007.7484,441608.3883,398371.8325,26551.93,21905.67,46936.72,52230.09,203944.6256
Washington,53,Asotin,3,53003,,,,,,46039.91,45717.79,42726.07,232.6,0,8212.67,10045.36,21853.48571
Washington,53,Benton,5,53005,,,,,,115029.85,115425.81,92671.9717,0,0,23173.94,38248.49,54935.7231
Washington,53,Chelan,7,53007,,,,,,0,0,0,0,0,0,0,0
Washington,53,Clallam,9,53009,,,,,,0,0,0,0,0,0,0,0
Washington,53,Clark,11,53011,,,,,,292.2,1034.31,993.11,0,0,0,0,331.3742857
Washington,53,Columbia,13,53013,,,,,,131780.5,131685.21,129400.12,2202.56584,0,9821.11,20846.12,60819.37512
Washington,53,Cowlitz,15,53015,,,,,,0,0,0,0,0,0,0,0
Washington,53,Douglas,17,53017,,,,,,230964.92,229370.86,93159.49,7026.51,9914.84,33285.18,22334.77,89436.65286
Washington,53,Ferry,19,53019,,,,,,324.5,417.7,0,0,0,0,0,106.0285714
Washington,53,Franklin,21,53021,,,,,,130282.1877,121443.57,119343.94,34032.618,28027.908,26933.178,9955.958,67145.62282
Washington,53,Garfield,23,53023,,,,,,134880.25,133638.6,114696.62,1136.08,1247.45,9871.03,9580.97,57864.42857
Washington,53,Grant,25,53025,,,,,,220088.49,202011.6,209713.94,74319.85,75577.89,120934,144187.78,149547.65
Washington,53,Grays Harbor,27,53027,,,,,,0,0,0,0,0,0,0,0
Washington,53,Island,29,53029,,,,,,1346.7,1378.6,1503.18,1499.71,1520.69,1150.41,1342.5,1391.684286
Washington,53,Jefferson,31,53031,,,,,,0,0,0,0,0,0,0,0
Washington,53,King,33,53033,,,,,,0,0,0,0,0,0,0,0
Washington,53,Kitsap,35,53035,,,,,,0,0,0,0,0,0,0,0
Washington,53,Kittitas,37,53037,,,,,,5436.1,5004.85,3661.35,4013.58,2733.73,2308.2,819.65,3425.351429
Washington,53,Klickitat,39,53039,,,,,,83481.28,81781.94,85393.23,118.23,0,75774.9,73602.05,57164.51857
Washington,53,Lewis,41,53041,,,,,,0,0,0,0,0,0,0,0
Washington,53,Lincoln,43,53043,,,,,,554972.05,553818.83,523916.34,26733.36,20857.8,33568.5,42935.37,250971.75
Washington,53,Mason,45,53045,,,,,,0,0,0,0,0,0,0,0
Washington,53,Okanogan,47,53047,,,,,,12873.02,12873.02,11114.89,134.7,892.04,758.56,0,5520.89
Washington,53,Pacific,49,53049,,,,,,0,0,0,0,0,0,0,0
Washington,53,Pend Oreille,51,53051,,,,,,0,0,0,0,0,0,0,0
Washington,53,Pierce,53,53053,,,,,,0,0,0,0,0,0,0,0
Washington,53,San Juan,55,53055,,,,,,0,0,0,0,0,0,0,0
Washington,53,Skagit,57,53057,,,,,,1908.82,2329.69,3124.18,2974.35,2729.17,2320.19,2054.08,2491.497143
Washington,53,Skamania,59,53059,,,,,,0,0,0,0,0,0,0,0
Washington,53,Snohomish,61,53061,,,,,,2508.2,2479.4,2741.5,2938.59,2504.7,1913.01,1346.42,2347.402857
Washington,53,Spokane,63,53063,,,,,,203272.18,202335.5,195280.03,55658.43,24653.57,18492.21,16100.89,102256.1157
Washington,53,Stevens,65,53065,,,,,,13132.72,13278.47,12544.35,10034.31,9300.94,10297.49,9297.87,11126.59286
Washington,53,Thurston,67,53067,,,,,,0,0,0,0,0,0,0,0
Washington,53,Wahkiakum,69,53069,,,,,,0,0,0,0,0,0,0,0
Washington,53,Walla Walla,71,53071,,,,,,274658.42,271133.76,296066.96,26514.83,18643.18,75719.97,45842.44,144082.7943
Washington,53,Whatcom,73,53073,,,,,,8861.28,9006.26,8420.73,8240.85,8507.74,7353.46,8445,8405.045714
Washington,53,Whitman,75,53075,,,,,,760022.35,759185.41,752877.08,89610.63,41474.5,97586.36,42234.54,363284.41
Washington,53,Yakima,77,53077,,,,,,33857.24,34920.33,23941.09,23777.35,20320.2,22187.83,17600.7,25229.24857
West Virginia,54,Barbour,1,54001,,,,,,0,0,0,0,0,0,0,0
West Virginia,54,Berkeley,3,54003,,,,,,5976.42,5729.66,6224.87,6063.67,5509.08,5233.62,5011.72,5678.434286
West Virginia,54,Boone,5,54005,,,,,,0,0,0,0,0,0,0,0
West Virginia,54,Braxton,7,54007,,,,,,47.9,47.9,47.9,52.1,53.4,60.3,56.2,52.24285714
West Virginia,54,Brooke,9,54009,,,,,,32.9,32.9,0,0,0,59.6,0,17.91428571
West Virginia,54,Cabell,11,54011,,,,,,0,0,0,0,0,0,0,0
West Virginia,54,Calhoun,13,54013,,,,,,0,0,0,0,0,0,0,0
West Virginia,54,Clay,15,54015,,,,,,0,0,0,0,0,0,0,0
West Virginia,54,Doddridge,17,54017,,,,,,0,0,0,0,0,0,0,0
West Virginia,54,Fayette,19,54019,,,,,,0,0,0,0,0,0,0,0
West Virginia,54,Gilmer,21,54021,,,,,,0,0,0,0,0,0,0,0
West Virginia,54,Grant,23,54023,,,,,,0,0,0,0,40.4,0,0,5.771428571
West Virginia,54,Greenbrier,25,54025,,,,,,274.46,267.56,274.67,265.5,239.8,252.8,253.8,261.2271429
West Virginia,54,Hampshire,27,54027,,,,,,0,0,0,0,0,18.8,0,2.685714286
West Virginia,54,Hancock,29,54029,,,,,,0,0,0,0,0,14.7,0,2.1
West Virginia,54,Hardy,31,54031,,,,,,0,0,55.54,55.54,45.4,61.6,52.6,38.66857143
West Virginia,54,Harrison,33,54033,,,,,,185.41,185.41,196.5,194.11,192.11,183.11,179.21,187.98
West Virginia,54,Jackson,35,54035,,,,,,38.9,38.9,38.9,38.9,55.3,203.49,203.49,88.26857143
West Virginia,54,Jefferson,37,54037,,,,,,7304.75,6899.23,7646.64,6735.94,6848.47,7217.89,7393.33,7149.464286
West Virginia,54,Kanawha,39,54039,,,,,,0,0,0,0,0,0,0,0
West Virginia,54,Lewis,41,54041,,,,,,0,0,0,0,0,0,0,0
West Virginia,54,Lincoln,43,54043,,,,,,0,0,0,0,0,0,0,0
West Virginia,54,Logan,45,54045,,,,,,0,0,0,0,0,0,0,0
West Virginia,54,McDowell,47,54047,,,,,,0,0,0,0,0,0,0,0
West Virginia,54,Marion,49,54049,,,,,,109,109,0,0,0,0,0,31.14285714
West Virginia,54,Marshall,51,54051,,,,,,0,0,0,0,0,0,0,0
West Virginia,54,Mason,53,54053,,,,,,773.04,768.44,442.88,420.58,393.92,338.86,723.76,551.64
West Virginia,54,Mercer,55,54055,,,,,,0,0,0,0,0,0,0,0
West Virginia,54,Mineral,57,54057,,,,,,0,25.5,0,25.5,25.5,37.4,37.4,21.61428571
West Virginia,54,Mingo,59,54059,,,,,,0,0,0,0,0,0,0,0
West Virginia,54,Monongalia,61,54061,,,,,,48.7,48.7,0,0,0,0,0,13.91428571
West Virginia,54,Monroe,63,54063,,,,,,286.9,295.47,0,0,0,38.78,66.25,98.2
West Virginia,54,Morgan,65,54065,,,,,,841.4,841.4,746.3,746.3,727.1,781.5,760.9,777.8428571
West Virginia,54,Nicholas,67,54067,,,,,,224.8,207.5,203.9,209.3,201.8,207.2,200.4,207.8428571
West Virginia,54,Ohio,69,54069,,,,,,97.98,305.48,0,0,29.8,162.38,0,85.09142857
West Virginia,54,Pendleton,71,54071,,,,,,0,0,0,0,0,0,0,0
West Virginia,54,Pleasants,73,54073,,,,,,0,0,0,0,0,0,0,0
West Virginia,54,Pocahontas,75,54075,,,,,,38.1,75.3,65.6,96.3,76.4,0,72.6,60.61428571
West Virginia,54,Preston,77,54077,,,,,,805.25,911.58,2569.21,314.81,109.09,100.19,161.55,710.24
West Virginia,54,Putnam,79,54079,,,,,,0,0,0,0,0,15.8,15.8,4.514285714
West Virginia,54,Raleigh,81,54081,,,,,,0,0,0,0,0,0,0,0
West Virginia,54,Randolph,83,54083,,,,,,914.59,927.79,21,29.9,29.21,30.61,33.61,283.8157143
West Virginia,54,Ritchie,85,54085,,,,,,90.2,90.2,89.5,89.5,89.5,76.6,67.6,84.72857143
West Virginia,54,Roane,87,54087,,,,,,22.8,22.8,22.8,22.8,22.8,22.5,22.5,22.71428571
West Virginia,54,Summers,89,54089,,,,,,0,0,0,0,0,0,0,0
West Virginia,54,Taylor,91,54091,,,,,,71.9,71.9,0,0,0,0,0,20.54285714
West Virginia,54,Tucker,93,54093,,,,,,110.7,110.7,0,0,0,0,0,31.62857143
West Virginia,54,Tyler,95,54095,,,,,,134.5,134.5,0,0,0,0,0,38.42857143
West Virginia,54,Upshur,97,54097,,,,,,248.2,248.2,248.2,248.2,248.2,245.6,219.8,243.7714286
West Virginia,54,Wayne,99,54099,,,,,,0,0,0,0,0,0,0,0
West Virginia,54,Webster,101,54101,,,,,,0,0,0,0,0,0,0,0
West Virginia,54,Wetzel,103,54103,,,,,,0,0,0,0,0,0,0,0
West Virginia,54,Wirt,105,54105,,,,,,0,0,0,0,0,0,0,0
West Virginia,54,Wood,107,54107,,,,,,612.16,603.46,546.16,540.96,501.56,283.25,465.94,507.6414286
West Virginia,54,Wyoming,109,54109,,,,,,0,0,0,0,0,0,0,0
Wisconsin,55,Adams,1,55001,,,,,,22456.56,21591.36,22605.72,8198.4866,7469.26,2640.34,1691.53,12379.03666
Wisconsin,55,Ashland,3,55003,,,,,,1617.6,1578.33,1632.46,0,0,33.55,23.75,697.9557143
Wisconsin,55,Barron,5,55005,,,,,,90112.42,89311.9,84238,75409.85,62642.43,23878.9,11769.85,62480.47857
Wisconsin,55,Bayfield,7,55007,,,,,,1815.7,1774.42,1859.74,0,0,0,0,778.5514286
Wisconsin,55,Brown,9,55009,,,,,,68770.35,68696.01,68761.76,3918.61,3425.65,1025.68,2121.74,30959.97143
Wisconsin,55,Buffalo,11,55011,,,,,,65193.75,64050.08,60378.95,17931.37,16860.96,8190.87064,8936.87,34506.12152
Wisconsin,55,Burnett,13,55013,,,,,,15471.2,15331.61,14840.99,12209.111,11776.22,3800.61,1541.66,10710.20014
Wisconsin,55,Calumet,15,55015,,,,,,56444.62,56429.07,50791.72,2585.86,2409.35,1882.02,238.84,24397.35429
Wisconsin,55,Chippewa,17,55017,,,,,,78508.73,75416.7,72837.43,27766.98,24698.83,14407.48,12075.59,43673.10571
Wisconsin,55,Clark,19,55019,,,,,,64749.66,61957.5,59923.36,40973.22,35526.52,22933.9928,19753.07,43688.18897
Wisconsin,55,Columbia,21,55021,,,,,,136354.03,133622.78,133391.79,12782.88,7167.35,2926.82,4196.01,61491.66571
Wisconsin,55,Crawford,23,55023,,,,,,33297.54,33122.22,31725.91,1768.71,1844.88,2483.07,662.01,14986.33429
Wisconsin,55,Dane,25,55025,,,,,,229629.51,221708.82,199112.47,62250.61,36232.08,26603.22,12162.92,112528.5186
Wisconsin,55,Dodge,27,55027,,,,,,140366.18,142662.07,137088.21,49858.2008,32957.3,17264.8799,4120.68,74902.50296
Wisconsin,55,Door,29,55029,,,,,,30071.06,29398.32,29422.05,5501.52,2125.99,1377.29,0,13985.17571
Wisconsin,55,Douglas,31,55031,,,,,,275.98,275.98,275.98,0,0,0,0,118.2771429
Wisconsin,55,Dunn,33,55033,,,,,,97882.52,97342.66,96246.22,44972.2,43542.41,9670.82,3646.51,56186.19143
Wisconsin,55,Eau Claire,35,55035,,,,,,38097.3138,37356.66,36899,13815.02,12312.5,7076.777912,6437.34,21713.51596
Wisconsin,55,Florence,37,55037,,,,,,0,0,0,0,0,0,0,0
Wisconsin,55,Fond du Lac,39,55039,,,,,,120421.66,120513.97,118586.62,36355.65597,21346.87,10027.37,3609.19,61551.61942
Wisconsin,55,Forest,41,55041,,,,,,0,0,0,49.24,49.24,0,37.89,19.48142857
Wisconsin,55,Grant,43,55043,,,,,,164653.32,164769.55,140714.38,40543.69,34803.62,14938.96,9924.23,81478.25
Wisconsin,55,Green,45,55045,,,,,,115058.01,115276.43,94919.18,37868.78,49348.82,23599.96308,10206.97,63754.02187
Wisconsin,55,Green Lake,47,55047,,,,,,58153.68,57843.28,54361.92,22202.27759,19184.02,10178.16,9231.47,33022.11537
Wisconsin,55,Iowa,49,55049,,,,,,61984.03,61892.04,53856.06,46070.98741,43029.45,25226.27,15029.49,43869.76106
Wisconsin,55,Iron,51,55051,,,,,,355.31,349.21,355,0,0,0,0,151.36
Wisconsin,55,Jackson,53,55053,,,,,,49598.65,48914.6,49456.96,8536.21,10431.06,4768.05,1624.11,24761.37714
Wisconsin,55,Jefferson,55,55055,,,,,,89111.67,88457.95,87605.09,20452.35252,11788.93,13602.034,11566.49,46083.50236
Wisconsin,55,Juneau,57,55057,,,,,,44792.45,43431.42,43289.99,33984.87,39244.44,31249.56259,33386.38,38482.73037
Wisconsin,55,Kenosha,59,55059,,,,,,37643.31,32850.53,33405.74,7762.788032,6494.56,3459.26,2144.23,17680.05972
Wisconsin,55,Kewaunee,61,55061,,,,,,45342.15,44631.22,48911.73,3888.19,2836.64,990.33,123.8,20960.58
Wisconsin,55,La Crosse,63,55063,,,,,,32784.54,30566.32,31368.96,25663.39,7541.86,283.75,486.69,18385.07286
Wisconsin,55,Lafayette,65,55065,,,,,,148044.91,133695.73,89885.27,58300.92,52417.04,26576.77,23906.71,76118.19286
Wisconsin,55,Langlade,67,55067,,,,,,5247.23,5288.62,6850.58,6181.81,6150.4,4843.25,5574.09,5733.711429
Wisconsin,55,Lincoln,69,55069,,,,,,1530.61,1546.24,1336.41,1292.06,1340.02,972.26,1196.68,1316.325714
Wisconsin,55,Manitowoc,71,55071,,,,,,65440.64,64555.34,64787.79,3929.51,3824.51,3515.26,2430.63,29783.38286
Wisconsin,55,Marathon,73,55073,,,,,,35122.26,33988.09,35476.56,27976.84,29883.4,18850.98512,19598.42,28699.50787
Wisconsin,55,Marinette,75,55075,,,,,,32809.61,31786,19956.36,1518.04,1295.03,539.3,368.98,12610.47429
Wisconsin,55,Marquette,77,55077,,,,,,29644.42,29393.89,29050.54,8886.04953,5931.93,5449.41,3988.67,16049.27279
Wisconsin,55,Menominee,78,55078,,,,,,0,0,0,0,0,0,0,0
Wisconsin,55,Milwaukee,79,55079,,,,,,809,734.13,1031.63,271.9,97.96,112.26,0,436.6971429
Wisconsin,55,Monroe,81,55081,,,,,,51823.75,50055.6,48068.42,4836.46,6275.32,5758.77,4474.57,24470.41286
Wisconsin,55,Oconto,83,55083,,,,,,60770.73,59344.81,27505.99,6861.71,4214.78,3813.04,891.29,23343.19286
Wisconsin,55,Oneida,85,55085,,,,,,0,0,0,0,0,0,0,0
Wisconsin,55,Outagamie,87,55087,,,,,,85088.19925,84215.81,92103.06,47190.17,45842.31,22319.38443,3617.92,54339.55053
Wisconsin,55,Ozaukee,89,55089,,,,,,18362.36,18297.87,20124.05,861.014584,564.67,143.82,0,8336.254941
Wisconsin,55,Pepin,91,55091,,,,,,32107.71,32026.13,29522.47,18393.38,4940.18,1045.84,608.42,16949.16143
Wisconsin,55,Pierce,93,55093,,,,,,84453.82,79225.72,80306.49,31140.02582,27847.95573,11279.17523,6488.14,45820.18954
Wisconsin,55,Polk,95,55095,,,,,,68894.42,69024.84,58401.57,41480.4852,16824.94,3722.986802,4115.87,37495.016
Wisconsin,55,Portage,97,55097,,,,,,21527.885,22627.26,21997.67,19233.23,19416.56,9649.52,9999,17778.73214
Wisconsin,55,Price,99,55099,,,,,,3409,3405.48,3291.91,837.39,748.04,669.96,1728.61,2012.912857
Wisconsin,55,Racine,101,55101,,,,,,45903.67,43640.25,47411.23,16480.38426,13696.19,5628.266593,1670.91,24918.70012
Wisconsin,55,Richland,103,55103,,,,,,36020.58,35466.26,34292.27,896.05,473.79,516.04,1385.15,15578.59143
Wisconsin,55,Rock,105,55105,,,,,,198943.34,196642.46,183107.86,92092.37,51801.57,23674.48384,5608.64,107410.1034
Wisconsin,55,Rusk,107,55107,,,,,,20030.28,17745.05,19007.86,12152.08,11244.8,764.24,918.05,11694.62286
Wisconsin,55,St. Croix,109,55109,,,,,,98923.27,97059.02,77940.69,30049.42,12253.96,2400.03,1267.18,45699.08143
Wisconsin,55,Sauk,111,55111,,,,,,87191.65,85494.19,80788.17,8973.23,6593.05,7199.05,9659.37,40842.67286
Wisconsin,55,Sawyer,113,55113,,,,,,4877.06,4859.01,3541.69,2334.39,2255.38,0,78.67,2563.742857
Wisconsin,55,Shawano,115,55115,,,,,,53573.36,53647.35,49264.96,45095.26,42952.49,33800.97763,26018.17,43478.93823
Wisconsin,55,Sheboygan,117,55117,,,,,,51777.8,51197.03,60091.67,1086.65,1057.85,475.83,295.57,23711.77143
Wisconsin,55,Taylor,119,55119,,,,,,41538.59,36934.84,40716.2329,12722.66475,10731.45,5314.0355,4368.56,21760.91045
Wisconsin,55,Trempealeau,121,55121,,,,,,86842.44,86436.97,84452.44,7675.15,8189.59,3985.35,3239.97,40117.41571
Wisconsin,55,Vernon,123,55123,,,,,,68121.07,66879.73,63522.3,4061.25,2718.2,931.59,1813.11,29721.03571
Wisconsin,55,Vilas,125,55125,,,,,,0,0,0,0,0,0,0,0
Wisconsin,55,Walworth,127,55127,,,,,,117597.21,117237.74,122418,6192.71,2487.06,2621.46,459.31,52716.21286
Wisconsin,55,Washburn,129,55129,,,,,,12921.55,12862.15,12777.64,11308.218,11318,1179.76,1895.94,9180.465429
Wisconsin,55,Washington,131,55131,,,,,,36654.74,36417.4,36264.41,1520.688739,511.51,921.85531,162.43,16064.71915
Wisconsin,55,Waukesha,133,55133,,,,,,32835.48,31618.04,30266.06,4994.45908,3790.25184,1241.6874,607.97,15050.56405
Wisconsin,55,Waupaca,135,55135,,,,,,65512.6086,61787.63,52377.91,22833.88,22527.47,15556.06,11190.43,35969.42694
Wisconsin,55,Waushara,137,55137,,,,,,12923.76,12567.82,11986.31,5043.29,4851.02,2391,1238.34,7285.934286
Wisconsin,55,Winnebago,139,55139,,,,,,63847.1986,63592.94,64304.23,3560.06,3405.63,410.38,333.35,28493.39837
Wisconsin,55,Wood,141,55141,,,,,,7180.8686,6700.52,10186.89,6371.75,5705.4,4740.91,2682.31,6224.092657
Wyoming,56,Albany,1,56001,,,,,,0,0,0,0,0,0,0,0
Wyoming,56,Big Horn,3,56003,,,,,,25782.3,25553.86,24549.97,24384.08,21828.55,16490.96,20819,22772.67429
Wyoming,56,Campbell,5,56005,,,,,,28896.26,29190.16,29067.26,29751.26,29527.86,28654.94,27865.67,28993.34429
Wyoming,56,Carbon,7,56007,,,,,,1299.1,1299.1,0,0,0,0,0,371.1714286
Wyoming,56,Converse,9,56009,,,,,,589.27,589.27,582.53,582.53,582.53,582.53,560.37,581.29
Wyoming,56,Crook,11,56011,,,,,,28335.75,28298.68,29476.88,30238.36,26859.77,28077.76,24913.03,28028.60429
Wyoming,56,Fremont,13,56013,,,,,,13272.78,12870.42,13009.99,13307.45,13873.98,12637.44,10962.63,12847.81286
Wyoming,56,Goshen,15,56015,,,,,,62825.87,59793.44,60603.59,63325.98,48930.26,38098.31,36419.73,52856.74
Wyoming,56,Hot Springs,17,56017,,,,,,559.38,559.38,477.15,559.38,559.38,559.38,559.38,547.6328571
Wyoming,56,Johnson,19,56019,,,,,,1228.55,1237.75,1228.55,1181.97,1195.27,1072.62,648.42,1113.304286
Wyoming,56,Laramie,21,56021,,,,,,148404.1,150608.68,147106.22,141827.0599,98316.01276,121606.1468,98693.63,129508.8356
Wyoming,56,Lincoln,23,56023,,,,,,10116.33,10624.49087,10722.44,10458.7116,10659.17,10165.06,9385.58,10304.54035
Wyoming,56,Natrona,25,56025,,,,,,249.9,262.5,159.4,41.8,159.4,382.09,261.5,216.6557143
Wyoming,56,Niobrara,27,56027,,,,,,21575.75,22439.85,26387.4,26124.91,20991.94,15369.05186,19224.38199,21730.46912
Wyoming,56,Park,29,56029,,,,,,26710.38,27040.37,26464.94,25318.16,18077.89,18244.42,16457.53,22616.24143
Wyoming,56,Platte,31,56031,,,,,,48376.8,47249.97,39546.62,40375.65,42537.36,43948.24,38655.83,42955.78143
Wyoming,56,Sheridan,33,56033,,,,,,5475.9,5475.9,4851.8,5385.2,3267.9,3474.4,3474.4,4486.5
Wyoming,56,Sublette,35,56035,,,,,,0,0,0,0,0,0,0,0
Wyoming,56,Sweetwater,37,56037,,,,,,1330.8,1508.9,1902.3,1917.5,1710.5,1558.4,1816.5,1677.842857
Wyoming,56,Teton,39,56039,,,,,,1289.6,1344.28,1344.28,1344.28,1344.28,1344.28,1344.28,1336.468571
Wyoming,56,Uinta,41,56041,,,,,,0,0,0,0,0,0,0,0
Wyoming,56,Washakie,43,56043,,,,,,15526.82,15209.04,14714.15,15169.29,15256.97,15721.07,13156.62,14964.85143
Wyoming,56,Weston,45,56045,,,,,,2899.79,3017.65,2818.55,1362.49,1434.39,2621.39,2208.51,2337.538571
American Samoa,60,Eastern,10,60010,,,,,,0,0,0,0,0,0,0,0
American Samoa,60,Manu'a,20,60020,,,,,,0,0,0,0,0,0,0,0
American Samoa,60,Rose Island,30,60030,,,,,,0,0,0,0,0,0,0,0
American Samoa,60,Swains Island,40,60040,,,,,,0,0,0,0,0,0,0,0
American Samoa,60,Western,50,60050,,,,,,0,0,0,0,0,0,0,0
Guam,66,Guam,10,66010,,,,,,0,0,0,0,0,0,0,0
,0,Northern Islands,85,85,,,,,,0,0,0,0,0,0,0,0
#N/A,0,Rota,100,100,,,,,,0,0,0,0,0,0,0,0
#N/A,0,Saipan,110,110,,,,,,0,0,0,0,0,0,0,0
#N/A,0,Tinian,120,120,,,,,,0,0,0,0,0,0,0,0
Puerto Rico,72,Adjuntas,1,72001,,,,,,0,0,0,0,0,0,0,0
Puerto Rico,72,Aguada,3,72003,,,,,,0,0,0,0,0,0,0,0
Puerto Rico,72,Aguadilla,5,72005,,,,,,0,0,0,0,0,0,0,0
Puerto Rico,72,Aguas Buenas,7,72007,,,,,,0,0,0,0,0,0,0,0
Puerto Rico,72,Aibonito,9,72009,,,,,,0,0,0,0,0,0,0,0
Puerto Rico,72,Anasco,11,72011,,,,,,0,0,0,0,0,0,0,0
Puerto Rico,72,Arecibo,13,72013,,,,,,0,0,0,0,0,0,0,0
Puerto Rico,72,Arroyo,15,72015,,,,,,0,0,0,0,0,0,0,0
Puerto Rico,72,Barceloneta,17,72017,,,,,,0,0,0,0,0,0,0,0
Puerto Rico,72,Barranquitas,19,72019,,,,,,0,0,0,0,0,0,0,0
Puerto Rico,72,Bayamon,21,72021,,,,,,0,0,0,0,0,0,0,0
Puerto Rico,72,Cabo Rojo,23,72023,,,,,,0,0,0,0,0,0,0,0
Puerto Rico,72,Caguas,25,72025,,,,,,0,0,0,0,0,0,0,0
Puerto Rico,72,Camuy,27,72027,,,,,,0,0,0,0,0,0,0,0
Puerto Rico,72,Canovanas,29,72029,,,,,,0,0,0,0,0,0,0,0
Puerto Rico,72,Carolina,31,72031,,,,,,0,0,0,0,0,0,0,0
Puerto Rico,72,Catano,33,72033,,,,,,0,0,0,0,0,0,0,0
Puerto Rico,72,Cayey,35,72035,,,,,,0,0,0,0,0,0,0,0
Puerto Rico,72,Ceiba,37,72037,,,,,,0,0,0,0,0,0,0,0
Puerto Rico,72,Ciales,39,72039,,,,,,0,0,0,0,0,0,0,0
Puerto Rico,72,Cidra,41,72041,,,,,,0,0,0,0,0,0,0,0
Puerto Rico,72,Coamo,43,72043,,,,,,0,0,0,0,0,0,0,0
Puerto Rico,72,Comerio,45,72045,,,,,,0,0,0,0,0,0,0,0
Puerto Rico,72,Corozal,47,72047,,,,,,0,0,0,0,0,0,0,0
Puerto Rico,72,Culebra,49,72049,,,,,,0,0,0,0,0,0,0,0
Puerto Rico,72,Dorado,51,72051,,,,,,0,0,0,0,0,0,0,0
Puerto Rico,72,Fajardo,53,72053,,,,,,0,0,0,0,0,0,0,0
Puerto Rico,72,Florida,54,72054,,,,,,0,0,0,0,0,0,0,0
Puerto Rico,72,Guanica,55,72055,,,,,,0,0,0,0,0,0,0,0
Puerto Rico,72,Guayama,57,72057,,,,,,0,0,0,0,0,0,0,0
Puerto Rico,72,Guayanilla,59,72059,,,,,,0,0,0,0,0,0,0,0
Puerto Rico,72,Guaynabo,61,72061,,,,,,0,0,0,0,0,0,0,0
Puerto Rico,72,Gurabo,63,72063,,,,,,0,0,0,0,0,0,0,0
Puerto Rico,72,Hatillo,65,72065,,,,,,0,0,0,0,0,0,0,0
Puerto Rico,72,Hormigueros,67,72067,,,,,,0,0,0,0,0,0,0,0
Puerto Rico,72,Humacao,69,72069,,,,,,0,0,0,0,0,0,0,0
Puerto Rico,72,Isabela,71,72071,,,,,,0,0,0,0,0,0,0,0
Puerto Rico,72,Jayuya,73,72073,,,,,,0,0,0,0,0,0,0,0
Puerto Rico,72,Juana Diaz,75,72075,,,,,,0,0,0,0,0,0,0,0
Puerto Rico,72,Juncos,77,72077,,,,,,0,0,0,0,0,0,0,0
Puerto Rico,72,Lajas,79,72079,,,,,,0,0,0,0,0,0,0,0
Puerto Rico,72,Lares,81,72081,,,,,,0,0,0,0,0,0,0,0
Puerto Rico,72,Las Marias,83,72083,,,,,,0,0,0,0,0,0,0,0
Puerto Rico,72,Las Piedras,85,72085,,,,,,0,0,0,0,0,0,0,0
Puerto Rico,72,Loiza,87,72087,,,,,,0,0,0,0,0,0,0,0
Puerto Rico,72,Luquillo,89,72089,,,,,,0,0,0,0,0,0,0,0
Puerto Rico,72,Manati,91,72091,,,,,,0,0,0,0,0,0,0,0
Puerto Rico,72,Maricao,93,72093,,,,,,0,0,0,0,0,0,0,0
Puerto Rico,72,Maunabo,95,72095,,,,,,0,0,0,0,0,0,0,0
Puerto Rico,72,Mayaguez,97,72097,,,,,,0,0,0,0,0,0,0,0
Puerto Rico,72,Moca,99,72099,,,,,,0,0,0,0,0,0,0,0
Puerto Rico,72,Morovis,101,72101,,,,,,0,0,0,0,0,0,0,0
Puerto Rico,72,Naguabo,103,72103,,,,,,0,0,0,0,0,0,0,0
Puerto Rico,72,Naranjito,105,72105,,,,,,0,0,0,0,0,0,0,0
Puerto Rico,72,Orocovis,107,72107,,,,,,0,0,0,0,0,0,0,0
Puerto Rico,72,Patillas,109,72109,,,,,,0,0,0,0,0,0,0,0
Puerto Rico,72,Penuelas,111,72111,,,,,,0,0,0,0,0,0,0,0
Puerto Rico,72,Ponce,113,72113,,,,,,0,0,0,0,0,0,0,0
Puerto Rico,72,Quebradillas,115,72115,,,,,,0,0,0,0,0,0,0,0
Puerto Rico,72,Rincon,117,72117,,,,,,0,0,0,0,0,0,0,0
Puerto Rico,72,Rio Grande,119,72119,,,,,,0,0,0,0,0,0,0,0
Puerto Rico,72,Sabana Grande,121,72121,,,,,,0,0,0,0,0,0,0,0
Puerto Rico,72,Salinas,123,72123,,,,,,0,0,0,0,0,0,0,0
Puerto Rico,72,San German,125,72125,,,,,,0,0,0,0,0,0,0,0
Puerto Rico,72,San Juan,127,72127,,,,,,0,0,0,0,0,0,0,0
Puerto Rico,72,San Lorenzo,129,72129,,,,,,0,0,0,0,0,0,0,0
Puerto Rico,72,San Sebastian,131,72131,,,,,,0,0,0,0,0,0,0,0
Puerto Rico,72,Santa Isabel,133,72133,,,,,,0,0,0,0,0,0,0,0
Puerto Rico,72,Toa Alta,135,72135,,,,,,0,0,0,0,0,0,0,0
Puerto Rico,72,Toa Baja,137,72137,,,,,,0,0,0,0,0,0,0,0
Puerto Rico,72,Trujillo Alto,139,72139,,,,,,0,0,0,0,0,0,0,0
Puerto Rico,72,Utuado,141,72141,,,,,,0,0,0,0,0,0,0,0
Puerto Rico,72,Vega Alta,143,72143,,,,,,0,0,0,0,0,0,0,0
Puerto Rico,72,Vega Baja,145,72145,,,,,,0,0,0,0,0,0,0,0
Puerto Rico,72,Vieques,147,72147,,,,,,0,0,0,0,0,0,0,0
Puerto Rico,72,Villalba,149,72149,,,,,,0,0,0,0,0,0,0,0
Puerto Rico,72,Yabucoa,151,72151,,,,,,0,0,0,0,0,0,0,0
Puerto Rico,72,Yauco,153,72153,,,,,,0,0,0,0,0,0,0,0
#N/A,0,Midway Islands,300,300,,,,,,0,0,0,0,0,0,0,0
Virgin Islands,52,St. Croix,1,52001,,,,,,0,0,0,0,0,0,0,0
Virgin Islands,52,St. John,3,52003,,,,,,0,0,0,0,0,0,0,0
Virgin Islands,52,St. Thomas,5,52005,,,,,,0,0,0,0,0,0,0,0
Alaska,2,Fairbanks,1,2001,,,,,,0,0,0,0,0,0,0,0
Alaska,2,Delta,2,2002,,,,,,17176.88,16978.13,14822.83,12127.3,12127.3,10620.48,12467.34,13760.03714
Alaska,2,Homer,3,2003,,,,,,0,0,0,0,0,0,0,0
Alaska,2,Palmer,5,2005,,,,,,0,0,0,434.6,434.6,0,0,124.1714286
Florida,12,"Dade, Monroe",25,12025,,,,,,0,0,0,0,0,0,0,0
Guam,14,Guam,1,14001,,,,,,0,0,0,0,0,0,0,0
American Samoa,60,American Samoa,1,60001,,,,,,0,0,0,0,0,0,0,0
Nevada,32,Southeast Nye,35,32035,,,,,,0,0,0,0,0,0,0,0
Northern Mariana Islands,69,Rota,100,69100,,,,,,0,0,0,0,0,0,0,0
Northern Mariana Islands,69,Saipan,110,69110,,,,,,0,0,0,0,0,0,0,0
Northern Mariana Islands,69,Tinian,120,69120,,,,,,0,0,0,0,0,0,0,0
