State Name,County Name,fips,2014,2015,2016,2017,2018,2019,2020,2021,2022,2023,2024,Total,Average,
Alabama,Autauga,1001,8,27,23,29,55,55,48,13,0,0,44,302,27.45454545,
Alabama,Baldwin,1003,112,130,118,117,129,130,135,108,0,0,691,1670,151.8181818,
Alabama,Barbour,1005,122,187,223,241,269,244,220,149,0,0,300,1955,177.7272727,
Alabama,Bibb,1007,0,8,8,10,11,7,3,0,0,0,0,47,4.272727273,
Alabama,Blount,1009,4,45,49,39,48,56,50,5,0,0,33,329,29.90909091,
Alabama,Bullock,1011,8,9,9,10,9,10,10,9,0,0,13,87,7.909090909,
Alabama,Butler,1013,19,78,76,70,68,48,36,17,0,0,40,452,41.09090909,
Alabama,Calhoun,1015,0,2,3,4,43,49,44,0,0,0,0,145,13.18181818,
Alabama,Chambers,1017,1,4,3,3,2,1,2,1,0,0,8,25,2.272727273,
Alabama,Cherokee,1019,1,164,145,139,248,236,225,0,0,0,150,1308,118.9090909,
Alabama,Chilton,1021,0,4,3,5,12,9,6,0,0,0,3,42,3.818181818,
Alabama,Choctaw,1023,0,5,7,6,9,8,6,0,0,0,0,41,3.727272727,
Alabama,Clarke,1025,1,9,8,7,8,8,7,1,0,0,15,64,5.818181818,
Alabama,Clay,1027,0,1,1,1,1,6,3,0,0,0,0,13,1.181818182,
Alabama,Cleburne,1029,0,1,1,1,1,2,2,0,0,0,0,8,0.727272727,
Alabama,Coffee,1031,265,306,341,355,374,367,328,286,0,0,943,3565,324.0909091,
Alabama,Colbert,1033,2,182,148,148,212,207,193,0,0,0,68,1160,105.4545455,
Alabama,Conecuh,1035,18,42,46,33,43,40,44,24,0,0,84,374,34,
Alabama,Coosa,1037,0,0,0,0,0,0,0,0,0,0,0,0,0,
Alabama,Covington,1039,123,132,164,155,166,183,191,140,0,0,497,1751,159.1818182,
Alabama,Crenshaw,1041,51,132,75,99,114,113,99,62,0,0,113,858,78,
Alabama,Cullman,1043,0,3,12,9,22,12,10,0,0,0,14,82,7.454545455,
Alabama,Dale,1045,111,200,186,188,173,187,179,144,0,0,589,1957,177.9090909,
Alabama,Dallas,1047,34,77,78,101,123,158,147,34,0,0,133,885,80.45454545,
Alabama,DeKalb,1049,0,165,154,171,183,171,133,0,0,0,10,987,89.72727273,
Alabama,Elmore,1051,4,17,14,12,42,46,45,8,0,0,32,220,20,
Alabama,Escambia,1053,91,139,86,146,117,120,117,99,0,0,607,1522,138.3636364,
Alabama,Etowah,1055,0,28,26,20,58,74,68,0,0,0,23,297,27,
Alabama,Fayette,1057,3,83,74,78,85,82,58,3,0,0,114,580,52.72727273,
Alabama,Franklin,1059,2,31,40,21,36,30,31,2,0,0,16,209,19,
Alabama,Geneva,1061,360,391,363,403,369,375,366,353,0,0,1130,4110,373.6363636,
Alabama,Greene,1063,0,42,26,32,38,41,35,0,0,0,1,215,19.54545455,
Alabama,Hale,1065,0,71,54,34,55,29,40,2,0,0,0,285,25.90909091,
Alabama,Henry,1067,195,236,240,242,254,249,251,230,0,0,913,2810,255.4545455,
Alabama,Houston,1069,354,398,357,473,360,346,317,288,0,0,1756,4649,422.6363636,
Alabama,Jackson,1071,0,78,92,95,131,246,149,0,0,0,3,794,72.18181818,
Alabama,Jefferson,1073,0,0,0,0,0,0,0,0,0,0,0,0,0,
Alabama,Lamar,1075,2,62,54,55,54,46,28,3,0,0,18,322,29.27272727,
Alabama,Lauderdale,1077,1,44,62,74,245,259,227,0,0,0,79,991,90.09090909,
Alabama,Lawrence,1079,2,84,95,92,153,163,158,4,0,0,272,1023,93,
Alabama,Lee,1081,13,27,19,21,19,22,27,11,0,0,47,206,18.72727273,
Alabama,Limestone,1083,11,277,280,277,418,446,443,0,0,0,434,2586,235.0909091,
Alabama,Lowndes,1085,4,20,37,42,52,52,62,5,0,0,13,287,26.09090909,
Alabama,Macon,1087,12,20,19,15,19,14,16,4,0,0,25,144,13.09090909,
Alabama,Madison,1089,0,91,96,88,361,437,416,0,0,0,148,1637,148.8181818,
Alabama,Marengo,1091,0,100,102,104,110,120,90,0,0,0,9,635,57.72727273,
Alabama,Marion,1093,3,105,92,78,75,50,44,4,0,0,13,464,42.18181818,
Alabama,Marshall,1095,0,90,66,41,65,83,76,0,0,0,1,422,38.36363636,
Alabama,Mobile,1097,20,30,33,38,45,44,36,22,0,0,160,428,38.90909091,
Alabama,Monroe,1099,68,133,117,108,163,206,165,86,0,0,642,1688,153.4545455,
Alabama,Montgomery,1101,2,27,31,27,34,37,37,3,0,0,11,209,19,
Alabama,Morgan,1103,0,9,24,19,38,41,40,0,0,0,2,173,15.72727273,
Alabama,Perry,1105,4,76,82,91,86,72,63,6,0,0,2,482,43.81818182,
Alabama,Pickens,1107,3,22,26,20,26,34,29,3,0,0,14,177,16.09090909,
Alabama,Pike,1109,110,177,133,138,158,146,140,98,0,0,317,1417,128.8181818,
Alabama,Randolph,1111,0,4,6,4,5,6,4,0,0,0,1,30,2.727272727,
Alabama,Russell,1113,9,13,14,14,18,16,16,14,0,0,56,170,15.45454545,
Alabama,St. Clair,1115,0,7,6,5,5,2,1,0,0,0,0,26,2.363636364,
Alabama,Shelby,1117,0,0,0,1,17,20,16,0,0,0,8,62,5.636363636,
Alabama,Sumter,1119,0,29,23,32,32,32,23,0,0,0,0,171,15.54545455,
Alabama,Talladega,1121,0,5,5,5,29,39,32,0,0,0,10,125,11.36363636,
Alabama,Tallapoosa,1123,3,8,6,6,8,7,5,3,0,0,3,49,4.454545455,
Alabama,Tuscaloosa,1125,0,45,46,39,37,49,44,0,0,0,47,307,27.90909091,
Alabama,Walker,1127,0,0,0,0,0,1,0,0,0,0,0,1,0.090909091,
Alabama,Washington,1129,8,16,16,15,14,13,10,5,0,0,32,129,11.72727273,
Alabama,Wilcox,1131,0,94,85,112,92,102,68,0,0,0,7,560,50.90909091,
Alabama,Winston,1133,0,8,7,6,5,4,0,0,0,0,0,30,2.727272727,
Alaska,Aleutians East,2013,0,0,0,0,0,0,0,0,0,0,0,0,0,
Alaska,Aleutians West,2016,0,0,0,0,0,0,0,0,0,0,0,0,0,
Alaska,Anchorage,2020,0,0,0,0,0,0,0,0,0,0,0,0,0,
Alaska,Bethel,2050,0,0,0,0,0,0,0,0,0,0,0,0,0,
Alaska,Bristol Bay,2060,0,0,0,0,0,0,0,0,0,0,0,0,0,
Alaska,Denali,2068,0,0,0,0,0,0,0,0,0,0,0,0,0,
Alaska,Dillingham,2070,0,0,0,0,0,0,0,0,0,0,0,0,0,
Alaska,Fairbanks North Star,2090,0,0,0,0,0,0,0,0,0,0,0,0,0,
Alaska,Haines,2100,0,0,0,0,0,0,0,0,0,0,0,0,0,
Alaska,Juneau,2110,0,0,0,0,0,0,0,0,0,0,0,0,0,
Alaska,Kenai Peninsula,2122,0,0,0,0,0,0,0,0,0,0,0,0,0,
Alaska,Ketchikan Gateway,2130,0,0,0,0,0,0,0,0,0,0,0,0,0,
Alaska,Kodiak Island,2150,0,0,0,0,0,0,0,0,0,0,0,0,0,
Alaska,Lake and Peninsula,2164,0,0,0,0,0,0,0,0,0,0,0,0,0,
Alaska,Matanuska-Susitna,2170,0,0,0,0,0,0,0,0,0,0,0,0,0,
Alaska,Nome,2180,0,0,0,0,0,0,0,0,0,0,0,0,0,
Alaska,North Slope,2185,0,0,0,0,0,0,0,0,0,0,0,0,0,
Alaska,Northwest Arctic,2188,0,0,0,0,0,0,0,0,0,0,0,0,0,
Alaska,Prince of Wales-Outer Ketchikan,2201,0,0,0,0,0,0,0,0,0,0,0,0,0,
Alaska,Sitka,2220,0,0,0,0,0,0,0,0,0,0,0,0,0,
Alaska,Skagway-Hoonah-Angoon,2232,0,0,0,0,0,0,0,0,0,0,0,0,0,
Alaska,Southeast Fairbanks,2240,0,0,0,0,0,0,0,0,0,0,0,0,0,
Alaska,Valdez-Cordova,2261,0,0,0,0,0,0,0,0,0,0,0,0,0,
Alaska,Wade Hampton,2270,0,0,0,0,0,0,0,0,0,0,0,0,0,
Alaska,Wrangell-Petersburg,2280,0,0,0,0,0,0,0,0,0,0,0,0,0,
Alaska,Yakutat,2282,0,0,0,0,0,0,0,0,0,0,0,0,0,
Alaska,Yukon-Koyukuk,2290,0,0,0,0,0,0,0,0,0,0,0,0,0,
Arizona,Apache,4001,0,0,0,0,0,0,0,0,0,0,0,0,0,
Arizona,Cochise,4003,0,103,89,89,76,74,61,0,0,0,38,530,48.18181818,
Arizona,Coconino,4005,0,0,0,0,0,0,0,0,0,0,0,0,0,
Arizona,Gila,4007,0,1,1,1,0,0,0,0,0,0,0,3,0.272727273,
Arizona,Graham,4009,0,36,32,29,41,40,44,0,0,0,92,314,28.54545455,
Arizona,Greenlee,4011,0,12,8,5,8,9,10,0,0,0,4,56,5.090909091,
Arizona,La Paz,4012,1,30,29,27,27,36,36,0,0,0,51,237,21.54545455,
Arizona,Maricopa,4013,0,130,122,119,119,106,104,0,0,0,185,885,80.45454545,
Arizona,Mohave,4015,0,5,4,4,5,5,4,0,0,0,0,27,2.454545455,
Arizona,Navajo,4017,0,0,0,0,0,0,0,0,0,0,0,0,0,
Arizona,Pima,4019,0,20,17,17,19,18,16,0,0,0,51,158,14.36363636,
Arizona,Pinal,4021,0,195,157,169,184,195,194,0,0,0,480,1574,143.0909091,
Arizona,Santa Cruz,4023,0,0,0,0,0,0,0,0,0,0,0,0,0,
Arizona,Yavapai,4025,0,1,1,1,1,0,0,0,0,0,0,4,0.363636364,
Arizona,Yuma,4027,6,69,67,64,67,74,74,4,0,3,95,523,47.54545455,
Arkansas,Arkansas,5001,763,637,610,687,708,700,687,651,0,0,3,5446,495.0909091,
Arkansas,Ashley,5003,193,223,186,218,244,267,265,180,0,0,383,2159,196.2727273,
Arkansas,Baxter,5005,0,0,1,1,1,0,0,0,0,0,0,3,0.272727273,
Arkansas,Benton,5007,0,15,11,10,5,4,8,0,0,0,0,53,4.818181818,
Arkansas,Boone,5009,0,42,30,40,31,5,8,0,0,0,0,156,14.18181818,
Arkansas,Bradley,5011,0,11,11,9,9,0,0,0,0,0,0,40,3.636363636,
Arkansas,Calhoun,5013,0,9,7,4,7,1,1,0,0,0,0,29,2.636363636,
Arkansas,Carroll,5015,0,1,1,1,1,0,0,0,0,0,0,4,0.363636364,
Arkansas,Chicot,5017,312,370,322,385,389,467,441,300,0,0,331,3317,301.5454545,
Arkansas,Clark,5019,8,71,60,80,87,85,56,7,0,0,0,454,41.27272727,
Arkansas,Clay,5021,766,832,780,836,973,1069,1042,769,0,0,728,7795,708.6363636,
Arkansas,Cleburne,5023,1,34,34,32,32,14,12,1,0,0,0,160,14.54545455,
Arkansas,Cleveland,5025,0,13,13,13,11,11,10,0,0,0,0,71,6.454545455,
Arkansas,Columbia,5027,0,2,2,2,2,2,2,0,0,0,0,12,1.090909091,
Arkansas,Conway,5029,17,112,111,112,106,92,94,14,0,0,0,658,59.81818182,
Arkansas,Craighead,5031,840,951,932,970,1500,1529,1465,773,0,0,2032,10992,999.2727273,
Arkansas,Crawford,5033,5,20,25,24,25,22,20,1,0,0,0,142,12.90909091,
Arkansas,Crittenden,5035,240,240,246,274,312,354,359,256,0,0,472,2753,250.2727273,
Arkansas,Cross,5037,485,438,454,452,499,520,510,438,0,0,37,3833,348.4545455,
Arkansas,Dallas,5039,4,19,19,18,18,13,16,4,0,0,0,111,10.09090909,
Arkansas,Desha,5041,414,442,428,522,638,650,639,423,0,0,574,4730,430,
Arkansas,Drew,5043,131,159,149,181,195,209,189,136,0,0,89,1438,130.7272727,
Arkansas,Faulkner,5045,37,73,68,61,62,62,58,29,0,0,0,450,40.90909091,
Arkansas,Franklin,5047,14,15,15,16,15,17,16,12,0,0,0,120,10.90909091,
Arkansas,Fulton,5049,0,2,4,5,5,0,0,0,0,0,0,16,1.454545455,
Arkansas,Garland,5051,0,0,0,0,0,0,0,0,0,0,0,0,0,
Arkansas,Grant,5053,0,0,0,0,0,0,0,0,0,0,0,0,0,
Arkansas,Greene,5055,729,763,708,721,769,827,785,643,0,0,457,6402,582,
Arkansas,Hempstead,5057,0,39,35,31,52,60,63,1,0,0,0,281,25.54545455,
Arkansas,Hot Spring,5059,27,32,29,30,30,18,17,13,0,0,0,196,17.81818182,
Arkansas,Howard,5061,0,14,14,14,13,11,6,0,0,0,0,72,6.545454545,
Arkansas,Independence,5063,157,224,226,229,235,256,217,134,0,0,1,1679,152.6363636,
Arkansas,Izard,5065,0,23,23,22,22,9,9,0,0,0,0,108,9.818181818,
Arkansas,Jackson,5067,677,641,626,635,648,688,641,539,0,0,48,5143,467.5454545,
Arkansas,Jefferson,5069,370,384,359,369,398,411,407,339,0,0,275,3312,301.0909091,
Arkansas,Johnson,5071,3,9,11,12,11,11,11,7,0,0,0,75,6.818181818,
Arkansas,Lafayette,5073,41,82,86,86,104,108,109,46,0,0,125,787,71.54545455,
Arkansas,Lawrence,5075,633,607,606,596,604,628,622,588,0,0,104,4988,453.4545455,
Arkansas,Lee,5077,342,327,303,333,412,447,429,271,0,0,362,3226,293.2727273,
Arkansas,Lincoln,5079,243,287,301,312,337,349,355,271,0,0,250,2705,245.9090909,
Arkansas,Little River,5081,22,72,72,65,68,57,58,18,0,0,5,437,39.72727273,
Arkansas,Logan,5083,14,43,39,39,37,38,26,9,0,0,0,245,22.27272727,
Arkansas,Lonoke,5085,669,729,689,685,732,752,733,586,0,0,255,5830,530,
Arkansas,Madison,5087,0,11,12,13,12,5,5,0,0,0,0,58,5.272727273,
Arkansas,Marion,5089,0,0,0,2,2,1,1,0,0,0,0,6,0.545454545,
Arkansas,Miller,5091,23,58,57,60,57,62,59,22,0,0,24,422,38.36363636,
Arkansas,Mississippi,5093,451,631,675,702,1146,1201,1188,417,0,0,2803,9214,837.6363636,
Arkansas,Monroe,5095,479,431,402,433,473,537,530,455,0,0,281,4021,365.5454545,
Arkansas,Montgomery,5097,0,0,0,0,0,0,0,0,0,0,0,0,0,
Arkansas,Nevada,5099,1,15,12,13,15,20,15,1,0,0,0,92,8.363636364,
Arkansas,Newton,5101,0,4,4,5,5,2,2,0,0,0,0,22,2,
Arkansas,Ouachita,5103,0,5,5,5,7,4,5,0,0,0,0,31,2.818181818,
Arkansas,Perry,5105,22,44,48,49,45,38,39,17,0,0,0,302,27.45454545,
Arkansas,Phillips,5107,196,255,247,266,338,388,376,208,0,0,817,3091,281,
Arkansas,Pike,5109,0,24,23,23,25,21,18,0,0,0,0,134,12.18181818,
Arkansas,Poinsett,5111,857,859,817,873,983,1034,988,810,0,0,771,7992,726.5454545,
Arkansas,Polk,5113,0,0,0,0,0,0,0,0,0,0,0,0,0,
Arkansas,Pope,5115,17,31,31,40,41,38,38,16,0,0,0,252,22.90909091,
Arkansas,Prairie,5117,676,656,640,651,656,693,659,560,0,0,32,5223,474.8181818,
Arkansas,Pulaski,5119,64,78,66,78,78,92,93,66,0,0,16,631,57.36363636,
Arkansas,Randolph,5121,242,244,246,246,247,262,257,248,0,0,106,2098,190.7272727,
Arkansas,St. Francis,5123,372,355,345,377,425,427,442,358,0,0,201,3302,300.1818182,
Arkansas,Saline,5125,0,2,3,3,3,3,3,0,0,0,0,17,1.545454545,
Arkansas,Scott,5127,0,0,0,0,0,0,0,0,0,0,0,0,0,
Arkansas,Searcy,5129,0,0,0,2,2,0,0,0,0,0,0,4,0.363636364,
Arkansas,Sebastian,5131,0,6,6,7,8,8,7,0,0,0,0,42,3.818181818,
Arkansas,Sevier,5133,0,8,8,8,8,5,6,1,0,0,0,44,4,
Arkansas,Sharp,5135,2,9,6,6,5,2,2,0,0,0,0,32,2.909090909,
Arkansas,Stone,5137,1,15,15,17,16,6,5,0,0,0,0,75,6.818181818,
Arkansas,Union,5139,0,0,1,1,1,1,1,0,0,0,0,5,0.454545455,
Arkansas,Van Buren,5141,0,4,4,4,2,0,0,0,0,0,0,14,1.272727273,
Arkansas,Washington,5143,0,4,0,2,2,1,1,0,0,0,0,10,0.909090909,
Arkansas,White,5145,270,398,350,346,365,377,364,243,0,0,5,2718,247.0909091,
Arkansas,Woodruff,5147,490,511,512,518,520,553,524,429,0,0,104,4161,378.2727273,
Arkansas,Yell,5149,36,90,94,107,107,118,101,38,0,0,0,691,62.81818182,
California,Alameda,6001,0,1,3,4,3,3,3,0,0,0,0,17,1.545454545,
California,Alpine,6003,0,0,0,0,0,0,0,0,0,0,0,0,0,
California,Amador,6005,0,0,0,1,0,5,2,0,0,0,0,8,0.727272727,
California,Butte,6007,4,23,306,8,9,12,14,3,0,0,0,379,34.45454545,
California,Calaveras,6009,0,0,0,0,0,0,0,0,0,0,0,0,0,
California,Colusa,6011,1,151,692,173,135,220,141,2,0,0,8,1523,138.4545455,
California,Contra Costa,6013,0,3,3,3,3,6,6,0,0,0,0,24,2.181818182,
California,Del Norte,6015,0,0,0,0,0,0,0,0,0,0,0,0,0,
California,El Dorado,6017,0,0,0,0,0,0,0,0,0,0,0,0,0,
California,Fresno,6019,3,311,329,269,293,308,246,1,0,0,67,1827,166.0909091,
California,Glenn,6021,10,166,502,140,140,142,101,3,0,0,5,1209,109.9090909,
California,Humboldt,6023,0,0,0,0,0,0,0,0,0,0,0,0,0,
California,Imperial,6025,10,118,118,112,108,108,103,0,0,0,25,702,63.81818182,
California,Inyo,6027,0,0,0,0,0,0,0,0,0,0,0,0,0,
California,Kern,6029,0,214,163,128,137,151,131,0,0,0,132,1056,96,
California,Kings,6031,0,363,328,307,306,315,292,0,0,0,230,2141,194.6363636,
California,Lake,6033,0,0,0,0,0,0,0,0,0,0,0,0,0,
California,Lassen,6035,0,24,24,24,25,32,34,0,0,0,0,163,14.81818182,
California,Los Angeles,6037,0,2,7,6,3,4,3,0,0,0,0,25,2.272727273,
California,Madera,6039,4,91,81,57,49,36,40,0,0,0,34,392,35.63636364,
California,Marin,6041,0,1,0,0,0,0,0,0,0,0,0,1,0.090909091,
California,Mariposa,6043,0,0,0,0,0,0,0,0,0,0,0,0,0,
California,Mendocino,6045,0,0,0,0,0,0,0,0,0,0,0,0,0,
California,Merced,6047,0,191,199,177,218,287,242,0,0,0,332,1646,149.6363636,
California,Modoc,6049,0,86,89,103,102,108,115,0,0,0,0,603,54.81818182,
California,Mono,6051,0,2,2,2,2,2,2,0,0,0,0,12,1.090909091,
California,Monterey,6053,0,19,16,33,28,23,22,0,0,0,0,141,12.81818182,
California,Napa,6055,0,0,0,0,0,0,0,0,0,0,0,0,0,
California,Nevada,6057,0,0,0,0,0,0,0,0,0,0,0,0,0,
California,Orange,6059,0,0,0,0,0,0,0,0,0,0,0,0,0,
California,Placer,6061,3,8,21,6,6,12,8,1,0,0,0,65,5.909090909,
California,Plumas,6063,0,1,1,0,0,1,0,0,0,0,0,3,0.272727273,
California,Riverside,6065,0,41,28,25,21,35,34,0,0,0,54,238,21.63636364,
California,Sacramento,6067,0,26,50,41,35,153,90,0,0,0,0,395,35.90909091,
California,San Benito,6069,0,21,22,25,22,12,9,0,0,0,0,111,10.09090909,
California,San Bernardino,6071,0,0,1,0,0,2,1,0,0,0,0,4,0.363636364,
California,San Diego,6073,0,0,0,0,0,0,0,0,0,0,0,0,0,
California,San Francisco,6075,0,0,0,0,0,0,0,0,0,0,0,0,0,
California,San Joaquin,6077,0,11,14,17,15,167,112,2,0,0,0,338,30.72727273,
California,San Luis Obispo,6079,0,99,96,132,119,106,107,0,0,0,0,659,59.90909091,
California,San Mateo,6081,0,0,0,0,0,0,0,0,0,0,0,0,0,
California,Santa Barbara,6083,0,0,0,0,0,0,0,0,0,0,0,0,0,
California,Santa Clara,6085,0,3,3,4,2,2,2,0,0,0,0,16,1.454545455,
California,Santa Cruz,6087,0,0,0,0,0,0,0,0,0,0,0,0,0,
California,Shasta,6089,0,9,6,4,4,6,4,0,0,0,0,33,3,
California,Sierra,6091,0,1,1,1,1,1,1,0,0,0,0,6,0.545454545,
California,Siskiyou,6093,0,75,67,89,87,87,65,0,0,0,0,470,42.72727273,
California,Solano,6095,0,47,49,62,51,129,68,0,0,0,0,406,36.90909091,
California,Sonoma,6097,0,0,0,0,0,0,0,0,0,0,0,0,0,
California,Stanislaus,6099,0,195,189,194,177,174,56,0,0,0,0,985,89.54545455,
California,Sutter,6101,4,41,286,66,39,108,86,0,0,0,0,630,57.27272727,
California,Tehama,6103,0,31,25,17,17,18,12,0,0,0,0,120,10.90909091,
California,Trinity,6105,0,0,0,0,0,0,0,0,0,0,0,0,0,
California,Tulare,6107,0,496,457,412,426,415,380,0,0,0,369,2955,268.6363636,
California,Tuolumne,6109,0,0,0,0,0,0,0,0,0,0,0,0,0,
California,Ventura,6111,0,0,0,0,0,0,0,0,0,0,0,0,0,
California,Yolo,6113,2,210,310,212,118,168,111,0,0,0,0,1131,102.8181818,
California,Yuba,6115,1,4,67,9,6,13,8,1,0,0,0,109,9.909090909,
Colorado,Adams,8001,0,355,357,325,301,289,292,0,0,0,0,1919,174.4545455,
Colorado,Alamosa,8003,0,15,16,37,40,66,64,0,0,0,0,238,21.63636364,
Colorado,Arapahoe,8005,0,246,264,259,234,203,199,0,0,0,0,1405,127.7272727,
Colorado,Archuleta,8007,0,2,2,2,2,2,1,0,0,0,0,11,1,
Colorado,Baca,8009,4,810,728,726,725,729,677,0,0,0,0,4399,399.9090909,
Colorado,Bent,8011,0,60,68,67,71,91,77,0,0,0,0,434,39.45454545,
Colorado,Boulder,8013,0,23,20,20,14,18,18,0,0,0,0,113,10.27272727,
Colorado,Broomfield,8014,0,3,5,2,3,3,3,0,0,0,0,19,1.727272727,
Colorado,Chaffee,8015,0,0,0,0,0,0,0,0,0,0,0,0,0,
Colorado,Cheyenne,8017,0,335,336,365,363,431,422,0,0,0,0,2252,204.7272727,
Colorado,Clear Creek,8019,0,0,0,0,0,0,0,0,0,0,0,0,0,
Colorado,Conejos,8021,1,23,24,55,56,68,67,0,0,0,0,294,26.72727273,
Colorado,Costilla,8023,0,13,15,21,21,22,20,0,0,0,0,112,10.18181818,
Colorado,Crowley,8025,0,36,37,38,40,56,41,0,0,0,0,248,22.54545455,
Colorado,Custer,8027,0,0,0,0,0,0,0,0,0,0,0,0,0,
Colorado,Delta,8029,0,23,24,21,22,21,17,0,0,0,0,128,11.63636364,
Colorado,Denver,8031,0,4,4,4,3,5,4,0,0,0,0,24,2.181818182,
Colorado,Dolores,8033,0,180,187,184,181,184,188,0,0,0,0,1104,100.3636364,
Colorado,Douglas,8035,0,12,12,11,8,7,7,0,0,0,0,57,5.181818182,
Colorado,Eagle,8037,0,2,2,2,2,0,0,0,0,0,0,8,0.727272727,
Colorado,Elbert,8039,0,214,192,199,193,135,139,0,0,0,0,1072,97.45454545,
Colorado,El Paso,8041,0,16,16,10,12,8,9,0,0,0,0,71,6.454545455,
Colorado,Fremont,8043,0,2,4,3,2,2,3,0,0,0,0,16,1.454545455,
Colorado,Garfield,8045,0,10,14,14,11,9,10,0,0,0,0,68,6.181818182,
Colorado,Gilpin,8047,0,0,0,0,0,0,0,0,0,0,0,0,0,
Colorado,Grand,8049,0,0,0,1,0,1,0,0,0,0,0,2,0.181818182,
Colorado,Gunnison,8051,0,0,0,0,0,0,0,0,0,0,0,0,0,
Colorado,Hinsdale,8053,0,0,0,0,0,0,0,0,0,0,0,0,0,
Colorado,Huerfano,8055,0,1,2,1,0,0,0,0,0,0,0,4,0.363636364,
Colorado,Jackson,8057,0,0,0,0,0,0,0,0,0,0,0,0,0,
Colorado,Jefferson,8059,0,0,0,0,0,0,0,0,0,0,0,0,0,
Colorado,Kiowa,8061,6,412,411,407,396,477,466,0,0,0,0,2575,234.0909091,
Colorado,Kit Carson,8063,4,728,667,686,739,924,911,0,0,0,0,4659,423.5454545,
Colorado,Lake,8065,0,0,0,0,0,0,0,0,0,0,0,0,0,
Colorado,La Plata,8067,0,28,41,41,35,26,22,0,0,0,0,193,17.54545455,
Colorado,Larimer,8069,0,41,44,47,44,59,48,0,0,0,0,283,25.72727273,
Colorado,Las Animas,8071,0,32,29,28,26,26,22,0,0,0,0,163,14.81818182,
Colorado,Lincoln,8073,0,398,370,347,367,318,252,0,0,0,0,2052,186.5454545,
Colorado,Logan,8075,3,656,658,673,672,803,742,0,0,0,0,4207,382.4545455,
Colorado,Mesa,8077,0,20,22,25,26,55,46,0,0,0,0,194,17.63636364,
Colorado,Mineral,8079,0,0,0,0,0,0,0,0,0,0,0,0,0,
Colorado,Moffat,8081,0,78,95,93,89,112,111,0,0,0,0,578,52.54545455,
Colorado,Montezuma,8083,0,98,112,104,82,82,95,0,0,0,0,573,52.09090909,
Colorado,Montrose,8085,0,117,118,108,104,82,34,0,0,0,0,563,51.18181818,
Colorado,Morgan,8087,0,353,347,359,357,488,355,0,0,0,0,2259,205.3636364,
Colorado,Otero,8089,0,34,43,51,58,164,152,0,0,0,0,502,45.63636364,
Colorado,Ouray,8091,0,2,1,1,0,0,0,0,0,0,0,4,0.363636364,
Colorado,Park,8093,0,0,0,0,0,0,0,0,0,0,0,0,0,
Colorado,Phillips,8095,0,416,419,455,456,523,485,0,0,0,0,2754,250.3636364,
Colorado,Pitkin,8097,0,0,0,0,0,1,1,0,0,0,0,2,0.181818182,
Colorado,Prowers,8099,0,404,405,404,410,499,476,0,0,0,0,2598,236.1818182,
Colorado,Pueblo,8101,0,19,20,15,20,12,7,0,0,0,0,93,8.454545455,
Colorado,Rio Blanco,8103,0,7,27,25,22,22,25,0,0,0,0,128,11.63636364,
Colorado,Rio Grande,8105,17,55,51,99,96,101,72,0,0,0,0,491,44.63636364,
Colorado,Routt,8107,0,51,58,63,60,67,67,0,0,0,0,366,33.27272727,
Colorado,Saguache,8109,8,37,28,56,59,61,56,0,0,0,0,305,27.72727273,
Colorado,San Juan,8111,0,0,0,0,0,0,0,0,0,0,0,0,0,
Colorado,San Miguel,8113,0,12,19,20,21,16,17,0,0,0,0,105,9.545454545,
Colorado,Sedgwick,8115,0,361,346,348,357,449,417,0,0,0,0,2278,207.0909091,
Colorado,Summit,8117,0,0,0,0,0,0,0,0,0,0,0,0,0,
Colorado,Teller,8119,0,0,0,0,0,0,0,0,0,0,0,0,0,
Colorado,Washington,8121,1,926,916,926,895,901,864,0,0,0,0,5429,493.5454545,
Colorado,Weld,8123,1,873,882,875,841,964,796,1,0,0,0,5233,475.7272727,
Colorado,Yuma,8125,0,659,635,627,627,763,659,0,0,0,0,3970,360.9090909,
Connecticut,Fairfield,9001,0,0,1,1,1,1,0,0,0,0,0,4,0.363636364,
Connecticut,Hartford,9003,0,9,6,5,10,10,0,0,0,0,0,40,3.636363636,
Connecticut,Litchfield,9005,0,23,27,30,28,22,1,0,0,0,0,131,11.90909091,
Connecticut,Middlesex,9007,0,0,0,0,0,0,0,0,0,0,0,0,0,
Connecticut,New Haven,9009,0,0,0,1,2,2,1,0,0,0,0,6,0.545454545,
Connecticut,New London,9011,0,21,30,28,22,26,0,0,0,0,0,127,11.54545455,
Connecticut,Tolland,9013,0,3,2,1,6,4,0,0,0,0,0,16,1.454545455,
Connecticut,Windham,9015,0,10,10,11,10,29,0,0,0,0,0,70,6.363636364,
Delaware,Kent,10001,0,147,152,166,178,314,283,0,0,0,0,1240,112.7272727,
Delaware,New Castle,10003,0,75,68,68,73,97,77,0,0,0,0,458,41.63636364,
Delaware,Sussex,10005,0,280,242,260,266,408,303,0,0,0,0,1759,159.9090909,
District Of Columbia,District of Columbia,11001,0,0,0,0,0,0,0,0,0,0,0,0,0,
Florida,Alachua,12001,45,65,71,70,65,55,52,54,0,0,63,540,49.09090909,
Florida,Baker,12003,0,1,1,1,1,4,0,0,0,0,0,8,0.727272727,
Florida,Bay,12005,0,0,0,0,0,0,0,0,0,0,0,0,0,
Florida,Bradford,12007,0,1,1,1,1,0,0,0,0,0,0,4,0.363636364,
Florida,Brevard,12009,0,0,0,0,0,0,0,0,0,0,0,0,0,
Florida,Broward,12011,0,0,0,0,0,0,0,0,0,0,0,0,0,
Florida,Calhoun,12013,32,33,34,37,40,37,37,37,0,0,246,533,48.45454545,
Florida,Charlotte,12015,0,0,0,0,0,0,0,0,0,0,0,0,0,
Florida,Citrus,12017,0,0,0,0,0,0,0,0,0,0,0,0,0,
Florida,Clay,12019,0,0,0,0,0,0,0,0,0,0,0,0,0,
Florida,Collier,12021,0,0,0,0,0,0,0,0,0,0,0,0,0,
Florida,Columbia,12023,49,50,50,54,54,84,56,45,0,0,31,473,43,
Florida,DeSoto,12027,0,0,0,0,0,0,0,0,0,0,0,0,0,
Florida,Dixie,12029,4,8,9,10,9,8,6,5,0,0,6,65,5.909090909,
Florida,Duval,12031,0,1,0,0,0,0,0,0,0,0,0,1,0.090909091,
Florida,Escambia,12033,51,66,47,64,59,60,62,51,0,0,350,810,73.63636364,
Florida,Flagler,12035,0,0,0,0,0,0,0,0,0,0,0,0,0,
Florida,Franklin,12037,0,0,0,0,0,0,0,0,0,0,0,0,0,
Florida,Gadsden,12039,14,31,27,28,26,18,16,14,0,0,36,210,19.09090909,
Florida,Gilchrist,12041,42,70,66,67,64,70,65,51,0,0,62,557,50.63636364,
Florida,Glades,12043,4,4,2,3,3,2,3,2,0,0,0,23,2.090909091,
Florida,Gulf,12045,0,0,0,0,0,0,0,0,0,0,0,0,0,
Florida,Hamilton,12047,30,37,47,48,55,48,53,41,0,0,105,464,42.18181818,
Florida,Hardee,12049,0,0,0,0,0,0,0,0,0,0,0,0,0,
Florida,Hendry,12051,0,0,0,0,0,0,0,0,0,0,0,0,0,
Florida,Hernando,12053,0,0,0,0,0,0,0,0,0,0,0,0,0,
Florida,Highlands,12055,0,0,0,0,0,0,0,0,0,0,0,0,0,
Florida,Hillsborough,12057,0,0,0,0,0,0,0,0,0,0,0,0,0,
Florida,Holmes,12059,103,103,86,99,87,88,84,95,0,0,321,1066,96.90909091,
Florida,Indian River,12061,0,0,0,0,0,0,0,0,0,0,0,0,0,
Florida,Jackson,12063,360,363,416,346,354,304,294,273,0,0,1162,3872,352,
Florida,Jefferson,12065,22,41,30,36,34,26,18,16,0,0,34,257,23.36363636,
Florida,Lafayette,12067,14,21,17,20,18,23,19,18,0,0,32,182,16.54545455,
Florida,Lake,12069,0,0,0,0,0,0,0,0,0,0,0,0,0,
Florida,Lee,12071,0,0,0,0,0,0,0,0,0,0,0,0,0,
Florida,Leon,12073,3,3,3,4,4,3,3,3,0,0,3,29,2.636363636,
Florida,Levy,12075,57,61,62,62,61,55,67,62,0,0,57,544,49.45454545,
Florida,Liberty,12077,0,0,1,3,3,4,4,0,0,0,0,15,1.363636364,
Florida,Madison,12079,39,54,56,69,62,47,56,42,0,0,114,539,49,
Florida,Manatee,12081,0,0,0,0,0,0,0,0,0,0,0,0,0,
Florida,Marion,12083,24,36,30,31,33,27,26,24,0,0,23,254,23.09090909,
Florida,Martin,12085,0,0,0,0,0,0,0,0,0,0,0,0,0,
Florida,Miami-Dade,12086,0,0,0,0,0,0,0,0,0,0,0,0,0,
Florida,Monroe,12087,0,0,0,0,0,0,0,0,0,0,0,0,0,
Florida,Nassau,12089,0,0,0,1,1,4,1,1,0,0,0,8,0.727272727,
Florida,Okaloosa,12091,25,51,54,53,46,44,39,24,0,0,72,408,37.09090909,
Florida,Okeechobee,12093,0,0,0,0,0,0,0,0,0,0,0,0,0,
Florida,Orange,12095,0,0,0,0,0,0,0,0,0,0,0,0,0,
Florida,Osceola,12097,3,3,3,3,3,0,0,0,0,0,0,15,1.363636364,
Florida,Palm Beach,12099,2,2,2,2,0,0,1,0,0,0,0,9,0.818181818,
Florida,Pasco,12101,0,0,0,0,0,0,0,0,0,0,0,0,0,
Florida,Pinellas,12103,0,0,0,0,0,0,0,0,0,0,0,0,0,
Florida,Polk,12105,0,0,0,0,0,0,0,0,0,0,0,0,0,
Florida,Putnam,12107,0,0,0,0,0,0,0,0,0,0,0,0,0,
Florida,St. Johns,12109,0,0,0,0,0,0,0,0,0,0,0,0,0,
Florida,St. Lucie,12111,0,0,0,0,0,0,0,0,0,0,0,0,0,
Florida,Santa Rosa,12113,147,155,149,175,150,164,183,152,0,0,792,2067,187.9090909,
Florida,Sarasota,12115,0,0,0,0,0,0,0,0,0,0,0,0,0,
Florida,Seminole,12117,0,0,0,0,0,0,0,0,0,0,0,0,0,
Florida,Sumter,12119,5,5,5,4,4,2,2,2,0,0,2,31,2.818181818,
Florida,Suwannee,12121,47,58,50,63,65,61,70,64,0,0,86,564,51.27272727,
Florida,Taylor,12123,0,0,0,0,0,0,0,0,0,0,0,0,0,
Florida,Union,12125,3,3,3,3,3,8,3,2,0,0,1,29,2.636363636,
Florida,Volusia,12127,0,0,0,0,0,0,0,0,0,0,0,0,0,
Florida,Wakulla,12129,3,4,4,3,3,2,2,2,0,0,0,23,2.090909091,
Florida,Walton,12131,59,68,64,63,70,60,65,53,0,0,164,666,60.54545455,
Florida,Washington,12133,55,55,61,57,53,49,47,47,0,0,166,590,53.63636364,
Georgia,Appling,13001,118,172,133,171,215,250,230,167,0,0,1094,2550,231.8181818,
Georgia,Atkinson,13003,79,90,80,92,108,111,105,84,0,0,321,1070,97.27272727,
Georgia,Bacon,13005,76,86,78,89,119,103,91,73,0,0,287,1002,91.09090909,
Georgia,Baker,13007,66,52,56,69,68,74,74,67,0,0,215,741,67.36363636,
Georgia,Baldwin,13009,0,0,1,1,0,0,2,0,0,0,1,5,0.454545455,
Georgia,Banks,13011,0,1,1,1,1,8,9,0,0,0,0,21,1.909090909,
Georgia,Barrow,13013,0,0,0,0,0,0,0,0,0,0,0,0,0,
Georgia,Bartow,13015,1,40,34,28,23,23,22,0,0,0,0,171,15.54545455,
Georgia,Ben Hill,13017,95,114,111,134,134,141,136,109,0,0,377,1351,122.8181818,
Georgia,Berrien,13019,192,201,185,210,225,217,207,182,0,0,924,2543,231.1818182,
Georgia,Bibb,13021,1,0,0,1,2,5,5,0,0,0,4,18,1.636363636,
Georgia,Bleckley,13023,81,95,84,99,116,119,120,81,0,0,258,1053,95.72727273,
Georgia,Brantley,13025,13,14,18,21,23,21,24,30,0,0,80,244,22.18181818,
Georgia,Brooks,13027,155,194,190,194,245,245,227,180,0,0,757,2387,217,
Georgia,Bryan,13029,3,5,6,3,2,5,5,3,0,0,11,43,3.909090909,
Georgia,Bulloch,13031,176,190,159,170,194,230,222,170,0,0,977,2488,226.1818182,
Georgia,Burke,13033,111,136,126,142,169,235,230,140,0,0,525,1814,164.9090909,
Georgia,Butts,13035,0,8,10,12,10,13,14,0,0,0,1,68,6.181818182,
Georgia,Calhoun,13037,120,134,122,135,141,168,165,127,0,0,333,1445,131.3636364,
Georgia,Camden,13039,0,0,0,0,0,0,0,0,0,0,0,0,0,
Georgia,Candler,13043,53,72,55,59,66,86,88,53,0,0,181,713,64.81818182,
Georgia,Carroll,13045,0,3,7,5,3,0,0,0,0,0,0,18,1.636363636,
Georgia,Catoosa,13047,0,0,0,0,0,2,1,0,0,0,0,3,0.272727273,
Georgia,Charlton,13049,1,2,2,4,3,0,1,1,0,0,1,15,1.363636364,
Georgia,Chatham,13051,0,1,2,2,2,3,1,0,0,0,0,11,1,
Georgia,Chattahoochee,13053,0,0,0,0,0,0,0,0,0,0,0,0,0,
Georgia,Chattooga,13055,0,1,5,6,10,25,13,0,0,0,0,60,5.454545455,
Georgia,Cherokee,13057,0,0,0,0,0,0,0,0,0,0,0,0,0,
Georgia,Clarke,13059,0,1,1,1,2,6,5,0,0,0,0,16,1.454545455,
Georgia,Clay,13061,53,63,63,80,80,101,104,84,0,0,197,825,75,
Georgia,Clayton,13063,0,0,0,0,0,0,0,0,0,0,0,0,0,
Georgia,Clinch,13065,6,7,6,6,5,7,6,7,0,0,20,70,6.363636364,
Georgia,Cobb,13067,0,0,0,0,0,0,0,0,0,0,0,0,0,
Georgia,Coffee,13069,262,296,265,319,325,309,299,267,0,0,931,3273,297.5454545,
Georgia,Colquitt,13071,266,323,290,305,323,379,366,283,0,0,1329,3864,351.2727273,
Georgia,Columbia,13073,0,0,0,0,0,0,1,0,0,0,0,1,0.090909091,
Georgia,Cook,13075,105,108,104,110,118,123,122,107,0,0,659,1556,141.4545455,
Georgia,Coweta,13077,0,6,4,5,5,4,1,0,0,0,0,25,2.272727273,
Georgia,Crawford,13079,4,8,6,8,17,23,15,3,0,0,14,98,8.909090909,
Georgia,Crisp,13081,139,182,167,189,191,215,179,123,0,0,710,2095,190.4545455,
Georgia,Dade,13083,0,0,0,0,0,1,0,0,0,0,0,1,0.090909091,
Georgia,Dawson,13085,0,0,0,2,2,0,2,0,0,0,0,6,0.545454545,
Georgia,Decatur,13087,193,201,198,224,227,315,270,196,0,0,359,2183,198.4545455,
Georgia,DeKalb,13089,0,0,0,0,0,0,0,0,0,0,0,0,0,
Georgia,Dodge,13091,136,316,274,279,278,265,266,120,0,0,262,2196,199.6363636,
Georgia,Dooly,13093,223,272,253,264,292,295,290,219,0,0,1157,3265,296.8181818,
Georgia,Dougherty,13095,17,14,17,14,19,26,24,13,0,0,14,158,14.36363636,
Georgia,Douglas,13097,0,1,1,1,1,0,0,0,0,0,0,4,0.363636364,
Georgia,Early,13099,235,287,267,293,300,397,341,251,0,0,730,3101,281.9090909,
Georgia,Echols,13101,2,3,4,5,11,12,7,3,0,0,6,53,4.818181818,
Georgia,Effingham,13103,20,41,40,37,36,49,46,30,0,0,108,407,37,
Georgia,Elbert,13105,3,68,65,58,64,65,70,0,0,0,1,394,35.81818182,
Georgia,Emanuel,13107,104,199,180,190,203,212,207,117,0,0,462,1874,170.3636364,
Georgia,Evans,13109,23,25,22,27,28,42,33,26,0,0,105,331,30.09090909,
Georgia,Fannin,13111,0,1,2,2,2,6,1,0,0,0,0,14,1.272727273,
Georgia,Fayette,13113,0,1,1,1,1,0,0,0,0,0,0,4,0.363636364,
Georgia,Floyd,13115,0,17,20,26,23,34,28,0,0,0,1,149,13.54545455,
Georgia,Forsyth,13117,0,1,1,1,0,0,1,0,0,0,0,4,0.363636364,
Georgia,Franklin,13119,0,3,4,6,14,6,10,0,0,0,0,43,3.909090909,
Georgia,Fulton,13121,0,0,0,0,0,1,0,0,0,0,0,1,0.090909091,
Georgia,Gilmer,13123,0,0,0,0,0,10,2,0,0,0,0,12,1.090909091,
Georgia,Glascock,13125,5,8,5,9,14,12,12,6,0,0,17,88,8,
Georgia,Glynn,13127,0,0,0,0,0,0,0,0,0,0,0,0,0,
Georgia,Gordon,13129,4,32,35,29,23,22,22,0,0,0,7,174,15.81818182,
Georgia,Grady,13131,160,176,162,185,181,170,168,175,0,0,652,2029,184.4545455,
Georgia,Greene,13133,0,0,0,0,0,0,0,0,0,0,0,0,0,
Georgia,Gwinnett,13135,0,0,0,0,0,1,1,0,0,0,0,2,0.181818182,
Georgia,Habersham,13137,0,2,1,3,0,2,1,0,0,0,0,9,0.818181818,
Georgia,Hall,13139,0,8,4,8,12,9,9,0,0,0,0,50,4.545454545,
Georgia,Hancock,13141,0,0,0,0,0,0,0,0,0,0,0,0,0,
Georgia,Haralson,13143,0,6,6,1,0,2,0,0,0,0,0,15,1.363636364,
Georgia,Harris,13145,0,0,0,0,0,0,0,0,0,0,0,0,0,
Georgia,Hart,13147,0,5,6,9,26,13,16,0,0,0,8,83,7.545454545,
Georgia,Heard,13149,0,1,3,2,2,0,1,0,0,0,0,9,0.818181818,
Georgia,Henry,13151,0,2,2,2,5,5,4,0,0,0,2,22,2,
Georgia,Houston,13153,37,44,32,36,55,56,55,31,0,0,81,427,38.81818182,
Georgia,Irwin,13155,231,285,280,322,324,349,327,299,0,0,968,3385,307.7272727,
Georgia,Jackson,13157,0,0,2,4,1,18,16,0,0,0,0,41,3.727272727,
Georgia,Jasper,13159,0,0,0,0,0,2,3,0,0,0,0,5,0.454545455,
Georgia,Jeff Davis,13161,78,84,55,83,100,135,132,84,0,0,418,1169,106.2727273,
Georgia,Jefferson,13163,94,118,105,116,141,142,158,87,0,0,322,1283,116.6363636,
Georgia,Jenkins,13165,94,100,96,107,112,132,135,93,0,0,216,1085,98.63636364,
Georgia,Johnson,13167,45,59,57,55,66,85,82,50,0,0,62,561,51,
Georgia,Jones,13169,0,0,0,1,0,0,1,0,0,0,0,2,0.181818182,
Georgia,Lamar,13171,0,10,13,12,14,24,22,0,0,0,14,109,9.909090909,
Georgia,Lanier,13173,31,36,45,43,49,51,52,43,0,0,150,500,45.45454545,
Georgia,Laurens,13175,166,577,569,577,595,537,538,167,0,0,363,4089,371.7272727,
Georgia,Lee,13177,92,99,100,111,123,142,138,105,0,0,226,1136,103.2727273,
Georgia,Liberty,13179,0,0,0,0,0,1,1,0,0,0,0,2,0.181818182,
Georgia,Lincoln,13181,0,2,2,1,1,0,0,0,0,0,0,6,0.545454545,
Georgia,Long,13183,1,2,0,1,3,4,5,1,0,0,9,26,2.363636364,
Georgia,Lowndes,13185,67,76,70,79,79,85,83,68,0,0,246,853,77.54545455,
Georgia,Lumpkin,13187,0,3,2,1,2,5,4,0,0,0,0,17,1.545454545,
Georgia,McDuffie,13189,0,2,2,2,2,2,3,0,0,0,0,13,1.181818182,
Georgia,McIntosh,13191,0,0,0,0,0,0,0,0,0,0,0,0,0,
Georgia,Macon,13193,94,108,110,118,150,175,175,92,0,0,282,1304,118.5454545,
Georgia,Madison,13195,0,0,1,2,1,49,33,0,0,0,2,88,8,
Georgia,Marion,13197,39,39,36,43,47,59,55,34,0,0,59,411,37.36363636,
Georgia,Meriwether,13199,0,7,10,8,8,5,3,0,0,0,0,41,3.727272727,
Georgia,Miller,13201,133,129,109,147,146,164,171,166,0,0,519,1684,153.0909091,
Georgia,Mitchell,13205,205,239,214,235,254,270,272,238,0,0,809,2736,248.7272727,
Georgia,Monroe,13207,0,9,6,8,9,20,18,0,0,0,5,75,6.818181818,
Georgia,Montgomery,13209,35,62,56,53,54,88,72,13,0,0,58,491,44.63636364,
Georgia,Morgan,13211,0,9,5,7,16,8,9,0,0,0,41,95,8.636363636,
Georgia,Murray,13213,1,7,11,8,7,11,5,0,0,0,0,50,4.545454545,
Georgia,Muscogee,13215,0,0,0,0,0,0,0,0,0,0,0,0,0,
Georgia,Newton,13217,4,5,5,8,6,1,1,0,0,0,0,30,2.727272727,
Georgia,Oconee,13219,0,1,2,3,5,8,5,0,0,0,8,32,2.909090909,
Georgia,Oglethorpe,13221,0,22,21,21,21,21,23,0,0,0,0,129,11.72727273,
Georgia,Paulding,13223,0,0,0,0,0,0,0,0,0,0,0,0,0,
Georgia,Peach,13225,15,18,19,22,32,40,42,10,0,0,40,238,21.63636364,
Georgia,Pickens,13227,0,0,0,1,0,0,0,0,0,0,0,1,0.090909091,
Georgia,Pierce,13229,104,116,116,125,167,170,166,129,0,0,639,1732,157.4545455,
Georgia,Pike,13231,1,17,16,16,19,33,33,1,0,0,3,139,12.63636364,
Georgia,Polk,13233,0,22,18,21,23,24,30,0,0,0,3,141,12.81818182,
Georgia,Pulaski,13235,43,54,44,58,60,57,59,37,0,0,78,490,44.54545455,
Georgia,Putnam,13237,0,0,5,4,2,2,0,0,0,0,0,13,1.181818182,
Georgia,Quitman,13239,10,10,12,11,11,19,18,12,0,0,18,121,11,
Georgia,Rabun,13241,0,0,0,0,0,1,0,0,0,0,0,1,0.090909091,
Georgia,Randolph,13243,106,112,102,114,126,157,156,121,0,0,265,1259,114.4545455,
Georgia,Richmond,13245,2,3,2,2,4,1,1,0,0,0,0,15,1.363636364,
Georgia,Rockdale,13247,0,0,0,0,0,0,0,0,0,0,0,0,0,
Georgia,Schley,13249,37,42,40,45,45,59,54,35,0,0,55,412,37.45454545,
Georgia,Screven,13251,74,108,180,118,168,233,228,111,0,0,330,1550,140.9090909,
Georgia,Seminole,13253,128,123,100,133,130,166,151,117,0,0,261,1309,119,
Georgia,Spalding,13255,0,1,2,2,2,7,5,0,0,0,0,19,1.727272727,
Georgia,Stephens,13257,0,0,0,0,1,0,1,0,0,0,0,2,0.181818182,
Georgia,Stewart,13259,35,38,43,38,50,54,55,37,0,0,76,426,38.72727273,
Georgia,Sumter,13261,158,163,174,182,206,243,237,174,0,0,434,1971,179.1818182,
Georgia,Talbot,13263,2,1,2,5,4,4,5,2,0,0,2,27,2.454545455,
Georgia,Taliaferro,13265,0,0,0,0,0,0,0,0,0,0,0,0,0,
Georgia,Tattnall,13267,71,79,72,88,94,132,118,104,0,0,373,1131,102.8181818,
Georgia,Taylor,13269,8,10,10,9,18,18,18,4,0,0,9,104,9.454545455,
Georgia,Telfair,13271,117,123,123,139,151,209,210,131,0,0,308,1511,137.3636364,
Georgia,Terrell,13273,116,130,115,136,149,181,173,131,0,0,436,1567,142.4545455,
Georgia,Thomas,13275,130,133,133,169,145,153,150,117,0,0,562,1692,153.8181818,
Georgia,Tift,13277,163,199,169,197,211,214,200,184,0,0,589,2126,193.2727273,
Georgia,Toombs,13279,67,107,91,102,106,151,122,40,0,0,171,957,87,
Georgia,Towns,13281,0,0,0,0,0,1,0,0,0,0,0,1,0.090909091,
Georgia,Treutlen,13283,14,27,30,34,30,67,57,13,0,0,45,317,28.81818182,
Georgia,Troup,13285,0,1,2,0,1,1,1,0,0,0,0,6,0.545454545,
Georgia,Turner,13287,167,227,191,217,228,242,232,177,0,0,524,2205,200.4545455,
Georgia,Twiggs,13289,31,34,32,39,41,36,38,31,0,0,97,379,34.45454545,
Georgia,Union,13291,0,4,4,3,3,10,1,0,0,0,0,25,2.272727273,
Georgia,Upson,13293,0,5,6,7,5,14,15,0,0,0,0,52,4.727272727,
Georgia,Walker,13295,1,2,3,4,5,22,19,0,0,0,0,56,5.090909091,
Georgia,Walton,13297,0,3,1,3,8,13,9,0,0,0,7,44,4,
Georgia,Ware,13299,18,27,20,25,30,28,29,21,0,0,74,272,24.72727273,
Georgia,Warren,13301,6,9,10,10,16,18,20,8,0,0,21,118,10.72727273,
Georgia,Washington,13303,67,69,75,73,77,92,85,59,0,0,80,677,61.54545455,
Georgia,Wayne,13305,57,60,62,64,79,68,74,57,0,0,217,738,67.09090909,
Georgia,Webster,13307,63,66,73,75,72,81,82,76,0,0,175,763,69.36363636,
Georgia,Wheeler,13309,30,49,49,62,68,114,104,35,0,0,77,588,53.45454545,
Georgia,White,13311,0,5,4,5,1,6,4,0,0,0,0,25,2.272727273,
Georgia,Whitfield,13313,0,6,5,5,5,2,2,0,0,0,0,25,2.272727273,
Georgia,Wilcox,13315,147,238,216,248,228,225,203,140,0,0,646,2291,208.2727273,
Georgia,Wilkes,13317,0,12,23,15,19,2,4,0,0,0,2,77,7,
Georgia,Wilkinson,13319,8,46,39,34,33,27,28,7,0,0,15,237,21.54545455,
Georgia,Worth,13321,228,242,199,241,240,285,285,256,0,0,1086,3062,278.3636364,
Hawaii,Hawaii,15001,0,0,0,0,0,0,0,0,0,0,0,0,0,
Hawaii,Honolulu,15003,0,0,0,0,0,0,0,0,0,0,0,0,0,
Hawaii,Kalawao,15005,0,0,0,0,0,0,0,0,0,0,0,0,0,
Hawaii,Kauai,15007,0,0,0,0,0,0,0,0,0,0,0,0,0,
Hawaii,Maui,15009,0,0,0,0,0,0,0,0,0,0,0,0,0,
Idaho,Ada,16001,0,56,51,56,59,65,70,0,0,0,0,357,32.45454545,
Idaho,Adams,16003,0,13,12,8,8,10,11,0,0,0,0,62,5.636363636,
Idaho,Bannock,16005,0,199,209,214,223,229,234,0,0,0,0,1308,118.9090909,
Idaho,Bear Lake,16007,0,146,147,156,151,174,172,0,0,0,0,946,86,
Idaho,Benewah,16009,3,4,5,33,34,225,219,0,0,0,0,523,47.54545455,
Idaho,Bingham,16011,1,280,269,291,298,307,302,0,0,0,0,1748,158.9090909,
Idaho,Blaine,16013,0,18,20,30,33,35,34,0,0,0,0,170,15.45454545,
Idaho,Boise,16015,0,0,0,0,1,0,1,0,0,0,0,2,0.181818182,
Idaho,Bonner,16017,0,0,0,0,0,2,2,0,0,0,0,4,0.363636364,
Idaho,Bonneville,16019,4,185,185,206,226,230,215,0,0,0,0,1251,113.7272727,
Idaho,Boundary,16021,42,41,41,50,53,85,89,0,0,0,0,401,36.45454545,
Idaho,Butte,16023,0,84,90,107,103,112,116,0,0,0,0,612,55.63636364,
Idaho,Camas,16025,1,97,92,107,108,106,104,0,0,0,0,615,55.90909091,
Idaho,Canyon,16027,0,203,221,233,239,240,223,0,0,0,0,1359,123.5454545,
Idaho,Caribou,16029,0,209,199,225,225,224,224,0,0,0,0,1306,118.7272727,
Idaho,Cassia,16031,0,246,253,244,256,272,258,0,0,0,0,1529,139,
Idaho,Clark,16033,0,27,22,21,17,21,18,0,0,0,0,126,11.45454545,
Idaho,Clearwater,16035,1,17,19,35,33,46,44,0,0,0,0,195,17.72727273,
Idaho,Custer,16037,0,14,15,20,22,22,26,0,0,0,0,119,10.81818182,
Idaho,Elmore,16039,0,51,49,55,66,83,73,0,0,0,0,377,34.27272727,
Idaho,Franklin,16041,1,192,199,237,238,248,269,0,0,0,0,1384,125.8181818,
Idaho,Fremont,16043,17,285,273,305,301,288,282,0,0,0,0,1751,159.1818182,
Idaho,Gem,16045,0,48,45,73,79,70,71,0,0,0,0,386,35.09090909,
Idaho,Gooding,16047,0,103,109,122,113,117,90,0,0,0,0,654,59.45454545,
Idaho,Idaho,16049,179,206,194,360,360,431,410,0,0,0,0,2140,194.5454545,
Idaho,Jefferson,16051,3,220,216,257,258,262,263,0,0,0,0,1479,134.4545455,
Idaho,Jerome,16053,0,161,173,198,181,207,162,0,0,0,0,1082,98.36363636,
Idaho,Kootenai,16055,0,6,4,8,10,110,103,0,0,0,0,241,21.90909091,
Idaho,Latah,16057,18,182,181,234,244,462,482,37,0,2,0,1842,167.4545455,
Idaho,Lemhi,16059,0,18,16,29,30,29,30,0,0,0,0,152,13.81818182,
Idaho,Lewis,16061,143,164,165,252,241,305,295,22,0,10,0,1597,145.1818182,
Idaho,Lincoln,16063,0,46,54,57,51,54,51,0,0,0,0,313,28.45454545,
Idaho,Madison,16065,0,228,221,239,243,241,243,0,0,0,0,1415,128.6363636,
Idaho,Minidoka,16067,0,227,207,214,216,253,241,0,0,0,0,1358,123.4545455,
Idaho,Nez Perce,16069,79,277,274,319,317,387,388,27,0,8,0,2076,188.7272727,
Idaho,Oneida,16071,0,219,272,302,304,293,301,0,0,0,0,1691,153.7272727,
Idaho,Owyhee,16073,0,72,84,88,93,82,72,0,0,0,0,491,44.63636364,
Idaho,Payette,16075,0,61,54,60,58,64,60,0,0,0,0,357,32.45454545,
Idaho,Power,16077,1,195,190,183,190,186,209,0,0,0,0,1154,104.9090909,
Idaho,Shoshone,16079,0,0,0,0,0,0,0,0,0,0,0,0,0,
Idaho,Teton,16081,0,44,43,87,83,91,89,0,0,0,0,437,39.72727273,
Idaho,Twin Falls,16083,0,356,364,405,406,519,483,0,0,0,0,2533,230.2727273,
Idaho,Valley,16085,0,0,3,4,6,3,3,0,0,0,0,19,1.727272727,
Idaho,Washington,16087,0,166,146,155,146,148,151,0,0,0,0,912,82.90909091,
Illinois,Adams,17001,0,259,270,273,275,1125,630,0,0,0,0,2832,257.4545455,
Illinois,Alexander,17003,5,35,39,36,38,96,47,6,0,0,0,302,27.45454545,
Illinois,Bond,17005,0,314,316,313,323,571,367,0,0,0,0,2204,200.3636364,
Illinois,Boone,17007,0,13,19,22,18,218,81,0,0,0,0,371,33.72727273,
Illinois,Brown,17009,0,8,13,15,11,280,170,0,0,0,0,497,45.18181818,
Illinois,Bureau,17011,0,45,45,59,63,812,139,0,0,0,0,1163,105.7272727,
Illinois,Calhoun,17013,0,31,30,45,49,290,162,0,0,0,0,607,55.18181818,
Illinois,Carroll,17015,0,19,19,19,20,407,88,0,0,0,0,572,52,
Illinois,Cass,17017,0,27,26,32,29,484,166,0,0,0,0,764,69.45454545,
Illinois,Champaign,17019,0,54,61,72,74,1845,236,0,0,0,0,2342,212.9090909,
Illinois,Christian,17021,0,53,64,70,80,1321,281,0,0,0,0,1869,169.9090909,
Illinois,Clark,17023,0,37,37,41,48,869,378,0,0,0,0,1410,128.1818182,
Illinois,Clay,17025,0,111,117,117,122,648,560,0,0,0,0,1675,152.2727273,
Illinois,Clinton,17027,0,470,470,480,483,930,862,0,0,0,0,3695,335.9090909,
Illinois,Coles,17029,0,17,23,26,27,826,236,0,0,0,0,1155,105,
Illinois,Cook,17031,0,2,4,5,5,20,9,0,0,0,0,45,4.090909091,
Illinois,Crawford,17033,0,72,79,91,91,727,379,0,0,0,0,1439,130.8181818,
Illinois,Cumberland,17035,0,104,105,108,111,772,373,0,0,0,0,1573,143,
Illinois,DeKalb,17037,0,11,14,15,17,658,224,0,0,0,0,939,85.36363636,
Illinois,De Witt,17039,0,23,27,24,31,873,45,0,0,0,0,1023,93,
Illinois,Douglas,17041,0,34,38,41,44,853,108,0,0,0,0,1118,101.6363636,
Illinois,DuPage,17043,0,2,1,2,3,15,5,0,0,0,0,28,2.545454545,
Illinois,Edgar,17045,0,8,9,10,10,1043,272,0,0,0,0,1352,122.9090909,
Illinois,Edwards,17047,0,127,136,130,144,366,282,0,0,0,0,1185,107.7272727,
Illinois,Effingham,17049,0,120,135,153,151,1297,905,0,0,0,0,2761,251,
Illinois,Fayette,17051,0,162,172,181,195,1196,802,0,0,0,0,2708,246.1818182,
Illinois,Ford,17053,0,32,28,31,30,780,94,0,0,0,0,995,90.45454545,
Illinois,Franklin,17055,0,111,114,118,127,350,314,0,0,0,0,1134,103.0909091,
Illinois,Fulton,17057,0,31,41,56,62,643,284,0,0,0,0,1117,101.5454545,
Illinois,Gallatin,17059,0,159,167,169,163,285,246,0,0,0,0,1189,108.0909091,
Illinois,Greene,17061,0,47,47,53,69,651,336,0,0,0,0,1203,109.3636364,
Illinois,Grundy,17063,0,26,35,35,32,269,82,0,0,0,0,479,43.54545455,
Illinois,Hamilton,17065,0,424,447,457,445,583,476,0,0,0,0,2832,257.4545455,
Illinois,Hancock,17067,0,131,140,139,151,1005,413,0,0,0,0,1979,179.9090909,
Illinois,Hardin,17069,0,9,7,8,8,32,20,0,0,0,0,84,7.636363636,
Illinois,Henderson,17071,0,10,13,11,11,443,105,0,0,0,0,593,53.90909091,
Illinois,Henry,17073,0,22,29,30,32,876,232,0,0,0,0,1221,111,
Illinois,Iroquois,17075,0,60,66,68,68,1248,400,0,0,0,0,1910,173.6363636,
Illinois,Jackson,17077,0,194,200,204,206,264,249,0,0,0,0,1317,119.7272727,
Illinois,Jasper,17079,0,80,87,83,82,1258,728,0,0,0,0,2318,210.7272727,
Illinois,Jefferson,17081,0,414,433,453,462,858,753,0,0,0,0,3373,306.6363636,
Illinois,Jersey,17083,0,36,45,46,56,393,199,0,0,0,0,775,70.45454545,
Illinois,Jo Daviess,17085,0,4,11,15,20,505,97,0,0,0,0,652,59.27272727,
Illinois,Johnson,17087,0,9,14,21,22,100,78,0,0,0,0,244,22.18181818,
Illinois,Kane,17089,0,15,22,25,30,306,142,0,0,0,0,540,49.09090909,
Illinois,Kankakee,17091,0,76,89,93,94,879,259,0,0,0,0,1490,135.4545455,
Illinois,Kendall,17093,0,17,19,29,36,339,65,0,0,0,0,505,45.90909091,
Illinois,Knox,17095,0,79,84,88,85,854,309,0,0,0,0,1499,136.2727273,
Illinois,Lake,17097,0,2,3,4,4,20,16,0,0,0,0,49,4.454545455,
Illinois,LaSalle,17099,0,47,71,75,89,1685,98,0,0,0,0,2065,187.7272727,
Illinois,Lawrence,17101,0,89,84,82,85,585,371,0,0,0,0,1296,117.8181818,
Illinois,Lee,17103,0,19,26,28,31,596,120,0,0,0,0,820,74.54545455,
Illinois,Livingston,17105,0,48,51,52,56,2068,247,0,0,0,0,2522,229.2727273,
Illinois,Logan,17107,0,26,28,28,30,1183,188,0,0,0,0,1483,134.8181818,
Illinois,McDonough,17109,0,42,47,49,47,752,176,0,0,0,0,1113,101.1818182,
Illinois,McHenry,17111,0,28,47,53,59,283,136,0,0,0,0,606,55.09090909,
Illinois,McLean,17113,0,52,55,60,67,2194,209,0,0,0,0,2637,239.7272727,
Illinois,Macon,17115,0,14,14,11,15,997,76,0,0,0,0,1127,102.4545455,
Illinois,Macoupin,17117,0,124,128,133,145,1086,474,0,0,0,0,2090,190,
Illinois,Madison,17119,0,255,265,265,259,923,602,0,0,0,0,2569,233.5454545,
Illinois,Marion,17121,0,300,312,321,342,890,669,0,0,0,0,2834,257.6363636,
Illinois,Marshall,17123,0,30,31,40,42,670,153,0,0,0,0,966,87.81818182,
Illinois,Mason,17125,0,20,20,20,21,659,363,0,0,0,0,1103,100.2727273,
Illinois,Massac,17127,0,49,46,53,56,215,133,0,0,0,0,552,50.18181818,
Illinois,Menard,17129,0,17,19,19,25,543,196,0,0,0,0,819,74.45454545,
Illinois,Mercer,17131,0,8,8,12,14,517,140,0,0,0,0,699,63.54545455,
Illinois,Monroe,17133,0,689,692,695,695,827,772,0,0,0,0,4370,397.2727273,
Illinois,Montgomery,17135,0,112,121,130,141,1154,592,0,0,0,0,2250,204.5454545,
Illinois,Morgan,17137,0,70,71,79,87,924,342,0,0,0,0,1573,143,
Illinois,Moultrie,17139,0,8,10,11,11,668,105,0,0,0,0,813,73.90909091,
Illinois,Ogle,17141,0,39,40,42,58,618,203,0,0,0,0,1000,90.90909091,
Illinois,Peoria,17143,0,30,36,36,42,800,237,0,0,0,0,1181,107.3636364,
Illinois,Perry,17145,0,309,324,314,314,564,519,0,0,0,0,2344,213.0909091,
Illinois,Piatt,17147,0,19,26,29,38,887,114,0,0,0,0,1113,101.1818182,
Illinois,Pike,17149,0,88,102,101,108,659,387,0,0,0,0,1445,131.3636364,
Illinois,Pope,17151,0,21,22,27,30,89,53,0,0,0,0,242,22,
Illinois,Pulaski,17153,0,25,21,24,21,131,87,0,0,0,0,309,28.09090909,
Illinois,Putnam,17155,0,19,21,20,20,212,50,0,0,0,0,342,31.09090909,
Illinois,Randolph,17157,0,768,754,765,797,942,854,0,0,0,0,4880,443.6363636,
Illinois,Richland,17159,0,220,229,239,242,949,707,0,0,0,0,2586,235.0909091,
Illinois,Rock Island,17161,0,11,12,13,14,297,84,0,0,0,0,431,39.18181818,
Illinois,St. Clair,17163,0,555,549,555,572,914,702,0,0,0,0,3847,349.7272727,
Illinois,Saline,17165,0,88,84,84,87,245,156,0,0,0,0,744,67.63636364,
Illinois,Sangamon,17167,0,44,53,60,65,1277,182,0,0,0,0,1681,152.8181818,
Illinois,Schuyler,17169,0,26,28,30,24,466,254,0,0,0,0,828,75.27272727,
Illinois,Scott,17171,0,10,10,15,17,315,164,0,0,0,0,531,48.27272727,
Illinois,Shelby,17173,0,45,56,65,70,1657,880,0,0,0,0,2773,252.0909091,
Illinois,Stark,17175,0,26,27,29,29,524,158,0,0,0,0,793,72.09090909,
Illinois,Stephenson,17177,0,56,62,60,64,521,136,0,0,0,0,899,81.72727273,
Illinois,Tazewell,17179,0,159,173,163,171,1216,329,0,0,0,0,2211,201,
Illinois,Union,17181,2,22,27,33,37,82,51,5,0,0,0,259,23.54545455,
Illinois,Vermilion,17183,0,24,33,35,42,933,213,0,0,0,0,1280,116.3636364,
Illinois,Wabash,17185,0,66,67,65,77,377,249,0,0,0,0,901,81.90909091,
Illinois,Warren,17187,0,4,4,10,7,833,109,0,0,0,0,967,87.90909091,
Illinois,Washington,17189,0,721,706,681,665,1058,1002,0,0,0,0,4833,439.3636364,
Illinois,Wayne,17191,0,480,499,505,525,873,684,0,0,0,0,3566,324.1818182,
Illinois,White,17193,0,418,413,402,397,702,484,0,0,0,0,2816,256,
Illinois,Whiteside,17195,0,28,41,38,41,575,104,0,0,0,0,827,75.18181818,
Illinois,Will,17197,0,44,60,68,67,604,239,0,0,0,0,1082,98.36363636,
Illinois,Williamson,17199,0,11,16,23,26,61,54,0,0,0,0,191,17.36363636,
Illinois,Winnebago,17201,0,31,33,43,43,246,92,0,0,0,0,488,44.36363636,
Illinois,Woodford,17203,0,15,21,26,31,891,179,0,0,0,0,1163,105.7272727,
Indiana,Adams,18001,0,106,110,118,124,468,334,0,0,0,0,1260,114.5454545,
Indiana,Allen,18003,0,140,153,170,172,680,455,0,0,0,0,1770,160.9090909,
Indiana,Bartholomew,18005,0,36,46,38,42,248,158,0,0,0,0,568,51.63636364,
Indiana,Benton,18007,0,3,3,3,3,651,151,0,0,0,0,814,74,
Indiana,Blackford,18009,0,14,17,16,21,149,93,0,0,0,0,310,28.18181818,
Indiana,Boone,18011,0,36,46,51,53,488,197,0,0,0,0,871,79.18181818,
Indiana,Brown,18013,0,2,2,1,1,12,5,0,0,0,0,23,2.090909091,
Indiana,Carroll,18015,0,12,11,14,18,398,193,0,0,0,0,646,58.72727273,
Indiana,Cass,18017,0,41,57,64,70,440,142,0,0,0,0,814,74,
Indiana,Clark,18019,0,22,24,28,35,260,171,0,0,0,0,540,49.09090909,
Indiana,Clay,18021,1,141,177,181,195,859,396,0,0,0,0,1950,177.2727273,
Indiana,Clinton,18023,0,15,25,29,28,498,220,0,0,0,0,815,74.09090909,
Indiana,Crawford,18025,0,8,9,14,18,42,19,0,0,0,0,110,10,
Indiana,Daviess,18027,0,100,93,98,106,331,143,0,0,0,0,871,79.18181818,
Indiana,Dearborn,18029,0,15,13,20,24,24,19,0,0,0,0,115,10.45454545,
Indiana,Decatur,18031,0,41,43,46,48,391,265,0,0,0,0,834,75.81818182,
Indiana,DeKalb,18033,0,55,63,67,84,454,337,0,0,0,0,1060,96.36363636,
Indiana,Delaware,18035,0,37,40,49,64,315,150,0,0,0,0,655,59.54545455,
Indiana,Dubois,18037,0,49,50,52,57,399,263,0,0,0,0,870,79.09090909,
Indiana,Elkhart,18039,0,10,17,16,21,276,145,0,0,0,0,485,44.09090909,
Indiana,Fayette,18041,0,5,8,12,8,236,156,0,0,0,0,425,38.63636364,
Indiana,Floyd,18043,0,3,10,13,14,38,21,0,0,0,0,99,9,
Indiana,Fountain,18045,0,27,32,36,35,555,261,0,0,0,0,946,86,
Indiana,Franklin,18047,0,13,23,23,26,238,148,0,0,0,0,471,42.81818182,
Indiana,Fulton,18049,0,12,12,17,20,401,188,0,0,0,0,650,59.09090909,
Indiana,Gibson,18051,0,57,55,59,65,776,492,0,0,0,0,1504,136.7272727,
Indiana,Grant,18053,0,15,20,27,31,476,240,0,0,0,0,809,73.54545455,
Indiana,Greene,18055,0,86,84,83,88,272,118,0,0,0,0,731,66.45454545,
Indiana,Hamilton,18057,0,13,19,24,31,210,82,0,0,0,0,379,34.45454545,
Indiana,Hancock,18059,0,38,41,49,60,344,172,0,0,0,0,704,64,
Indiana,Harrison,18061,0,75,78,87,96,209,150,0,0,0,0,695,63.18181818,
Indiana,Hendricks,18063,0,30,32,43,38,167,79,0,0,0,0,389,35.36363636,
Indiana,Henry,18065,0,10,16,21,30,142,56,0,0,0,0,275,25,
Indiana,Howard,18067,0,6,10,11,12,442,177,0,0,0,0,658,59.81818182,
Indiana,Huntington,18069,0,37,42,44,47,413,233,0,0,0,0,816,74.18181818,
Indiana,Jackson,18071,0,61,65,77,74,351,335,0,0,0,0,963,87.54545455,
Indiana,Jasper,18073,0,27,27,30,35,616,111,0,0,0,0,846,76.90909091,
Indiana,Jay,18075,0,82,87,89,94,410,294,0,0,0,0,1056,96,
Indiana,Jefferson,18077,0,14,14,21,19,100,81,0,0,0,0,249,22.63636364,
Indiana,Jennings,18079,0,8,17,23,26,104,84,0,0,0,0,262,23.81818182,
Indiana,Johnson,18081,0,14,16,20,23,364,203,0,0,0,0,640,58.18181818,
Indiana,Knox,18083,0,68,72,69,75,454,337,0,0,0,0,1075,97.72727273,
Indiana,Kosciusko,18085,0,56,74,86,96,457,251,0,0,0,0,1020,92.72727273,
Indiana,LaGrange,18087,0,12,18,18,22,157,111,0,0,0,0,338,30.72727273,
Indiana,Lake,18089,0,18,19,22,23,154,69,0,0,0,0,305,27.72727273,
Indiana,LaPorte,18091,0,34,41,46,47,625,296,0,0,0,0,1089,99,
Indiana,Lawrence,18093,0,38,34,34,34,102,75,0,0,0,0,317,28.81818182,
Indiana,Madison,18095,0,23,40,53,57,420,199,0,0,0,0,792,72,
Indiana,Marion,18097,0,2,4,5,5,49,14,0,0,0,0,79,7.181818182,
Indiana,Marshall,18099,0,62,73,83,89,469,247,0,0,0,0,1023,93,
Indiana,Martin,18101,0,22,20,21,21,49,30,0,0,0,0,163,14.81818182,
Indiana,Miami,18103,0,14,17,20,22,371,199,0,0,0,0,643,58.45454545,
Indiana,Monroe,18105,0,6,5,7,7,84,28,0,0,0,0,137,12.45454545,
Indiana,Montgomery,18107,0,41,45,47,47,555,251,0,0,0,0,986,89.63636364,
Indiana,Morgan,18109,0,10,8,7,10,254,104,0,0,0,0,393,35.72727273,
Indiana,Newton,18111,0,44,47,56,56,577,113,0,0,0,0,893,81.18181818,
Indiana,Noble,18113,0,45,49,59,67,337,204,0,0,0,0,761,69.18181818,
Indiana,Ohio,18115,0,9,10,11,10,20,10,0,0,0,0,70,6.363636364,
Indiana,Orange,18117,0,11,16,17,18,90,70,0,0,0,0,222,20.18181818,
Indiana,Owen,18119,0,10,12,14,14,182,68,0,0,0,0,300,27.27272727,
Indiana,Parke,18121,0,21,22,36,35,329,190,0,0,0,0,633,57.54545455,
Indiana,Perry,18123,0,23,22,23,23,132,82,0,0,0,0,305,27.72727273,
Indiana,Pike,18125,0,18,18,21,22,243,124,0,0,0,0,446,40.54545455,
Indiana,Porter,18127,0,18,18,21,19,325,179,0,0,0,0,580,52.72727273,
Indiana,Posey,18129,0,136,138,140,144,896,715,0,0,0,0,2169,197.1818182,
Indiana,Pulaski,18131,0,36,44,47,58,509,189,0,0,0,0,883,80.27272727,
Indiana,Putnam,18133,0,41,47,62,67,330,172,0,0,0,0,719,65.36363636,
Indiana,Randolph,18135,0,34,42,43,43,495,266,0,0,0,0,923,83.90909091,
Indiana,Ripley,18137,0,37,45,51,51,245,244,0,0,0,0,673,61.18181818,
Indiana,Rush,18139,0,33,31,27,34,395,193,0,0,0,0,713,64.81818182,
Indiana,St. Joseph,18141,0,49,60,72,78,291,157,0,0,0,0,707,64.27272727,
Indiana,Scott,18143,0,14,20,21,22,123,93,0,0,0,0,293,26.63636364,
Indiana,Shelby,18145,0,34,34,44,48,405,193,0,0,0,0,758,68.90909091,
Indiana,Spencer,18147,0,58,62,63,63,581,269,0,0,0,0,1096,99.63636364,
Indiana,Starke,18149,0,12,13,19,23,439,134,0,0,0,0,640,58.18181818,
Indiana,Steuben,18151,0,12,18,16,30,228,163,0,0,0,0,467,42.45454545,
Indiana,Sullivan,18153,0,48,52,54,60,544,250,0,0,0,0,1008,91.63636364,
Indiana,Switzerland,18155,0,25,25,25,26,20,13,0,0,0,0,134,12.18181818,
Indiana,Tippecanoe,18157,0,30,37,44,38,572,204,0,0,0,0,925,84.09090909,
Indiana,Tipton,18159,0,22,27,31,33,438,111,0,0,0,0,662,60.18181818,
Indiana,Union,18161,0,11,13,14,17,196,120,0,0,0,0,371,33.72727273,
Indiana,Vanderburgh,18163,0,14,20,24,21,410,260,0,0,0,0,749,68.09090909,
Indiana,Vermillion,18165,0,2,3,6,6,168,84,0,0,0,0,269,24.45454545,
Indiana,Vigo,18167,0,50,52,56,62,746,243,0,0,0,0,1209,109.9090909,
Indiana,Wabash,18169,0,24,33,33,38,408,278,0,0,0,0,814,74,
Indiana,Warren,18171,0,10,9,10,14,365,152,0,0,0,0,560,50.90909091,
Indiana,Warrick,18173,0,8,27,31,34,334,194,0,0,0,0,628,57.09090909,
Indiana,Washington,18175,0,47,55,67,74,161,111,0,0,0,0,515,46.81818182,
Indiana,Wayne,18177,0,30,27,40,42,384,228,0,0,0,0,751,68.27272727,
Indiana,Wells,18179,0,81,82,79,90,567,349,0,0,0,0,1248,113.4545455,
Indiana,White,18181,0,46,58,52,56,419,113,0,0,0,0,744,67.63636364,
Indiana,Whitley,18183,0,82,89,93,97,310,234,0,0,0,0,905,82.27272727,
Iowa,Adair,19001,0,54,68,71,74,486,34,0,0,0,0,787,71.54545455,
Iowa,Adams,19003,0,47,56,63,70,438,64,0,0,0,0,738,67.09090909,
Iowa,Allamakee,19005,0,12,12,12,22,656,51,0,0,0,0,765,69.54545455,
Iowa,Appanoose,19007,0,64,61,65,64,176,30,0,0,0,0,460,41.81818182,
Iowa,Audubon,19009,0,7,7,12,12,534,6,0,0,0,0,578,52.54545455,
Iowa,Benton,19011,0,58,63,67,63,850,6,0,0,0,0,1107,100.6363636,
Iowa,Black Hawk,19013,0,33,37,39,40,704,15,0,0,0,0,868,78.90909091,
Iowa,Boone,19015,0,7,7,12,15,774,0,0,0,0,0,815,74.09090909,
Iowa,Bremer,19017,0,7,7,8,8,753,2,0,0,0,0,785,71.36363636,
Iowa,Buchanan,19019,0,17,19,21,17,761,30,0,0,0,0,865,78.63636364,
Iowa,Buena Vista,19021,0,8,11,10,16,883,0,0,0,0,0,928,84.36363636,
Iowa,Butler,19023,0,25,26,28,28,654,5,0,0,0,0,766,69.63636364,
Iowa,Calhoun,19025,0,17,15,19,16,961,0,0,0,0,0,1028,93.45454545,
Iowa,Carroll,19027,0,21,24,27,27,923,7,0,0,0,0,1029,93.54545455,
Iowa,Cass,19029,0,45,47,52,47,607,96,0,0,0,0,894,81.27272727,
Iowa,Cedar,19031,0,11,14,17,20,722,11,0,0,0,0,795,72.27272727,
Iowa,Cerro Gordo,19033,0,5,4,5,4,633,6,0,0,0,0,657,59.72727273,
Iowa,Cherokee,19035,0,11,12,12,13,725,0,0,0,0,0,773,70.27272727,
Iowa,Chickasaw,19037,0,7,7,10,9,830,10,0,0,0,0,873,79.36363636,
Iowa,Clarke,19039,0,126,144,155,146,349,63,0,0,0,0,983,89.36363636,
Iowa,Clay,19041,0,8,10,9,8,715,2,0,0,0,0,752,68.36363636,
Iowa,Clayton,19043,0,6,17,17,35,1068,58,0,0,0,0,1201,109.1818182,
Iowa,Clinton,19045,0,27,28,28,32,706,77,0,0,0,0,898,81.63636364,
Iowa,Crawford,19047,0,23,21,21,25,732,34,0,0,0,0,856,77.81818182,
Iowa,Dallas,19049,0,35,43,57,60,651,16,0,0,0,0,862,78.36363636,
Iowa,Davis,19051,0,93,125,136,137,390,150,0,0,0,0,1031,93.72727273,
Iowa,Decatur,19053,0,77,87,100,95,225,75,0,0,0,0,659,59.90909091,
Iowa,Delaware,19055,0,20,22,26,25,941,30,0,0,0,0,1064,96.72727273,
Iowa,Des Moines,19057,0,63,59,59,63,410,115,0,0,0,0,769,69.90909091,
Iowa,Dickinson,19059,0,6,7,7,9,385,3,0,0,0,0,417,37.90909091,
Iowa,Dubuque,19061,0,16,15,21,28,1008,11,0,0,0,0,1099,99.90909091,
Iowa,Emmet,19063,0,9,11,11,11,468,0,0,0,0,0,510,46.36363636,
Iowa,Fayette,19065,0,23,22,22,26,855,17,0,0,0,0,965,87.72727273,
Iowa,Floyd,19067,0,3,5,8,8,694,6,0,0,0,0,724,65.81818182,
Iowa,Franklin,19069,0,8,10,12,13,715,2,0,0,0,0,760,69.09090909,
Iowa,Fremont,19071,0,78,75,78,85,411,22,0,0,0,0,749,68.09090909,
Iowa,Greene,19073,0,17,21,24,26,819,9,0,0,0,0,916,83.27272727,
Iowa,Grundy,19075,0,6,6,6,6,658,3,0,0,0,0,685,62.27272727,
Iowa,Guthrie,19077,0,62,64,64,76,713,53,0,0,0,0,1032,93.81818182,
Iowa,Hamilton,19079,0,16,22,22,22,666,0,0,0,0,0,748,68,
Iowa,Hancock,19081,0,12,14,10,17,739,0,0,0,0,0,792,72,
Iowa,Hardin,19083,0,22,25,27,27,758,1,0,0,0,0,860,78.18181818,
Iowa,Harrison,19085,0,24,28,25,27,755,74,0,0,0,0,933,84.81818182,
Iowa,Henry,19087,0,126,139,139,142,495,96,0,0,0,0,1137,103.3636364,
Iowa,Howard,19089,0,20,23,23,24,567,0,0,0,0,0,657,59.72727273,
Iowa,Humboldt,19091,0,11,16,16,19,746,0,0,0,0,0,808,73.45454545,
Iowa,Ida,19093,0,11,13,15,15,500,12,0,0,0,0,566,51.45454545,
Iowa,Iowa,19095,0,64,62,65,66,616,37,0,0,0,0,910,82.72727273,
Iowa,Jackson,19097,0,71,74,77,79,562,43,0,0,0,0,906,82.36363636,
Iowa,Jasper,19099,0,56,60,63,70,835,6,0,0,0,0,1090,99.09090909,
Iowa,Jefferson,19101,0,106,111,112,121,368,134,0,0,0,0,952,86.54545455,
Iowa,Johnson,19103,0,56,57,63,72,662,4,0,0,0,0,914,83.09090909,
Iowa,Jones,19105,0,14,17,19,21,744,46,0,0,0,0,861,78.27272727,
Iowa,Keokuk,19107,0,278,286,303,312,758,49,0,0,0,0,1986,180.5454545,
Iowa,Kossuth,19109,0,26,29,29,28,1295,4,0,0,0,0,1411,128.2727273,
Iowa,Lee,19111,0,184,187,197,213,458,138,0,0,0,0,1377,125.1818182,
Iowa,Linn,19113,0,23,31,36,44,885,1,0,0,0,0,1020,92.72727273,
Iowa,Louisa,19115,0,36,39,38,41,378,64,0,0,0,0,596,54.18181818,
Iowa,Lucas,19117,0,124,128,117,135,334,51,0,0,0,0,889,80.81818182,
Iowa,Lyon,19119,0,19,19,21,25,857,7,0,0,0,0,948,86.18181818,
Iowa,Madison,19121,0,67,89,84,87,563,83,0,0,0,0,973,88.45454545,
Iowa,Mahaska,19123,0,34,36,33,35,741,15,0,0,0,0,894,81.27272727,
Iowa,Marion,19125,0,63,62,73,77,578,74,0,0,0,0,927,84.27272727,
Iowa,Marshall,19127,0,23,22,19,22,697,4,0,0,0,0,787,71.54545455,
Iowa,Mills,19129,0,52,49,51,53,449,23,0,0,0,0,677,61.54545455,
Iowa,Mitchell,19131,0,3,4,4,4,632,7,0,0,0,0,654,59.45454545,
Iowa,Monona,19133,0,6,6,8,10,678,16,0,0,0,0,724,65.81818182,
Iowa,Monroe,19135,0,65,57,57,54,248,34,0,0,0,0,515,46.81818182,
Iowa,Montgomery,19137,0,30,31,35,35,550,127,0,0,0,0,808,73.45454545,
Iowa,Muscatine,19139,0,6,6,11,16,524,1,0,0,0,0,564,51.27272727,
Iowa,O'Brien,19141,0,19,17,22,22,932,1,0,0,0,0,1013,92.09090909,
Iowa,Osceola,19143,0,8,8,11,11,545,4,0,0,0,0,587,53.36363636,
Iowa,Page,19145,0,69,71,76,84,639,34,0,0,0,0,973,88.45454545,
Iowa,Palo Alto,19147,0,14,16,15,16,741,4,0,0,0,0,806,73.27272727,
Iowa,Plymouth,19149,0,15,18,16,17,1063,32,0,0,0,0,1161,105.5454545,
Iowa,Pocahontas,19151,0,2,4,2,1,956,0,0,0,0,0,965,87.72727273,
Iowa,Polk,19153,0,30,31,32,35,573,12,0,0,0,0,713,64.81818182,
Iowa,E Pottawattamie,19155,0,29,28,30,33,580,13,0,0,0,0,713,64.81818182,
Iowa,W Pottawattamie,19156,0,28,27,30,32,437,26,0,0,0,0,580,52.72727273,
Iowa,Poweshiek,19157,0,35,40,41,44,641,16,0,0,0,0,817,74.27272727,
Iowa,Ringgold,19159,0,51,67,74,75,462,158,0,0,0,0,887,80.63636364,
Iowa,Sac,19161,0,9,14,16,12,833,5,0,0,0,0,889,80.81818182,
Iowa,Scott,19163,0,16,20,24,26,524,18,0,0,0,0,628,57.09090909,
Iowa,Shelby,19165,0,19,21,23,27,858,25,0,0,0,0,973,88.45454545,
Iowa,Sioux,19167,0,34,37,37,37,1123,14,0,0,0,0,1282,116.5454545,
Iowa,Story,19169,0,18,25,33,39,854,3,0,0,0,0,972,88.36363636,
Iowa,Tama,19171,0,38,36,37,37,803,8,0,0,0,0,959,87.18181818,
Iowa,Taylor,19173,0,49,50,45,46,461,96,0,0,0,0,747,67.90909091,
Iowa,Union,19175,0,36,27,39,38,180,4,0,0,0,0,324,29.45454545,
Iowa,Van Buren,19177,0,100,106,117,116,317,86,0,0,0,0,842,76.54545455,
Iowa,Wapello,19179,0,149,143,147,144,438,67,0,0,0,0,1088,98.90909091,
Iowa,Warren,19181,0,62,74,79,76,534,63,0,0,0,0,888,80.72727273,
Iowa,Washington,19183,0,363,384,389,389,775,123,0,0,0,0,2423,220.2727273,
Iowa,Wayne,19185,0,166,175,190,203,387,67,0,0,0,0,1188,108,
Iowa,Webster,19187,0,15,20,19,19,1055,1,0,0,0,0,1129,102.6363636,
Iowa,Winnebago,19189,0,2,2,2,3,491,20,0,0,0,0,520,47.27272727,
Iowa,Winneshiek,19191,0,6,13,18,18,931,107,0,0,0,0,1093,99.36363636,
Iowa,Woodbury,19193,0,24,27,26,32,804,43,0,0,0,0,956,86.90909091,
Iowa,Worth,19195,0,12,11,9,10,445,9,0,0,0,0,496,45.09090909,
Iowa,Wright,19197,0,8,14,13,13,723,0,0,0,0,0,771,70.09090909,
Kansas,Allen,20001,0,386,392,402,395,446,384,0,0,0,0,2405,218.6363636,
Kansas,Anderson,20003,0,201,207,208,229,317,259,0,0,0,1,1422,129.2727273,
Kansas,Atchison,20005,0,320,336,338,344,458,202,0,0,0,0,1998,181.6363636,
Kansas,Barber,20007,29,136,102,132,159,373,367,0,0,0,4,1302,118.3636364,
Kansas,Barton,20009,3,775,777,776,759,1241,1253,0,0,0,0,5584,507.6363636,
Kansas,Bourbon,20011,0,354,293,396,433,354,301,0,0,0,0,2131,193.7272727,
Kansas,Brown,20013,0,77,83,91,96,640,211,0,0,0,0,1198,108.9090909,
Kansas,Butler,20015,0,656,653,661,664,814,734,0,0,0,19,4201,381.9090909,
Kansas,Chase,20017,0,114,103,108,113,172,162,0,0,0,0,772,70.18181818,
Kansas,Chautauqua,20019,0,18,11,27,27,29,39,0,0,0,0,151,13.72727273,
Kansas,Cherokee,20021,0,284,274,288,305,707,676,0,0,0,0,2534,230.3636364,
Kansas,Cheyenne,20023,0,237,232,248,257,792,746,0,0,0,0,2512,228.3636364,
Kansas,Clark,20025,1,451,447,450,455,522,481,0,0,0,0,2807,255.1818182,
Kansas,Clay,20027,0,126,129,136,142,561,534,0,0,0,0,1628,148,
Kansas,Cloud,20029,0,148,157,156,157,871,845,0,0,0,0,2334,212.1818182,
Kansas,Coffey,20031,0,325,346,339,337,535,420,0,0,0,0,2302,209.2727273,
Kansas,Comanche,20033,0,18,17,17,17,15,10,0,0,0,0,94,8.545454545,
Kansas,Cowley,20035,0,470,471,476,486,738,709,0,0,0,14,3364,305.8181818,
Kansas,Crawford,20037,0,376,402,417,420,657,627,0,0,0,0,2899,263.5454545,
Kansas,Decatur,20039,0,89,96,93,104,637,610,0,0,0,0,1629,148.0909091,
Kansas,Dickinson,20041,1,587,593,624,625,1186,1157,0,0,0,0,4773,433.9090909,
Kansas,Doniphan,20043,0,100,112,109,115,433,85,0,0,0,0,954,86.72727273,
Kansas,Douglas,20045,0,176,184,194,211,443,310,0,0,0,0,1518,138,
Kansas,Edwards,20047,0,322,320,337,328,609,586,0,0,0,0,2502,227.4545455,
Kansas,Elk,20049,0,45,38,47,58,48,41,0,0,0,1,278,25.27272727,
Kansas,Ellis,20051,0,792,788,799,803,1048,1034,0,0,0,0,5264,478.5454545,
Kansas,Ellsworth,20053,0,414,411,396,414,697,696,0,0,0,0,3028,275.2727273,
Kansas,Finney,20055,1,591,585,596,574,816,785,0,0,0,0,3948,358.9090909,
Kansas,Ford,20057,0,777,777,787,776,999,930,0,0,0,0,5046,458.7272727,
Kansas,Franklin,20059,0,176,187,193,212,483,413,0,0,0,0,1664,151.2727273,
Kansas,Geary,20061,0,65,62,61,55,110,109,0,0,0,0,462,42,
Kansas,Gove,20063,0,318,305,298,296,241,205,0,0,0,0,1663,151.1818182,
Kansas,Graham,20065,0,485,476,483,464,587,546,0,0,0,0,3041,276.4545455,
Kansas,Grant,20067,0,435,423,424,423,599,553,0,0,0,0,2857,259.7272727,
Kansas,Gray,20069,2,724,721,721,717,932,873,0,0,0,0,4690,426.3636364,
Kansas,Greeley,20071,0,422,428,453,443,640,589,0,0,0,0,2975,270.4545455,
Kansas,Greenwood,20073,0,137,122,128,152,215,184,0,0,0,0,938,85.27272727,
Kansas,Hamilton,20075,0,498,469,465,449,555,553,0,0,0,0,2989,271.7272727,
Kansas,Harper,20077,19,244,239,260,263,904,885,0,0,0,0,2814,255.8181818,
Kansas,Harvey,20079,1,913,923,920,895,1136,1075,0,0,0,0,5863,533,
Kansas,Haskell,20081,0,355,360,355,349,631,605,0,0,0,0,2655,241.3636364,
Kansas,Hodgeman,20083,0,602,590,590,586,681,668,0,0,0,0,3717,337.9090909,
Kansas,Jackson,20085,0,155,160,175,175,362,240,0,0,0,0,1267,115.1818182,
Kansas,Jefferson,20087,0,317,331,329,321,476,266,0,0,0,0,2040,185.4545455,
Kansas,Jewell,20089,0,214,222,232,230,772,729,0,0,0,0,2399,218.0909091,
Kansas,Johnson,20091,0,170,173,162,160,169,135,0,0,0,0,969,88.09090909,
Kansas,Kearny,20093,0,507,505,520,521,614,582,0,0,0,0,3249,295.3636364,
Kansas,Kingman,20095,0,457,482,498,514,1065,1036,0,0,0,1,4053,368.4545455,
Kansas,Kiowa,20097,1,244,246,225,230,449,408,0,0,0,0,1803,163.9090909,
Kansas,Labette,20099,0,363,391,397,403,609,555,0,0,0,0,2718,247.0909091,
Kansas,Lane,20101,4,450,439,444,441,580,542,0,0,0,0,2900,263.6363636,
Kansas,Leavenworth,20103,0,226,236,238,237,292,181,0,0,0,0,1410,128.1818182,
Kansas,Lincoln,20105,2,164,155,161,161,675,653,0,0,0,0,1971,179.1818182,
Kansas,Linn,20107,0,436,458,470,463,475,432,0,0,0,0,2734,248.5454545,
Kansas,Logan,20109,1,263,262,274,280,646,612,0,0,0,0,2338,212.5454545,
Kansas,Lyon,20111,0,276,282,283,306,384,350,0,0,0,0,1881,171,
Kansas,McPherson,20113,0,1108,1125,1113,1111,1549,1479,0,0,0,0,7485,680.4545455,
Kansas,Marion,20115,0,617,637,629,629,1068,1024,0,0,0,0,4604,418.5454545,
Kansas,Marshall,20117,0,388,393,384,398,1217,1052,0,0,0,0,3832,348.3636364,
Kansas,Meade,20119,0,437,440,453,475,679,636,0,0,0,0,3120,283.6363636,
Kansas,Miami,20121,0,346,373,358,388,382,274,0,0,0,0,2121,192.8181818,
Kansas,Mitchell,20123,0,173,180,180,182,758,732,0,0,0,0,2205,200.4545455,
Kansas,Montgomery,20125,0,201,209,213,225,478,498,0,0,0,0,1824,165.8181818,
Kansas,Morris,20127,0,269,266,268,274,427,390,0,0,0,0,1894,172.1818182,
Kansas,Morton,20129,0,353,344,329,313,448,370,0,0,0,0,2157,196.0909091,
Kansas,Nemaha,20131,0,120,137,136,141,738,533,0,0,0,0,1805,164.0909091,
Kansas,Neosho,20133,0,190,201,200,201,506,484,0,0,0,0,1782,162,
Kansas,Ness,20135,0,817,795,818,776,940,915,0,0,0,0,5061,460.0909091,
Kansas,Norton,20137,0,113,128,129,121,528,501,0,0,0,0,1520,138.1818182,
Kansas,Osage,20139,0,256,274,270,301,493,345,0,0,0,0,1939,176.2727273,
Kansas,Osborne,20141,0,301,301,315,328,715,693,0,0,0,0,2653,241.1818182,
Kansas,Ottawa,20143,0,111,123,122,126,594,588,0,0,0,0,1664,151.2727273,
Kansas,Pawnee,20145,0,483,490,475,476,855,813,0,0,0,0,3592,326.5454545,
Kansas,Phillips,20147,0,251,251,259,265,741,708,0,0,0,0,2475,225,
Kansas,Pottawatomie,20149,0,154,150,159,165,562,356,0,0,0,0,1546,140.5454545,
Kansas,Pratt,20151,1,369,379,373,374,852,817,0,0,0,2,3167,287.9090909,
Kansas,Rawlins,20153,0,370,346,354,343,631,609,0,0,0,0,2653,241.1818182,
Kansas,Reno,20155,4,1111,1118,1124,1110,1432,1366,0,0,0,3,7268,660.7272727,
Kansas,Republic,20157,0,171,168,170,180,834,770,0,0,0,0,2293,208.4545455,
Kansas,Rice,20159,0,749,761,750,714,990,917,0,0,0,0,4881,443.7272727,
Kansas,Riley,20161,0,102,101,102,115,287,255,0,0,0,0,962,87.45454545,
Kansas,Rooks,20163,0,260,252,257,264,682,671,0,0,0,0,2386,216.9090909,
Kansas,Rush,20165,0,832,832,829,813,989,961,0,0,0,0,5256,477.8181818,
Kansas,Russell,20167,0,436,436,442,431,768,734,0,0,0,0,3247,295.1818182,
Kansas,Saline,20169,0,328,356,344,352,798,766,0,0,0,0,2944,267.6363636,
Kansas,Scott,20171,0,600,604,607,603,703,696,0,0,0,0,3813,346.6363636,
Kansas,Sedgwick,20173,1,854,917,908,910,1369,1285,0,0,0,12,6256,568.7272727,
Kansas,Seward,20175,0,227,228,240,276,455,417,0,0,0,0,1843,167.5454545,
Kansas,Shawnee,20177,0,134,146,163,148,431,233,0,0,0,0,1255,114.0909091,
Kansas,Sheridan,20179,0,521,521,519,526,731,694,0,0,0,0,3512,319.2727273,
Kansas,Sherman,20181,0,216,224,241,240,823,777,0,0,0,0,2521,229.1818182,
Kansas,Smith,20183,0,233,244,236,251,789,727,0,0,0,0,2480,225.4545455,
Kansas,Stafford,20185,0,206,202,214,223,874,838,0,0,0,0,2557,232.4545455,
Kansas,Stanton,20187,0,396,406,394,393,472,452,0,0,0,0,2513,228.4545455,
Kansas,Stevens,20189,0,420,424,419,402,597,534,0,0,0,4,2800,254.5454545,
Kansas,Sumner,20191,9,580,580,596,591,1691,1669,0,0,0,13,5729,520.8181818,
Kansas,Thomas,20193,0,226,228,232,245,741,698,0,0,0,0,2370,215.4545455,
Kansas,Trego,20195,0,495,476,485,481,611,564,0,0,0,0,3112,282.9090909,
Kansas,Wabaunsee,20197,0,108,106,108,101,265,138,0,0,0,0,826,75.09090909,
Kansas,Wallace,20199,0,204,203,199,193,420,393,0,0,0,0,1612,146.5454545,
Kansas,Washington,20201,0,196,192,202,208,1019,944,0,0,0,0,2761,251,
Kansas,Wichita,20203,0,540,511,532,512,676,648,0,0,0,0,3419,310.8181818,
Kansas,Wilson,20205,0,210,201,222,233,458,435,0,0,0,0,1759,159.9090909,
Kansas,Woodson,20207,0,147,156,154,159,209,192,0,0,0,0,1017,92.45454545,
Kansas,Wyandotte,20209,0,9,11,13,12,13,9,0,0,0,0,67,6.090909091,
Kentucky,Adair,21001,0,115,163,149,139,252,105,0,0,0,0,923,83.90909091,
Kentucky,Allen,21003,0,14,29,32,36,288,211,0,0,0,0,610,55.45454545,
Kentucky,Anderson,21005,0,9,9,7,5,14,3,0,0,0,0,47,4.272727273,
Kentucky,Ballard,21007,0,15,18,19,21,347,242,0,0,0,0,662,60.18181818,
Kentucky,Barren,21009,0,78,84,85,90,371,250,0,0,0,0,958,87.09090909,
Kentucky,Bath,21011,0,22,26,17,22,31,10,0,0,0,0,128,11.63636364,
Kentucky,Bell,21013,0,4,0,4,3,3,0,0,0,0,0,14,1.272727273,
Kentucky,Boone,21015,0,27,29,33,29,28,9,0,0,0,0,155,14.09090909,
Kentucky,Bourbon,21017,0,49,74,56,61,70,54,0,0,0,0,364,33.09090909,
Kentucky,Boyd,21019,0,7,5,3,4,2,1,0,0,0,0,22,2,
Kentucky,Boyle,21021,0,31,36,44,49,69,35,0,0,0,0,264,24,
Kentucky,Bracken,21023,0,24,22,22,23,53,39,0,0,0,0,183,16.63636364,
Kentucky,Breathitt,21025,0,50,51,46,44,40,0,0,0,0,0,231,21,
Kentucky,Breckinridge,21027,0,34,45,44,50,214,189,0,0,0,0,576,52.36363636,
Kentucky,Bullitt,21029,0,1,1,7,9,24,11,0,0,0,0,53,4.818181818,
Kentucky,Butler,21031,0,10,10,14,13,155,66,0,0,0,0,268,24.36363636,
Kentucky,Caldwell,21033,0,92,87,104,105,299,183,0,0,0,0,870,79.09090909,
Kentucky,Calloway,21035,0,53,62,72,75,1003,837,0,0,0,0,2102,191.0909091,
Kentucky,Campbell,21037,0,8,8,9,13,3,4,0,0,0,0,45,4.090909091,
Kentucky,Carlisle,21039,0,25,27,23,29,253,176,0,0,0,0,533,48.45454545,
Kentucky,Carroll,21041,0,21,20,22,25,24,13,0,0,0,0,125,11.36363636,
Kentucky,Carter,21043,0,38,38,33,33,43,5,0,0,0,0,190,17.27272727,
Kentucky,Casey,21045,0,26,55,89,109,330,46,0,0,0,0,655,59.54545455,
Kentucky,Christian,21047,3,160,173,176,179,517,387,0,0,0,0,1595,145,
Kentucky,Clark,21049,0,65,66,70,65,64,30,0,0,0,0,360,32.72727273,
Kentucky,Clay,21051,0,23,3,9,4,2,0,0,0,0,0,41,3.727272727,
Kentucky,Clinton,21053,0,38,62,71,67,57,31,0,0,0,0,326,29.63636364,
Kentucky,Crittenden,21055,0,31,37,38,38,192,106,0,0,0,0,442,40.18181818,
Kentucky,Cumberland,21057,0,29,39,44,42,53,24,0,0,0,0,231,21,
Kentucky,Daviess,21059,0,14,17,18,20,679,374,0,0,0,0,1122,102,
Kentucky,Edmonson,21061,0,40,45,45,45,80,49,0,0,0,0,304,27.63636364,
Kentucky,Elliott,21063,0,7,10,4,4,13,3,0,0,0,0,41,3.727272727,
Kentucky,Estill,21065,0,65,60,52,55,64,7,0,0,0,0,303,27.54545455,
Kentucky,Fayette,21067,0,1,5,4,5,40,23,0,0,0,0,78,7.090909091,
Kentucky,Fleming,21069,0,23,29,28,29,517,185,0,0,0,0,811,73.72727273,
Kentucky,Floyd,21071,0,0,0,1,1,1,0,0,0,0,0,3,0.272727273,
Kentucky,Franklin,21073,0,11,10,7,6,11,0,0,0,0,0,45,4.090909091,
Kentucky,Fulton,21075,8,79,77,80,75,266,225,0,0,0,0,810,73.63636364,
Kentucky,Gallatin,21077,0,5,3,4,6,12,1,0,0,0,0,31,2.818181818,
Kentucky,Garrard,21079,0,20,20,22,33,82,40,0,0,0,0,217,19.72727273,
Kentucky,Grant,21081,0,15,15,17,17,12,1,0,0,0,0,77,7,
Kentucky,Graves,21083,0,25,39,34,40,851,576,0,0,0,0,1565,142.2727273,
Kentucky,Grayson,21085,0,48,51,50,56,192,93,0,0,0,0,490,44.54545455,
Kentucky,Green,21087,0,12,18,16,22,221,72,0,0,0,0,361,32.81818182,
Kentucky,Greenup,21089,0,0,4,3,4,28,1,0,0,0,0,40,3.636363636,
Kentucky,Hancock,21091,0,2,4,8,10,107,93,0,0,0,0,224,20.36363636,
Kentucky,Hardin,21093,0,32,41,40,48,286,173,0,0,0,0,620,56.36363636,
Kentucky,Harlan,21095,0,0,0,0,0,0,0,0,0,0,0,0,0,
Kentucky,Harrison,21097,0,18,22,24,21,16,9,0,0,0,0,110,10,
Kentucky,Hart,21099,0,63,66,54,72,249,77,0,0,0,0,581,52.81818182,
Kentucky,Henderson,21101,0,27,29,35,37,493,215,0,0,0,0,836,76,
Kentucky,Henry,21103,0,26,25,35,35,92,71,0,0,0,0,284,25.81818182,
Kentucky,Hickman,21105,0,42,41,46,44,260,199,0,0,0,0,632,57.45454545,
Kentucky,Hopkins,21107,0,31,28,36,39,320,100,0,0,0,0,554,50.36363636,
Kentucky,Jackson,21109,0,0,0,2,2,19,0,0,0,0,0,23,2.090909091,
Kentucky,Jefferson,21111,0,1,3,6,6,5,4,0,0,0,0,25,2.272727273,
Kentucky,Jessamine,21113,0,4,7,13,12,31,11,0,0,0,0,78,7.090909091,
Kentucky,Johnson,21115,0,7,6,7,8,10,0,0,0,0,0,38,3.454545455,
Kentucky,Kenton,21117,0,10,16,17,15,10,1,0,0,0,0,69,6.272727273,
Kentucky,Knott,21119,0,0,0,0,0,0,0,0,0,0,0,0,0,
Kentucky,Knox,21121,0,8,3,6,5,8,1,0,0,0,0,31,2.818181818,
Kentucky,Larue,21123,0,15,18,25,21,172,105,0,0,0,0,356,32.36363636,
Kentucky,Laurel,21125,0,5,7,5,9,52,5,0,0,0,0,83,7.545454545,
Kentucky,Lawrence,21127,0,16,18,16,15,21,0,0,0,0,0,86,7.818181818,
Kentucky,Lee,21129,0,55,53,49,45,46,0,0,0,0,0,248,22.54545455,
Kentucky,Leslie,21131,0,0,0,0,0,0,0,0,0,0,0,0,0,
Kentucky,Letcher,21133,0,0,0,0,0,0,0,0,0,0,0,0,0,
Kentucky,Lewis,21135,0,7,13,9,16,97,22,0,0,0,0,164,14.90909091,
Kentucky,Lincoln,21137,0,103,102,96,128,242,71,0,0,0,0,742,67.45454545,
Kentucky,Livingston,21139,0,33,37,38,39,168,103,0,0,0,0,418,38,
Kentucky,Logan,21141,0,177,185,199,200,489,387,0,0,0,0,1637,148.8181818,
Kentucky,Lyon,21143,0,19,16,22,25,89,63,0,0,0,0,234,21.27272727,
Kentucky,McCracken,21145,0,17,21,20,25,182,108,0,0,0,0,373,33.90909091,
Kentucky,McCreary,21147,0,8,11,11,13,14,0,0,0,0,0,57,5.181818182,
Kentucky,McLean,21149,0,47,51,56,65,366,235,0,0,0,0,820,74.54545455,
Kentucky,Madison,21151,0,104,95,87,86,112,32,0,0,0,0,516,46.90909091,
Kentucky,Magoffin,21153,0,61,47,65,64,61,0,0,0,0,0,298,27.09090909,
Kentucky,Marion,21155,0,16,24,28,28,453,260,0,0,0,0,809,73.54545455,
Kentucky,Marshall,21157,0,6,12,15,15,444,301,0,0,0,0,793,72.09090909,
Kentucky,Martin,21159,0,0,0,0,0,0,0,0,0,0,0,0,0,
Kentucky,Mason,21161,0,57,58,65,65,175,121,0,0,0,0,541,49.18181818,
Kentucky,Meade,21163,0,16,21,22,23,209,188,0,0,0,0,479,43.54545455,
Kentucky,Menifee,21165,0,2,2,2,2,1,0,0,0,0,0,9,0.818181818,
Kentucky,Mercer,21167,0,36,50,64,71,115,41,0,0,0,0,377,34.27272727,
Kentucky,Metcalfe,21169,0,26,31,34,41,164,67,0,0,0,0,363,33,
Kentucky,Monroe,21171,0,24,24,23,27,283,150,0,0,0,0,531,48.27272727,
Kentucky,Montgomery,21173,0,51,52,48,47,28,14,0,0,0,0,240,21.81818182,
Kentucky,Morgan,21175,0,79,70,78,77,75,0,0,0,0,0,379,34.45454545,
Kentucky,Muhlenberg,21177,0,36,44,43,71,174,64,0,0,0,0,432,39.27272727,
Kentucky,Nelson,21179,0,32,37,48,58,161,125,0,0,0,0,461,41.90909091,
Kentucky,Nicholas,21181,0,18,17,12,14,22,22,0,0,0,0,105,9.545454545,
Kentucky,Ohio,21183,0,22,35,46,53,193,119,0,0,0,0,468,42.54545455,
Kentucky,Oldham,21185,0,11,8,11,11,21,17,0,0,0,0,79,7.181818182,
Kentucky,Owen,21187,0,23,23,27,38,29,19,0,0,0,0,159,14.45454545,
Kentucky,Owsley,21189,0,15,10,9,6,10,1,0,0,0,0,51,4.636363636,
Kentucky,Pendleton,21191,0,26,31,31,33,41,6,0,0,0,0,168,15.27272727,
Kentucky,Perry,21193,0,1,1,1,1,1,0,0,0,0,0,5,0.454545455,
Kentucky,Pike,21195,0,0,0,1,1,1,0,0,0,0,0,3,0.272727273,
Kentucky,Powell,21197,0,13,13,17,15,10,0,0,0,0,0,68,6.181818182,
Kentucky,Pulaski,21199,0,231,240,259,269,344,176,0,0,0,0,1519,138.0909091,
Kentucky,Robertson,21201,0,3,3,4,3,15,1,0,0,0,0,29,2.636363636,
Kentucky,Rockcastle,21203,0,79,71,58,41,53,14,0,0,0,0,316,28.72727273,
Kentucky,Rowan,21205,0,1,2,1,1,42,5,0,0,0,0,52,4.727272727,
Kentucky,Russell,21207,0,96,111,105,97,143,57,0,0,0,0,609,55.36363636,
Kentucky,Scott,21209,0,1,19,23,28,52,30,0,0,0,0,153,13.90909091,
Kentucky,Shelby,21211,0,34,55,54,77,133,91,0,0,0,0,444,40.36363636,
Kentucky,Simpson,21213,4,122,128,139,138,335,321,0,0,0,0,1187,107.9090909,
Kentucky,Spencer,21215,0,15,11,15,25,33,21,0,0,0,0,120,10.90909091,
Kentucky,Taylor,21217,0,13,31,33,34,313,205,0,0,0,0,629,57.18181818,
Kentucky,Todd,21219,1,103,114,119,116,362,300,0,0,0,0,1115,101.3636364,
Kentucky,Trigg,21221,0,31,32,30,34,190,154,0,0,0,0,471,42.81818182,
Kentucky,Trimble,21223,0,18,19,21,31,54,40,0,0,0,0,183,16.63636364,
Kentucky,Union,21225,0,13,15,15,16,338,141,0,0,0,0,538,48.90909091,
Kentucky,Warren,21227,0,193,164,159,161,247,205,0,0,0,0,1129,102.6363636,
Kentucky,Washington,21229,0,6,8,12,12,183,107,0,0,0,0,328,29.81818182,
Kentucky,Wayne,21231,0,26,25,19,22,157,66,0,0,0,0,315,28.63636364,
Kentucky,Webster,21233,0,38,38,61,58,457,186,0,0,0,0,838,76.18181818,
Kentucky,Whitley,21235,0,30,8,8,16,17,1,0,0,0,0,80,7.272727273,
Kentucky,Wolfe,21237,0,73,60,89,83,77,2,0,0,0,0,384,34.90909091,
Kentucky,Woodford,21239,0,14,14,14,13,28,13,0,0,0,0,96,8.727272727,
Louisiana,Acadia,22001,1940,1980,1910,1894,1798,1481,1373,1277,0,0,0,13653,1241.181818,
Louisiana,Allen,22003,294,292,278,303,297,237,239,210,0,0,0,2150,195.4545455,
Louisiana,Ascension,22005,0,4,6,4,4,3,3,0,0,0,0,24,2.181818182,
Louisiana,Assumption,22007,0,9,7,7,8,10,10,0,0,0,0,51,4.636363636,
Louisiana,Avoyelles,22009,49,194,205,233,291,371,298,49,0,0,616,2306,209.6363636,
Louisiana,Beauregard,22011,28,76,71,70,71,49,37,14,0,0,0,416,37.81818182,
Louisiana,Bienville,22013,0,0,0,0,0,0,0,0,0,0,0,0,0,
Louisiana,Bossier,22015,2,47,49,47,44,39,35,3,0,0,30,296,26.90909091,
Louisiana,Caddo,22017,4,74,73,79,94,85,79,3,0,0,59,550,50,
Louisiana,Calcasieu,22019,270,279,260,272,280,193,207,170,0,0,0,1931,175.5454545,
Louisiana,Caldwell,22021,8,25,16,22,75,74,60,7,0,0,122,409,37.18181818,
Louisiana,Cameron,22023,94,87,87,103,115,97,77,73,0,0,0,733,66.63636364,
Louisiana,Catahoula,22025,53,55,56,58,184,255,217,39,0,0,355,1272,115.6363636,
Louisiana,Claiborne,22027,0,2,2,2,2,2,1,0,0,0,0,11,1,
Louisiana,Concordia,22029,90,73,64,91,281,325,280,62,0,0,441,1707,155.1818182,
Louisiana,De Soto,22031,0,7,5,4,4,4,3,0,0,0,0,27,2.454545455,
Louisiana,East Baton Rouge,22033,0,0,0,0,0,1,3,0,0,0,0,4,0.363636364,
Louisiana,East Carroll,22035,106,122,107,141,260,266,270,101,0,0,553,1926,175.0909091,
Louisiana,East Feliciana,22037,0,1,2,3,0,3,2,0,0,0,0,11,1,
Louisiana,Evangeline,22039,492,499,533,527,569,569,553,524,0,0,59,4325,393.1818182,
Louisiana,Franklin,22041,23,103,94,132,785,919,929,45,0,0,1236,4266,387.8181818,
Louisiana,Grant,22043,0,5,4,5,31,35,27,0,0,0,52,159,14.45454545,
Louisiana,Iberia,22045,77,85,95,93,85,78,74,47,0,0,0,634,57.63636364,
Louisiana,Iberville,22047,6,32,29,27,30,44,32,3,0,0,1,204,18.54545455,
Louisiana,Jackson,22049,0,0,0,0,0,0,0,0,0,0,0,0,0,
Louisiana,Jefferson,22051,0,0,0,0,0,0,0,0,0,0,0,0,0,
Louisiana,Jefferson Davis,22053,1077,1052,988,1073,1027,914,885,654,0,0,0,7670,697.2727273,
Louisiana,Lafayette,22055,52,55,60,69,67,39,38,29,0,0,0,409,37.18181818,
Louisiana,Lafourche,22057,0,2,1,3,4,4,4,0,0,0,0,18,1.636363636,
Louisiana,La Salle,22059,0,0,1,1,3,5,3,1,0,0,10,24,2.181818182,
Louisiana,Lincoln,22061,0,0,0,0,0,0,0,0,0,0,0,0,0,
Louisiana,Livingston,22063,0,0,0,0,0,0,0,0,0,0,0,0,0,
Louisiana,Madison,22065,65,82,68,90,362,402,391,62,0,0,699,2221,201.9090909,
Louisiana,Morehouse,22067,221,206,181,235,373,392,370,181,0,0,686,2845,258.6363636,
Louisiana,Natchitoches,22069,15,39,37,40,80,87,79,17,0,0,157,551,50.09090909,
Louisiana,Orleans,22071,0,0,0,0,0,0,0,0,0,0,0,0,0,
Louisiana,Ouachita,22073,22,32,24,25,99,88,83,22,0,0,194,589,53.54545455,
Louisiana,Plaquemines,22075,0,0,0,0,0,0,0,0,0,0,0,0,0,
Louisiana,Pointe Coupee,22077,20,228,214,232,280,325,278,15,0,0,160,1752,159.2727273,
Louisiana,Rapides,22079,38,74,65,77,208,194,175,32,0,0,404,1267,115.1818182,
Louisiana,Red River,22081,3,18,15,18,36,33,32,3,0,0,19,177,16.09090909,
Louisiana,Richland,22083,152,185,159,159,373,445,401,118,0,0,866,2858,259.8181818,
Louisiana,Sabine,22085,0,0,0,0,0,0,0,0,0,0,0,0,0,
Louisiana,St. Bernard,22087,0,0,0,0,0,0,0,0,0,0,0,0,0,
Louisiana,St. Charles,22089,0,0,0,0,0,0,0,0,0,0,0,0,0,
Louisiana,St. Helena,22091,0,2,2,2,2,4,1,0,0,0,0,13,1.181818182,
Louisiana,St. James,22093,0,6,2,3,2,2,2,0,0,0,0,17,1.545454545,
Louisiana,St. John the Baptist,22095,0,1,0,0,0,0,0,0,0,0,0,1,0.090909091,
Louisiana,St. Landry,22097,212,462,450,525,610,617,396,244,0,0,228,3744,340.3636364,
Louisiana,St. Martin,22099,83,98,101,97,91,82,83,76,0,0,0,711,64.63636364,
Louisiana,St. Mary,22101,0,2,2,2,2,3,3,0,0,0,0,14,1.272727273,
Louisiana,St. Tammany,22103,0,0,0,0,0,0,0,0,0,0,0,0,0,
Louisiana,Tangipahoa,22105,0,10,10,11,9,9,5,0,0,0,0,54,4.909090909,
Louisiana,Tensas,22107,33,144,100,126,283,303,290,25,0,0,402,1706,155.0909091,
Louisiana,Terrebonne,22109,0,2,1,0,0,2,2,0,0,0,0,7,0.636363636,
Louisiana,Union,22111,0,0,0,0,0,0,0,0,0,0,0,0,0,
Louisiana,Vermilion,22113,2507,2445,2453,2295,2341,1879,1886,1836,0,0,0,17642,1603.818182,
Louisiana,Vernon,22115,0,4,4,4,4,1,1,0,0,0,0,18,1.636363636,
Louisiana,Washington,22117,0,4,3,3,4,8,2,0,0,0,0,24,2.181818182,
Louisiana,Webster,22119,0,2,2,2,2,0,0,0,0,0,0,8,0.727272727,
Louisiana,West Baton Rouge,22121,0,12,9,11,16,23,16,0,0,0,0,87,7.909090909,
Louisiana,West Carroll,22123,120,215,168,212,310,315,326,123,0,0,669,2458,223.4545455,
Louisiana,West Feliciana,22125,0,0,1,1,0,1,1,0,0,0,0,4,0.363636364,
Louisiana,Winn,22127,0,0,0,0,0,1,2,0,0,0,0,3,0.272727273,
Maine,Androscoggin,23001,0,0,0,1,1,24,2,0,0,0,0,28,2.545454545,
Maine,Houlton,23002,0,1,4,52,54,60,64,0,0,0,0,235,21.36363636,
Maine,Aroostook,23003,5,14,19,69,64,83,86,0,0,0,0,340,30.90909091,
Maine,Fort Kent,23004,4,9,8,15,15,21,20,0,0,0,0,92,8.363636364,
Maine,Cumberland,23005,0,0,0,0,1,0,0,0,0,0,0,1,0.090909091,
Maine,Franklin,23007,0,0,0,0,0,0,0,0,0,0,0,0,0,
Maine,Hancock,23009,0,0,0,0,0,0,0,0,0,0,0,0,0,
Maine,Kennebec,23011,0,0,0,0,1,0,0,0,0,0,0,1,0.090909091,
Maine,Knox,23013,0,0,0,0,0,0,0,0,0,0,0,0,0,
Maine,Lincoln,23015,0,0,0,0,0,0,0,0,0,0,0,0,0,
Maine,Oxford,23017,0,0,1,3,2,28,1,0,0,0,0,35,3.181818182,
Maine,Penobscot,23019,0,0,2,2,4,4,4,0,0,0,0,16,1.454545455,
Maine,Piscataquis,23021,0,0,1,4,4,0,1,0,0,0,0,10,0.909090909,
Maine,Sagadahoc,23023,0,0,0,0,0,2,0,0,0,0,0,2,0.181818182,
Maine,Somerset,23025,0,7,7,8,7,0,0,0,0,0,0,29,2.636363636,
Maine,Waldo,23027,0,4,5,7,6,0,0,0,0,0,0,22,2,
Maine,Washington,23029,0,0,0,0,0,0,0,0,0,0,0,0,0,
Maine,York,23031,0,1,1,1,1,0,0,0,0,0,0,4,0.363636364,
Maryland,Allegany,24001,0,8,7,8,8,9,5,0,0,0,0,45,4.090909091,
Maryland,Anne Arundel,24003,0,4,4,6,6,22,21,0,0,0,0,63,5.727272727,
Maryland,Baltimore,24005,0,76,80,93,94,113,84,0,0,0,0,540,49.09090909,
Maryland,Calvert,24009,0,1,2,5,5,6,6,0,0,0,0,25,2.272727273,
Maryland,Caroline,24011,0,286,290,322,307,318,312,0,0,0,0,1835,166.8181818,
Maryland,Carroll,24013,0,21,30,151,142,230,191,0,0,0,0,765,69.54545455,
Maryland,Cecil,24015,0,31,28,39,42,90,80,0,0,0,0,310,28.18181818,
Maryland,Charles,24017,0,9,8,10,14,50,48,0,0,0,0,139,12.63636364,
Maryland,Dorchester,24019,0,62,76,146,141,151,136,0,0,0,0,712,64.72727273,
Maryland,Frederick,24021,0,136,148,162,163,255,222,0,0,0,0,1086,98.72727273,
Maryland,Garrett,24023,0,29,24,18,16,27,16,0,0,0,0,130,11.81818182,
Maryland,Harford,24025,0,48,50,59,52,91,63,0,0,0,0,363,33,
Maryland,Howard,24027,0,6,6,16,17,27,21,0,0,0,0,93,8.454545455,
Maryland,Kent,24029,0,148,149,162,157,179,166,0,0,0,0,961,87.36363636,
Maryland,Montgomery,24031,0,14,20,25,26,46,37,0,0,0,0,168,15.27272727,
Maryland,Prince George's,24033,0,0,2,2,2,20,18,0,0,0,0,44,4,
Maryland,Queen Anne's,24035,0,115,116,133,126,161,129,0,0,0,0,780,70.90909091,
Maryland,St. Mary's,24037,0,55,58,68,68,67,73,0,0,0,0,389,35.36363636,
Maryland,Somerset,24039,0,62,56,55,54,66,61,0,0,0,0,354,32.18181818,
Maryland,Talbot,24041,0,104,105,110,109,131,113,0,0,0,0,672,61.09090909,
Maryland,Washington,24043,0,105,105,109,108,125,110,0,0,0,0,662,60.18181818,
Maryland,Wicomico,24045,0,23,26,30,34,108,87,0,0,0,0,308,28,
Maryland,Worcester,24047,0,24,25,29,29,59,45,0,0,0,0,211,19.18181818,
Maryland,Baltimore,24510,0,0,0,0,0,0,0,0,0,0,0,0,0,
Massachusetts,Barnstable,25001,0,0,0,0,0,0,0,0,0,0,0,0,0,
Massachusetts,Berkshire,25003,0,0,2,2,2,21,1,0,0,0,0,28,2.545454545,
Massachusetts,Bristol,25005,0,0,0,0,0,43,0,0,0,0,0,43,3.909090909,
Massachusetts,Dukes,25007,0,0,0,0,0,0,0,0,0,0,0,0,0,
Massachusetts,Essex,25009,0,0,0,0,0,3,0,0,0,0,0,3,0.272727273,
Massachusetts,Franklin,25011,0,1,1,1,3,32,0,0,0,0,0,38,3.454545455,
Massachusetts,Hampden,25013,0,0,0,1,2,9,0,0,0,0,0,12,1.090909091,
Massachusetts,Hampshire,25015,0,0,0,12,6,36,1,0,0,0,0,55,5,
Massachusetts,Middlesex,25017,0,0,0,0,1,8,0,0,0,0,0,9,0.818181818,
Massachusetts,Nantucket,25019,0,0,0,0,0,0,0,0,0,0,0,0,0,
Massachusetts,Norfolk,25021,0,0,0,0,0,2,0,0,0,0,0,2,0.181818182,
Massachusetts,Plymouth,25023,0,0,0,0,0,10,0,0,0,0,0,10,0.909090909,
Massachusetts,Suffolk,25025,0,0,0,0,0,0,0,0,0,0,0,0,0,
Massachusetts,Worcester,25027,0,0,0,0,0,49,0,0,0,0,0,49,4.454545455,
Michigan,Alcona,26001,0,5,5,5,6,48,35,0,0,0,0,104,9.454545455,
Michigan,Alger,26003,0,0,1,2,2,10,8,0,0,0,0,23,2.090909091,
Michigan,Allegan,26005,0,27,40,48,53,232,157,0,0,0,0,557,50.63636364,
Michigan,Alpena,26007,0,7,8,13,13,106,86,0,0,0,0,233,21.18181818,
Michigan,Antrim,26009,0,24,20,23,23,38,25,0,0,0,0,153,13.90909091,
Michigan,Arenac,26011,0,6,6,13,12,229,165,0,0,0,0,431,39.18181818,
Michigan,Baraga,26013,0,0,1,0,0,0,0,0,0,0,0,1,0.090909091,
Michigan,Barry,26015,0,26,23,39,44,173,117,0,0,0,0,422,38.36363636,
Michigan,Bay,26017,0,9,15,14,15,500,378,0,0,0,0,931,84.63636364,
Michigan,Benzie,26019,0,4,6,5,5,6,2,0,0,0,0,28,2.545454545,
Michigan,Berrien,26021,0,21,29,32,42,157,120,0,0,0,0,401,36.45454545,
Michigan,Branch,26023,0,70,73,81,98,229,146,0,0,0,0,697,63.36363636,
Michigan,Calhoun,26025,0,44,56,68,90,329,259,0,0,0,0,846,76.90909091,
Michigan,Cass,26027,0,25,25,39,48,223,141,0,0,0,0,501,45.54545455,
Michigan,Charlevoix,26029,0,4,3,5,5,34,14,0,0,0,0,65,5.909090909,
Michigan,Cheboygan,26031,0,2,2,2,2,30,20,0,0,0,0,58,5.272727273,
Michigan,Chippewa,26033,0,0,1,0,0,67,69,1,0,1,0,139,12.63636364,
Michigan,Clare,26035,0,11,11,11,11,78,63,0,0,0,0,185,16.81818182,
Michigan,Clinton,26037,0,91,102,109,134,286,243,0,0,0,0,965,87.72727273,
Michigan,Crawford,26039,0,0,0,0,0,0,0,0,0,0,0,0,0,
Michigan,Delta,26041,0,2,5,5,4,41,35,1,0,1,0,94,8.545454545,
Michigan,Dickinson,26043,0,3,4,4,4,6,5,0,0,0,0,26,2.363636364,
Michigan,Eaton,26045,0,117,128,141,152,275,232,0,0,0,0,1045,95,
Michigan,Emmet,26047,0,0,1,1,1,29,8,0,0,0,0,40,3.636363636,
Michigan,Genesee,26049,0,64,68,64,67,238,175,0,0,0,0,676,61.45454545,
Michigan,Gladwin,26051,0,8,9,10,14,134,100,0,0,0,0,275,25,
Michigan,Gogebic,26053,0,0,0,0,0,0,0,0,0,0,0,0,0,
Michigan,Grand Traverse,26055,0,8,11,13,13,28,21,0,0,0,0,94,8.545454545,
Michigan,Gratiot,26057,0,113,129,156,175,654,453,0,0,0,0,1680,152.7272727,
Michigan,Hillsdale,26059,0,65,81,85,110,304,251,0,0,0,0,896,81.45454545,
Michigan,Houghton,26061,0,0,1,1,1,6,6,1,0,0,0,16,1.454545455,
Michigan,Huron,26063,0,80,90,99,110,677,603,0,0,0,0,1659,150.8181818,
Michigan,Ingham,26065,0,37,39,49,64,136,115,0,0,0,0,440,40,
Michigan,Ionia,26067,0,82,77,88,91,347,244,0,0,0,0,929,84.45454545,
Michigan,Iosco,26069,0,1,1,1,1,90,71,0,0,0,0,165,15,
Michigan,Iron,26071,0,2,2,3,3,9,7,0,0,0,0,26,2.363636364,
Michigan,Isabella,26073,0,74,94,97,111,295,218,0,0,0,0,889,80.81818182,
Michigan,Jackson,26075,0,95,99,101,105,258,197,0,0,0,0,855,77.72727273,
Michigan,Kalamazoo,26077,0,5,10,21,26,165,123,0,0,0,0,350,31.81818182,
Michigan,Kalkaska,26079,0,10,11,11,10,13,9,0,0,0,0,64,5.818181818,
Michigan,Kent,26081,0,98,99,94,100,197,136,0,0,0,0,724,65.81818182,
Michigan,Keweenaw,26083,0,0,0,0,0,0,0,0,0,0,0,0,0,
Michigan,Lake,26085,0,1,1,1,2,3,2,0,0,0,0,10,0.909090909,
Michigan,Lapeer,26087,0,61,67,67,78,160,134,0,0,0,0,567,51.54545455,
Michigan,Leelanau,26089,0,7,8,9,8,10,3,0,0,0,0,45,4.090909091,
Michigan,Lenawee,26091,0,256,245,290,273,402,348,0,0,0,0,1814,164.9090909,
Michigan,Livingston,26093,0,19,19,23,24,62,51,0,0,0,0,198,18,
Michigan,Luce,26095,0,0,0,0,0,5,3,0,0,0,0,8,0.727272727,
Michigan,Mackinac,26097,0,0,0,0,0,17,12,0,0,0,0,29,2.636363636,
Michigan,Macomb,26099,0,19,23,28,33,82,67,0,0,0,0,252,22.90909091,
Michigan,Manistee,26101,0,1,3,3,3,13,7,0,0,0,0,30,2.727272727,
Michigan,Marquette,26103,0,0,0,0,1,10,9,0,0,0,0,20,1.818181818,
Michigan,Mason,26105,0,16,11,17,16,74,70,0,0,0,0,204,18.54545455,
Michigan,Mecosta,26107,0,49,48,51,51,186,123,0,0,0,0,508,46.18181818,
Michigan,Menominee,26109,0,11,10,12,12,39,38,0,0,0,0,122,11.09090909,
Michigan,Midland,26111,0,4,9,11,17,252,172,0,0,0,0,465,42.27272727,
Michigan,Missaukee,26113,0,8,9,9,9,58,28,0,0,0,0,121,11,
Michigan,Monroe,26115,0,143,143,167,167,488,400,0,0,0,0,1508,137.0909091,
Michigan,Montcalm,26117,0,49,65,74,81,206,156,0,0,0,0,631,57.36363636,
Michigan,Montmorency,26119,0,8,7,8,8,43,30,0,0,0,0,104,9.454545455,
Michigan,Muskegon,26121,0,10,14,12,15,59,40,0,0,0,0,150,13.63636364,
Michigan,Newaygo,26123,0,45,43,43,46,97,51,0,0,0,0,325,29.54545455,
Michigan,Oakland,26125,0,9,7,10,9,9,9,0,0,0,0,53,4.818181818,
Michigan,Oceana,26127,0,5,6,5,6,42,30,0,0,0,0,94,8.545454545,
Michigan,Ogemaw,26129,0,2,3,3,3,126,84,0,0,0,0,221,20.09090909,
Michigan,Ontonagon,26131,0,0,0,0,0,7,6,0,0,0,0,13,1.181818182,
Michigan,Osceola,26133,0,13,14,12,12,50,29,0,0,0,0,130,11.81818182,
Michigan,Oscoda,26135,0,0,0,0,0,7,4,0,0,0,0,11,1,
Michigan,Otsego,26137,0,17,17,18,20,31,22,0,0,0,0,125,11.36363636,
Michigan,Ottawa,26139,0,26,42,42,48,199,123,0,0,0,0,480,43.63636364,
Michigan,Presque Isle,26141,0,5,8,10,10,89,62,1,0,0,0,185,16.81818182,
Michigan,Roscommon,26143,0,0,0,0,0,4,3,0,0,0,0,7,0.636363636,
Michigan,Saginaw,26145,0,67,81,94,105,841,735,0,0,0,0,1923,174.8181818,
Michigan,St. Clair,26147,0,59,77,85,94,230,204,0,0,0,0,749,68.09090909,
Michigan,St. Joseph,26149,0,13,24,28,40,259,154,0,0,0,0,518,47.09090909,
Michigan,Sanilac,26151,0,129,144,166,172,603,544,0,0,0,0,1758,159.8181818,
Michigan,Schoolcraft,26153,0,0,0,0,0,5,5,0,0,0,0,10,0.909090909,
Michigan,Shiawassee,26155,0,47,54,55,66,479,463,0,0,0,0,1164,105.8181818,
Michigan,Tuscola,26157,0,101,116,118,127,684,567,0,0,0,0,1713,155.7272727,
Michigan,Van Buren,26159,0,15,18,33,48,102,57,0,0,0,0,273,24.81818182,
Michigan,Washtenaw,26161,0,239,224,235,225,291,255,0,0,0,0,1469,133.5454545,
Michigan,Wayne,26163,0,10,10,12,10,15,9,0,0,0,0,66,6,
Michigan,Wexford,26165,0,13,16,13,14,28,15,0,0,0,0,99,9,
Minnesota,Aitkin,27001,1,13,12,10,12,12,11,0,0,0,0,71,6.454545455,
Minnesota,Anoka,27003,0,2,3,4,5,49,2,0,0,0,0,65,5.909090909,
Minnesota,Becker,27005,0,53,66,77,82,284,244,0,0,0,0,806,73.27272727,
Minnesota,Beltrami,27007,13,64,63,83,77,112,107,0,0,0,0,519,47.18181818,
Minnesota,Benton,27009,0,6,11,11,15,121,35,0,0,0,0,199,18.09090909,
Minnesota,Big Stone,27011,0,22,23,25,26,263,206,0,0,0,0,565,51.36363636,
Minnesota,Blue Earth,27013,0,19,19,25,27,608,195,0,0,0,0,893,81.18181818,
Minnesota,Brown,27015,0,26,27,27,30,786,183,0,0,0,0,1079,98.09090909,
Minnesota,Carlton,27017,0,7,6,7,4,5,4,0,0,0,0,33,3,
Minnesota,Carver,27019,0,28,34,36,35,261,81,0,0,0,0,475,43.18181818,
Minnesota,Cass,27021,0,21,19,24,25,35,11,0,0,0,0,135,12.27272727,
Minnesota,Chippewa,27023,0,19,20,23,23,352,146,0,0,0,0,583,53,
Minnesota,Chisago,27025,0,20,23,28,34,134,24,0,0,0,0,263,23.90909091,
Minnesota,Clay,27027,2,85,80,97,104,380,353,0,0,0,0,1101,100.0909091,
Minnesota,Clearwater,27029,12,27,28,52,49,80,84,0,0,0,0,332,30.18181818,
Minnesota,Cook,27031,0,0,0,0,0,0,0,0,0,0,0,0,0,
Minnesota,Cottonwood,27033,0,11,12,13,12,179,159,0,0,0,0,386,35.09090909,
Minnesota,Crow Wing,27035,0,21,22,25,27,51,11,0,0,0,0,157,14.27272727,
Minnesota,Dakota,27037,0,19,27,34,34,357,156,0,0,0,0,627,57,
Minnesota,Dodge,27039,0,6,11,12,15,359,89,0,0,0,0,492,44.72727273,
Minnesota,Douglas,27041,0,66,86,80,95,340,253,0,0,0,0,920,83.63636364,
Minnesota,Faribault,27043,0,54,50,54,52,581,51,0,0,0,0,842,76.54545455,
Minnesota,Fillmore,27045,0,37,44,47,45,789,102,0,0,0,0,1064,96.72727273,
Minnesota,Freeborn,27047,0,30,29,31,35,601,79,0,0,0,0,805,73.18181818,
Minnesota,Goodhue,27049,0,64,71,73,80,663,92,0,0,0,0,1043,94.81818182,
Minnesota,Grant,27051,0,66,72,67,73,321,230,0,0,0,0,829,75.36363636,
Minnesota,Hennepin,27053,0,1,2,4,6,96,32,0,0,0,0,141,12.81818182,
Minnesota,Houston,27055,0,38,41,45,54,380,63,0,0,0,0,621,56.45454545,
Minnesota,Hubbard,27057,0,53,59,58,57,75,52,0,0,0,0,354,32.18181818,
Minnesota,Isanti,27059,0,17,16,20,21,145,22,0,0,0,0,241,21.90909091,
Minnesota,Itasca,27061,0,0,1,2,1,5,4,0,0,0,0,13,1.181818182,
Minnesota,Jackson,27063,0,13,13,14,14,71,55,0,0,0,0,180,16.36363636,
Minnesota,Kanabec,27065,0,22,30,27,29,97,30,0,0,0,0,235,21.36363636,
Minnesota,Kandiyohi,27067,0,50,50,58,58,475,210,0,0,0,0,901,81.90909091,
Minnesota,Kittson,27069,48,125,151,186,186,387,394,0,0,0,0,1477,134.2727273,
Minnesota,Koochiching,27071,3,5,8,8,9,13,13,0,0,0,0,59,5.363636364,
Minnesota,Lac qui Parle,27073,0,15,21,23,23,544,264,0,0,0,0,890,80.90909091,
Minnesota,Lake,27075,0,0,0,0,0,0,0,0,0,0,0,0,0,
Minnesota,Lake of the Woods,27077,24,39,39,42,41,50,47,0,0,0,0,282,25.63636364,
Minnesota,Le Sueur,27079,0,29,30,29,34,563,267,0,0,0,0,952,86.54545455,
Minnesota,Lincoln,27081,0,25,27,25,25,268,197,0,0,0,0,567,51.54545455,
Minnesota,Lyon,27083,0,31,34,35,33,486,140,0,0,0,0,759,69,
Minnesota,McLeod,27085,0,31,32,39,33,388,141,0,0,0,0,664,60.36363636,
Minnesota,Mahnomen,27087,4,48,54,69,74,191,172,0,0,0,0,612,55.63636364,
Minnesota,Marshall,27089,39,140,189,310,322,622,643,0,0,0,0,2265,205.9090909,
Minnesota,Martin,27091,0,15,13,16,18,524,8,0,0,0,0,594,54,
Minnesota,Meeker,27093,0,13,22,22,29,360,172,0,0,0,0,618,56.18181818,
Minnesota,Mille Lacs,27095,0,3,11,12,14,75,23,0,0,0,0,138,12.54545455,
Minnesota,Morrison,27097,0,70,73,80,86,616,95,0,0,0,0,1020,92.72727273,
Minnesota,Mower,27099,0,10,19,19,21,730,155,0,0,0,0,954,86.72727273,
Minnesota,Murray,27101,0,10,15,14,15,67,28,0,0,0,0,149,13.54545455,
Minnesota,Nicollet,27103,0,9,12,10,12,373,114,0,0,0,0,530,48.18181818,
Minnesota,Nobles,27105,0,10,10,12,12,50,9,0,0,0,0,103,9.363636364,
Minnesota,Norman,27107,0,72,86,142,155,443,394,0,0,0,0,1292,117.4545455,
Minnesota,Olmsted,27109,0,51,58,61,63,684,150,0,0,0,0,1067,97,
Minnesota,East Otter Tail,27111,0,132,144,160,151,296,215,0,0,0,0,1098,99.81818182,
Minnesota,West Otter Tail,27112,0,71,70,79,88,406,352,0,0,0,0,1066,96.90909091,
Minnesota,Pennington,27113,22,105,107,159,164,341,332,0,0,0,0,1230,111.8181818,
Minnesota,Pine,27115,0,19,25,26,27,152,49,0,0,0,0,298,27.09090909,
Minnesota,Pipestone,27117,0,15,14,15,11,45,29,0,0,0,0,129,11.72727273,
Minnesota,East Polk,27119,5,68,80,137,141,304,300,0,0,0,0,1035,94.09090909,
Minnesota,West Polk,27120,1,66,74,126,153,543,535,0,0,0,0,1498,136.1818182,
Minnesota,Pope,27121,1,48,48,51,53,386,259,0,0,0,0,846,76.90909091,
Minnesota,Ramsey,27123,0,0,0,0,0,0,0,0,0,0,0,0,0,
Minnesota,Red Lake,27125,7,60,59,100,109,243,210,0,0,0,0,788,71.63636364,
Minnesota,Redwood,27127,0,19,20,21,21,696,211,0,0,0,0,988,89.81818182,
Minnesota,Renville,27129,0,20,20,27,25,758,394,0,0,0,0,1244,113.0909091,
Minnesota,Rice,27131,0,55,62,71,74,405,197,0,0,0,0,864,78.54545455,
Minnesota,Rock,27133,0,6,5,8,8,89,42,0,0,0,0,158,14.36363636,
Minnesota,Roseau,27135,177,276,284,304,295,389,388,0,0,0,0,2113,192.0909091,
Minnesota,North St. Louis,27137,0,1,1,1,1,2,3,0,0,0,0,9,0.818181818,
Minnesota,South St. Louis,27138,0,3,3,2,2,4,2,0,0,0,0,16,1.454545455,
Minnesota,Scott,27139,0,11,12,13,14,100,51,0,0,0,0,201,18.27272727,
Minnesota,Sherburne,27141,0,10,15,14,15,137,20,0,0,0,0,211,19.18181818,
Minnesota,Sibley,27143,0,24,25,28,33,506,127,0,0,0,0,743,67.54545455,
Minnesota,Stearns,27145,0,105,105,103,110,1038,355,0,0,0,0,1816,165.0909091,
Minnesota,Steele,27147,0,21,29,27,24,367,83,0,0,0,0,551,50.09090909,
Minnesota,Stevens,27149,0,54,55,55,54,385,224,0,0,0,0,827,75.18181818,
Minnesota,Swift,27151,0,23,27,27,31,517,303,0,0,0,0,928,84.36363636,
Minnesota,Todd,27153,0,91,111,128,142,427,218,0,0,0,0,1117,101.5454545,
Minnesota,Traverse,27155,0,62,70,71,73,269,177,0,0,0,0,722,65.63636364,
Minnesota,Wabasha,27157,0,20,27,31,36,529,147,0,0,0,0,790,71.81818182,
Minnesota,Wadena,27159,1,122,141,149,153,197,73,0,0,0,0,836,76,
Minnesota,Waseca,27161,0,18,23,23,25,391,90,0,0,0,0,570,51.81818182,
Minnesota,Washington,27163,0,9,12,12,14,87,39,0,0,0,0,173,15.72727273,
Minnesota,Watonwan,27165,0,16,16,18,18,259,47,0,0,0,0,374,34,
Minnesota,Wilkin,27167,0,44,60,57,81,444,403,0,0,0,0,1089,99,
Minnesota,Winona,27169,0,45,59,65,71,480,117,0,0,0,0,837,76.09090909,
Minnesota,Wright,27171,0,29,38,38,35,359,149,0,0,0,0,648,58.90909091,
Minnesota,Yellow Medicine,27173,0,14,17,18,17,539,248,0,0,0,0,853,77.54545455,
Mississippi,Adams,28001,1,33,28,26,44,32,32,0,0,0,36,232,21.09090909,
Mississippi,Alcorn,28003,0,25,24,24,46,167,88,0,0,0,97,471,42.81818182,
Mississippi,Amite,28005,0,10,5,3,2,3,6,0,0,0,0,29,2.636363636,
Mississippi,Attala,28007,4,15,22,23,34,38,34,2,0,0,37,209,19,
Mississippi,Benton,28009,0,1,3,4,59,79,70,0,0,0,45,261,23.72727273,
Mississippi,Bolivar,28011,231,240,201,266,314,338,348,247,0,0,689,2874,261.2727273,
Mississippi,Calhoun,28013,16,50,54,59,101,361,325,23,0,0,56,1045,95,
Mississippi,Carroll,28015,6,31,26,31,55,68,58,5,0,0,26,306,27.81818182,
Mississippi,Chickasaw,28017,8,11,11,13,101,225,168,8,0,0,65,610,55.45454545,
Mississippi,Choctaw,28019,2,2,1,1,6,49,38,3,0,0,0,102,9.272727273,
Mississippi,Claiborne,28021,5,39,38,39,37,34,30,5,0,0,36,263,23.90909091,
Mississippi,Clarke,28023,0,0,1,2,2,12,10,0,0,0,0,27,2.454545455,
Mississippi,Clay,28025,0,0,0,0,19,129,98,0,0,0,7,253,23,
Mississippi,Coahoma,28027,128,172,131,185,199,212,201,139,0,0,391,1758,159.8181818,
Mississippi,Copiah,28029,3,17,16,16,13,11,15,3,0,0,4,98,8.909090909,
Mississippi,Covington,28031,7,8,8,6,7,8,12,6,0,0,20,82,7.454545455,
Mississippi,DeSoto,28033,10,29,29,32,44,50,50,6,0,0,74,324,29.45454545,
Mississippi,Forrest,28035,3,21,18,18,18,14,14,3,0,0,10,119,10.81818182,
Mississippi,Franklin,28037,0,4,4,5,6,15,8,0,0,0,1,43,3.909090909,
Mississippi,George,28039,15,16,16,15,17,16,16,14,0,0,141,266,24.18181818,
Mississippi,Greene,28041,2,4,3,2,7,6,4,5,0,0,7,40,3.636363636,
Mississippi,Grenada,28043,9,35,29,29,110,114,97,6,0,0,74,503,45.72727273,
Mississippi,Hancock,28045,2,3,3,3,4,4,4,0,0,0,0,23,2.090909091,
Mississippi,Harrison,28047,0,0,0,0,0,0,0,0,0,0,0,0,0,
Mississippi,Hinds,28049,0,29,27,25,48,45,42,0,0,0,29,245,22.27272727,
Mississippi,Holmes,28051,22,75,62,75,124,155,146,30,0,0,317,1006,91.45454545,
Mississippi,Humphreys,28053,51,66,63,86,127,136,140,59,0,0,496,1224,111.2727273,
Mississippi,Issaquena,28055,7,41,27,35,62,75,78,10,0,0,240,575,52.27272727,
Mississippi,Itawamba,28057,9,11,13,16,80,89,91,5,0,0,105,419,38.09090909,
Mississippi,Jackson,28059,3,5,5,5,6,8,7,3,0,0,30,72,6.545454545,
Mississippi,Jasper,28061,0,0,3,4,5,10,10,0,0,0,0,32,2.909090909,
Mississippi,Jefferson,28063,1,18,18,20,27,27,29,1,0,0,31,172,15.63636364,
Mississippi,Jefferson Davis,28065,0,34,18,19,8,8,9,0,0,0,0,96,8.727272727,
Mississippi,Jones,28067,2,2,2,2,2,2,2,2,0,0,6,22,2,
Mississippi,Kemper,28069,0,34,29,24,24,12,9,0,0,0,0,132,12,
Mississippi,Lafayette,28071,0,44,34,46,158,176,137,0,0,0,101,696,63.27272727,
Mississippi,Lamar,28073,0,6,3,4,5,4,4,0,0,0,0,26,2.363636364,
Mississippi,Lauderdale,28075,0,0,0,0,1,6,5,0,0,0,0,12,1.090909091,
Mississippi,Lawrence,28077,0,7,7,6,4,8,5,0,0,0,0,37,3.363636364,
Mississippi,Leake,28079,0,39,40,41,45,46,36,0,0,0,19,266,24.18181818,
Mississippi,Lee,28081,7,21,21,23,109,203,143,9,0,0,167,703,63.90909091,
Mississippi,Leflore,28083,86,129,116,141,234,246,238,100,0,0,490,1780,161.8181818,
Mississippi,Lincoln,28085,0,3,3,3,2,18,16,0,0,0,0,45,4.090909091,
Mississippi,Lowndes,28087,12,29,32,34,56,123,107,9,0,0,51,453,41.18181818,
Mississippi,Madison,28089,3,14,13,15,52,61,65,2,0,0,103,328,29.81818182,
Mississippi,Marion,28091,0,9,16,3,10,29,23,0,0,0,0,90,8.181818182,
Mississippi,Marshall,28093,0,10,12,9,119,186,138,0,0,0,225,699,63.54545455,
Mississippi,Monroe,28095,25,37,36,46,119,317,253,28,0,0,125,986,89.63636364,
Mississippi,Montgomery,28097,5,11,12,7,58,66,60,5,0,0,15,239,21.72727273,
Mississippi,Neshoba,28099,0,23,20,14,15,13,9,0,0,0,0,94,8.545454545,
Mississippi,Newton,28101,0,7,15,15,17,28,20,0,0,0,0,102,9.272727273,
Mississippi,Noxubee,28103,1,41,49,56,89,161,104,0,0,0,4,505,45.90909091,
Mississippi,Oktibbeha,28105,0,1,0,1,6,50,32,0,0,0,5,95,8.636363636,
Mississippi,Panola,28107,32,114,90,115,239,227,234,31,0,0,434,1516,137.8181818,
Mississippi,Pearl River,28109,1,7,4,7,6,5,5,1,0,0,3,39,3.545454545,
Mississippi,Perry,28111,1,14,14,12,12,8,10,1,0,0,5,77,7,
Mississippi,Pike,28113,0,3,4,5,5,32,20,0,0,0,0,69,6.272727273,
Mississippi,Pontotoc,28115,3,13,18,14,164,296,233,4,0,0,458,1203,109.3636364,
Mississippi,Prentiss,28117,0,0,0,0,104,98,93,0,0,0,115,410,37.27272727,
Mississippi,Quitman,28119,96,123,103,119,164,169,171,80,0,0,223,1248,113.4545455,
Mississippi,Rankin,28121,0,13,12,10,34,23,21,0,0,0,28,141,12.81818182,
Mississippi,Scott,28123,0,6,8,9,32,32,25,0,0,0,54,166,15.09090909,
Mississippi,Sharkey,28125,43,70,47,64,83,108,104,43,0,0,373,935,85,
Mississippi,Simpson,28127,2,58,56,52,51,44,28,0,0,0,2,293,26.63636364,
Mississippi,Smith,28129,1,1,1,1,3,4,3,1,0,0,2,17,1.545454545,
Mississippi,Stone,28131,1,3,3,3,3,4,4,1,0,0,1,23,2.090909091,
Mississippi,Sunflower,28133,175,170,154,204,280,314,305,193,0,0,720,2515,228.6363636,
Mississippi,Tallahatchie,28135,80,142,130,139,246,253,240,69,0,0,598,1897,172.4545455,
Mississippi,Tate,28137,14,68,80,70,153,149,143,18,0,0,264,959,87.18181818,
Mississippi,Tippah,28139,0,15,14,17,95,242,109,1,0,0,131,624,56.72727273,
Mississippi,Tishomingo,28141,1,7,11,14,30,137,76,2,0,0,50,328,29.81818182,
Mississippi,Tunica,28143,83,92,79,96,112,120,119,80,0,0,126,907,82.45454545,
Mississippi,Union,28145,0,4,7,13,153,261,195,0,0,0,92,725,65.90909091,
Mississippi,Walthall,28147,3,55,58,32,57,62,41,4,0,0,7,319,29,
Mississippi,Warren,28149,3,8,4,4,63,68,70,1,0,0,121,342,31.09090909,
Mississippi,Washington,28151,129,176,147,191,230,276,267,154,0,0,733,2303,209.3636364,
Mississippi,Wayne,28153,1,4,3,3,2,9,10,1,0,0,0,33,3,
Mississippi,Webster,28155,13,15,13,16,180,214,194,21,0,0,66,732,66.54545455,
Mississippi,Wilkinson,28157,0,1,0,1,5,5,8,0,0,0,5,25,2.272727273,
Mississippi,Winston,28159,0,1,3,2,7,58,40,0,0,0,4,115,10.45454545,
Mississippi,Yalobusha,28161,11,54,52,58,108,115,75,16,0,0,140,629,57.18181818,
Mississippi,Yazoo,28163,22,87,74,86,181,179,168,24,0,0,438,1259,114.4545455,
Missouri,Adair,29001,0,239,225,281,292,293,203,0,0,0,0,1533,139.3636364,
Missouri,Andrew,29003,0,232,203,218,242,259,105,0,0,0,0,1259,114.4545455,
Missouri,Atchison,29005,0,63,60,63,67,361,49,0,0,0,0,663,60.27272727,
Missouri,Audrain,29007,0,590,592,595,593,743,585,0,0,0,0,3698,336.1818182,
Missouri,Barry,29009,0,34,35,25,34,26,26,0,0,0,0,180,16.36363636,
Missouri,Barton,29011,0,647,657,655,649,640,589,0,0,0,0,3837,348.8181818,
Missouri,Bates,29013,0,631,627,637,644,712,651,0,0,0,0,3902,354.7272727,
Missouri,Benton,29015,0,172,174,180,183,148,119,0,0,0,0,976,88.72727273,
Missouri,Bollinger,29017,29,310,300,302,303,320,231,21,0,0,1,1817,165.1818182,
Missouri,Boone,29019,0,265,276,293,304,322,224,0,0,0,0,1684,153.0909091,
Missouri,Buchanan,29021,0,385,333,341,352,425,134,0,0,0,0,1970,179.0909091,
Missouri,Butler,29023,654,733,686,704,715,747,733,593,0,0,35,5600,509.0909091,
Missouri,Caldwell,29025,0,527,530,552,555,594,471,0,0,0,0,3229,293.5454545,
Missouri,Callaway,29027,0,376,374,378,404,486,415,0,0,0,0,2433,221.1818182,
Missouri,Camden,29029,0,8,7,6,6,5,4,0,0,0,0,36,3.272727273,
Missouri,Cape Girardeau,29031,3,537,539,547,549,732,622,3,0,0,0,3532,321.0909091,
Missouri,Carroll,29033,0,924,911,911,901,892,674,0,0,0,0,5213,473.9090909,
Missouri,Carter,29035,0,5,5,5,5,0,0,0,0,0,0,20,1.818181818,
Missouri,Cass,29037,0,543,523,511,496,461,360,0,0,0,0,2894,263.0909091,
Missouri,Cedar,29039,0,119,108,111,114,87,75,0,0,0,0,614,55.81818182,
Missouri,Chariton,29041,0,466,451,437,458,511,413,0,0,0,0,2736,248.7272727,
Missouri,Christian,29043,0,11,1,8,8,13,14,0,0,0,0,55,5,
Missouri,Clark,29045,0,346,348,348,358,433,258,0,0,0,0,2091,190.0909091,
Missouri,Clay,29047,0,63,58,60,69,78,46,0,0,0,0,374,34,
Missouri,Clinton,29049,0,129,146,137,139,88,63,0,0,0,0,702,63.81818182,
Missouri,Cole,29051,0,314,309,313,311,269,241,0,0,0,0,1757,159.7272727,
Missouri,Cooper,29053,0,525,516,533,535,604,552,0,0,0,0,3265,296.8181818,
Missouri,Crawford,29055,0,39,39,38,40,35,24,0,0,0,0,215,19.54545455,
Missouri,Dade,29057,0,261,263,262,263,222,217,0,0,0,0,1488,135.2727273,
Missouri,Dallas,29059,0,13,13,13,11,15,14,0,0,0,0,79,7.181818182,
Missouri,Daviess,29061,0,545,569,549,545,525,358,0,0,0,0,3091,281,
Missouri,DeKalb,29063,0,194,211,213,230,190,128,0,0,0,0,1166,106,
Missouri,Dent,29065,0,15,15,14,14,6,3,0,0,0,0,67,6.090909091,
Missouri,Douglas,29067,0,1,5,7,7,3,2,0,0,0,0,25,2.272727273,
Missouri,Dunklin,29069,278,847,762,737,1190,1219,1210,246,0,0,2994,9483,862.0909091,
Missouri,Franklin,29071,0,424,386,384,394,413,322,0,0,0,0,2323,211.1818182,
Missouri,Gasconade,29073,0,285,279,269,258,206,193,0,0,0,0,1490,135.4545455,
Missouri,Gentry,29075,0,206,192,202,211,249,150,0,0,0,0,1210,110,
Missouri,Greene,29077,0,59,59,63,59,57,50,0,0,0,0,347,31.54545455,
Missouri,Grundy,29079,0,368,354,345,346,338,235,0,0,0,0,1986,180.5454545,
Missouri,Harrison,29081,0,479,463,479,491,508,236,0,0,0,0,2656,241.4545455,
Missouri,Henry,29083,0,480,484,485,476,461,366,0,0,0,0,2752,250.1818182,
Missouri,Hickory,29085,0,67,69,64,71,26,26,0,0,0,0,323,29.36363636,
Missouri,Holt,29087,0,174,167,176,181,325,63,0,0,0,0,1086,98.72727273,
Missouri,Howard,29089,0,342,340,339,341,344,261,0,0,0,0,1967,178.8181818,
Missouri,Howell,29091,0,19,18,21,20,17,12,0,0,0,0,107,9.727272727,
Missouri,Iron,29093,0,3,4,4,4,2,4,0,0,0,0,21,1.909090909,
Missouri,Jackson,29095,0,244,221,234,229,215,137,0,0,0,0,1280,116.3636364,
Missouri,Jasper,29097,0,390,370,333,365,401,373,0,0,0,0,2232,202.9090909,
Missouri,Jefferson,29099,0,28,28,25,27,26,22,0,0,0,0,156,14.18181818,
Missouri,Johnson,29101,0,631,637,654,650,672,493,0,0,0,0,3737,339.7272727,
Missouri,Knox,29103,0,342,351,354,369,401,320,0,0,0,0,2137,194.2727273,
Missouri,Laclede,29105,0,44,44,47,46,41,31,0,0,0,0,253,23,
Missouri,Lafayette,29107,0,485,507,531,535,808,428,0,0,0,0,3294,299.4545455,
Missouri,Lawrence,29109,0,113,108,129,133,156,158,0,0,0,0,797,72.45454545,
Missouri,Lewis,29111,0,364,382,367,374,412,291,0,0,0,0,2190,199.0909091,
Missouri,Lincoln,29113,0,650,676,686,690,812,660,0,0,0,0,4174,379.4545455,
Missouri,Linn,29115,0,345,329,368,391,401,302,0,0,0,0,2136,194.1818182,
Missouri,Livingston,29117,0,501,510,537,521,541,420,0,0,0,0,3030,275.4545455,
Missouri,McDonald,29119,0,12,7,8,10,9,10,0,0,0,0,56,5.090909091,
Missouri,Macon,29121,0,389,392,402,427,411,296,0,0,0,0,2317,210.6363636,
Missouri,Madison,29123,0,10,12,12,12,12,15,0,0,0,0,73,6.636363636,
Missouri,Maries,29125,0,75,71,83,84,59,50,0,0,0,0,422,38.36363636,
Missouri,Marion,29127,1,147,152,162,165,415,311,3,0,0,0,1356,123.2727273,
Missouri,Mercer,29129,0,306,310,293,301,319,194,0,0,0,0,1723,156.6363636,
Missouri,Miller,29131,0,92,93,94,94,82,68,0,0,0,0,523,47.54545455,
Missouri,Mississippi,29133,33,206,185,201,235,580,515,34,0,0,71,2060,187.2727273,
Missouri,Moniteau,29135,0,412,408,414,425,366,298,0,0,0,0,2323,211.1818182,
Missouri,Monroe,29137,0,362,353,370,371,512,396,0,0,0,0,2364,214.9090909,
Missouri,Montgomery,29139,0,541,517,538,519,727,586,0,0,0,0,3428,311.6363636,
Missouri,Morgan,29141,0,94,86,89,89,83,70,0,0,0,0,511,46.45454545,
Missouri,New Madrid,29143,341,468,443,435,866,992,928,324,0,0,2335,7132,648.3636364,
Missouri,Newton,29145,0,140,108,140,136,136,134,0,0,0,0,794,72.18181818,
Missouri,Nodaway,29147,0,239,246,260,266,446,169,0,0,0,0,1626,147.8181818,
Missouri,Oregon,29149,0,28,21,27,30,21,19,0,0,0,0,146,13.27272727,
Missouri,Osage,29151,0,273,247,274,274,233,158,0,0,0,0,1459,132.6363636,
Missouri,Ozark,29153,0,2,3,3,3,1,0,0,0,0,0,12,1.090909091,
Missouri,Pemiscot,29155,351,648,656,674,925,990,979,234,0,0,2254,7711,701,
Missouri,Perry,29157,0,328,336,333,332,686,566,0,0,0,0,2581,234.6363636,
Missouri,Pettis,29159,0,736,733,729,713,694,576,0,0,0,0,4181,380.0909091,
Missouri,Phelps,29161,0,59,58,58,59,51,40,0,0,0,0,325,29.54545455,
Missouri,Pike,29163,0,244,239,254,255,656,504,0,0,0,0,2152,195.6363636,
Missouri,Platte,29165,0,169,180,182,183,308,138,0,0,0,0,1160,105.4545455,
Missouri,Polk,29167,0,78,79,84,86,92,87,0,0,0,0,506,46,
Missouri,Pulaski,29169,0,16,16,16,18,15,5,0,0,0,0,86,7.818181818,
Missouri,Putnam,29171,0,206,215,221,202,263,123,0,0,0,0,1230,111.8181818,
Missouri,Ralls,29173,0,147,158,164,165,531,423,0,0,0,0,1588,144.3636364,
Missouri,Randolph,29175,0,327,329,334,335,347,296,0,0,0,0,1968,178.9090909,
Missouri,Ray,29177,0,313,313,319,339,446,338,0,0,0,0,2068,188,
Missouri,Reynolds,29179,0,16,16,15,14,0,2,0,0,0,0,63,5.727272727,
Missouri,Ripley,29181,71,123,115,117,123,101,79,64,0,0,13,806,73.27272727,
Missouri,St. Charles,29183,0,412,404,393,387,461,321,0,0,0,0,2378,216.1818182,
Missouri,St. Clair,29185,0,242,177,255,250,277,265,0,0,0,0,1466,133.2727273,
Missouri,Ste. Genevieve,29193,0,221,224,207,219,305,217,0,0,0,0,1393,126.6363636,
Missouri,St. Francois,29187,0,37,39,40,39,58,54,0,0,0,0,267,24.27272727,
Missouri,St. Louis,29189,0,41,44,46,48,34,34,0,0,0,0,247,22.45454545,
Missouri,Saline,29195,0,570,563,546,556,766,355,0,0,0,0,3356,305.0909091,
Missouri,Schuyler,29197,0,138,145,137,144,275,145,0,0,0,0,984,89.45454545,
Missouri,Scotland,29199,0,217,218,232,235,322,178,0,0,0,0,1402,127.4545455,
Missouri,Scott,29201,42,299,306,302,333,617,564,40,0,0,194,2697,245.1818182,
Missouri,Shannon,29203,0,9,7,8,8,0,1,0,0,0,0,33,3,
Missouri,Shelby,29205,0,361,352,360,357,463,384,0,0,0,0,2277,207,
Missouri,Stoddard,29207,429,935,868,891,911,988,854,350,0,0,408,6634,603.0909091,
Missouri,Stone,29209,0,1,0,0,0,0,1,0,0,0,0,2,0.181818182,
Missouri,Sullivan,29211,0,294,217,320,301,324,178,0,0,0,0,1634,148.5454545,
Missouri,Taney,29213,0,1,0,0,0,0,1,0,0,0,0,2,0.181818182,
Missouri,Texas,29215,0,25,25,24,25,13,7,0,0,0,0,119,10.81818182,
Missouri,Vernon,29217,3,508,546,543,553,577,559,0,0,0,0,3289,299,
Missouri,Warren,29219,0,63,63,53,58,60,50,0,0,0,0,347,31.54545455,
Missouri,Washington,29221,0,0,0,0,0,0,0,0,0,0,0,0,0,
Missouri,Wayne,29223,1,29,17,33,33,37,25,1,0,0,0,176,16,
Missouri,Webster,29225,0,35,50,45,49,35,31,0,0,0,0,245,22.27272727,
Missouri,Worth,29227,0,104,105,103,117,152,89,0,0,0,0,670,60.90909091,
Missouri,Wright,29229,0,26,27,25,20,6,5,0,0,0,0,109,9.909090909,
Missouri,St. Louis,29510,0,0,0,0,0,0,0,0,0,0,0,0,0,
Montana,Beaverhead,30001,0,34,34,54,52,63,64,0,0,0,0,301,27.36363636,
Montana,Big Horn,30003,0,224,208,211,210,234,221,0,0,0,0,1308,118.9090909,
Montana,Blaine,30005,9,295,307,340,329,437,419,0,0,0,0,2136,194.1818182,
Montana,Broadwater,30007,4,125,123,131,142,140,137,0,0,0,0,802,72.90909091,
Montana,Carbon,30009,3,211,217,217,214,234,235,0,0,0,0,1331,121,
Montana,Carter,30011,2,93,87,91,93,96,89,0,0,0,0,551,50.09090909,
Montana,Cascade,30013,9,507,512,538,549,633,613,0,0,0,0,3361,305.5454545,
Montana,Chouteau,30015,5,797,758,804,791,854,846,0,0,0,0,4855,441.3636364,
Montana,Custer,30017,0,130,125,133,132,141,138,0,0,0,0,799,72.63636364,
Montana,Daniels,30019,16,260,231,254,278,298,297,0,0,0,0,1634,148.5454545,
Montana,Dawson,30021,3,412,371,412,414,465,447,0,0,0,0,2524,229.4545455,
Montana,Deer Lodge,30023,0,12,12,17,18,18,18,0,0,0,0,95,8.636363636,
Montana,Fallon,30025,1,142,137,141,142,144,141,0,0,0,0,848,77.09090909,
Montana,Fergus,30027,0,425,428,435,442,509,503,0,0,0,0,2742,249.2727273,
Montana,Flathead,30029,33,161,178,182,177,188,168,0,0,0,0,1087,98.81818182,
Montana,Gallatin,30031,4,250,230,251,244,238,238,0,0,0,0,1455,132.2727273,
Montana,Garfield,30033,0,117,112,123,133,136,131,0,0,0,0,752,68.36363636,
Montana,Glacier,30035,22,188,198,194,196,213,172,0,0,0,0,1183,107.5454545,
Montana,Golden Valley,30037,1,60,59,59,58,98,86,0,0,0,0,421,38.27272727,
Montana,Granite,30039,0,12,13,15,16,18,19,0,0,0,0,93,8.454545455,
Montana,Hill,30041,12,599,583,660,645,803,773,0,0,0,0,4075,370.4545455,
Montana,Jefferson,30043,0,18,19,22,23,20,21,0,0,0,0,123,11.18181818,
Montana,Judith Basin,30045,2,218,215,226,230,247,242,0,0,0,0,1380,125.4545455,
Montana,Lake,30047,1,85,129,154,160,160,149,0,0,0,0,838,76.18181818,
Montana,Lewis and Clark,30049,1,30,34,39,39,54,54,0,0,0,0,251,22.81818182,
Montana,Liberty,30051,5,324,316,358,365,412,398,0,0,0,0,2178,198,
Montana,Lincoln,30053,0,0,0,0,0,0,0,0,0,0,0,0,0,
Montana,McCone,30055,0,351,335,357,353,386,380,0,0,0,0,2162,196.5454545,
Montana,Madison,30057,2,69,61,67,58,63,66,0,0,0,0,386,35.09090909,
Montana,Meagher,30059,2,28,29,33,35,42,42,0,0,0,0,211,19.18181818,
Montana,Mineral,30061,0,6,8,7,6,4,4,0,0,0,0,35,3.181818182,
Montana,Missoula,30063,0,15,15,18,18,18,17,0,0,0,0,101,9.181818182,
Montana,Musselshell,30065,0,64,61,61,65,79,75,0,0,0,0,405,36.81818182,
Montana,Park,30067,1,74,75,82,80,80,78,0,0,0,0,470,42.72727273,
Montana,Petroleum,30069,0,33,36,35,41,51,46,0,0,0,0,242,22,
Montana,Phillips,30071,3,231,247,253,256,282,276,0,0,0,0,1548,140.7272727,
Montana,Pondera,30073,42,438,432,487,501,525,519,2,0,2,0,2948,268,
Montana,Powder River,30075,0,105,99,110,108,128,131,0,0,0,0,681,61.90909091,
Montana,Powell,30077,0,22,25,35,36,35,36,0,0,0,0,189,17.18181818,
Montana,Prairie,30079,0,126,107,125,122,130,121,1,0,1,0,733,66.63636364,
Montana,Ravalli,30081,0,33,24,36,31,30,44,0,0,0,0,198,18,
Montana,Richland,30083,1,405,467,505,500,600,571,0,0,0,0,3049,277.1818182,
Montana,Roosevelt,30085,6,522,502,540,485,507,463,0,0,0,0,3025,275,
Montana,Rosebud,30087,1,85,116,113,111,104,101,0,0,0,0,631,57.36363636,
Montana,Sanders,30089,0,26,25,28,25,19,21,0,0,0,0,144,13.09090909,
Montana,Sheridan,30091,47,408,438,459,450,565,512,2,0,2,0,2883,262.0909091,
Montana,Silver Bow,30093,0,1,1,1,3,2,2,0,0,0,0,10,0.909090909,
Montana,Stillwater,30095,0,188,189,192,210,252,241,0,0,0,0,1272,115.6363636,
Montana,Sweet Grass,30097,0,46,48,52,54,59,60,0,0,0,0,319,29,
Montana,Teton,30099,31,519,502,554,542,552,535,0,0,0,0,3235,294.0909091,
Montana,Toole,30101,10,461,446,473,474,464,473,0,0,0,0,2801,254.6363636,
Montana,Treasure,30103,0,26,36,37,43,35,36,0,0,0,0,213,19.36363636,
Montana,Valley,30105,11,467,470,483,488,494,488,0,0,0,0,2901,263.7272727,
Montana,Wheatland,30107,2,66,59,60,55,84,78,0,0,0,0,404,36.72727273,
Montana,Wibaux,30109,6,130,128,119,120,147,150,0,0,0,0,800,72.72727273,
Montana,Yellowstone,30111,0,439,429,435,416,425,389,0,0,0,0,2533,230.2727273,
Nebraska,Adams,31001,0,197,202,205,206,798,413,0,0,0,0,2021,183.7272727,
Nebraska,Antelope,31003,0,67,77,80,80,740,55,2,0,0,0,1101,100.0909091,
Nebraska,Arthur,31005,0,7,7,7,7,14,4,0,0,0,0,46,4.181818182,
Nebraska,Banner,31007,0,220,215,199,180,205,165,0,0,0,0,1184,107.6363636,
Nebraska,Blaine,31009,0,1,1,1,1,10,1,0,0,0,0,15,1.363636364,
Nebraska,Boone,31011,0,44,46,40,46,749,184,0,0,0,0,1109,100.8181818,
Nebraska,Box Butte,31013,1,495,501,510,485,519,498,0,0,0,0,3009,273.5454545,
Nebraska,Boyd,31015,0,47,47,50,51,192,81,0,0,0,0,468,42.54545455,
Nebraska,Brown,31017,0,8,10,9,11,112,12,0,0,0,0,162,14.72727273,
Nebraska,Buffalo,31019,0,150,155,156,154,915,400,0,0,0,0,1930,175.4545455,
Nebraska,Burt,31021,0,31,31,30,35,513,98,0,0,0,0,738,67.09090909,
Nebraska,Butler,31023,0,164,166,172,177,886,343,0,0,0,0,1908,173.4545455,
Nebraska,Cass,31025,0,30,35,39,47,782,257,0,0,0,0,1190,108.1818182,
Nebraska,Cedar,31027,0,29,36,38,38,742,60,0,0,0,0,943,85.72727273,
Nebraska,Chase,31029,0,116,111,121,118,374,306,0,0,0,0,1146,104.1818182,
Nebraska,Cherry,31031,0,14,12,13,14,86,22,0,0,0,0,161,14.63636364,
Nebraska,Cheyenne,31033,0,1109,1092,1082,1070,1103,1022,0,0,0,0,6478,588.9090909,
Nebraska,Clay,31035,0,171,173,177,180,686,361,0,0,0,0,1748,158.9090909,
Nebraska,Colfax,31037,0,42,45,45,47,529,117,0,0,0,0,825,75,
Nebraska,Cuming,31039,0,17,20,24,24,794,32,0,0,0,0,911,82.81818182,
Nebraska,Custer,31041,0,83,81,86,100,585,273,0,0,0,0,1208,109.8181818,
Nebraska,Dakota,31043,0,23,19,17,19,161,27,0,0,0,0,266,24.18181818,
Nebraska,Dawes,31045,0,321,319,308,314,369,334,0,0,0,0,1965,178.6363636,
Nebraska,Dawson,31047,0,47,54,61,58,707,249,0,0,0,0,1176,106.9090909,
Nebraska,Deuel,31049,0,107,105,116,119,221,196,0,0,0,0,864,78.54545455,
Nebraska,Dixon,31051,0,52,50,48,45,527,35,0,0,0,0,757,68.81818182,
Nebraska,Dodge,31053,0,47,48,51,48,709,116,0,0,0,0,1019,92.63636364,
Nebraska,Douglas,31055,0,11,10,11,12,164,32,0,0,0,0,240,21.81818182,
Nebraska,Dundy,31057,0,128,121,126,124,321,280,0,0,0,0,1100,100,
Nebraska,Fillmore,31059,0,211,217,218,228,791,380,0,0,0,0,2045,185.9090909,
Nebraska,Franklin,31061,0,100,95,98,97,429,344,0,0,0,0,1163,105.7272727,
Nebraska,Frontier,31063,0,30,26,26,29,224,215,0,0,0,0,550,50,
Nebraska,Furnas,31065,0,131,137,140,142,500,461,0,0,0,0,1511,137.3636364,
Nebraska,Gage,31067,0,688,676,677,675,1101,713,0,0,0,0,4530,411.8181818,
Nebraska,Garden,31069,0,115,113,118,113,286,235,0,0,0,0,980,89.09090909,
Nebraska,Garfield,31071,0,10,8,9,10,77,16,0,0,0,0,130,11.81818182,
Nebraska,Gosper,31073,0,26,27,33,26,346,264,0,0,0,0,722,65.63636364,
Nebraska,Grant,31075,0,0,0,0,0,0,0,0,0,0,0,0,0,
Nebraska,Greeley,31077,0,14,13,13,12,244,80,0,0,0,0,376,34.18181818,
Nebraska,Hall,31079,0,63,59,66,65,628,97,0,0,0,0,978,88.90909091,
Nebraska,Hamilton,31081,0,159,155,154,163,826,190,0,0,0,0,1647,149.7272727,
Nebraska,Harlan,31083,0,101,103,109,116,480,403,0,0,0,0,1312,119.2727273,
Nebraska,Hayes,31085,0,53,57,57,59,292,270,0,0,0,0,788,71.63636364,
Nebraska,Hitchcock,31087,0,22,24,22,25,127,117,0,0,0,0,337,30.63636364,
Nebraska,Holt,31089,0,79,76,80,85,553,101,0,0,0,0,974,88.54545455,
Nebraska,Hooker,31091,0,0,0,0,0,0,0,0,0,0,0,0,0,
Nebraska,Howard,31093,0,41,43,42,42,568,246,0,0,0,0,982,89.27272727,
Nebraska,Jefferson,31095,0,302,312,319,322,665,450,0,0,0,0,2370,215.4545455,
Nebraska,Johnson,31097,0,129,135,143,141,529,228,0,0,0,0,1305,118.6363636,
Nebraska,Kearney,31099,0,118,129,124,126,656,383,0,0,0,0,1536,139.6363636,
Nebraska,Keith,31101,0,215,208,205,207,380,346,0,0,0,0,1561,141.9090909,
Nebraska,Keya Paha,31103,0,4,5,4,4,45,16,0,0,0,0,78,7.090909091,
Nebraska,Kimball,31105,0,611,610,581,582,600,624,0,0,0,0,3608,328,
Nebraska,Knox,31107,0,50,50,59,59,822,171,0,0,0,0,1211,110.0909091,
Nebraska,Lancaster,31109,0,298,296,290,316,1386,511,0,0,0,0,3097,281.5454545,
Nebraska,Lincoln,31111,0,133,125,128,125,742,493,0,0,0,0,1746,158.7272727,
Nebraska,Logan,31113,0,4,4,4,4,87,62,0,0,0,0,165,15,
Nebraska,Loup,31115,0,2,4,4,6,72,20,0,0,0,0,108,9.818181818,
Nebraska,McPherson,31117,0,4,4,4,4,39,13,0,0,0,0,68,6.181818182,
Nebraska,Madison,31119,0,35,42,46,53,748,45,0,0,0,0,969,88.09090909,
Nebraska,Merrick,31121,0,36,35,32,39,657,191,0,0,0,0,990,90,
Nebraska,Morrill,31123,0,172,165,161,160,378,203,0,0,0,0,1239,112.6363636,
Nebraska,Nance,31125,0,68,71,68,73,408,238,0,0,0,0,926,84.18181818,
Nebraska,Nemaha,31127,0,48,50,54,56,454,234,0,0,0,0,896,81.45454545,
Nebraska,Nuckolls,31129,0,186,192,196,192,383,314,0,0,0,0,1463,133,
Nebraska,Otoe,31131,0,135,140,140,150,870,390,0,0,0,0,1825,165.9090909,
Nebraska,Pawnee,31133,0,110,108,110,112,368,224,0,0,0,0,1032,93.81818182,
Nebraska,Perkins,31135,0,383,389,412,405,699,627,0,0,0,0,2915,265,
Nebraska,Phelps,31137,0,63,62,64,65,688,267,0,0,0,0,1209,109.9090909,
Nebraska,Pierce,31139,0,27,28,34,35,607,27,0,0,0,0,758,68.90909091,
Nebraska,Platte,31141,0,33,39,48,66,1092,313,0,0,0,0,1591,144.6363636,
Nebraska,Polk,31143,0,104,102,100,53,202,67,0,0,0,0,628,57.09090909,
Nebraska,Red Willow,31145,0,114,125,122,122,608,548,0,0,0,0,1639,149,
Nebraska,Richardson,31147,0,57,55,62,60,684,277,0,0,0,0,1195,108.6363636,
Nebraska,Rock,31149,0,7,13,10,12,80,7,0,0,0,0,129,11.72727273,
Nebraska,Saline,31151,0,692,703,705,712,1087,644,0,0,0,0,4543,413,
Nebraska,Sarpy,31153,0,17,18,18,19,196,38,0,0,0,0,306,27.81818182,
Nebraska,Saunders,31155,0,127,145,161,174,1368,371,0,0,0,0,2346,213.2727273,
Nebraska,Scotts Bluff,31157,0,139,160,142,151,685,171,0,0,0,0,1448,131.6363636,
Nebraska,Seward,31159,0,528,534,548,562,1199,538,0,0,0,0,3909,355.3636364,
Nebraska,Sheridan,31161,0,382,378,364,353,356,327,0,0,0,0,2160,196.3636364,
Nebraska,Sherman,31163,0,30,33,33,33,189,95,0,0,0,0,413,37.54545455,
Nebraska,Sioux,31165,0,23,25,23,20,108,29,0,0,0,0,228,20.72727273,
Nebraska,Stanton,31167,0,14,14,13,13,531,57,0,0,0,0,642,58.36363636,
Nebraska,Thayer,31169,0,67,73,71,81,821,580,0,0,0,0,1693,153.9090909,
Nebraska,Thomas,31171,0,0,0,0,0,7,2,0,0,0,0,9,0.818181818,
Nebraska,Thurston,31173,0,10,10,12,12,420,53,0,0,0,0,517,47,
Nebraska,Valley,31175,0,22,28,27,32,396,150,0,0,0,0,655,59.54545455,
Nebraska,Washington,31177,0,41,47,52,55,491,100,0,0,0,0,786,71.45454545,
Nebraska,Wayne,31179,0,30,32,30,29,495,12,0,0,0,0,628,57.09090909,
Nebraska,Webster,31181,0,267,270,272,266,481,437,0,0,0,0,1993,181.1818182,
Nebraska,Wheeler,31183,0,4,4,4,4,83,1,0,0,0,0,100,9.090909091,
Nebraska,York,31185,0,128,134,139,160,970,224,0,0,0,0,1755,159.5454545,
Nevada,Churchill,32001,0,23,25,23,26,55,48,0,0,0,0,200,18.18181818,
Nevada,Clark,32003,0,1,1,1,2,2,2,0,0,0,0,9,0.818181818,
Nevada,Douglas,32005,0,4,3,2,2,5,4,0,0,0,0,20,1.818181818,
Nevada,Elko,32007,0,1,0,1,1,3,3,0,0,0,0,9,0.818181818,
Nevada,Esmeralda,32009,0,0,0,0,0,0,0,0,0,0,0,0,0,
Nevada,Eureka,32011,0,0,1,2,3,2,3,0,0,0,0,11,1,
Nevada,Humboldt,32013,0,30,34,39,44,50,46,0,0,0,0,243,22.09090909,
Nevada,Lander,32015,0,6,8,8,7,8,8,0,0,0,0,45,4.090909091,
Nevada,Lincoln,32017,0,0,0,0,0,0,0,0,0,0,0,0,0,
Nevada,Lyon,32019,0,12,11,11,10,14,12,0,0,0,0,70,6.363636364,
Nevada,Mineral,32021,0,0,0,0,0,0,0,0,0,0,0,0,0,
Nevada,Nye,32023,0,1,2,2,2,2,2,0,0,0,0,11,1,
Nevada,Pershing,32027,0,0,0,0,1,45,42,0,0,0,0,88,8,
Nevada,Storey,32029,0,0,0,0,0,0,0,0,0,0,0,0,0,
Nevada,Washoe,32031,0,0,0,0,0,1,1,0,0,0,0,2,0.181818182,
Nevada,White Pine,32033,0,0,0,0,0,1,2,0,0,0,0,3,0.272727273,
Nevada,Carson City,32510,0,0,0,0,0,0,0,0,0,0,0,0,0,
New Hampshire,Belknap,33001,0,1,1,1,1,4,0,0,0,0,0,8,0.727272727,
New Hampshire,Carroll,33003,0,1,1,1,1,5,0,0,0,0,0,9,0.818181818,
New Hampshire,Cheshire,33005,0,4,6,6,5,5,0,0,0,0,0,26,2.363636364,
New Hampshire,Coos,33007,0,1,1,1,1,16,2,0,0,0,0,22,2,
New Hampshire,Grafton,33009,0,3,0,0,1,47,0,0,0,0,0,51,4.636363636,
New Hampshire,Hillsborough,33011,0,0,0,0,0,1,0,0,0,0,0,1,0.090909091,
New Hampshire,Merrimack,33013,0,4,3,3,3,11,0,0,0,0,0,24,2.181818182,
New Hampshire,Rockingham,33015,0,1,2,1,2,5,0,0,0,0,0,11,1,
New Hampshire,Strafford,33017,0,1,1,1,1,3,0,0,0,0,0,7,0.636363636,
New Hampshire,Sullivan,33019,0,6,9,7,8,3,0,0,0,0,0,33,3,
New Jersey,Atlantic,34001,0,0,0,0,0,1,0,0,0,0,0,1,0.090909091,
New Jersey,Bergen,34003,0,0,0,0,0,0,0,0,0,0,0,0,0,
New Jersey,Burlington,34005,0,14,13,15,17,19,18,0,0,0,0,96,8.727272727,
New Jersey,Camden,34007,0,0,0,0,0,0,0,0,0,0,0,0,0,
New Jersey,Cape May,34009,0,0,0,0,0,0,0,0,0,0,0,0,0,
New Jersey,Cumberland,34011,0,7,16,10,12,30,25,0,0,0,0,100,9.090909091,
New Jersey,Essex,34013,0,0,0,0,0,0,0,0,0,0,0,0,0,
New Jersey,Gloucester,34015,0,5,5,4,6,41,39,0,0,0,0,100,9.090909091,
New Jersey,Hudson,34017,0,0,0,0,0,0,0,0,0,0,0,0,0,
New Jersey,Hunterdon,34019,0,38,35,39,38,41,34,0,0,0,0,225,20.45454545,
New Jersey,Mercer,34021,0,16,14,13,13,17,16,0,0,0,0,89,8.090909091,
New Jersey,Middlesex,34023,0,8,8,7,6,11,10,0,0,0,0,50,4.545454545,
New Jersey,Monmouth,34025,0,14,13,14,14,13,13,0,0,0,0,81,7.363636364,
New Jersey,Morris,34027,0,0,0,0,1,5,6,0,0,0,0,12,1.090909091,
New Jersey,Ocean,34029,0,2,2,2,2,2,2,0,0,0,0,12,1.090909091,
New Jersey,Passaic,34031,0,0,0,0,0,0,0,0,0,0,0,0,0,
New Jersey,Salem,34033,0,13,13,14,17,120,119,0,0,0,0,296,26.90909091,
New Jersey,Somerset,34035,0,12,11,11,12,10,10,0,0,0,0,66,6,
New Jersey,Sussex,34037,0,3,5,6,6,5,2,0,0,0,0,27,2.454545455,
New Jersey,Union,34039,0,0,0,0,0,0,0,0,0,0,0,0,0,
New Jersey,Warren,34041,0,12,19,19,21,38,17,0,0,0,0,126,11.45454545,
New Mexico,Bernalillo,35001,0,0,0,0,0,0,0,0,0,0,0,0,0,
New Mexico,Catron,35003,0,0,0,0,0,0,0,0,0,0,0,0,0,
New Mexico,Chaves,35005,0,114,78,68,70,66,44,0,0,0,31,471,42.81818182,
New Mexico,Cibola,35006,0,0,0,0,0,0,0,0,0,0,0,0,0,
New Mexico,Colfax,35007,0,23,23,22,19,14,17,0,0,0,0,118,10.72727273,
New Mexico,Curry,35009,9,590,579,563,558,491,408,11,0,0,36,3245,295,
New Mexico,De Baca,35011,0,23,24,20,20,13,12,0,0,0,0,112,10.18181818,
New Mexico,Dona Ana,35013,0,79,96,95,99,116,92,0,0,0,201,778,70.72727273,
New Mexico,Eddy,35015,0,28,23,15,25,31,25,0,0,0,12,159,14.45454545,
New Mexico,Grant,35017,0,0,0,0,0,0,0,0,0,0,0,0,0,
New Mexico,Guadalupe,35019,0,6,3,5,1,2,3,0,0,0,0,20,1.818181818,
New Mexico,Harding,35021,0,54,52,56,57,29,23,0,0,0,0,271,24.63636364,
New Mexico,Hidalgo,35023,0,29,32,27,31,29,24,0,0,0,26,198,18,
New Mexico,Lea,35025,40,136,115,118,122,125,129,46,0,0,90,921,83.72727273,
New Mexico,Lincoln,35027,0,0,0,0,0,0,0,0,0,0,0,0,0,
New Mexico,Los Alamos,35028,0,0,0,0,0,0,0,0,0,0,0,0,0,
New Mexico,Luna,35029,0,87,78,78,82,65,54,0,0,0,22,466,42.36363636,
New Mexico,McKinley,35031,0,0,0,0,0,0,0,0,0,0,0,0,0,
New Mexico,Mora,35033,0,0,0,0,0,0,0,0,0,0,0,0,0,
New Mexico,Otero,35035,0,0,0,0,0,0,0,0,0,0,0,0,0,
New Mexico,Quay,35037,0,366,356,350,353,315,285,0,0,0,31,2056,186.9090909,
New Mexico,Rio Arriba,35039,0,10,8,5,5,5,3,0,0,0,0,36,3.272727273,
New Mexico,Roosevelt,35041,64,266,335,364,359,350,311,69,0,0,78,2196,199.6363636,
New Mexico,Sandoval,35043,0,0,0,0,0,0,0,0,0,0,0,0,0,
New Mexico,San Juan,35045,0,0,0,0,0,0,0,0,0,0,0,0,0,
New Mexico,San Miguel,35047,0,0,0,0,0,0,0,0,0,0,0,0,0,
New Mexico,Santa Fe,35049,0,4,7,6,10,7,2,0,0,0,0,36,3.272727273,
New Mexico,Sierra,35051,0,8,10,7,9,11,5,0,0,0,9,59,5.363636364,
New Mexico,Socorro,35053,0,0,0,0,0,0,0,0,0,0,0,0,0,
New Mexico,Taos,35055,0,3,3,2,3,3,2,0,0,0,0,16,1.454545455,
New Mexico,Torrance,35057,0,28,34,33,28,39,2,0,0,0,0,164,14.90909091,
New Mexico,Union,35059,0,85,83,77,88,92,78,0,0,0,0,503,45.72727273,
New Mexico,Valencia,35061,0,0,0,0,0,0,0,0,0,0,0,0,0,
New York,Albany,36001,0,16,13,10,11,35,9,0,0,0,0,94,8.545454545,
New York,Allegany,36003,0,6,7,11,18,190,61,0,0,0,0,293,26.63636364,
New York,Bronx,36005,0,0,0,0,0,0,0,0,0,0,0,0,0,
New York,Broome,36007,0,0,0,1,1,45,3,0,0,0,0,50,4.545454545,
New York,Cattaraugus,36009,0,5,7,11,15,177,31,0,0,0,0,246,22.36363636,
New York,Cayuga,36011,0,15,27,43,60,216,160,0,0,0,0,521,47.36363636,
New York,Chautauqua,36013,0,6,13,18,15,71,16,0,0,0,0,139,12.63636364,
New York,Chemung,36015,0,0,0,6,7,30,10,0,0,0,0,53,4.818181818,
New York,Chenango,36017,0,12,14,13,10,120,7,0,0,0,0,176,16,
New York,Clinton,36019,0,7,10,7,9,2,0,0,0,0,0,35,3.181818182,
New York,Columbia,36021,0,7,8,10,10,20,12,0,0,0,0,67,6.090909091,
New York,Cortland,36023,0,1,2,3,4,120,18,0,0,0,0,148,13.45454545,
New York,Delaware,36025,0,3,3,3,3,104,4,0,0,0,0,120,10.90909091,
New York,Dutchess,36027,0,1,3,7,8,41,11,0,0,0,0,71,6.454545455,
New York,Erie,36029,0,4,3,5,7,169,29,0,0,0,0,217,19.72727273,
New York,Essex,36031,0,2,0,0,0,3,3,0,0,0,0,8,0.727272727,
New York,Franklin,36033,0,18,23,25,25,14,0,0,0,0,0,105,9.545454545,
New York,Fulton,36035,0,0,1,2,1,26,1,0,0,0,0,31,2.818181818,
New York,Genesee,36037,0,8,7,9,13,178,156,0,0,0,0,371,33.72727273,
New York,Greene,36039,0,2,3,4,4,11,0,0,0,0,0,24,2.181818182,
New York,Hamilton,36041,0,0,0,0,0,0,0,0,0,0,0,0,0,
New York,Herkimer,36043,0,11,10,9,9,117,18,0,0,0,0,174,15.81818182,
New York,Jefferson,36045,0,6,4,7,8,154,62,0,0,0,0,241,21.90909091,
New York,Kings,36047,0,0,0,0,0,0,0,0,0,0,0,0,0,
New York,Lewis,36049,0,6,19,8,13,119,5,0,0,0,0,170,15.45454545,
New York,Livingston,36051,0,22,26,31,34,188,170,0,0,0,0,471,42.81818182,
New York,Madison,36053,0,34,39,48,43,130,34,0,0,0,0,328,29.81818182,
New York,Monroe,36055,0,16,19,44,63,114,102,0,0,0,0,358,32.54545455,
New York,Montgomery,36057,0,5,7,12,13,107,36,0,0,0,0,180,16.36363636,
New York,Nassau,36059,0,0,0,0,0,0,0,0,0,0,0,0,0,
New York,New York,36061,0,0,0,0,0,0,0,0,0,0,0,0,0,
New York,Niagara,36063,0,12,15,17,22,120,100,0,0,0,0,286,26,
New York,Oneida,36065,0,27,27,34,34,196,48,0,0,0,0,366,33.27272727,
New York,Onondaga,36067,0,22,27,26,27,144,90,0,0,0,0,336,30.54545455,
New York,Ontario,36069,0,33,44,44,43,188,159,0,0,0,0,511,46.45454545,
New York,Orange,36071,0,2,5,6,8,82,10,0,0,0,0,113,10.27272727,
New York,Orleans,36073,0,1,3,6,10,187,133,0,0,0,0,340,30.90909091,
New York,Oswego,36075,0,6,11,8,9,93,9,0,0,0,0,136,12.36363636,
New York,Otsego,36077,0,7,10,6,9,135,25,0,0,0,0,192,17.45454545,
New York,Putnam,36079,0,0,0,0,0,0,0,0,0,0,0,0,0,
New York,Queens,36081,0,0,0,0,0,0,0,0,0,0,0,0,0,
New York,Rensselaer,36083,0,18,17,16,20,40,22,0,0,0,0,133,12.09090909,
New York,Richmond,36085,0,0,0,0,0,0,0,0,0,0,0,0,0,
New York,Rockland,36087,0,0,0,0,0,0,0,0,0,0,0,0,0,
New York,St. Lawrence,36089,0,0,0,2,4,74,6,0,0,0,0,86,7.818181818,
New York,Saratoga,36091,0,1,2,2,4,16,4,0,0,0,0,29,2.636363636,
New York,Schenectady,36093,0,0,0,1,1,6,1,0,0,0,0,9,0.818181818,
New York,Schoharie,36095,0,9,13,13,12,106,12,0,0,0,0,165,15,
New York,Schuyler,36097,0,5,5,5,4,25,13,0,0,0,0,57,5.181818182,
New York,Seneca,36099,0,14,14,16,18,108,94,0,0,0,0,264,24,
New York,Steuben,36101,0,4,5,10,19,279,102,0,0,0,0,419,38.09090909,
New York,Suffolk,36103,0,1,0,1,1,0,0,0,0,0,0,3,0.272727273,
New York,Sullivan,36105,0,0,2,1,1,25,1,0,0,0,0,30,2.727272727,
New York,Tioga,36107,0,0,3,10,12,35,12,0,0,0,0,72,6.545454545,
New York,Tompkins,36109,0,3,5,4,7,76,47,0,0,0,0,142,12.90909091,
New York,Ulster,36111,0,2,2,5,4,13,1,0,0,0,0,27,2.454545455,
New York,Warren,36113,0,1,1,0,1,0,0,0,0,0,0,3,0.272727273,
New York,Washington,36115,0,20,25,23,23,32,13,0,0,0,0,136,12.36363636,
New York,Wayne,36117,0,29,28,35,44,142,97,0,0,0,0,375,34.09090909,
New York,Westchester,36119,0,0,0,0,0,0,0,0,0,0,0,0,0,
New York,Wyoming,36121,0,25,27,29,39,210,108,0,0,0,0,438,39.81818182,
New York,Yates,36123,0,8,10,10,11,77,70,0,0,0,0,186,16.90909091,
North Carolina,Alamance,37001,0,29,32,37,26,41,38,0,0,0,0,203,18.45454545,
North Carolina,Alexander,37003,0,16,14,15,21,23,24,0,0,0,0,113,10.27272727,
North Carolina,Alleghany,37005,0,7,9,11,15,17,0,0,0,0,0,59,5.363636364,
North Carolina,Anson,37007,0,11,12,12,16,88,86,0,0,0,45,270,24.54545455,
North Carolina,Ashe,37009,0,2,2,2,2,0,0,0,0,0,0,8,0.727272727,
North Carolina,Avery,37011,0,0,0,0,0,0,0,0,0,0,0,0,0,
North Carolina,Beaufort,37013,14,49,58,58,109,176,169,19,0,3,363,1018,92.54545455,
North Carolina,Bertie,37015,257,245,233,215,288,208,198,191,0,0,1244,3079,279.9090909,
North Carolina,Bladen,37017,118,135,130,129,146,149,152,131,0,0,756,1846,167.8181818,
North Carolina,Brunswick,37019,0,4,5,3,6,40,33,0,0,0,15,106,9.636363636,
North Carolina,Buncombe,37021,0,2,2,2,4,1,0,0,0,0,0,11,1,
North Carolina,Burke,37023,0,11,9,5,3,9,9,0,0,0,0,46,4.181818182,
North Carolina,Cabarrus,37025,0,46,48,49,53,61,55,0,0,0,8,320,29.09090909,
North Carolina,Caldwell,37027,0,6,6,8,4,9,9,0,0,0,0,42,3.818181818,
North Carolina,Camden,37029,0,5,7,11,16,128,108,3,0,1,22,301,27.36363636,
North Carolina,Carteret,37031,3,5,5,6,14,17,19,1,0,0,6,76,6.909090909,
North Carolina,Caswell,37033,0,9,10,8,9,14,16,0,0,0,0,66,6,
North Carolina,Catawba,37035,0,41,42,41,45,48,47,0,0,0,1,265,24.09090909,
North Carolina,Chatham,37037,0,17,18,16,12,15,14,0,0,0,17,109,9.909090909,
North Carolina,Cherokee,37039,0,2,4,4,4,1,1,0,0,0,0,16,1.454545455,
North Carolina,Chowan,37041,91,88,81,85,90,85,88,71,0,0,473,1152,104.7272727,
North Carolina,Clay,37043,0,0,0,0,0,0,0,0,0,0,0,0,0,
North Carolina,Cleveland,37045,0,2,2,9,12,71,75,0,0,0,3,174,15.81818182,
North Carolina,Columbus,37047,183,168,174,164,156,245,242,125,0,0,815,2272,206.5454545,
North Carolina,Craven,37049,20,29,29,30,94,108,121,22,0,0,103,556,50.54545455,
North Carolina,Cumberland,37051,29,60,65,67,111,139,117,31,0,0,419,1038,94.36363636,
North Carolina,Currituck,37053,2,14,12,12,15,76,62,1,0,0,16,210,19.09090909,
North Carolina,Dare,37055,0,0,0,0,0,3,3,0,0,0,0,6,0.545454545,
North Carolina,Davidson,37057,0,68,68,67,69,96,72,0,0,0,6,446,40.54545455,
North Carolina,Davie,37059,5,45,44,48,42,53,41,0,0,0,2,280,25.45454545,
North Carolina,Duplin,37061,47,182,141,184,261,320,308,66,0,0,854,2363,214.8181818,
North Carolina,Durham,37063,0,3,2,1,3,1,4,0,0,0,0,14,1.272727273,
North Carolina,Edgecombe,37065,141,143,136,133,175,167,171,141,0,0,1001,2208,200.7272727,
North Carolina,Forsyth,37067,0,14,14,13,12,39,32,0,0,0,0,124,11.27272727,
North Carolina,Franklin,37069,0,19,24,19,24,21,27,0,0,0,16,150,13.63636364,
North Carolina,Gaston,37071,0,28,27,31,26,7,7,0,0,0,0,126,11.45454545,
North Carolina,Gates,37073,73,74,75,73,75,70,73,64,0,0,557,1134,103.0909091,
North Carolina,Graham,37075,0,0,0,0,0,0,0,0,0,0,0,0,0,
North Carolina,Granville,37077,0,16,15,18,23,68,73,0,0,0,12,225,20.45454545,
North Carolina,Greene,37079,81,85,80,78,146,185,169,60,0,0,705,1589,144.4545455,
North Carolina,Guilford,37081,0,70,78,81,82,98,96,0,0,0,0,505,45.90909091,
North Carolina,Halifax,37083,161,170,153,173,152,154,156,142,0,0,1247,2508,228,
North Carolina,Harnett,37085,31,52,59,61,73,200,165,28,0,0,715,1384,125.8181818,
North Carolina,Haywood,37087,0,15,16,15,15,22,0,0,0,0,0,83,7.545454545,
North Carolina,Henderson,37089,0,1,1,1,1,10,0,0,0,0,0,14,1.272727273,
North Carolina,Hertford,37091,94,94,97,92,90,94,96,80,0,0,564,1301,118.2727273,
North Carolina,Hoke,37093,0,13,18,20,52,61,56,0,0,0,187,407,37,
North Carolina,Hyde,37095,0,27,31,30,64,154,144,0,0,0,269,719,65.36363636,
North Carolina,Iredell,37097,3,76,70,76,81,112,103,4,0,5,14,544,49.45454545,
North Carolina,Jackson,37099,0,0,0,0,0,0,0,0,0,0,0,0,0,
North Carolina,Johnston,37101,48,94,91,87,139,315,310,62,0,0,1081,2227,202.4545455,
North Carolina,Jones,37103,22,26,29,28,98,100,93,20,0,0,619,1035,94.09090909,
North Carolina,Lee,37105,0,1,0,1,1,0,0,0,0,0,1,4,0.363636364,
North Carolina,Lenoir,37107,11,51,65,65,178,206,193,21,0,0,1036,1826,166,
North Carolina,Lincoln,37109,0,51,49,56,42,12,15,0,0,0,3,228,20.72727273,
North Carolina,McDowell,37111,0,2,3,2,1,2,0,0,0,0,0,10,0.909090909,
North Carolina,Macon,37113,0,0,0,1,1,0,0,0,0,0,0,2,0.181818182,
North Carolina,Madison,37115,0,2,0,2,1,1,0,0,0,0,0,6,0.545454545,
North Carolina,Martin,37117,304,291,282,264,274,274,269,253,0,0,1467,3678,334.3636364,
North Carolina,Mecklenburg,37119,0,5,5,6,4,6,6,0,0,0,0,32,2.909090909,
North Carolina,Mitchell,37121,0,1,0,0,0,1,0,0,0,0,0,2,0.181818182,
North Carolina,Montgomery,37123,0,0,0,0,0,6,5,0,0,0,0,11,1,
North Carolina,Moore,37125,0,1,6,1,2,0,2,0,0,0,0,12,1.090909091,
North Carolina,Nash,37127,75,146,151,148,211,216,209,72,0,0,1017,2245,204.0909091,
North Carolina,New Hanover,37129,0,1,1,0,0,0,0,0,0,0,0,2,0.181818182,
North Carolina,Northampton,37131,235,242,246,245,224,217,213,185,0,0,1547,3354,304.9090909,
North Carolina,Onslow,37133,12,17,12,15,62,69,64,8,0,0,296,555,50.45454545,
North Carolina,Orange,37135,0,9,11,15,13,13,23,0,0,0,0,84,7.636363636,
North Carolina,Pamlico,37137,0,0,1,2,13,44,39,0,0,0,19,118,10.72727273,
North Carolina,Pasquotank,37139,13,34,34,33,83,190,176,15,0,0,115,693,63,
North Carolina,Pender,37141,7,43,38,34,55,57,54,12,0,0,132,432,39.27272727,
North Carolina,Perquimans,37143,101,101,92,90,146,169,162,96,0,0,630,1587,144.2727273,
North Carolina,Person,37145,0,71,72,67,69,79,50,0,0,0,0,408,37.09090909,
North Carolina,Pitt,37147,167,230,213,204,259,261,243,176,0,0,1422,3175,288.6363636,
North Carolina,Polk,37149,0,0,1,1,0,10,4,0,0,0,0,16,1.454545455,
North Carolina,Randolph,37151,0,44,46,42,42,80,76,0,0,0,1,331,30.09090909,
North Carolina,Richmond,37153,1,5,4,5,6,15,19,1,0,0,17,73,6.636363636,
North Carolina,Robeson,37155,78,123,119,137,303,348,344,85,0,0,996,2533,230.2727273,
North Carolina,Rockingham,37157,0,33,31,50,54,48,50,0,0,0,0,266,24.18181818,
North Carolina,Rowan,37159,1,85,88,95,93,88,87,0,0,0,4,541,49.18181818,
North Carolina,Rutherford,37161,0,6,4,4,4,31,28,0,0,0,10,87,7.909090909,
North Carolina,Sampson,37163,104,253,241,248,449,531,461,104,0,0,2184,4575,415.9090909,
North Carolina,Scotland,37165,21,19,19,25,39,48,46,17,0,0,189,423,38.45454545,
North Carolina,Stanly,37167,0,49,38,38,62,305,295,0,0,0,310,1097,99.72727273,
North Carolina,Stokes,37169,0,0,0,4,5,1,1,0,0,0,0,11,1,
North Carolina,Surry,37171,0,6,8,8,9,14,11,0,0,0,0,56,5.090909091,
North Carolina,Swain,37173,0,0,0,1,0,0,0,0,0,0,0,1,0.090909091,
North Carolina,Transylvania,37175,0,1,1,0,1,9,0,0,0,0,0,12,1.090909091,
North Carolina,Tyrrell,37177,1,17,20,20,31,66,60,0,0,0,46,261,23.72727273,
North Carolina,Union,37179,0,48,44,43,45,66,60,0,0,0,17,323,29.36363636,
North Carolina,Vance,37181,0,5,6,6,5,7,7,0,0,0,2,38,3.454545455,
North Carolina,Wake,37183,3,5,11,11,38,132,114,3,0,0,83,400,36.36363636,
North Carolina,Warren,37185,4,8,9,10,20,13,13,4,0,0,17,98,8.909090909,
North Carolina,Washington,37187,54,62,59,55,70,142,138,48,0,0,230,858,78,
North Carolina,Watauga,37189,0,0,1,2,1,6,0,0,0,0,0,10,0.909090909,
North Carolina,Wayne,37191,53,188,180,175,269,352,338,66,0,0,1324,2945,267.7272727,
North Carolina,Wilkes,37193,0,9,7,13,12,17,8,0,0,0,0,66,6,
North Carolina,Wilson,37195,58,59,58,64,133,165,157,45,0,0,923,1662,151.0909091,
North Carolina,Yadkin,37197,0,160,166,168,168,173,151,0,0,0,0,986,89.63636364,
North Carolina,Yancey,37199,0,6,7,8,5,2,0,0,0,0,0,28,2.545454545,
North Dakota,Adams,38001,63,191,191,225,234,292,299,0,0,0,0,1495,135.9090909,
North Dakota,Barnes,38003,17,123,130,176,183,523,457,0,0,0,0,1609,146.2727273,
North Dakota,Benson,38005,219,317,317,367,367,440,439,0,0,0,0,2466,224.1818182,
North Dakota,Billings,38007,13,40,39,51,58,96,106,0,0,0,0,403,36.63636364,
North Dakota,Bottineau,38009,529,648,615,680,665,695,681,0,0,0,0,4513,410.2727273,
North Dakota,Bowman,38011,37,167,169,190,199,246,250,0,0,0,0,1258,114.3636364,
North Dakota,Burke,38013,257,358,339,335,361,452,444,1,0,1,0,2548,231.6363636,
North Dakota,Burleigh,38015,75,194,203,260,256,472,442,0,0,0,0,1902,172.9090909,
North Dakota,Cass,38017,4,73,72,139,147,701,551,0,0,0,0,1687,153.3636364,
North Dakota,Cavalier,38019,454,460,455,525,530,590,569,0,0,0,0,3583,325.7272727,
North Dakota,Dickey,38021,0,26,31,40,38,409,301,0,0,0,0,845,76.81818182,
North Dakota,Divide,38023,142,385,363,358,389,437,432,0,0,0,0,2506,227.8181818,
North Dakota,Dunn,38025,39,186,189,224,240,347,348,0,0,0,0,1573,143,
North Dakota,Eddy,38027,62,144,139,192,194,204,197,0,0,0,0,1132,102.9090909,
North Dakota,Emmons,38029,23,277,288,321,341,529,486,0,0,0,0,2265,205.9090909,
North Dakota,Foster,38031,52,126,128,161,173,239,232,0,0,0,0,1111,101,
North Dakota,Golden Valley,38033,36,95,98,130,137,171,175,1,0,1,0,844,76.72727273,
North Dakota,Grand Forks,38035,66,213,211,287,298,587,575,2,0,0,0,2239,203.5454545,
North Dakota,Grant,38037,60,209,197,244,265,408,396,0,0,0,0,1779,161.7272727,
North Dakota,Griggs,38039,33,125,124,180,187,323,317,0,0,0,0,1289,117.1818182,
North Dakota,Hettinger,38041,266,366,376,360,367,455,441,0,0,0,0,2631,239.1818182,
North Dakota,Kidder,38043,57,218,208,260,291,416,391,6,0,0,0,1847,167.9090909,
North Dakota,LaMoure,38045,2,53,59,71,74,462,340,0,0,0,0,1061,96.45454545,
North Dakota,Logan,38047,29,188,179,247,274,342,328,0,0,0,0,1587,144.2727273,
North Dakota,McHenry,38049,351,581,578,651,660,719,681,4,0,3,0,4228,384.3636364,
North Dakota,McIntosh,38051,23,241,247,294,297,422,404,0,0,0,0,1928,175.2727273,
North Dakota,McKenzie,38053,51,375,368,372,386,417,414,0,0,0,0,2383,216.6363636,
North Dakota,McLean,38055,422,575,575,606,628,698,689,1,0,0,0,4194,381.2727273,
North Dakota,Mercer,38057,93,182,194,220,229,246,246,0,0,0,0,1410,128.1818182,
North Dakota,Morton,38059,32,257,275,373,407,544,528,0,0,0,0,2416,219.6363636,
North Dakota,Mountrail,38061,298,477,434,491,512,583,596,0,0,0,0,3391,308.2727273,
North Dakota,Nelson,38063,181,296,304,383,385,498,474,1,0,0,0,2522,229.2727273,
North Dakota,Oliver,38065,57,157,158,192,203,222,225,0,0,0,0,1214,110.3636364,
North Dakota,Pembina,38067,60,104,112,161,179,367,354,0,0,0,0,1337,121.5454545,
North Dakota,Pierce,38069,291,419,420,477,475,485,473,0,0,0,0,3040,276.3636364,
North Dakota,Ramsey,38071,284,351,337,383,407,457,451,4,0,5,0,2679,243.5454545,
North Dakota,Ransom,38073,0,43,47,71,77,319,266,0,0,0,0,823,74.81818182,
North Dakota,Renville,38075,421,446,430,454,444,461,455,0,0,0,0,3111,282.8181818,
North Dakota,Richland,38077,0,64,77,90,84,638,481,0,0,0,0,1434,130.3636364,
North Dakota,Rolette,38079,326,338,340,400,394,407,396,0,0,0,0,2601,236.4545455,
North Dakota,Sargent,38081,1,30,29,32,38,340,277,0,0,0,0,747,67.90909091,
North Dakota,Sheridan,38083,171,256,262,300,286,337,335,0,0,0,0,1947,177,
North Dakota,Sioux,38085,4,75,65,78,82,156,159,0,0,0,0,619,56.27272727,
North Dakota,Slope,38087,51,102,108,125,133,190,195,0,0,0,0,904,82.18181818,
North Dakota,Stark,38089,111,201,203,232,269,455,466,0,0,0,0,1937,176.0909091,
North Dakota,Steele,38091,13,51,52,110,114,291,277,0,0,0,0,908,82.54545455,
North Dakota,Stutsman,38093,40,247,256,261,286,652,624,0,0,0,0,2366,215.0909091,
North Dakota,Towner,38095,379,369,370,432,461,504,490,0,0,0,0,3005,273.1818182,
North Dakota,Traill,38097,1,30,36,108,121,388,367,0,0,0,0,1051,95.54545455,
North Dakota,Walsh,38099,121,276,259,337,347,523,509,1,0,0,0,2373,215.7272727,
North Dakota,Ward,38101,614,812,760,763,761,823,803,0,0,0,0,5336,485.0909091,
North Dakota,Wells,38103,112,269,259,323,330,425,420,0,0,0,0,2138,194.3636364,
North Dakota,Williams,38105,79,393,395,444,462,530,519,0,0,0,0,2822,256.5454545,
Ohio,Adams,39001,0,122,154,156,151,250,184,0,0,0,0,1017,92.45454545,
Ohio,Allen,39003,0,86,88,88,98,668,508,0,0,0,0,1536,139.6363636,
Ohio,Ashland,39005,0,23,27,30,40,257,191,0,0,0,0,568,51.63636364,
Ohio,Ashtabula,39007,0,37,47,47,50,166,121,0,0,0,0,468,42.54545455,
Ohio,Athens,39009,0,12,15,13,15,21,16,0,0,0,0,92,8.363636364,
Ohio,Auglaize,39011,0,99,114,117,127,621,509,0,0,0,0,1587,144.2727273,
Ohio,Belmont,39013,0,1,0,1,1,7,3,0,0,0,0,13,1.181818182,
Ohio,Brown,39015,0,128,138,167,171,325,196,0,0,0,0,1125,102.2727273,
Ohio,Butler,39017,0,60,61,70,73,232,154,0,0,0,0,650,59.09090909,
Ohio,Carroll,39019,0,8,12,18,21,121,94,0,0,0,0,274,24.90909091,
Ohio,Champaign,39021,0,26,37,42,46,315,235,0,0,0,0,701,63.72727273,
Ohio,Clark,39023,0,24,24,26,27,309,240,0,0,0,0,650,59.09090909,
Ohio,Clermont,39025,0,36,38,38,44,145,64,0,0,0,0,365,33.18181818,
Ohio,Clinton,39027,0,71,79,78,81,416,284,0,0,0,0,1009,91.72727273,
Ohio,Columbiana,39029,0,5,11,17,18,297,218,0,0,0,0,566,51.45454545,
Ohio,Coshocton,39031,0,9,10,21,24,277,139,0,0,0,0,480,43.63636364,
Ohio,Crawford,39033,0,78,84,90,95,310,269,0,0,0,0,926,84.18181818,
Ohio,Cuyahoga,39035,0,0,0,0,0,1,1,0,0,0,0,2,0.181818182,
Ohio,Darke,39037,0,65,77,90,99,1104,769,0,0,0,0,2204,200.3636364,
Ohio,Defiance,39039,0,209,196,197,211,472,398,0,0,0,0,1683,153,
Ohio,Delaware,39041,0,41,51,56,62,237,204,0,0,0,0,651,59.18181818,
Ohio,Erie,39043,0,23,31,36,41,171,143,0,0,0,0,445,40.45454545,
Ohio,Fairfield,39045,0,59,69,73,71,352,279,0,0,0,0,903,82.09090909,
Ohio,Fayette,39047,0,77,76,80,84,342,237,0,0,0,0,896,81.45454545,
Ohio,Franklin,39049,0,28,25,26,28,141,98,0,0,0,0,346,31.45454545,
Ohio,Fulton,39051,0,124,127,131,139,282,232,0,0,0,0,1035,94.09090909,
Ohio,Gallia,39053,0,8,9,8,9,59,26,0,0,0,0,119,10.81818182,
Ohio,Geauga,39055,0,10,10,12,14,34,24,0,0,0,0,104,9.454545455,
Ohio,Greene,39057,0,72,88,93,97,387,268,0,0,0,0,1005,91.36363636,
Ohio,Guernsey,39059,0,1,3,4,5,82,25,0,0,0,0,120,10.90909091,
Ohio,Hamilton,39061,0,2,2,3,2,25,8,0,0,0,0,42,3.818181818,
Ohio,Hancock,39063,0,186,196,200,199,370,363,0,0,0,0,1514,137.6363636,
Ohio,Hardin,39065,0,28,33,46,58,365,331,0,0,0,0,861,78.27272727,
Ohio,Harrison,39067,0,16,19,20,19,41,24,0,0,0,0,139,12.63636364,
Ohio,Henry,39069,0,296,319,322,328,786,685,0,0,0,0,2736,248.7272727,
Ohio,Highland,39071,0,185,193,207,210,451,349,0,0,0,0,1595,145,
Ohio,Hocking,39073,0,18,18,16,19,19,15,0,0,0,0,105,9.545454545,
Ohio,Holmes,39075,0,3,5,8,8,170,13,0,0,0,0,207,18.81818182,
Ohio,Huron,39077,0,29,33,45,55,377,336,0,0,0,0,875,79.54545455,
Ohio,Jackson,39079,0,12,12,18,19,85,50,0,0,0,0,196,17.81818182,
Ohio,Jefferson,39081,0,16,21,22,18,48,27,0,0,0,0,152,13.81818182,
Ohio,Knox,39083,0,74,80,106,105,397,257,0,0,0,0,1019,92.63636364,
Ohio,Lake,39085,0,3,4,4,4,18,11,0,0,0,0,44,4,
Ohio,Lawrence,39087,0,7,3,4,5,43,9,0,0,0,0,71,6.454545455,
Ohio,Licking,39089,0,31,34,46,54,280,180,0,0,0,0,625,56.81818182,
Ohio,Logan,39091,0,75,81,85,89,307,277,0,0,0,0,914,83.09090909,
Ohio,Lorain,39093,0,43,52,52,54,245,189,0,0,0,0,635,57.72727273,
Ohio,East Lucas,39094,0,14,14,15,17,42,36,0,0,0,0,138,12.54545455,
Ohio,West Lucas,39095,0,35,36,35,34,89,54,0,0,0,0,283,25.72727273,
Ohio,Madison,39097,0,37,44,42,49,471,337,0,0,0,0,980,89.09090909,
Ohio,Mahoning,39099,0,5,12,14,18,174,135,0,0,0,0,358,32.54545455,
Ohio,Marion,39101,0,125,132,140,143,320,263,0,0,0,0,1123,102.0909091,
Ohio,Medina,39103,0,21,22,31,32,146,118,0,0,0,0,370,33.63636364,
Ohio,Meigs,39105,0,4,4,7,8,24,18,0,0,0,0,65,5.909090909,
Ohio,Mercer,39107,0,132,134,135,136,711,557,0,0,0,0,1805,164.0909091,
Ohio,Miami,39109,0,46,55,57,60,433,272,0,0,0,0,923,83.90909091,
Ohio,Monroe,39111,0,1,1,1,1,11,4,0,0,0,0,19,1.727272727,
Ohio,Montgomery,39113,0,52,63,58,61,229,129,0,0,0,0,592,53.81818182,
Ohio,Morgan,39115,0,5,6,6,8,68,34,0,0,0,0,127,11.54545455,
Ohio,Morrow,39117,0,75,80,92,98,211,183,0,0,0,0,739,67.18181818,
Ohio,Muskingum,39119,0,11,15,15,21,221,130,0,0,0,0,413,37.54545455,
Ohio,Noble,39121,0,0,0,0,0,6,2,0,0,0,0,8,0.727272727,
Ohio,Ottawa,39123,0,44,56,49,51,313,279,0,0,0,0,792,72,
Ohio,Paulding,39125,0,354,352,347,353,703,656,0,0,0,0,2765,251.3636364,
Ohio,Perry,39127,0,19,25,24,27,94,63,0,0,0,0,252,22.90909091,
Ohio,Pickaway,39129,0,119,113,121,123,480,384,0,0,0,0,1340,121.8181818,
Ohio,Pike,39131,0,17,34,43,43,75,41,0,0,0,0,253,23,
Ohio,Portage,39133,0,22,35,35,34,119,88,0,0,0,0,333,30.27272727,
Ohio,Preble,39135,0,58,65,71,75,440,257,0,0,0,0,966,87.81818182,
Ohio,Putnam,39137,0,281,296,321,333,970,850,0,0,0,0,3051,277.3636364,
Ohio,Richland,39139,0,54,60,59,68,171,119,0,0,0,0,531,48.27272727,
Ohio,Ross,39141,0,232,221,218,220,321,258,0,0,0,0,1470,133.6363636,
Ohio,Sandusky,39143,0,48,54,63,69,493,446,0,0,0,0,1173,106.6363636,
Ohio,Scioto,39145,0,16,27,37,38,86,61,0,0,0,0,265,24.09090909,
Ohio,Seneca,39147,0,194,213,227,238,782,710,0,0,0,0,2364,214.9090909,
Ohio,Shelby,39149,0,80,82,86,88,631,488,0,0,0,0,1455,132.2727273,
Ohio,Stark,39151,0,40,46,57,61,159,140,0,0,0,0,503,45.72727273,
Ohio,Summit,39153,0,7,5,4,6,23,16,0,0,0,0,61,5.545454545,
Ohio,Trumbull,39155,0,49,53,52,56,172,131,0,0,0,0,513,46.63636364,
Ohio,Tuscarawas,39157,0,19,17,25,26,212,133,0,0,0,0,432,39.27272727,
Ohio,Union,39159,0,98,109,108,114,415,358,0,0,0,0,1202,109.2727273,
Ohio,Van Wert,39161,0,193,196,202,204,783,538,0,0,0,0,2116,192.3636364,
Ohio,Vinton,39163,0,8,8,6,6,32,16,0,0,0,0,76,6.909090909,
Ohio,Warren,39165,0,50,53,55,61,174,120,0,0,0,0,513,46.63636364,
Ohio,Washington,39167,0,114,111,105,100,111,83,0,0,0,0,624,56.72727273,
Ohio,Wayne,39169,0,95,98,110,116,461,286,0,0,0,0,1166,106,
Ohio,Williams,39171,0,92,118,125,138,226,201,0,0,0,0,900,81.81818182,
Ohio,Wood,39173,0,211,219,233,244,748,662,0,0,0,0,2317,210.6363636,
Ohio,Wyandot,39175,0,68,65,72,76,317,307,0,0,0,0,905,82.27272727,
Oklahoma,Adair,40001,0,1,1,1,2,4,3,0,0,0,0,12,1.090909091,
Oklahoma,Alfalfa,40003,9,171,192,200,213,747,732,1,0,0,2,2267,206.0909091,
Oklahoma,Atoka,40005,11,48,50,50,49,32,28,13,0,0,12,293,26.63636364,
Oklahoma,Beaver,40007,0,521,523,526,526,622,658,0,0,0,0,3376,306.9090909,
Oklahoma,Beckham,40009,82,213,232,250,304,559,553,79,0,0,202,2474,224.9090909,
Oklahoma,Blaine,40011,28,107,131,142,165,744,731,15,0,0,24,2087,189.7272727,
Oklahoma,Bryan,40013,48,154,152,170,173,139,143,50,0,0,52,1081,98.27272727,
Oklahoma,Caddo,40015,361,684,692,726,766,863,881,302,0,0,779,6054,550.3636364,
Oklahoma,Canadian,40017,17,346,365,401,401,732,762,9,0,0,69,3102,282,
Oklahoma,Carter,40019,5,26,27,26,30,40,37,2,0,0,2,195,17.72727273,
Oklahoma,Cherokee,40021,0,6,5,5,4,3,2,0,0,0,0,25,2.272727273,
Oklahoma,Choctaw,40023,1,59,59,58,55,38,39,0,0,0,0,309,28.09090909,
Oklahoma,Cimarron,40025,4,464,458,452,500,573,543,0,0,0,0,2994,272.1818182,
Oklahoma,Cleveland,40027,1,25,21,17,24,23,23,0,0,0,4,138,12.54545455,
Oklahoma,Coal,40029,0,18,17,18,20,9,9,0,0,0,0,91,8.272727273,
Oklahoma,Comanche,40031,26,277,256,258,284,346,389,24,0,0,180,2040,185.4545455,
Oklahoma,Cotton,40033,16,337,325,329,356,375,397,1,0,0,194,2330,211.8181818,
Oklahoma,Craig,40035,0,184,178,184,190,114,81,0,0,0,0,931,84.63636364,
Oklahoma,Creek,40037,1,20,17,14,17,5,7,0,0,0,0,81,7.363636364,
Oklahoma,Custer,40039,37,220,243,250,322,704,705,22,0,0,305,2808,255.2727273,
Oklahoma,Delaware,40041,0,14,17,17,18,6,7,0,0,0,0,79,7.181818182,
Oklahoma,Dewey,40043,7,115,131,139,145,555,563,5,0,0,19,1679,152.6363636,
Oklahoma,Ellis,40045,1,87,125,127,138,393,392,2,0,0,1,1266,115.0909091,
Oklahoma,Garfield,40047,8,280,272,308,321,1036,1032,0,0,0,0,3257,296.0909091,
Oklahoma,Garvin,40049,4,246,228,211,174,162,170,5,0,0,34,1234,112.1818182,
Oklahoma,Grady,40051,25,375,404,401,433,596,597,22,0,0,118,2971,270.0909091,
Oklahoma,Grant,40053,6,339,355,408,436,1145,1140,0,0,0,22,3851,350.0909091,
Oklahoma,Greer,40055,82,369,371,396,412,450,468,89,0,0,313,2950,268.1818182,
Oklahoma,Harmon,40057,69,317,302,297,306,349,354,61,0,0,97,2152,195.6363636,
Oklahoma,Harper,40059,0,137,134,144,136,306,305,0,0,0,0,1162,105.6363636,
Oklahoma,Haskell,40061,0,7,5,2,7,9,10,0,0,0,0,40,3.636363636,
Oklahoma,Hughes,40063,45,157,166,167,184,69,64,24,0,0,33,909,82.63636364,
Oklahoma,Jackson,40065,71,772,708,726,705,719,718,57,0,0,379,4855,441.3636364,
Oklahoma,Jefferson,40067,5,217,209,187,149,142,166,5,0,0,7,1087,98.81818182,
Oklahoma,Johnston,40069,10,61,56,59,66,44,41,7,0,0,12,356,32.36363636,
Oklahoma,Kay,40071,1,209,218,276,299,689,687,1,0,0,8,2388,217.0909091,
Oklahoma,Kingfisher,40073,1,235,264,275,276,858,876,2,0,0,1,2788,253.4545455,
Oklahoma,Kiowa,40075,52,559,527,518,650,723,750,19,0,0,901,4699,427.1818182,
Oklahoma,Latimer,40077,0,5,5,5,4,1,1,0,0,0,0,21,1.909090909,
Oklahoma,Le Flore,40079,4,21,17,16,28,25,22,5,0,0,0,138,12.54545455,
Oklahoma,Lincoln,40081,0,22,21,25,25,114,111,1,0,0,3,322,29.27272727,
Oklahoma,Logan,40083,1,177,176,199,193,294,307,0,0,0,3,1350,122.7272727,
Oklahoma,Love,40085,23,87,90,90,101,104,114,27,0,0,32,668,60.72727273,
Oklahoma,McClain,40087,4,110,118,113,108,147,141,2,0,0,33,776,70.54545455,
Oklahoma,McCurtain,40089,6,65,70,68,63,55,55,1,0,0,0,383,34.81818182,
Oklahoma,McIntosh,40091,10,66,74,74,72,28,32,3,0,0,1,360,32.72727273,
Oklahoma,Major,40093,39,178,190,200,195,531,543,6,0,0,20,1902,172.9090909,
Oklahoma,Marshall,40095,13,41,45,46,50,41,39,17,0,0,14,306,27.81818182,
Oklahoma,Mayes,40097,0,94,101,95,99,133,136,0,0,0,0,658,59.81818182,
Oklahoma,Murray,40099,0,41,40,39,27,21,26,1,0,0,1,196,17.81818182,
Oklahoma,Muskogee,40101,0,70,62,71,60,67,54,2,0,0,2,388,35.27272727,
Oklahoma,Noble,40103,6,343,332,325,332,534,561,3,0,0,1,2437,221.5454545,
Oklahoma,Nowata,40105,0,120,99,63,62,68,55,0,0,0,0,467,42.45454545,
Oklahoma,Okfuskee,40107,8,72,65,66,60,25,26,3,0,0,5,330,30,
Oklahoma,Oklahoma,40109,0,35,34,33,29,50,57,0,0,0,0,238,21.63636364,
Oklahoma,Okmulgee,40111,8,43,14,23,34,50,43,6,0,0,0,221,20.09090909,
Oklahoma,Osage,40113,0,81,88,87,97,148,148,0,0,0,0,649,59,
Oklahoma,Ottawa,40115,1,97,104,98,101,125,109,0,0,0,0,635,57.72727273,
Oklahoma,Pawnee,40117,0,110,120,121,132,137,182,0,0,0,0,802,72.90909091,
Oklahoma,Payne,40119,1,85,91,105,105,178,176,1,0,0,0,742,67.45454545,
Oklahoma,Pittsburg,40121,19,81,80,76,78,37,45,7,0,0,7,430,39.09090909,
Oklahoma,Pontotoc,40123,4,25,23,24,27,29,21,3,0,0,3,159,14.45454545,
Oklahoma,Pottawatomie,40125,17,189,186,186,180,120,141,16,0,0,9,1044,94.90909091,
Oklahoma,Pushmataha,40127,0,5,4,2,2,0,1,0,0,0,0,14,1.272727273,
Oklahoma,Roger Mills,40129,3,163,183,188,202,197,192,0,0,0,18,1146,104.1818182,
Oklahoma,Rogers,40131,0,42,38,32,37,21,20,0,0,0,0,190,17.27272727,
Oklahoma,Seminole,40133,1,30,31,32,32,19,18,2,0,0,1,166,15.09090909,
Oklahoma,Sequoyah,40135,3,5,10,10,13,15,9,1,0,0,4,70,6.363636364,
Oklahoma,Stephens,40137,10,200,220,237,209,190,216,7,0,0,17,1306,118.7272727,
Oklahoma,Texas,40139,0,759,736,771,849,875,837,0,0,0,0,4827,438.8181818,
Oklahoma,Tillman,40141,136,801,754,747,732,735,734,109,0,0,1406,6154,559.4545455,
Oklahoma,Tulsa,40143,0,19,23,15,19,12,10,0,0,0,0,98,8.909090909,
Oklahoma,Wagoner,40145,0,183,172,168,175,242,239,0,0,0,0,1179,107.1818182,
Oklahoma,Washington,40147,0,43,29,22,21,20,20,0,0,0,0,155,14.09090909,
Oklahoma,Washita,40149,87,611,586,610,660,845,837,48,0,0,754,5038,458,
Oklahoma,Woods,40151,1,150,190,200,222,473,492,0,0,0,0,1728,157.0909091,
Oklahoma,Woodward,40153,1,38,42,45,63,347,382,2,0,0,1,921,83.72727273,
Oregon,Baker,41001,0,46,48,47,42,56,49,0,0,0,0,288,26.18181818,
Oregon,Benton,41003,0,27,27,25,23,19,22,0,0,0,0,143,13,
Oregon,Clackamas,41005,0,9,9,10,10,6,4,0,0,0,0,48,4.363636364,
Oregon,Clatsop,41007,0,0,0,0,0,0,0,0,0,0,0,0,0,
Oregon,Columbia,41009,0,2,1,1,1,1,1,0,0,0,0,7,0.636363636,
Oregon,Coos,41011,0,3,3,0,4,4,0,0,0,0,0,14,1.272727273,
Oregon,Crook,41013,0,1,2,2,2,3,3,0,0,0,0,13,1.181818182,
Oregon,Curry,41015,0,0,0,0,0,0,0,0,0,0,0,0,0,
Oregon,Deschutes,41017,0,3,4,4,3,3,3,0,0,0,0,20,1.818181818,
Oregon,Douglas,41019,0,14,14,14,14,8,10,0,0,0,0,74,6.727272727,
Oregon,Gilliam,41021,1,5,5,13,26,178,179,0,0,0,0,407,37,
Oregon,Grant,41023,0,10,9,8,7,6,6,0,0,0,0,46,4.181818182,
Oregon,Harney,41025,0,12,13,11,11,13,15,0,0,0,0,75,6.818181818,
Oregon,Hood River,41027,0,1,3,3,3,3,3,0,0,0,0,16,1.454545455,
Oregon,Jackson,41029,0,4,3,4,5,6,5,0,0,0,0,27,2.454545455,
Oregon,Jefferson,41031,0,59,55,55,51,52,53,0,0,0,0,325,29.54545455,
Oregon,Josephine,41033,0,0,3,4,5,3,1,0,0,0,0,16,1.454545455,
Oregon,Klamath,41035,0,122,111,111,111,103,73,0,0,0,0,631,57.36363636,
Oregon,Lake,41037,0,7,7,24,23,5,4,0,0,0,0,70,6.363636364,
Oregon,Lane,41039,0,40,43,38,39,27,30,0,0,0,0,217,19.72727273,
Oregon,Lincoln,41041,0,0,0,0,0,0,0,0,0,0,0,0,0,
Oregon,Linn,41043,0,46,43,40,41,36,36,0,0,0,0,242,22,
Oregon,Malheur,41045,0,199,215,220,231,255,251,0,0,0,0,1371,124.6363636,
Oregon,Marion,41047,0,69,69,71,73,118,111,1,0,0,0,512,46.54545455,
Oregon,Morrow,41049,13,17,18,21,20,360,366,0,0,0,0,815,74.09090909,
Oregon,Multnomah,41051,0,0,0,0,1,0,0,0,0,0,0,1,0.090909091,
Oregon,Polk,41053,1,49,52,46,39,57,57,0,0,0,0,301,27.36363636,
Oregon,Sherman,41055,0,15,17,32,34,423,423,0,0,0,0,944,85.81818182,
Oregon,Tillamook,41057,0,0,0,0,0,0,0,0,0,0,0,0,0,
Oregon,Umatilla,41059,91,136,147,199,216,1066,1036,1,0,0,0,2892,262.9090909,
Oregon,Union,41061,1,8,16,25,28,263,246,0,0,0,0,587,53.36363636,
Oregon,Wallowa,41063,4,9,14,19,21,153,146,1,0,1,0,368,33.45454545,
Oregon,Wasco,41065,0,19,23,35,42,257,253,0,0,0,0,629,57.18181818,
Oregon,Washington,41067,0,66,65,71,74,55,58,0,0,0,0,389,35.36363636,
Oregon,Wheeler,41069,0,6,5,4,6,15,16,0,0,0,0,52,4.727272727,
Oregon,Yamhill,41071,0,92,81,86,88,60,64,0,0,0,0,471,42.81818182,
Pennsylvania,Adams,42001,0,49,56,77,78,103,101,0,0,0,0,464,42.18181818,
Pennsylvania,Allegheny,42003,0,2,3,0,2,5,4,0,0,0,0,16,1.454545455,
Pennsylvania,Armstrong,42005,0,6,8,14,16,91,52,0,0,0,0,187,17,
Pennsylvania,Beaver,42007,0,12,15,13,14,26,26,0,0,0,0,106,9.636363636,
Pennsylvania,Bedford,42009,0,41,46,54,58,40,33,0,0,0,0,272,24.72727273,
Pennsylvania,Berks,42011,0,84,88,106,116,111,97,0,0,0,0,602,54.72727273,
Pennsylvania,Blair,42013,0,30,31,44,47,51,37,0,0,0,0,240,21.81818182,
Pennsylvania,Bradford,42015,0,17,23,40,47,23,7,0,0,0,0,157,14.27272727,
Pennsylvania,Bucks,42017,0,15,9,16,17,40,34,0,0,0,0,131,11.90909091,
Pennsylvania,Butler,42019,0,89,94,83,87,94,93,0,0,0,0,540,49.09090909,
Pennsylvania,Cambria,42021,1,24,26,40,40,67,52,0,0,0,0,250,22.72727273,
Pennsylvania,Cameron,42023,0,0,0,0,0,4,1,0,0,0,0,5,0.454545455,
Pennsylvania,Carbon,42025,0,5,6,7,7,6,4,0,0,0,0,35,3.181818182,
Pennsylvania,Centre,42027,0,45,47,56,54,87,61,0,0,0,0,350,31.81818182,
Pennsylvania,Chester,42029,0,30,24,56,56,70,65,0,0,0,0,301,27.36363636,
Pennsylvania,Clarion,42031,0,90,86,47,45,95,16,0,0,0,0,379,34.45454545,
Pennsylvania,Clearfield,42033,0,3,6,16,18,49,29,0,0,0,0,121,11,
Pennsylvania,Clinton,42035,0,4,5,11,10,20,13,0,0,0,0,63,5.727272727,
Pennsylvania,Columbia,42037,0,19,18,21,20,25,29,0,0,0,0,132,12,
Pennsylvania,Crawford,42039,0,26,28,51,48,134,67,0,0,0,0,354,32.18181818,
Pennsylvania,Cumberland,42041,0,50,51,59,62,97,82,0,0,0,0,401,36.45454545,
Pennsylvania,Dauphin,42043,0,16,14,45,51,59,52,0,0,0,0,237,21.54545455,
Pennsylvania,Delaware,42045,0,1,1,1,1,0,0,0,0,0,0,4,0.363636364,
Pennsylvania,Elk,42047,0,2,1,2,2,11,2,0,0,0,0,20,1.818181818,
Pennsylvania,Erie,42049,0,27,29,53,70,161,69,0,0,0,0,409,37.18181818,
Pennsylvania,Fayette,42051,0,6,8,21,20,108,52,0,0,0,0,215,19.54545455,
Pennsylvania,Forest,42053,0,5,4,1,1,6,1,0,0,0,0,18,1.636363636,
Pennsylvania,Franklin,42055,0,137,122,152,154,131,127,0,0,0,0,823,74.81818182,
Pennsylvania,Fulton,42057,0,29,29,33,35,34,35,0,0,0,0,195,17.72727273,
Pennsylvania,Greene,42059,0,4,4,4,5,11,7,0,0,0,0,35,3.181818182,
Pennsylvania,Huntingdon,42061,0,57,53,65,66,67,45,0,0,0,0,353,32.09090909,
Pennsylvania,Indiana,42063,0,16,20,27,31,61,39,0,0,0,0,194,17.63636364,
Pennsylvania,Jefferson,42065,0,8,9,14,14,54,25,0,0,0,0,124,11.27272727,
Pennsylvania,Juniata,42067,0,39,31,38,45,52,42,0,0,0,0,247,22.45454545,
Pennsylvania,Lackawanna,42069,0,2,2,3,3,5,2,0,0,0,0,17,1.545454545,
Pennsylvania,Lancaster,42071,0,40,42,145,145,156,145,0,0,0,0,673,61.18181818,
Pennsylvania,Lawrence,42073,0,34,32,33,33,71,52,0,0,0,0,255,23.18181818,
Pennsylvania,Lebanon,42075,0,17,18,45,50,55,49,0,0,0,0,234,21.27272727,
Pennsylvania,Lehigh,42077,0,25,24,30,34,35,30,0,0,0,0,178,16.18181818,
Pennsylvania,Luzerne,42079,0,2,2,4,4,6,4,0,0,0,0,22,2,
Pennsylvania,Lycoming,42081,0,8,12,36,34,188,86,0,0,0,0,364,33.09090909,
Pennsylvania,McKean,42083,0,6,9,4,5,25,3,0,0,0,0,52,4.727272727,
Pennsylvania,Mercer,42085,0,58,55,54,58,170,87,0,0,0,0,482,43.81818182,
Pennsylvania,Mifflin,42087,0,32,26,30,33,45,21,0,0,0,0,187,17,
Pennsylvania,Monroe,42089,0,2,2,2,2,3,1,0,0,0,0,12,1.090909091,
Pennsylvania,Montgomery,42091,0,5,3,7,5,23,20,0,0,0,0,63,5.727272727,
Pennsylvania,Montour,42093,0,11,12,15,14,10,12,0,0,0,0,74,6.727272727,
Pennsylvania,Northampton,42095,0,23,24,29,26,26,24,0,0,0,0,152,13.81818182,
Pennsylvania,Northumberland,42097,0,39,42,77,81,80,72,0,0,0,0,391,35.54545455,
Pennsylvania,Perry,42099,1,38,34,48,53,74,66,0,0,0,0,314,28.54545455,
Pennsylvania,Philadelphia,42101,0,0,0,0,0,0,0,0,0,0,0,0,0,
Pennsylvania,Pike,42103,0,0,1,1,1,0,0,0,0,0,0,3,0.272727273,
Pennsylvania,Potter,42105,0,14,18,25,18,42,14,0,0,0,0,131,11.90909091,
Pennsylvania,Schuylkill,42107,0,23,29,38,39,66,56,0,0,0,0,251,22.81818182,
Pennsylvania,Snyder,42109,0,25,38,47,47,65,41,0,0,0,0,263,23.90909091,
Pennsylvania,Somerset,42111,0,0,0,1,9,139,77,0,0,0,0,226,20.54545455,
Pennsylvania,Sullivan,42113,0,3,6,7,6,9,1,0,0,0,0,32,2.909090909,
Pennsylvania,Susquehanna,42115,0,4,9,12,14,14,0,0,0,0,0,53,4.818181818,
Pennsylvania,Tioga,42117,0,2,7,8,8,10,4,0,0,0,0,39,3.545454545,
Pennsylvania,Union,42119,0,21,21,27,29,34,24,0,0,0,0,156,14.18181818,
Pennsylvania,Venango,42121,0,40,41,22,23,52,14,0,0,0,0,192,17.45454545,
Pennsylvania,Warren,42123,0,19,19,3,3,35,0,0,0,0,0,79,7.181818182,
Pennsylvania,Washington,42125,0,16,11,13,15,58,23,0,0,0,0,136,12.36363636,
Pennsylvania,Wayne,42127,0,2,2,3,2,0,0,0,0,0,0,9,0.818181818,
Pennsylvania,Westmoreland,42129,0,37,32,34,35,98,68,0,0,0,0,304,27.63636364,
Pennsylvania,Wyoming,42131,0,7,15,15,16,18,3,0,0,0,0,74,6.727272727,
Pennsylvania,York,42133,0,77,71,83,87,140,131,0,0,0,0,589,53.54545455,
Rhode Island,Bristol,44001,0,1,1,1,1,1,0,0,0,0,0,5,0.454545455,
Rhode Island,Kent,44003,0,0,0,0,0,1,0,0,0,0,0,1,0.090909091,
Rhode Island,Newport,44005,0,2,3,3,3,7,0,0,0,0,0,18,1.636363636,
Rhode Island,Providence,44007,0,0,0,0,0,0,0,0,0,0,0,0,0,
Rhode Island,Washington,44009,0,3,4,7,7,7,0,0,0,0,0,28,2.545454545,
South Carolina,Abbeville,45001,0,30,31,28,29,19,19,0,0,0,8,164,14.90909091,
South Carolina,Aiken,45003,20,37,39,42,56,62,66,18,0,0,79,419,38.09090909,
South Carolina,Allendale,45005,25,32,31,29,29,73,81,21,0,0,80,401,36.45454545,
South Carolina,Anderson,45007,1,63,67,82,87,58,60,0,0,0,23,441,40.09090909,
South Carolina,Bamberg,45009,69,105,99,92,116,122,127,67,0,0,314,1111,101,
South Carolina,Barnwell,45011,55,57,69,50,53,93,98,53,0,0,268,796,72.36363636,
South Carolina,Beaufort,45013,0,1,1,1,1,1,1,0,0,0,0,6,0.545454545,
South Carolina,Berkeley,45015,7,20,22,19,29,19,19,12,0,0,54,201,18.27272727,
South Carolina,Calhoun,45017,87,189,194,215,223,197,194,114,0,0,494,1907,173.3636364,
South Carolina,Charleston,45019,0,1,1,1,0,1,1,1,0,0,0,6,0.545454545,
South Carolina,Cherokee,45021,0,21,19,18,21,11,13,0,0,0,8,111,10.09090909,
South Carolina,Chester,45023,1,19,18,20,19,25,29,1,0,0,14,146,13.27272727,
South Carolina,Chesterfield,45025,3,15,21,22,26,67,78,4,0,0,28,264,24,
South Carolina,Clarendon,45027,37,95,105,102,108,150,143,55,0,0,532,1327,120.6363636,
South Carolina,Colleton,45029,39,45,38,42,50,79,80,39,0,0,167,579,52.63636364,
South Carolina,Darlington,45031,55,115,117,115,133,181,143,60,0,0,713,1632,148.3636364,
South Carolina,Dillon,45033,43,97,117,132,129,140,151,44,0,0,306,1159,105.3636364,
South Carolina,Dorchester,45035,49,55,49,52,78,91,104,45,0,0,330,853,77.54545455,
South Carolina,Edgefield,45037,2,39,39,30,40,36,37,0,0,0,6,229,20.81818182,
South Carolina,Fairfield,45039,0,3,3,3,3,5,6,0,0,0,0,23,2.090909091,
South Carolina,Florence,45041,53,121,125,124,166,167,167,43,0,0,625,1591,144.6363636,
South Carolina,Georgetown,45043,23,28,30,32,42,37,35,26,0,0,150,403,36.63636364,
South Carolina,Greenville,45045,0,10,9,11,12,11,9,0,0,0,2,64,5.818181818,
South Carolina,Greenwood,45047,0,12,10,11,11,10,10,0,0,0,0,64,5.818181818,
South Carolina,Hampton,45049,69,87,75,72,83,161,159,69,0,0,274,1049,95.36363636,
South Carolina,Horry,45051,205,223,226,211,190,186,180,140,0,0,692,2253,204.8181818,
South Carolina,Jasper,45053,9,10,12,11,11,20,22,11,0,0,15,121,11,
South Carolina,Kershaw,45055,3,43,38,39,30,25,26,3,0,0,20,227,20.63636364,
South Carolina,Lancaster,45057,0,12,11,14,10,11,17,0,0,0,10,85,7.727272727,
South Carolina,Laurens,45059,0,53,54,51,42,32,36,0,0,0,8,276,25.09090909,
South Carolina,Lee,45061,41,129,133,130,135,128,151,43,0,0,567,1457,132.4545455,
South Carolina,Lexington,45063,10,89,87,83,84,92,96,12,0,0,72,625,56.81818182,
South Carolina,McCormick,45065,0,11,11,11,11,9,7,0,0,0,0,60,5.454545455,
South Carolina,Marion,45067,63,64,73,78,84,117,129,59,0,0,406,1073,97.54545455,
South Carolina,Marlboro,45069,40,63,66,79,102,104,108,44,0,0,431,1037,94.27272727,
South Carolina,Newberry,45071,1,60,56,44,44,31,34,0,0,0,9,279,25.36363636,
South Carolina,Oconee,45073,0,13,12,15,15,13,10,0,0,0,0,78,7.090909091,
South Carolina,Orangeburg,45075,140,173,167,170,198,205,220,122,0,0,868,2263,205.7272727,
South Carolina,Pickens,45077,0,2,2,3,3,5,4,0,0,0,0,19,1.727272727,
South Carolina,Richland,45079,7,18,23,23,25,34,34,8,0,0,54,226,20.54545455,
South Carolina,Saluda,45081,1,71,65,67,70,73,69,1,0,0,6,423,38.45454545,
South Carolina,Spartanburg,45083,0,40,36,37,38,29,29,0,0,0,0,209,19,
South Carolina,Sumter,45085,26,77,81,65,75,96,101,24,0,0,139,684,62.18181818,
South Carolina,Union,45087,0,12,10,10,10,4,5,0,0,0,0,51,4.636363636,
South Carolina,Williamsburg,45089,62,105,103,107,171,191,167,46,0,0,1078,2030,184.5454545,
South Carolina,York,45091,1,72,69,69,69,50,51,1,0,0,11,393,35.72727273,
South Dakota,Aurora,46003,0,43,44,40,43,259,160,0,0,0,0,589,53.54545455,
South Dakota,Beadle,46005,0,108,118,130,140,227,181,0,0,0,0,904,82.18181818,
South Dakota,Bennett,46007,0,255,249,239,249,253,248,0,0,0,0,1493,135.7272727,
South Dakota,Bon Homme,46009,0,40,38,38,40,272,116,0,0,0,0,544,49.45454545,
South Dakota,Brookings,46011,0,20,21,21,22,240,197,0,0,0,0,521,47.36363636,
South Dakota,Brown,46013,0,60,72,79,81,725,347,0,0,0,0,1364,124,
South Dakota,Brule,46015,0,119,121,117,117,285,252,0,0,0,0,1011,91.90909091,
South Dakota,Buffalo,46017,0,36,36,36,39,64,57,0,0,0,0,268,24.36363636,
South Dakota,Butte,46019,0,132,142,138,142,217,182,0,0,0,0,953,86.63636364,
South Dakota,Campbell,46021,0,89,86,89,98,247,245,0,0,0,0,854,77.63636364,
South Dakota,Charles Mix,46023,0,131,141,147,146,466,327,0,0,0,0,1358,123.4545455,
South Dakota,Clark,46025,0,72,71,81,84,414,357,0,0,0,0,1079,98.09090909,
South Dakota,Clay,46027,0,22,23,22,26,300,54,0,0,0,0,447,40.63636364,
South Dakota,Codington,46029,0,58,59,61,64,454,374,0,0,0,0,1070,97.27272727,
South Dakota,Corson,46031,3,200,210,214,215,231,226,0,0,0,0,1299,118.0909091,
South Dakota,Custer,46033,0,41,41,41,39,54,48,0,0,0,0,264,24,
South Dakota,Davison,46035,0,27,30,33,36,154,107,0,0,0,0,387,35.18181818,
South Dakota,Day,46037,2,59,77,86,99,453,390,0,0,0,0,1166,106,
South Dakota,Deuel,46039,0,10,11,14,17,354,261,0,0,0,0,667,60.63636364,
South Dakota,Dewey,46041,0,107,116,119,137,196,181,0,0,0,0,856,77.81818182,
South Dakota,Douglas,46043,0,24,27,32,38,128,96,0,0,0,0,345,31.36363636,
South Dakota,Edmunds,46045,0,97,108,125,123,417,339,0,0,0,0,1209,109.9090909,
South Dakota,Fall River,46047,0,107,103,106,103,122,108,0,0,0,0,649,59,
South Dakota,Faulk,46049,1,104,110,116,118,219,208,0,0,0,0,876,79.63636364,
South Dakota,Grant,46051,0,55,68,65,75,420,321,0,0,0,0,1004,91.27272727,
South Dakota,Gregory,46053,0,168,178,172,169,369,277,0,0,0,0,1333,121.1818182,
South Dakota,Haakon,46055,0,207,215,213,220,284,280,0,0,0,0,1419,129,
South Dakota,Hamlin,46057,0,11,13,14,17,158,103,0,0,0,0,316,28.72727273,
South Dakota,Hand,46059,0,251,237,255,247,374,331,0,0,0,0,1695,154.0909091,
South Dakota,Hanson,46061,0,13,14,16,15,101,44,0,0,0,0,203,18.45454545,
South Dakota,Harding,46063,0,15,20,23,26,86,89,0,0,0,0,259,23.54545455,
South Dakota,Hughes,46065,0,163,167,171,176,236,218,0,0,0,0,1131,102.8181818,
South Dakota,Hutchinson,46067,0,49,57,61,67,203,81,0,0,0,0,518,47.09090909,
South Dakota,Hyde,46069,0,90,96,98,97,222,191,0,0,0,0,794,72.18181818,
South Dakota,Jackson,46071,0,131,130,125,137,177,177,0,0,0,0,877,79.72727273,
South Dakota,Jerauld,46073,0,59,68,66,67,180,160,0,0,0,0,600,54.54545455,
South Dakota,Jones,46075,0,117,120,118,119,179,175,0,0,0,0,828,75.27272727,
South Dakota,Kingsbury,46077,0,24,26,25,26,123,120,0,0,0,0,344,31.27272727,
South Dakota,Lake,46079,0,12,12,15,17,83,67,0,0,0,0,206,18.72727273,
South Dakota,Lawrence,46081,0,13,14,9,7,24,20,0,0,0,0,87,7.909090909,
South Dakota,Lincoln,46083,0,26,29,30,30,310,13,0,0,0,0,438,39.81818182,
South Dakota,Lyman,46085,0,382,378,377,376,399,385,0,0,0,0,2297,208.8181818,
South Dakota,McCook,46087,0,27,26,20,22,56,41,0,0,0,0,192,17.45454545,
South Dakota,McPherson,46089,0,85,90,103,104,300,246,0,0,0,0,928,84.36363636,
South Dakota,Marshall,46091,0,20,20,22,28,335,217,0,0,0,0,642,58.36363636,
South Dakota,Meade,46093,1,306,302,279,277,384,373,0,0,0,0,1922,174.7272727,
South Dakota,Mellette,46095,0,41,41,44,56,141,137,0,0,0,0,460,41.81818182,
South Dakota,Miner,46097,0,9,13,16,17,104,113,0,0,0,0,272,24.72727273,
South Dakota,Minnehaha,46099,0,12,20,23,27,240,42,0,0,0,0,364,33.09090909,
South Dakota,Moody,46101,0,1,2,2,2,92,39,0,0,0,0,138,12.54545455,
South Dakota,Pennington,46103,0,245,247,248,253,256,238,0,0,0,0,1487,135.1818182,
South Dakota,Perkins,46105,13,171,181,164,160,443,433,0,0,0,0,1565,142.2727273,
South Dakota,Potter,46107,0,140,137,140,148,216,204,0,0,0,0,985,89.54545455,
South Dakota,Roberts,46109,0,64,76,90,95,623,480,0,0,0,0,1428,129.8181818,
South Dakota,Sanborn,46111,0,25,30,30,35,172,102,0,0,0,0,394,35.81818182,
South Dakota,Shannon,46113,0,83,87,85,81,81,83,0,0,0,0,500,45.45454545,
South Dakota,Spink,46115,0,146,163,166,153,561,397,0,0,0,0,1586,144.1818182,
South Dakota,Stanley,46117,0,87,87,85,92,119,115,0,0,0,0,585,53.18181818,
South Dakota,Sully,46119,0,226,235,242,247,323,302,0,0,0,0,1575,143.1818182,
South Dakota,Todd,46121,0,25,26,26,28,90,70,0,0,0,0,265,24.09090909,
South Dakota,Tripp,46123,0,392,393,380,378,585,520,0,0,0,0,2648,240.7272727,
South Dakota,Turner,46125,0,14,23,29,30,308,79,0,0,0,0,483,43.90909091,
South Dakota,Union,46127,0,14,14,15,18,422,48,0,0,0,0,531,48.27272727,
South Dakota,Walworth,46129,0,59,71,70,74,247,231,0,0,0,0,752,68.36363636,
South Dakota,Yankton,46135,0,16,18,20,25,399,57,0,0,0,0,535,48.63636364,
South Dakota,Ziebach,46137,0,69,77,73,75,195,178,0,0,0,0,667,60.63636364,
Tennessee,Anderson,47001,0,0,0,0,0,2,0,0,0,0,0,2,0.181818182,
Tennessee,Bedford,47003,0,4,3,8,10,136,139,0,0,0,0,300,27.27272727,
Tennessee,Benton,47005,0,1,1,2,2,188,43,0,0,0,0,237,21.54545455,
Tennessee,Bledsoe,47007,0,5,7,8,8,35,41,0,0,0,0,104,9.454545455,
Tennessee,Blount,47009,0,9,11,16,16,44,32,0,0,0,0,128,11.63636364,
Tennessee,Bradley,47011,0,4,3,4,4,30,25,0,0,0,0,70,6.363636364,
Tennessee,Campbell,47013,0,0,0,0,0,1,0,0,0,0,0,1,0.090909091,
Tennessee,Cannon,47015,0,1,1,1,5,67,39,0,0,0,0,114,10.36363636,
Tennessee,Carroll,47017,0,123,119,123,271,490,330,0,0,0,673,2129,193.5454545,
Tennessee,Carter,47019,0,1,1,1,1,2,0,0,0,0,0,6,0.545454545,
Tennessee,Cheatham,47021,0,4,8,4,7,17,11,0,0,0,0,51,4.636363636,
Tennessee,Chester,47023,0,0,0,0,73,133,114,0,0,0,162,482,43.81818182,
Tennessee,Claiborne,47025,0,1,3,3,2,2,5,0,0,0,0,16,1.454545455,
Tennessee,Clay,47027,0,0,0,1,1,16,14,0,0,0,0,32,2.909090909,
Tennessee,Cocke,47029,0,3,4,2,2,3,1,0,0,0,0,15,1.363636364,
Tennessee,Coffee,47031,2,20,19,28,53,206,141,0,0,0,2,471,42.81818182,
Tennessee,Crockett,47033,0,36,43,43,620,637,632,0,0,0,2062,4073,370.2727273,
Tennessee,Cumberland,47035,0,1,2,2,2,13,16,0,0,0,0,36,3.272727273,
Tennessee,Davidson,47037,0,0,1,1,1,4,3,0,0,0,0,10,0.909090909,
Tennessee,Decatur,47039,0,2,5,3,6,100,58,0,0,0,6,180,16.36363636,
Tennessee,DeKalb,47041,0,4,4,7,7,66,47,0,0,0,0,135,12.27272727,
Tennessee,Dickson,47043,0,14,12,12,11,15,12,0,0,0,0,76,6.909090909,
Tennessee,Dyer,47045,23,170,173,183,722,1021,948,21,0,0,1233,4494,408.5454545,
Tennessee,Fayette,47047,0,195,179,173,519,550,516,0,0,0,1158,3290,299.0909091,
Tennessee,Fentress,47049,0,23,30,26,26,17,11,0,0,0,0,133,12.09090909,
Tennessee,Franklin,47051,0,16,28,19,48,199,165,0,0,0,41,516,46.90909091,
Tennessee,Gibson,47053,0,281,274,273,954,1186,1039,0,0,0,2087,6094,554,
Tennessee,Giles,47055,0,62,60,64,77,163,112,0,0,0,43,581,52.81818182,
Tennessee,Grainger,47057,0,0,2,2,3,11,8,0,0,0,0,26,2.363636364,
Tennessee,Greene,47059,0,80,81,77,85,131,71,0,0,0,0,525,47.72727273,
Tennessee,Grundy,47061,0,4,5,7,5,30,26,0,0,0,0,77,7,
Tennessee,Hamblen,47063,0,0,1,1,4,21,17,0,0,0,0,44,4,
Tennessee,Hamilton,47065,0,0,1,0,1,14,12,0,0,0,0,28,2.545454545,
Tennessee,Hancock,47067,0,0,0,0,0,2,0,0,0,0,0,2,0.181818182,
Tennessee,Hardeman,47069,0,38,61,54,219,297,258,0,0,0,576,1503,136.6363636,
Tennessee,Hardin,47071,0,12,11,20,41,285,211,0,0,0,48,628,57.09090909,
Tennessee,Hawkins,47073,0,4,2,2,2,30,13,0,0,0,0,53,4.818181818,
Tennessee,Haywood,47075,0,104,108,98,649,641,616,0,0,0,2086,4302,391.0909091,
Tennessee,Henderson,47077,0,16,22,30,98,361,212,0,0,0,130,869,79,
Tennessee,Henry,47079,0,198,209,201,212,486,375,0,0,0,14,1695,154.0909091,
Tennessee,Hickman,47081,0,12,13,12,20,59,29,0,0,0,0,145,13.18181818,
Tennessee,Houston,47083,0,1,2,2,3,8,8,0,0,0,0,24,2.181818182,
Tennessee,Humphreys,47085,0,5,3,6,3,27,11,0,0,0,0,55,5,
Tennessee,Jackson,47087,0,2,2,2,2,8,8,0,0,0,0,24,2.181818182,
Tennessee,Jefferson,47089,0,6,6,4,4,2,3,0,0,0,0,25,2.272727273,
Tennessee,Johnson,47091,0,11,11,9,9,2,0,0,0,0,0,42,3.818181818,
Tennessee,Knox,47093,0,0,0,0,0,13,9,0,0,0,0,22,2,
Tennessee,Lake,47095,8,70,47,54,105,138,122,3,0,0,189,736,66.90909091,
Tennessee,Lauderdale,47097,3,23,19,25,459,543,545,3,0,0,1360,2980,270.9090909,
Tennessee,Lawrence,47099,0,8,14,20,45,262,196,0,0,0,8,553,50.27272727,
Tennessee,Lewis,47101,0,2,2,2,2,7,6,0,0,0,0,21,1.909090909,
Tennessee,Lincoln,47103,0,15,20,26,66,194,155,0,0,0,218,694,63.09090909,
Tennessee,Loudon,47105,0,23,21,22,22,37,34,0,0,0,0,159,14.45454545,
Tennessee,McMinn,47107,0,5,8,9,10,92,65,0,0,0,0,189,17.18181818,
Tennessee,McNairy,47109,0,4,6,8,76,268,173,0,0,0,196,731,66.45454545,
Tennessee,Macon,47111,0,16,21,23,26,41,38,0,0,0,0,165,15,
Tennessee,Madison,47113,0,69,63,64,690,775,705,0,0,0,1574,3940,358.1818182,
Tennessee,Marion,47115,0,1,1,2,4,14,12,0,0,0,0,34,3.090909091,
Tennessee,Marshall,47117,0,14,8,13,12,108,111,0,0,0,0,266,24.18181818,
Tennessee,Maury,47119,0,14,18,23,23,109,94,0,0,0,0,281,25.54545455,
Tennessee,Meigs,47121,0,2,3,2,3,33,28,0,0,0,0,71,6.454545455,
Tennessee,Monroe,47123,0,3,5,7,11,65,40,0,0,0,0,131,11.90909091,
Tennessee,Montgomery,47125,0,58,62,60,69,169,104,0,0,0,0,522,47.45454545,
Tennessee,Moore,47127,0,2,0,0,0,5,4,0,0,0,0,11,1,
Tennessee,Morgan,47129,0,4,2,2,2,5,5,0,0,0,0,20,1.818181818,
Tennessee,Obion,47131,1,172,184,181,252,678,559,0,0,0,197,2224,202.1818182,
Tennessee,Overton,47133,0,7,10,10,16,32,29,0,0,0,0,104,9.454545455,
Tennessee,Perry,47135,0,11,12,16,23,38,11,0,0,0,0,111,10.09090909,
Tennessee,Pickett,47137,0,1,2,2,7,8,9,0,0,0,0,29,2.636363636,
Tennessee,Polk,47139,0,0,0,2,2,16,14,0,0,0,0,34,3.090909091,
Tennessee,Putnam,47141,0,23,22,18,20,20,19,0,0,0,0,122,11.09090909,
Tennessee,Rhea,47143,0,0,0,1,2,28,25,0,0,0,0,56,5.090909091,
Tennessee,Roane,47145,0,4,7,3,3,8,2,0,0,0,0,27,2.454545455,
Tennessee,Robertson,47147,0,253,254,283,260,357,359,0,0,0,0,1766,160.5454545,
Tennessee,Rutherford,47149,0,94,87,75,66,84,69,0,0,0,1,476,43.27272727,
Tennessee,Scott,47151,0,1,0,1,0,1,0,0,0,0,0,3,0.272727273,
Tennessee,Sequatchie,47153,0,0,0,1,0,13,14,0,0,0,0,28,2.545454545,
Tennessee,Sevier,47155,0,1,1,1,1,0,0,0,0,0,0,4,0.363636364,
Tennessee,Shelby,47157,0,24,19,17,128,161,143,1,0,0,382,875,79.54545455,
Tennessee,Smith,47159,0,5,6,7,5,29,25,0,0,0,0,77,7,
Tennessee,Stewart,47161,0,0,0,0,0,27,15,0,0,0,0,42,3.818181818,
Tennessee,Sullivan,47163,0,2,4,4,4,4,1,0,0,0,0,19,1.727272727,
Tennessee,Sumner,47165,0,80,99,102,102,189,165,0,0,0,0,737,67,
Tennessee,Tipton,47167,0,59,69,64,421,453,462,0,0,0,1263,2791,253.7272727,
Tennessee,Trousdale,47169,0,3,3,3,2,10,8,0,0,0,0,29,2.636363636,
Tennessee,Unicoi,47171,0,0,0,0,0,0,0,0,0,0,0,0,0,
Tennessee,Union,47173,0,0,0,0,0,0,1,0,0,0,0,1,0.090909091,
Tennessee,Van Buren,47175,0,15,12,11,10,8,8,0,0,0,0,64,5.818181818,
Tennessee,Warren,47177,0,6,6,8,10,148,87,0,0,0,0,265,24.09090909,
Tennessee,Washington,47179,0,5,8,8,6,31,5,0,0,0,0,63,5.727272727,
Tennessee,Wayne,47181,0,1,3,6,15,46,23,0,0,0,0,94,8.545454545,
Tennessee,Weakley,47183,0,332,317,321,361,883,634,0,0,0,47,2895,263.1818182,
Tennessee,White,47185,0,36,40,37,37,58,38,0,0,0,0,246,22.36363636,
Tennessee,Williamson,47187,0,12,11,11,11,29,24,0,0,0,0,98,8.909090909,
Tennessee,Wilson,47189,0,41,41,44,42,40,27,0,0,0,0,235,21.36363636,
Texas,Anderson,48001,0,2,2,2,5,2,2,0,0,0,0,15,1.363636364,
Texas,Andrews,48003,25,33,35,34,41,34,40,24,0,0,34,300,27.27272727,
Texas,Angelina,48005,0,1,1,1,1,0,0,0,0,0,0,4,0.363636364,
Texas,Aransas,48007,0,5,6,5,6,5,6,0,0,0,1,34,3.090909091,
Texas,Archer,48009,1,178,184,185,196,172,202,0,0,0,0,1118,101.6363636,
Texas,Armstrong,48011,0,180,181,195,201,185,182,0,0,0,0,1124,102.1818182,
Texas,Atascosa,48013,55,125,99,112,122,121,121,65,0,0,57,877,79.72727273,
Texas,Austin,48015,44,234,179,222,210,177,148,23,0,0,115,1352,122.9090909,
Texas,Bailey,48017,59,506,466,461,468,464,451,61,0,0,286,3222,292.9090909,
Texas,Bandera,48019,0,3,16,7,10,8,6,0,0,0,0,50,4.545454545,
Texas,Bastrop,48021,7,93,90,92,80,64,39,5,0,0,9,479,43.54545455,
Texas,Baylor,48023,8,233,232,230,227,230,240,8,0,0,176,1584,144,
Texas,Bee,48025,0,219,202,227,222,192,116,0,0,0,24,1202,109.2727273,
Texas,Bell,48027,0,614,617,661,656,646,509,0,0,0,97,3800,345.4545455,
Texas,Bexar,48029,4,169,148,123,98,125,71,4,0,0,14,756,68.72727273,
Texas,Blanco,48031,0,8,9,6,7,5,0,0,0,0,0,35,3.181818182,
Texas,Borden,48033,2,95,92,97,101,104,108,2,0,0,11,612,55.63636364,
Texas,Bosque,48035,0,99,97,94,99,86,95,0,0,0,1,571,51.90909091,
Texas,Bowie,48037,13,125,131,129,129,87,90,13,0,0,8,725,65.90909091,
Texas,Brazoria,48039,175,244,222,228,250,170,148,105,0,0,46,1588,144.3636364,
Texas,Brazos,48041,3,39,35,41,44,46,34,3,0,0,29,274,24.90909091,
Texas,Brewster,48043,0,0,0,0,0,0,0,0,0,0,0,0,0,
Texas,Briscoe,48045,33,267,260,241,279,273,262,29,0,0,57,1701,154.6363636,
Texas,Brooks,48047,0,20,17,23,19,18,3,0,0,0,0,100,9.090909091,
Texas,Brown,48049,37,212,194,197,212,204,226,36,0,0,37,1355,123.1818182,
Texas,Burleson,48051,0,38,30,32,38,49,43,0,0,0,19,249,22.63636364,
Texas,Burnet,48053,0,20,17,25,19,7,13,0,0,0,0,101,9.181818182,
Texas,Caldwell,48055,0,94,96,94,101,89,73,0,0,0,86,633,57.54545455,
Texas,Calhoun,48057,60,216,208,213,212,169,160,50,0,0,314,1602,145.6363636,
Texas,Callahan,48059,8,49,53,56,56,166,183,10,0,0,20,601,54.63636364,
Texas,Cameron,48061,0,724,742,743,615,524,409,0,0,0,1081,4838,439.8181818,
Texas,Camp,48063,0,0,2,2,2,1,1,0,0,0,0,8,0.727272727,
Texas,Carson,48065,8,445,379,423,415,412,387,8,0,0,12,2489,226.2727273,
Texas,Cass,48067,0,0,0,0,0,0,0,0,0,0,0,0,0,
Texas,Castro,48069,6,592,536,578,609,604,568,3,0,0,76,3572,324.7272727,
Texas,Chambers,48071,132,124,132,145,149,97,98,87,0,0,0,964,87.63636364,
Texas,Cherokee,48073,1,1,1,1,1,1,1,1,0,0,0,8,0.727272727,
Texas,Childress,48075,47,371,351,346,379,348,336,50,0,0,297,2525,229.5454545,
Texas,Clay,48077,0,235,232,234,244,269,274,0,0,0,9,1497,136.0909091,
Texas,Cochran,48079,160,353,308,347,361,369,373,177,0,0,189,2637,239.7272727,
Texas,Coke,48081,0,32,44,51,40,48,54,0,0,0,3,272,24.72727273,
Texas,Coleman,48083,5,452,453,447,447,442,441,5,0,0,104,2796,254.1818182,
Texas,Collin,48085,0,200,173,172,147,153,142,0,0,0,74,1061,96.45454545,
Texas,Collingsworth,48087,359,416,394,397,419,408,412,346,0,0,801,3952,359.2727273,
Texas,Colorado,48089,330,333,314,337,378,285,267,219,0,0,8,2471,224.6363636,
Texas,Comal,48091,0,1,4,1,1,2,3,0,0,0,0,12,1.090909091,
Texas,Comanche,48093,140,234,232,254,259,252,263,135,0,0,201,1970,179.0909091,
Texas,Concho,48095,0,370,386,386,388,358,350,0,0,0,68,2306,209.6363636,
Texas,Cooke,48097,4,296,287,305,309,306,311,1,0,0,7,1826,166,
Texas,Coryell,48099,0,226,231,262,263,234,213,0,0,0,1,1430,130,
Texas,Cottle,48101,8,190,182,184,182,200,184,11,0,0,64,1205,109.5454545,
Texas,Crane,48103,0,0,0,0,0,0,0,0,0,0,0,0,0,
Texas,Crockett,48105,0,2,2,1,0,2,2,0,0,0,1,10,0.909090909,
Texas,Crosby,48107,56,678,630,614,758,768,734,65,0,0,291,4594,417.6363636,
Texas,Culberson,48109,0,6,6,6,6,5,4,0,0,0,3,36,3.272727273,
Texas,Dallam,48111,0,173,159,157,209,230,186,0,0,0,0,1114,101.2727273,
Texas,Dallas,48113,0,34,31,27,30,27,24,0,0,0,0,173,15.72727273,
Texas,Dawson,48115,369,996,978,995,969,1224,1167,358,0,0,803,7859,714.4545455,
Texas,Deaf Smith,48117,0,612,559,564,589,574,531,0,0,0,46,3475,315.9090909,
Texas,Delta,48119,0,96,85,94,89,60,60,0,0,0,26,510,46.36363636,
Texas,Denton,48121,12,254,241,235,234,184,196,11,0,0,26,1393,126.6363636,
Texas,DeWitt,48123,2,44,32,44,38,23,10,1,0,0,10,204,18.54545455,
Texas,Dickens,48125,16,211,184,206,240,240,232,23,0,0,31,1383,125.7272727,
Texas,Dimmit,48127,0,9,6,3,5,5,3,0,0,0,7,38,3.454545455,
Texas,Donley,48129,69,187,171,163,181,177,169,65,0,0,188,1370,124.5454545,
Texas,Duval,48131,1,178,178,189,193,137,41,1,0,0,4,922,83.81818182,
Texas,Eastland,48133,70,179,157,163,160,155,159,66,0,0,90,1199,109,
Texas,Ector,48135,0,0,0,0,0,0,0,0,0,0,0,0,0,
Texas,Edwards,48137,0,0,0,0,0,0,0,0,0,0,0,0,0,
Texas,Ellis,48139,0,736,671,686,665,539,510,0,0,0,80,3887,353.3636364,
Texas,El Paso,48141,0,5,4,4,47,48,44,0,0,0,52,204,18.54545455,
Texas,Erath,48143,17,56,34,40,44,70,61,20,0,0,18,360,32.72727273,
Texas,Falls,48145,0,461,427,454,464,455,378,0,0,0,113,2752,250.1818182,
Texas,Fannin,48147,39,551,567,586,561,455,481,31,0,0,51,3322,302,
Texas,Fayette,48149,30,198,188,194,194,131,48,19,0,0,5,1007,91.54545455,
Texas,Fisher,48151,12,582,543,550,521,625,619,6,0,0,71,3529,320.8181818,
Texas,Floyd,48153,27,940,881,921,958,976,939,17,0,0,49,5708,518.9090909,
Texas,Foard,48155,9,172,173,185,176,180,162,7,0,0,34,1098,99.81818182,
Texas,Fort Bend,48157,85,735,657,600,685,632,536,35,0,0,629,4594,417.6363636,
Texas,Franklin,48159,0,9,10,10,14,12,11,0,0,0,0,66,6,
Texas,Freestone,48161,0,0,0,0,0,0,0,0,0,0,0,0,0,
Texas,Frio,48163,31,66,43,59,42,51,43,29,0,0,82,446,40.54545455,
Texas,Gaines,48165,424,599,497,604,645,675,662,518,0,0,1061,5685,516.8181818,
Texas,Galveston,48167,24,28,28,28,31,22,21,14,0,0,0,196,17.81818182,
Texas,Garza,48169,1,142,131,138,216,303,291,4,0,0,177,1403,127.5454545,
Texas,Gillespie,48171,0,198,194,200,198,176,163,0,0,0,0,1129,102.6363636,
Texas,Glasscock,48173,13,302,315,325,309,335,309,8,0,0,6,1922,174.7272727,
Texas,Goliad,48175,0,29,31,41,37,18,10,0,0,0,0,166,15.09090909,
Texas,Gonzales,48177,3,52,54,52,48,45,16,0,0,0,1,271,24.63636364,
Texas,Gray,48179,1,251,228,230,242,227,147,0,0,0,12,1338,121.6363636,
Texas,Grayson,48181,16,331,372,382,399,328,322,20,0,0,53,2223,202.0909091,
Texas,Gregg,48183,0,0,0,0,0,0,0,0,0,0,0,0,0,
Texas,Grimes,48185,0,1,1,1,1,1,0,0,0,0,0,5,0.454545455,
Texas,Guadalupe,48187,4,340,316,310,290,229,137,3,0,0,23,1652,150.1818182,
Texas,Hale,48189,4,1207,1083,1178,1294,1284,1271,2,0,0,1055,8378,761.6363636,
Texas,Hall,48191,227,361,359,375,442,415,390,189,0,0,492,3250,295.4545455,
Texas,Hamilton,48193,0,210,220,219,220,161,180,0,0,0,1,1211,110.0909091,
Texas,Hansford,48195,3,388,375,376,397,398,389,3,0,0,3,2332,212,
Texas,Hardeman,48197,26,373,361,372,376,327,322,9,0,0,258,2424,220.3636364,
Texas,Hardin,48199,5,5,5,5,5,3,3,3,0,0,0,34,3.090909091,
Texas,Harris,48201,57,63,56,61,57,56,63,54,0,0,7,474,43.09090909,
Texas,Harrison,48203,0,2,2,2,2,2,1,0,0,0,0,11,1,
Texas,Hartley,48205,1,98,95,97,102,121,109,1,0,0,5,629,57.18181818,
Texas,Haskell,48207,111,898,827,832,808,857,840,139,0,0,568,5880,534.5454545,
Texas,Hays,48209,0,22,23,21,23,25,20,0,0,0,3,137,12.45454545,
Texas,Hemphill,48211,0,87,74,82,77,69,78,0,0,0,2,469,42.63636364,
Texas,Henderson,48213,1,4,2,2,5,2,3,1,0,0,1,21,1.909090909,
Texas,Hidalgo,48215,1,352,299,329,291,247,231,0,0,0,381,2131,193.7272727,
Texas,Hill,48217,12,909,900,884,900,954,899,7,0,0,405,5870,533.6363636,
Texas,Hockley,48219,196,870,717,918,969,1049,1042,228,0,0,364,6353,577.5454545,
Texas,Hood,48221,0,1,0,3,1,1,4,1,0,0,1,12,1.090909091,
Texas,Hopkins,48223,1,57,47,61,66,50,45,1,0,0,0,328,29.81818182,
Texas,Houston,48225,4,19,20,25,32,21,13,3,0,0,9,146,13.27272727,
Texas,Howard,48227,4,470,457,461,456,616,576,5,0,0,35,3080,280,
Texas,Hudspeth,48229,2,10,7,9,43,46,44,0,0,0,6,167,15.18181818,
Texas,Hunt,48231,0,233,284,264,256,234,240,0,0,0,174,1685,153.1818182,
Texas,Hutchinson,48233,0,28,28,32,35,34,34,0,0,0,0,191,17.36363636,
Texas,Irion,48235,0,3,1,5,3,5,5,0,0,0,1,23,2.090909091,
Texas,Jack,48237,0,26,28,31,31,33,35,0,0,0,0,184,16.72727273,
Texas,Jackson,48239,239,425,375,441,427,301,257,143,0,0,226,2834,257.6363636,
Texas,Jasper,48241,0,0,0,0,0,0,0,0,0,0,0,0,0,
Texas,Jeff Davis,48243,0,0,0,0,0,0,0,0,0,0,0,0,0,
Texas,Jefferson,48245,239,236,252,255,271,139,136,129,0,0,0,1657,150.6363636,
Texas,Jim Hogg,48247,0,2,3,3,3,2,0,0,0,0,0,13,1.181818182,
Texas,Jim Wells,48249,0,241,233,237,224,191,129,0,0,0,5,1260,114.5454545,
Texas,Johnson,48251,1,125,132,143,150,135,143,0,0,0,4,833,75.72727273,
Texas,Jones,48253,15,782,759,740,735,739,727,13,0,0,468,4978,452.5454545,
Texas,Karnes,48255,7,87,74,74,47,55,56,3,0,0,5,408,37.09090909,
Texas,Kaufman,48257,0,49,43,38,40,30,36,0,0,0,1,237,21.54545455,
Texas,Kendall,48259,0,28,28,28,29,25,17,0,0,0,0,155,14.09090909,
Texas,Kenedy,48261,0,0,0,0,0,0,0,0,0,0,0,0,0,
Texas,Kent,48263,2,67,60,88,76,102,99,4,0,0,11,509,46.27272727,
Texas,Kerr,48265,0,3,11,11,11,9,8,0,0,0,0,53,4.818181818,
Texas,Kimble,48267,0,0,0,3,3,5,5,0,0,0,0,16,1.454545455,
Texas,King,48269,1,35,33,34,36,37,34,0,0,0,0,210,19.09090909,
Texas,Kinney,48271,0,4,5,5,5,7,2,0,0,0,0,28,2.545454545,
Texas,Kleberg,48273,0,128,117,111,110,83,68,0,0,0,3,620,56.36363636,
Texas,Knox,48275,12,298,263,293,298,307,321,9,0,0,158,1959,178.0909091,
Texas,Lamar,48277,17,398,404,434,443,319,320,14,0,0,97,2446,222.3636364,
Texas,Lamb,48279,69,1056,904,945,1032,1042,1009,92,0,0,589,6738,612.5454545,
Texas,Lampasas,48281,0,83,61,68,76,37,47,2,0,0,1,375,34.09090909,
Texas,La Salle,48283,7,11,7,11,9,11,8,1,0,0,2,67,6.090909091,
Texas,Lavaca,48285,20,140,154,155,154,114,42,19,0,0,1,799,72.63636364,
Texas,Lee,48287,74,117,116,123,122,72,57,39,0,0,24,744,67.63636364,
Texas,Leon,48289,0,1,1,1,2,1,0,0,0,0,0,6,0.545454545,
Texas,Liberty,48291,137,152,144,135,136,64,65,60,0,0,0,893,81.18181818,
Texas,Limestone,48293,0,105,97,107,92,79,79,0,0,0,4,563,51.18181818,
Texas,Lipscomb,48295,0,135,129,138,151,128,132,0,0,0,0,813,73.90909091,
Texas,Live Oak,48297,1,108,115,113,115,77,67,1,0,0,17,614,55.81818182,
Texas,Llano,48299,3,8,7,7,7,7,7,3,0,0,2,51,4.636363636,
Texas,Loving,48301,0,0,0,0,0,0,0,0,0,0,0,0,0,
Texas,Lubbock,48303,171,1233,1100,1217,1426,1543,1545,213,0,0,734,9182,834.7272727,
Texas,Lynn,48305,88,1036,953,1181,1124,1175,1155,71,0,0,711,7494,681.2727273,
Texas,McCulloch,48307,1,231,236,214,210,169,166,2,0,0,54,1283,116.6363636,
Texas,McLennan,48309,2,552,550,562,568,595,534,2,0,0,67,3432,312,
Texas,McMullen,48311,0,2,2,3,4,3,0,0,0,0,0,14,1.272727273,
Texas,Madison,48313,0,1,0,0,0,1,1,0,0,0,0,3,0.272727273,
Texas,Marion,48315,0,0,0,0,0,0,0,0,0,0,0,0,0,
Texas,Martin,48317,34,603,583,559,630,785,758,23,0,0,99,4074,370.3636364,
Texas,Mason,48319,27,64,73,63,62,59,59,22,0,0,16,445,40.45454545,
Texas,Matagorda,48321,310,441,382,466,459,323,282,200,0,0,218,3081,280.0909091,
Texas,Maverick,48323,0,0,1,1,0,0,1,0,0,0,0,3,0.272727273,
Texas,Medina,48325,4,230,257,253,245,273,234,6,0,0,93,1595,145,
Texas,Menard,48327,0,25,23,29,28,22,19,0,0,0,0,146,13.27272727,
Texas,Midland,48329,1,14,12,10,14,13,12,0,0,0,0,76,6.909090909,
Texas,Milam,48331,3,323,338,369,359,372,359,4,0,0,154,2281,207.3636364,
Texas,Mills,48333,0,48,56,54,64,63,67,0,0,0,1,353,32.09090909,
Texas,Mitchell,48335,0,341,277,236,257,333,332,0,0,0,59,1835,166.8181818,
Texas,Montague,48337,8,147,171,161,158,139,137,7,0,0,7,935,85,
Texas,Montgomery,48339,0,0,0,0,0,0,0,0,0,0,0,0,0,
Texas,Moore,48341,2,244,238,235,218,214,200,2,0,0,5,1358,123.4545455,
Texas,Morris,48343,0,3,2,3,2,2,2,0,0,0,0,14,1.272727273,
Texas,Motley,48345,49,175,155,163,204,184,177,41,0,0,89,1237,112.4545455,
Texas,Nacogdoches,48347,0,1,1,1,1,0,0,0,0,0,0,4,0.363636364,
Texas,Navarro,48349,0,297,265,289,308,274,282,0,0,0,70,1785,162.2727273,
Texas,Newton,48351,0,0,0,0,0,0,0,0,0,0,0,0,0,
Texas,Nolan,48353,0,334,305,346,329,369,364,0,0,0,21,2068,188,
Texas,Nueces,48355,1,925,854,827,769,677,481,0,0,0,77,4611,419.1818182,
Texas,Ochiltree,48357,0,464,455,479,447,486,460,0,0,0,0,2791,253.7272727,
Texas,Oldham,48359,0,167,158,159,160,147,137,0,0,0,0,928,84.36363636,
Texas,Orange,48361,3,3,3,3,3,0,0,0,0,0,0,15,1.363636364,
Texas,Palo Pinto,48363,1,5,4,4,5,7,7,1,0,0,0,34,3.090909091,
Texas,Panola,48365,1,1,1,1,1,0,0,0,0,0,0,5,0.454545455,
Texas,Parker,48367,0,5,1,8,4,2,6,0,0,0,0,26,2.363636364,
Texas,Parmer,48369,23,686,633,633,636,629,560,14,0,0,147,3961,360.0909091,
Texas,Pecos,48371,2,30,26,34,31,24,27,0,0,0,20,194,17.63636364,
Texas,Polk,48373,0,0,0,0,0,0,0,0,0,0,0,0,0,
Texas,Potter,48375,0,71,70,73,75,68,64,0,0,0,0,421,38.27272727,
Texas,Presidio,48377,0,0,0,0,0,0,0,0,0,0,0,0,0,
Texas,Rains,48379,0,16,13,12,14,7,10,0,0,0,0,72,6.545454545,
Texas,Randall,48381,3,311,308,302,310,311,310,3,0,0,15,1873,170.2727273,
Texas,Reagan,48383,0,146,146,147,137,159,157,0,0,0,14,906,82.36363636,
Texas,Real,48385,0,0,0,0,0,0,0,0,0,0,0,0,0,
Texas,Red River,48387,5,131,133,138,143,105,110,4,0,0,17,786,71.45454545,
Texas,Reeves,48389,0,60,45,19,18,30,30,1,0,0,18,221,20.09090909,
Texas,Refugio,48391,0,202,211,209,208,204,181,0,0,0,84,1299,118.0909091,
Texas,Roberts,48393,0,36,38,38,42,37,15,0,0,0,0,206,18.72727273,
Texas,Robertson,48395,0,61,45,54,49,45,40,0,0,0,127,421,38.27272727,
Texas,Rockwall,48397,0,11,11,8,10,13,13,0,0,0,6,72,6.545454545,
Texas,Runnels,48399,3,675,664,682,696,681,685,5,0,0,703,4794,435.8181818,
Texas,Rusk,48401,0,0,0,0,0,0,0,0,0,0,0,0,0,
Texas,Sabine,48403,0,0,0,0,0,0,0,0,0,0,0,0,0,
Texas,San Augustine,48405,0,0,0,0,0,0,0,0,0,0,0,0,0,
Texas,San Jacinto,48407,0,0,0,0,0,0,0,0,0,0,0,0,0,
Texas,San Patricio,48409,0,957,921,936,934,874,839,0,0,0,81,5542,503.8181818,
Texas,San Saba,48411,5,100,112,104,110,110,107,7,0,0,9,664,60.36363636,
Texas,Schleicher,48413,0,59,68,62,59,55,65,0,0,0,7,375,34.09090909,
Texas,Scurry,48415,0,367,277,311,316,448,439,0,0,0,62,2220,201.8181818,
Texas,Shackelford,48417,6,91,88,87,83,119,122,6,0,0,39,641,58.27272727,
Texas,Shelby,48419,0,0,0,0,0,0,0,0,0,0,0,0,0,
Texas,Sherman,48421,1,315,290,309,319,298,264,0,0,0,0,1796,163.2727273,
Texas,Smith,48423,0,3,2,3,3,0,0,0,0,0,0,11,1,
Texas,Somervell,48425,0,1,1,0,1,0,1,0,0,0,1,5,0.454545455,
Texas,Starr,48427,0,50,50,49,50,56,22,0,0,0,2,279,25.36363636,
Texas,Stephens,48429,4,45,51,50,57,109,110,4,0,0,9,439,39.90909091,
Texas,Sterling,48431,0,2,2,4,4,7,8,0,0,0,0,27,2.454545455,
Texas,Stonewall,48433,18,231,218,218,209,195,188,23,0,0,67,1367,124.2727273,
Texas,Sutton,48435,0,5,3,6,7,6,8,0,0,0,0,35,3.181818182,
Texas,Swisher,48437,5,672,623,627,654,646,608,4,0,0,85,3924,356.7272727,
Texas,Tarrant,48439,0,10,8,7,8,9,9,0,0,0,0,51,4.636363636,
Texas,Taylor,48441,1,388,376,382,360,402,421,2,0,0,146,2478,225.2727273,
Texas,Terrell,48443,0,0,0,0,0,0,0,0,0,0,0,0,0,
Texas,Terry,48445,508,858,760,928,859,923,888,478,0,0,1081,7283,662.0909091,
Texas,Throckmorton,48447,7,138,127,128,130,132,132,5,0,0,15,814,74,
Texas,Titus,48449,0,2,3,3,2,3,3,0,0,0,0,16,1.454545455,
Texas,Tom Green,48451,0,521,496,501,495,489,497,0,0,0,136,3135,285,
Texas,Travis,48453,0,209,205,200,185,179,132,0,0,0,115,1225,111.3636364,
Texas,Trinity,48455,0,0,0,0,0,0,0,0,0,0,0,0,0,
Texas,Tyler,48457,0,0,0,0,0,0,0,0,0,0,0,0,0,
Texas,Upshur,48459,0,0,0,0,0,0,0,0,0,0,0,0,0,
Texas,Upton,48461,0,55,38,38,37,38,37,0,0,0,20,263,23.90909091,
Texas,Uvalde,48463,0,93,93,98,93,95,88,0,0,0,13,573,52.09090909,
Texas,Val Verde,48465,0,0,0,1,0,0,2,0,0,0,0,3,0.272727273,
Texas,Van Zandt,48467,0,10,8,7,5,1,2,0,0,0,0,33,3,
Texas,Victoria,48469,40,389,381,388,380,263,133,18,0,0,131,2123,193,
Texas,Walker,48471,0,0,0,0,0,0,0,0,0,0,0,0,0,
Texas,Waller,48473,37,54,45,53,54,42,30,28,0,0,9,352,32,
Texas,Ward,48475,0,2,0,0,2,2,0,0,0,0,0,6,0.545454545,
Texas,Washington,48477,0,35,14,31,25,13,7,0,0,0,6,131,11.90909091,
Texas,Webb,48479,0,2,3,3,3,2,0,0,0,0,0,13,1.181818182,
Texas,Wharton,48481,454,1190,1111,1272,1360,1143,966,385,0,0,1303,9184,834.9090909,
Texas,Wheeler,48483,46,287,231,267,312,295,280,52,0,0,162,1932,175.6363636,
Texas,Wichita,48485,42,202,201,199,203,199,208,1,0,0,116,1371,124.6363636,
Texas,Wilbarger,48487,102,560,548,543,579,524,535,86,0,0,847,4324,393.0909091,
Texas,Willacy,48489,0,574,555,582,537,537,452,0,0,0,95,3332,302.9090909,
Texas,Williamson,48491,1,1027,963,911,877,851,779,1,0,0,596,6006,546,
Texas,Wilson,48493,66,350,235,185,203,174,169,41,0,0,51,1474,134,
Texas,Winkler,48495,0,0,0,0,0,0,0,0,0,0,0,0,0,
Texas,Wise,48497,15,129,136,140,135,103,115,9,0,0,3,785,71.36363636,
Texas,Wood,48499,0,7,6,4,5,1,0,0,0,0,0,23,2.090909091,
Texas,Yoakum,48501,244,339,312,346,351,358,349,227,0,0,534,3060,278.1818182,
Texas,Young,48503,9,236,245,241,244,217,216,4,0,0,10,1422,129.2727273,
Texas,Zapata,48505,0,0,0,0,0,0,0,0,0,0,0,0,0,
Texas,Zavala,48507,0,24,21,28,37,31,25,0,0,0,26,192,17.45454545,
Utah,Beaver,49001,0,18,17,33,33,55,41,0,0,0,0,197,17.90909091,
Utah,Box Elder,49003,0,394,378,388,390,398,405,0,0,0,0,2353,213.9090909,
Utah,Cache,49005,2,339,342,347,330,323,323,0,0,0,0,2006,182.3636364,
Utah,Carbon,49007,0,8,7,5,6,9,5,0,0,0,0,40,3.636363636,
Utah,Daggett,49009,0,0,0,0,0,0,0,0,0,0,0,0,0,
Utah,Davis,49011,0,14,15,18,13,16,13,0,0,0,0,89,8.090909091,
Utah,Duchesne,49013,0,14,25,37,28,40,38,0,0,0,0,182,16.54545455,
Utah,Emery,49015,0,39,41,36,42,59,38,0,0,0,0,255,23.18181818,
Utah,Garfield,49017,0,0,0,0,0,1,0,0,0,0,0,1,0.090909091,
Utah,Grand,49019,0,0,0,0,0,0,0,0,0,0,0,0,0,
Utah,Iron,49021,0,13,14,29,27,31,30,0,0,0,0,144,13.09090909,
Utah,Juab,49023,0,79,79,80,83,71,68,0,0,0,0,460,41.81818182,
Utah,Kane,49025,0,0,0,0,0,0,0,0,0,0,0,0,0,
Utah,Millard,49027,0,177,183,202,213,195,182,0,0,0,0,1152,104.7272727,
Utah,Morgan,49029,0,10,13,7,9,11,9,0,0,0,0,59,5.363636364,
Utah,Piute,49031,0,2,2,6,6,9,7,0,0,0,0,32,2.909090909,
Utah,Rich,49033,0,9,9,8,8,7,4,0,0,0,0,45,4.090909091,
Utah,Salt Lake,49035,0,2,3,2,4,3,4,0,0,0,0,18,1.636363636,
Utah,San Juan,49037,0,177,182,182,170,175,180,0,0,0,0,1066,96.90909091,
Utah,Sanpete,49039,0,32,33,90,93,102,97,0,0,0,0,447,40.63636364,
Utah,Sevier,49041,0,23,23,62,62,80,76,0,0,0,0,326,29.63636364,
Utah,Summit,49043,0,1,1,2,2,3,3,0,0,0,0,12,1.090909091,
Utah,Tooele,49045,0,10,7,7,8,6,6,0,0,0,0,44,4,
Utah,Uintah,49047,0,17,23,28,33,36,26,0,0,0,0,163,14.81818182,
Utah,Utah,49049,0,64,56,83,79,88,78,0,0,0,0,448,40.72727273,
Utah,Wasatch,49051,0,0,0,0,0,0,0,0,0,0,0,0,0,
Utah,Washington,49053,0,5,5,8,8,7,6,0,0,0,0,39,3.545454545,
Utah,Wayne,49055,0,23,23,52,52,58,56,0,0,0,0,264,24,
Utah,Weber,49057,0,41,31,33,32,43,35,0,0,0,0,215,19.54545455,
Vermont,Addison,50001,0,5,6,9,11,122,37,0,0,0,0,190,17.27272727,
Vermont,Bennington,50003,0,2,2,3,3,10,1,0,0,0,0,21,1.909090909,
Vermont,Caledonia,50005,0,8,9,9,12,50,2,0,0,0,0,90,8.181818182,
Vermont,Chittenden,50007,0,4,4,3,4,46,2,0,0,0,0,63,5.727272727,
Vermont,Essex,50009,0,4,4,4,4,15,4,0,0,0,0,35,3.181818182,
Vermont,Franklin,50011,0,1,2,3,4,133,0,0,0,0,0,143,13,
Vermont,Grand Isle,50013,0,0,1,1,1,29,6,0,0,0,0,38,3.454545455,
Vermont,Lamoille,50015,0,2,0,0,1,12,0,0,0,0,0,15,1.363636364,
Vermont,Orange,50017,0,1,3,2,3,36,0,0,0,0,0,45,4.090909091,
Vermont,Orleans,50019,0,3,2,2,3,38,5,0,0,0,0,53,4.818181818,
Vermont,Rutland,50021,0,5,7,9,13,85,2,0,0,0,0,121,11,
Vermont,Washington,50023,0,1,0,0,1,12,0,0,0,0,0,14,1.272727273,
Vermont,Windham,50025,0,0,0,0,0,17,1,0,0,0,0,18,1.636363636,
Vermont,Windsor,50027,0,0,0,0,0,30,1,0,0,0,0,31,2.818181818,
Virginia,Accomack,51001,0,60,70,70,72,69,68,0,0,0,109,518,47.09090909,
Virginia,Albemarle,51003,0,10,10,12,11,14,7,0,0,0,0,64,5.818181818,
Virginia,Alleghany,51005,0,5,4,4,3,4,3,0,0,0,0,23,2.090909091,
Virginia,Amelia,51007,0,119,116,119,114,86,92,0,0,0,0,646,58.72727273,
Virginia,Amherst,51009,0,4,4,0,0,1,2,0,0,0,0,11,1,
Virginia,Appomattox,51011,0,15,15,7,7,10,5,0,0,0,0,59,5.363636364,
Virginia,Arlington,51013,0,0,0,0,0,0,0,0,0,0,0,0,0,
Virginia,Augusta,51015,0,111,115,112,108,107,68,0,0,0,0,621,56.45454545,
Virginia,Bath,51017,0,2,2,3,3,2,1,0,0,0,0,13,1.181818182,
Virginia,Bedford,51019,0,41,38,42,57,57,67,0,0,0,0,302,27.45454545,
Virginia,Bland,51021,0,0,1,1,1,1,0,0,0,0,0,4,0.363636364,
Virginia,Botetourt,51023,0,24,23,23,21,25,26,0,0,0,0,142,12.90909091,
Virginia,Brunswick,51025,7,35,41,45,49,44,45,6,0,0,55,327,29.72727273,
Virginia,Buchanan,51027,0,1,1,1,1,2,1,0,0,0,0,7,0.636363636,
Virginia,Buckingham,51029,0,33,31,29,28,30,29,0,0,0,0,180,16.36363636,
Virginia,Campbell,51031,0,40,32,22,22,39,38,0,0,0,2,195,17.72727273,
Virginia,Caroline,51033,0,14,16,18,19,44,43,0,0,0,0,154,14,
Virginia,Carroll,51035,0,6,5,5,6,6,0,0,0,0,0,28,2.545454545,
Virginia,Charles City,51036,0,21,20,22,23,22,22,0,0,0,3,133,12.09090909,
Virginia,Charlotte,51037,0,59,66,69,71,81,90,0,0,0,0,436,39.63636364,
Virginia,Chesterfield,51041,1,19,20,21,21,17,17,0,0,0,0,116,10.54545455,
Virginia,Clarke,51043,0,17,14,21,28,14,21,0,0,0,0,115,10.45454545,
Virginia,Craig,51045,0,10,10,6,6,5,5,0,0,0,0,42,3.818181818,
Virginia,Culpeper,51047,0,7,13,12,16,3,5,0,0,0,0,56,5.090909091,
Virginia,Cumberland,51049,0,22,22,20,20,24,21,0,0,0,0,129,11.72727273,
Virginia,Dickenson,51051,0,0,0,0,0,0,0,0,0,0,0,0,0,
Virginia,Dinwiddie,51053,31,48,50,63,68,65,68,31,0,0,260,684,62.18181818,
Virginia,Essex,51057,0,34,34,38,42,48,46,0,0,0,0,242,22,
Virginia,Fairfax,51059,0,0,0,0,0,0,0,0,0,0,0,0,0,
Virginia,Fauquier,51061,0,19,30,23,30,52,48,0,0,0,0,202,18.36363636,
Virginia,Floyd,51063,0,18,18,16,14,0,0,0,0,0,0,66,6,
Virginia,Fluvanna,51065,0,12,10,9,8,14,14,0,0,0,0,67,6.090909091,
Virginia,Franklin,51067,0,60,73,88,94,99,97,0,0,0,0,511,46.45454545,
Virginia,Frederick,51069,0,7,8,6,8,16,13,0,0,0,0,58,5.272727273,
Virginia,Giles,51071,0,2,2,1,2,1,0,0,0,0,0,8,0.727272727,
Virginia,Gloucester,51073,0,19,19,19,20,25,25,0,0,0,2,129,11.72727273,
Virginia,Goochland,51075,0,14,16,15,14,18,21,0,0,0,0,98,8.909090909,
Virginia,Grayson,51077,0,4,4,2,2,6,3,0,0,0,0,21,1.909090909,
Virginia,Greene,51079,0,0,0,0,1,0,0,0,0,0,0,1,0.090909091,
Virginia,Greensville,51081,65,62,62,61,70,64,63,60,0,0,438,945,85.90909091,
Virginia,Halifax,51083,0,285,256,324,432,205,304,0,0,0,0,1806,164.1818182,
Virginia,Hanover,51085,0,13,14,21,19,32,33,0,0,0,0,132,12,
Virginia,Henrico,51087,0,11,11,12,11,12,14,0,0,0,0,71,6.454545455,
Virginia,Henry,51089,0,16,13,16,19,20,21,0,0,0,0,105,9.545454545,
Virginia,Highland,51091,0,8,8,8,7,7,4,0,0,0,0,42,3.818181818,
Virginia,Isle of Wight,51093,145,148,146,144,149,146,141,130,0,0,573,1722,156.5454545,
Virginia,James City,51095,0,8,8,9,9,7,6,0,0,0,0,47,4.272727273,
Virginia,King and Queen,51097,0,31,35,37,37,41,42,0,0,0,11,234,21.27272727,
Virginia,King George,51099,0,16,15,14,19,21,20,0,0,0,0,105,9.545454545,
Virginia,King William,51101,0,32,33,32,31,35,38,0,0,0,44,245,22.27272727,
Virginia,Lancaster,51103,0,32,33,39,38,39,38,0,0,0,1,220,20,
Virginia,Lee,51105,0,41,36,39,47,13,5,0,0,0,0,181,16.45454545,
Virginia,Loudoun,51107,0,5,11,15,13,21,18,0,0,0,0,83,7.545454545,
Virginia,Louisa,51109,0,40,55,50,52,64,65,0,0,0,0,326,29.63636364,
Virginia,Lunenburg,51111,0,25,29,28,30,34,33,0,0,0,0,179,16.27272727,
Virginia,Madison,51113,0,4,4,2,4,0,3,0,0,0,0,17,1.545454545,
Virginia,Mathews,51115,0,4,5,5,6,6,5,0,0,0,0,31,2.818181818,
Virginia,Mecklenburg,51117,0,84,89,82,84,73,86,0,0,0,0,498,45.27272727,
Virginia,Middlesex,51119,0,19,19,23,21,18,20,0,0,0,0,120,10.90909091,
Virginia,Montgomery,51121,0,22,23,18,18,6,5,0,0,0,0,92,8.363636364,
Virginia,Nelson,51125,0,2,4,3,3,4,3,0,0,0,0,19,1.727272727,
Virginia,New Kent,51127,0,11,9,11,11,14,14,0,0,0,2,72,6.545454545,
Virginia,Northampton,51131,3,53,56,54,55,55,56,2,0,0,138,472,42.90909091,
Virginia,Northumberland,51133,0,60,54,57,55,53,49,0,0,0,9,337,30.63636364,
Virginia,Nottoway,51135,0,63,63,63,63,37,33,0,0,0,0,322,29.27272727,
Virginia,Orange,51137,0,7,6,7,6,2,3,0,0,0,0,31,2.818181818,
Virginia,Page,51139,0,16,22,17,20,28,23,0,0,0,0,126,11.45454545,
Virginia,Patrick,51141,0,16,25,0,19,24,30,0,0,0,0,114,10.36363636,
Virginia,Pittsylvania,51143,0,149,142,89,91,127,160,0,0,0,0,758,68.90909091,
Virginia,Powhatan,51145,0,20,19,23,24,19,18,0,0,0,0,123,11.18181818,
Virginia,Prince Edward,51147,0,140,144,141,126,82,81,0,0,0,0,714,64.90909091,
Virginia,Prince George,51149,26,31,29,33,31,39,41,28,0,0,74,332,30.18181818,
Virginia,Prince William,51153,0,6,5,7,7,6,7,0,0,0,0,38,3.454545455,
Virginia,Pulaski,51155,0,13,14,14,13,3,6,0,0,0,0,63,5.727272727,
Virginia,Rappahannock,51157,0,1,1,1,1,0,0,0,0,0,0,4,0.363636364,
Virginia,Richmond,51159,0,92,85,87,88,87,87,0,0,0,0,526,47.81818182,
Virginia,Roanoke,51161,0,4,4,3,3,3,4,0,0,0,0,21,1.909090909,
Virginia,Rockbridge,51163,0,22,19,16,16,23,19,0,0,0,0,115,10.45454545,
Virginia,Rockingham,51165,0,67,63,69,80,134,85,0,0,0,0,498,45.27272727,
Virginia,Russell,51167,0,5,6,5,9,24,1,0,0,0,0,50,4.545454545,
Virginia,Scott,51169,0,10,17,17,22,98,10,0,0,0,0,174,15.81818182,
Virginia,Shenandoah,51171,0,16,15,28,27,67,47,0,0,0,0,200,18.18181818,
Virginia,Smyth,51173,0,3,6,6,7,6,0,0,0,0,0,28,2.545454545,
Virginia,Southampton,51175,276,276,266,256,263,251,243,234,0,0,1270,3335,303.1818182,
Virginia,Spotsylvania,51177,0,18,13,16,19,18,20,0,0,0,0,104,9.454545455,
Virginia,Stafford,51179,0,4,3,4,5,4,6,0,0,0,0,26,2.363636364,
Virginia,Surry,51181,59,61,60,57,63,70,68,59,0,0,292,789,71.72727273,
Virginia,Sussex,51183,94,96,93,90,102,100,98,87,0,0,539,1299,118.0909091,
Virginia,Tazewell,51185,0,2,7,2,6,17,1,0,0,0,0,35,3.181818182,
Virginia,Warren,51187,0,2,2,2,2,2,3,0,0,0,0,13,1.181818182,
Virginia,Washington,51191,0,48,49,48,53,27,6,0,0,0,0,231,21,
Virginia,Westmoreland,51193,0,71,68,71,74,73,77,0,0,0,0,434,39.45454545,
Virginia,Wise,51195,0,0,0,0,1,1,0,0,0,0,0,2,0.181818182,
Virginia,Wythe,51197,0,1,1,2,2,8,6,0,0,0,0,20,1.818181818,
Virginia,York,51199,0,0,0,1,1,1,1,0,0,0,0,4,0.363636364,
Virginia,Alexandria,51510,0,0,0,0,0,0,0,0,0,0,0,0,0,
Virginia,Bedford,51515,0,0,0,0,0,0,0,0,0,0,0,0,0,
Virginia,Bristol,51520,0,0,0,0,0,0,0,0,0,0,0,0,0,
Virginia,Buena Vista,51530,0,0,0,0,0,0,0,0,0,0,0,0,0,
Virginia,Charlottesville,51540,0,0,0,0,0,0,0,0,0,0,0,0,0,
Virginia,Chesapeake,51550,1,14,17,20,18,90,68,1,0,0,0,229,20.81818182,
Virginia,Colonial Heights,51570,0,0,0,0,0,0,0,0,0,0,0,0,0,
Virginia,Covington,51580,0,0,0,0,0,0,0,0,0,0,0,0,0,
Virginia,Danville,51590,0,0,0,0,0,0,0,0,0,0,0,0,0,
Virginia,Emporia,51595,0,0,0,0,0,0,0,0,0,0,0,0,0,
Virginia,Fairfax,51600,0,0,0,0,0,0,0,0,0,0,0,0,0,
Virginia,Falls Church,51610,0,0,0,0,0,0,0,0,0,0,0,0,0,
Virginia,Franklin,51620,0,0,0,0,0,0,0,0,0,0,0,0,0,
Virginia,Fredericksburg,51630,0,0,0,0,0,0,0,0,0,0,0,0,0,
Virginia,Galax,51640,0,0,0,0,0,0,0,0,0,0,0,0,0,
Virginia,Hampton,51650,0,0,0,0,0,0,0,0,0,0,0,0,0,
Virginia,Harrisonburg,51660,0,0,0,0,0,0,0,0,0,0,0,0,0,
Virginia,Hopewell,51670,0,0,0,0,0,0,0,0,0,0,0,0,0,
Virginia,Lexington,51678,0,0,0,0,0,0,0,0,0,0,0,0,0,
Virginia,Lynchburg,51680,0,0,0,0,0,0,0,0,0,0,0,0,0,
Virginia,Manassas,51683,0,0,0,0,0,0,0,0,0,0,0,0,0,
Virginia,Manassas Park,51685,0,0,0,0,0,0,0,0,0,0,0,0,0,
Virginia,Martinsville,51690,0,0,0,0,0,0,0,0,0,0,0,0,0,
Virginia,Newport News,51700,0,0,0,0,0,0,0,0,0,0,0,0,0,
Virginia,Norfolk,51710,0,0,0,0,0,0,0,0,0,0,0,0,0,
Virginia,Norton,51720,0,0,0,0,0,0,0,0,0,0,0,0,0,
Virginia,Petersburg,51730,0,0,0,0,0,0,0,0,0,0,0,0,0,
Virginia,Poquoson,51735,0,0,0,0,0,0,0,0,0,0,0,0,0,
Virginia,Portsmouth,51740,0,0,0,0,0,0,0,0,0,0,0,0,0,
Virginia,Radford,51750,0,0,0,0,0,0,0,0,0,0,0,0,0,
Virginia,Richmond,51760,0,0,0,0,0,0,0,0,0,0,0,0,0,
Virginia,Roanoke,51770,0,0,0,0,0,0,0,0,0,0,0,0,0,
Virginia,Salem,51775,0,0,0,0,0,0,0,0,0,0,0,0,0,
Virginia,Staunton,51790,0,0,0,0,0,0,0,0,0,0,0,0,0,
Virginia,Suffolk,51800,146,154,153,150,152,143,141,126,0,0,683,1848,168,
Virginia,Virginia Beach,51810,0,11,10,12,10,25,24,0,0,0,0,92,8.363636364,
Virginia,Waynesboro,51820,0,0,0,0,0,0,0,0,0,0,0,0,0,
Virginia,Williamsburg,51830,0,0,0,0,0,0,0,0,0,0,0,0,0,
Virginia,Winchester,51840,0,0,0,0,0,0,0,0,0,0,0,0,0,
Washington,Adams,53001,27,120,126,145,141,974,964,0,0,0,0,2497,227,
Washington,Asotin,53003,1,11,12,15,16,123,121,1,0,0,0,300,27.27272727,
Washington,Benton,53005,0,12,14,31,33,164,155,0,0,0,0,409,37.18181818,
Washington,Chelan,53007,0,4,4,2,2,1,1,0,0,0,0,14,1.272727273,
Washington,Clallam,53009,0,0,0,0,0,0,1,0,0,0,0,1,0.090909091,
Washington,Clark,53011,0,1,0,2,0,3,3,0,0,0,0,9,0.818181818,
Washington,Columbia,53013,10,45,55,73,84,345,346,0,0,0,0,958,87.09090909,
Washington,Cowlitz,53015,0,1,0,0,2,2,0,0,0,0,0,5,0.454545455,
Washington,Douglas,53017,5,27,27,38,37,651,646,0,0,0,0,1431,130.0909091,
Washington,Ferry,53019,0,1,0,0,1,3,2,0,0,0,0,7,0.636363636,
Washington,Franklin,53021,0,62,65,82,65,305,261,0,0,0,0,840,76.36363636,
Washington,Garfield,53023,1,43,50,93,92,334,328,0,0,0,0,941,85.54545455,
Washington,Grant,53025,9,282,270,272,261,639,558,0,0,0,0,2291,208.2727273,
Washington,Grays Harbor,53027,0,0,0,0,0,0,0,0,0,0,0,0,0,
Washington,Island,53029,0,4,4,5,2,5,5,0,0,0,0,25,2.272727273,
Washington,Jefferson,53031,0,1,1,0,1,1,0,0,0,0,0,4,0.363636364,
Washington,King,53033,0,1,0,0,0,0,0,0,0,0,0,1,0.090909091,
Washington,Kitsap,53035,0,0,0,0,0,0,0,0,0,0,0,0,0,
Washington,Kittitas,53037,0,49,50,46,42,45,44,0,0,0,0,276,25.09090909,
Washington,Klickitat,53039,0,46,47,56,64,295,292,0,0,0,0,800,72.72727273,
Washington,Lewis,53041,0,0,0,0,0,4,0,0,0,0,0,4,0.363636364,
Washington,Lincoln,53043,21,40,51,176,176,1584,1550,0,0,0,0,3598,327.0909091,
Washington,Mason,53045,0,0,0,0,0,0,0,0,0,0,0,0,0,
Washington,Okanogan,53047,0,2,3,3,2,27,29,0,0,0,0,66,6,
Washington,Pacific,53049,0,0,0,0,0,0,0,0,0,0,0,0,0,
Washington,Pend Oreille,53051,0,0,0,0,0,0,0,0,0,0,0,0,0,
Washington,Pierce,53053,0,0,0,0,0,0,0,0,0,0,0,0,0,
Washington,San Juan,53055,0,0,0,0,0,0,0,0,0,0,0,0,0,
Washington,Skagit,53057,0,8,10,8,7,16,11,0,0,0,0,60,5.454545455,
Washington,Skamania,53059,0,0,0,0,0,0,0,0,0,0,0,0,0,
Washington,Snohomish,53061,0,10,9,12,11,18,9,0,0,0,0,69,6.272727273,
Washington,Spokane,53063,13,127,124,184,195,791,777,0,0,0,0,2211,201,
Washington,Stevens,53065,5,78,73,76,75,75,72,0,0,0,0,454,41.27272727,
Washington,Thurston,53067,0,0,0,0,0,0,0,0,0,0,0,0,0,
Washington,Wahkiakum,53069,0,0,0,0,0,0,1,0,0,0,0,1,0.090909091,
Washington,Walla Walla,53071,2,56,82,100,118,696,703,0,0,1,0,1758,159.8181818,
Washington,Whatcom,53073,0,45,38,68,59,60,12,0,0,0,0,282,25.63636364,
Washington,Whitman,53075,17,110,121,423,476,1794,1775,0,0,0,0,4716,428.7272727,
Washington,Yakima,53077,0,99,78,92,89,114,87,0,0,0,0,559,50.81818182,
West Virginia,Barbour,54001,0,0,0,0,0,2,0,0,0,0,0,2,0.181818182,
West Virginia,Berkeley,54003,0,6,6,8,7,71,55,0,0,0,0,153,13.90909091,
West Virginia,Boone,54005,0,1,1,1,1,0,0,0,0,0,0,4,0.363636364,
West Virginia,Braxton,54007,0,0,0,0,0,3,0,0,0,0,0,3,0.272727273,
West Virginia,Brooke,54009,0,2,2,1,1,5,4,0,0,0,0,15,1.363636364,
West Virginia,Cabell,54011,0,1,2,2,2,0,0,0,0,0,0,7,0.636363636,
West Virginia,Calhoun,54013,0,0,0,0,0,2,0,0,0,0,0,2,0.181818182,
West Virginia,Clay,54015,0,0,0,0,0,0,0,0,0,0,0,0,0,
West Virginia,Doddridge,54017,0,0,0,0,0,1,0,0,0,0,0,1,0.090909091,
West Virginia,Fayette,54019,0,0,1,1,1,1,1,0,0,0,0,5,0.454545455,
West Virginia,Gilmer,54021,0,0,0,0,0,1,0,0,0,0,0,1,0.090909091,
West Virginia,Grant,54023,0,0,0,0,0,0,0,0,0,0,0,0,0,
West Virginia,Greenbrier,54025,0,3,7,8,7,17,16,0,0,0,0,58,5.272727273,
West Virginia,Hampshire,54027,0,3,5,8,9,1,1,0,0,0,0,27,2.454545455,
West Virginia,Hancock,54029,0,0,0,0,1,1,2,0,0,0,0,4,0.363636364,
West Virginia,Hardy,54031,0,0,0,3,3,2,0,0,0,0,0,8,0.727272727,
West Virginia,Harrison,54033,0,0,0,0,0,6,1,0,0,0,0,7,0.636363636,
West Virginia,Jackson,54035,0,4,3,2,4,8,6,0,0,0,0,27,2.454545455,
West Virginia,Jefferson,54037,0,8,10,8,10,68,64,0,0,0,0,168,15.27272727,
West Virginia,Kanawha,54039,0,0,0,0,0,0,0,0,0,0,0,0,0,
West Virginia,Lewis,54041,0,0,1,0,0,2,0,0,0,0,0,3,0.272727273,
West Virginia,Lincoln,54043,0,0,1,1,1,0,0,0,0,0,0,3,0.272727273,
West Virginia,Logan,54045,0,0,0,0,0,0,0,0,0,0,0,0,0,
West Virginia,McDowell,54047,0,0,0,0,0,0,0,0,0,0,0,0,0,
West Virginia,Marion,54049,0,0,0,0,0,5,1,0,0,0,0,6,0.545454545,
West Virginia,Marshall,54051,0,2,2,2,2,2,1,0,0,0,0,11,1,
West Virginia,Mason,54053,0,1,2,1,1,37,31,0,0,0,0,73,6.636363636,
West Virginia,Mercer,54055,0,1,1,1,1,2,2,0,0,0,0,8,0.727272727,
West Virginia,Mineral,54057,0,1,1,2,3,0,0,0,0,0,0,7,0.636363636,
West Virginia,Mingo,54059,0,0,0,0,0,0,0,0,0,0,0,0,0,
West Virginia,Monongalia,54061,0,0,0,0,0,4,0,0,0,0,0,4,0.363636364,
West Virginia,Monroe,54063,0,28,28,26,26,25,24,0,0,0,0,157,14.27272727,
West Virginia,Morgan,54065,0,1,1,2,3,15,10,0,0,0,0,32,2.909090909,
West Virginia,Nicholas,54067,0,0,0,0,0,4,0,0,0,0,0,4,0.363636364,
West Virginia,Ohio,54069,0,2,2,1,1,8,9,0,0,0,0,23,2.090909091,
West Virginia,Pendleton,54071,0,7,7,6,6,0,0,0,0,0,0,26,2.363636364,
West Virginia,Pleasants,54073,0,0,0,0,0,2,0,0,0,0,0,2,0.181818182,
West Virginia,Pocahontas,54075,0,0,2,6,9,1,1,0,0,0,0,19,1.727272727,
West Virginia,Preston,54077,0,4,7,7,16,30,18,0,0,0,0,82,7.454545455,
West Virginia,Putnam,54079,0,1,1,1,1,1,1,0,0,0,0,6,0.545454545,
West Virginia,Raleigh,54081,0,0,0,0,0,0,0,0,0,0,0,0,0,
West Virginia,Randolph,54083,0,0,0,0,1,11,1,0,0,0,0,13,1.181818182,
West Virginia,Ritchie,54085,0,0,0,0,0,8,0,0,0,0,0,8,0.727272727,
West Virginia,Roane,54087,0,1,0,0,0,4,0,0,0,0,0,5,0.454545455,
West Virginia,Summers,54089,0,1,0,0,0,2,2,0,0,0,0,5,0.454545455,
West Virginia,Taylor,54091,0,0,0,0,0,4,0,0,0,0,0,4,0.363636364,
West Virginia,Tucker,54093,0,0,0,0,0,3,0,0,0,0,0,3,0.272727273,
West Virginia,Tyler,54095,0,0,0,0,0,4,1,0,0,0,0,5,0.454545455,
West Virginia,Upshur,54097,0,0,1,1,1,6,0,0,0,0,0,9,0.818181818,
West Virginia,Wayne,54099,0,0,0,0,0,0,0,0,0,0,0,0,0,
West Virginia,Webster,54101,0,0,0,0,1,2,0,0,0,0,0,3,0.272727273,
West Virginia,Wetzel,54103,0,0,0,0,0,0,0,0,0,0,0,0,0,
West Virginia,Wirt,54105,0,0,0,0,0,2,0,0,0,0,0,2,0.181818182,
West Virginia,Wood,54107,0,1,1,0,0,15,12,0,0,0,0,29,2.636363636,
West Virginia,Wyoming,54109,0,0,0,0,0,0,0,0,0,0,0,0,0,
Wisconsin,Adams,55001,0,21,28,28,30,125,31,0,0,0,0,263,23.90909091,
Wisconsin,Ashland,55003,0,0,0,0,0,24,9,0,0,0,0,33,3,
Wisconsin,Barron,55005,0,104,108,114,120,626,237,0,0,0,0,1309,119,
Wisconsin,Bayfield,55007,1,4,6,7,8,33,21,0,0,0,0,80,7.272727273,
Wisconsin,Brown,55009,0,142,147,150,146,405,218,0,0,0,0,1208,109.8181818,
Wisconsin,Buffalo,55011,0,42,63,64,63,458,79,0,0,0,0,769,69.90909091,
Wisconsin,Burnett,55013,0,24,30,27,26,142,35,0,0,0,0,284,25.81818182,
Wisconsin,Calumet,55015,0,95,97,96,95,362,269,0,0,0,0,1014,92.18181818,
Wisconsin,Chippewa,55017,0,80,94,109,108,549,83,0,0,0,0,1023,93,
Wisconsin,Clark,55019,0,107,132,123,120,424,115,0,0,0,0,1021,92.81818182,
Wisconsin,Columbia,55021,0,33,41,54,57,562,288,0,0,0,0,1035,94.09090909,
Wisconsin,Crawford,55023,0,9,18,20,21,351,27,0,0,0,0,446,40.54545455,
Wisconsin,Dane,55025,0,34,63,76,80,1060,451,0,0,0,0,1764,160.3636364,
Wisconsin,Dodge,55027,0,132,137,159,165,682,454,0,0,0,0,1729,157.1818182,
Wisconsin,Door,55029,0,189,195,158,153,210,162,0,0,0,0,1067,97,
Wisconsin,Douglas,55031,0,2,3,2,2,7,5,0,0,0,0,21,1.909090909,
Wisconsin,Dunn,55033,0,69,106,108,109,645,91,0,0,0,0,1128,102.5454545,
Wisconsin,Eau Claire,55035,0,8,14,13,20,376,35,0,0,0,0,466,42.36363636,
Wisconsin,Florence,55037,0,2,3,2,2,2,0,0,0,0,0,11,1,
Wisconsin,Fond du Lac,55039,0,94,132,148,147,667,477,0,0,0,0,1665,151.3636364,
Wisconsin,Forest,55041,0,2,2,3,3,3,1,0,0,0,0,14,1.272727273,
Wisconsin,Grant,55043,0,74,107,105,122,967,202,0,0,0,0,1577,143.3636364,
Wisconsin,Green,55045,0,48,54,74,66,680,264,0,0,0,0,1186,107.8181818,
Wisconsin,Green Lake,55047,0,38,46,48,57,264,155,0,0,0,0,608,55.27272727,
Wisconsin,Iowa,55049,0,92,106,110,110,380,133,0,0,0,0,931,84.63636364,
Wisconsin,Iron,55051,0,1,1,1,1,7,3,0,0,0,0,14,1.272727273,
Wisconsin,Jackson,55053,0,23,26,26,27,393,85,0,0,0,0,580,52.72727273,
Wisconsin,Jefferson,55055,0,58,74,77,80,557,333,0,0,0,0,1179,107.1818182,
Wisconsin,Juneau,55057,0,34,34,35,33,235,72,0,0,0,0,443,40.27272727,
Wisconsin,Kenosha,55059,0,19,23,23,30,175,119,0,0,0,0,389,35.36363636,
Wisconsin,Kewaunee,55061,0,141,147,134,144,369,240,0,0,0,0,1175,106.8181818,
Wisconsin,La Crosse,55063,0,7,9,16,20,261,13,0,0,0,0,326,29.63636364,
Wisconsin,Lafayette,55065,0,42,49,51,45,776,170,0,0,0,0,1133,103,
Wisconsin,Langlade,55067,0,27,33,33,33,31,14,0,0,0,0,171,15.54545455,
Wisconsin,Lincoln,55069,0,25,21,26,28,15,4,0,0,0,0,119,10.81818182,
Wisconsin,Manitowoc,55071,0,60,74,83,82,409,308,0,0,0,0,1016,92.36363636,
Wisconsin,Marathon,55073,0,220,218,225,222,221,70,0,0,0,0,1176,106.9090909,
Wisconsin,Marinette,55075,0,11,18,22,27,194,86,0,0,0,0,358,32.54545455,
Wisconsin,Marquette,55077,0,19,24,26,30,146,36,0,0,0,0,281,25.54545455,
Wisconsin,Menominee,55078,0,1,0,1,1,2,1,0,0,0,0,6,0.545454545,
Wisconsin,Milwaukee,55079,0,2,2,3,2,19,9,0,0,0,0,37,3.363636364,
Wisconsin,Monroe,55081,0,26,36,38,36,491,98,0,0,0,0,725,65.90909091,
Wisconsin,Oconto,55083,0,23,39,46,56,410,182,0,0,0,0,756,68.72727273,
Wisconsin,Oneida,55085,0,4,2,1,1,1,2,0,0,0,0,11,1,
Wisconsin,Outagamie,55087,0,251,280,282,285,543,243,0,0,0,0,1884,171.2727273,
Wisconsin,Ozaukee,55089,0,9,10,11,14,131,104,0,0,0,0,279,25.36363636,
Wisconsin,Pepin,55091,0,3,5,7,10,247,71,0,0,0,0,343,31.18181818,
Wisconsin,Pierce,55093,0,9,22,31,39,540,158,0,0,0,0,799,72.63636364,
Wisconsin,Polk,55095,0,74,67,78,81,561,190,0,0,0,0,1051,95.54545455,
Wisconsin,Portage,55097,0,28,27,29,33,129,19,0,0,0,0,265,24.09090909,
Wisconsin,Price,55099,0,10,14,12,12,45,2,0,0,0,0,95,8.636363636,
Wisconsin,Racine,55101,0,19,25,31,33,250,165,0,0,0,0,523,47.54545455,
Wisconsin,Richland,55103,0,27,38,46,47,412,41,0,0,0,0,611,55.54545455,
Wisconsin,Rock,55105,0,27,36,47,57,774,396,0,0,0,0,1337,121.5454545,
Wisconsin,Rusk,55107,0,8,10,13,14,176,43,0,0,0,0,264,24,
Wisconsin,St. Croix,55109,0,46,60,70,78,637,211,0,0,0,0,1102,100.1818182,
Wisconsin,Sauk,55111,0,94,107,118,124,575,194,0,0,0,0,1212,110.1818182,
Wisconsin,Sawyer,55113,0,0,2,2,1,19,2,0,0,0,0,26,2.363636364,
Wisconsin,Shawano,55115,0,21,29,38,43,384,107,0,0,0,0,622,56.54545455,
Wisconsin,Sheboygan,55117,0,34,58,63,75,358,288,0,0,0,0,876,79.63636364,
Wisconsin,Taylor,55119,0,65,83,83,88,331,42,0,0,0,0,692,62.90909091,
Wisconsin,Trempealeau,55121,0,45,59,77,95,612,94,0,0,0,0,982,89.27272727,
Wisconsin,Vernon,55123,0,13,19,31,30,649,117,0,0,0,0,859,78.09090909,
Wisconsin,Vilas,55125,0,0,0,1,0,0,0,0,0,0,0,1,0.090909091,
Wisconsin,Walworth,55127,0,26,32,36,38,470,282,0,0,0,0,884,80.36363636,
Wisconsin,Washburn,55129,0,21,22,26,26,124,45,0,0,0,0,264,24,
Wisconsin,Washington,55131,0,14,16,18,25,242,182,0,0,0,0,497,45.18181818,
Wisconsin,Waukesha,55133,0,6,10,12,20,165,91,0,0,0,0,304,27.63636364,
Wisconsin,Waupaca,55135,0,75,98,105,99,443,144,0,0,0,0,964,87.63636364,
Wisconsin,Waushara,55137,0,17,19,21,23,100,20,0,0,0,0,200,18.18181818,
Wisconsin,Winnebago,55139,0,67,76,86,94,421,282,0,0,0,0,1026,93.27272727,
Wisconsin,Wood,55141,0,14,30,35,39,49,9,0,0,0,0,176,16,
Wyoming,Albany,56001,0,1,1,0,0,0,0,0,0,0,0,2,0.181818182,
Wyoming,Big Horn,56003,0,100,92,134,139,156,144,0,0,0,0,765,69.54545455,
Wyoming,Campbell,56005,0,96,99,99,100,86,93,0,0,0,0,573,52.09090909,
Wyoming,Carbon,56007,0,6,5,3,3,2,2,0,0,0,0,21,1.909090909,
Wyoming,Converse,56009,0,5,5,6,7,9,8,0,0,0,0,40,3.636363636,
Wyoming,Crook,56011,0,129,137,132,138,142,145,0,0,0,0,823,74.81818182,
Wyoming,Fremont,56013,0,102,91,111,115,115,98,0,0,0,0,632,57.45454545,
Wyoming,Goshen,56015,0,183,227,205,227,298,205,0,0,0,0,1345,122.2727273,
Wyoming,Hot Springs,56017,0,4,3,4,5,6,6,0,0,0,0,28,2.545454545,
Wyoming,Johnson,56019,0,17,19,9,12,14,11,0,0,0,0,82,7.454545455,
Wyoming,Laramie,56021,0,370,389,407,395,398,394,0,0,0,0,2353,213.9090909,
Wyoming,Lincoln,56023,0,53,58,88,78,86,84,0,0,0,0,447,40.63636364,
Wyoming,Natrona,56025,0,11,9,5,4,7,7,0,0,0,0,43,3.909090909,
Wyoming,Niobrara,56027,0,60,58,56,55,53,55,0,0,0,0,337,30.63636364,
Wyoming,Park,56029,1,84,84,108,133,156,159,0,0,0,0,725,65.90909091,
Wyoming,Platte,56031,0,98,105,120,130,174,139,0,0,0,0,766,69.63636364,
Wyoming,Sheridan,56033,0,26,26,25,23,20,15,0,0,0,0,135,12.27272727,
Wyoming,Sublette,56035,0,0,0,0,0,0,0,0,0,0,0,0,0,
Wyoming,Sweetwater,56037,0,9,8,9,8,8,8,0,0,0,0,50,4.545454545,
Wyoming,Teton,56039,0,0,0,5,7,8,7,0,0,0,0,27,2.454545455,
Wyoming,Uinta,56041,0,0,0,0,0,1,1,0,0,0,0,2,0.181818182,
Wyoming,Washakie,56043,0,27,27,58,57,63,63,0,0,0,0,295,26.81818182,
Wyoming,Weston,56045,0,15,14,13,22,14,15,0,0,0,0,93,8.454545455,
American Samoa,Eastern,60010,0,0,0,0,0,0,0,0,0,0,0,0,0,
American Samoa,Manu'a,60020,0,0,0,0,0,0,0,0,0,0,0,0,0,
American Samoa,Rose Island,60030,0,0,0,0,0,0,0,0,0,0,0,0,0,
American Samoa,Swains Island,60040,0,0,0,0,0,0,0,0,0,0,0,0,0,
American Samoa,Western,60050,0,0,0,0,0,0,0,0,0,0,0,0,0,
Guam,Guam,66010,0,0,0,0,0,0,0,0,0,0,0,0,0,
,Northern Islands,85,0,0,0,0,0,0,0,0,0,0,0,0,0,
#N/A,Rota,100,0,0,0,0,0,0,0,0,0,0,0,0,0,
#N/A,Saipan,110,0,0,0,0,0,0,0,0,0,0,0,0,0,
#N/A,Tinian,120,0,0,0,0,0,0,0,0,0,0,0,0,0,
Puerto Rico,Adjuntas,72001,0,0,0,0,0,0,0,0,0,0,0,0,0,
Puerto Rico,Aguada,72003,0,0,0,0,0,0,0,0,0,0,0,0,0,
Puerto Rico,Aguadilla,72005,0,0,0,0,0,0,0,0,0,0,0,0,0,
Puerto Rico,Aguas Buenas,72007,0,0,0,0,0,0,0,0,0,0,0,0,0,
Puerto Rico,Aibonito,72009,0,0,0,0,0,0,0,0,0,0,0,0,0,
Puerto Rico,Anasco,72011,0,0,0,0,0,0,0,0,0,0,0,0,0,
Puerto Rico,Arecibo,72013,0,0,0,0,0,0,0,0,0,0,0,0,0,
Puerto Rico,Arroyo,72015,0,0,0,0,0,0,0,0,0,0,0,0,0,
Puerto Rico,Barceloneta,72017,0,0,0,0,0,0,0,0,0,0,0,0,0,
Puerto Rico,Barranquitas,72019,0,0,0,0,0,0,0,0,0,0,0,0,0,
Puerto Rico,Bayamon,72021,0,0,0,0,0,0,0,0,0,0,0,0,0,
Puerto Rico,Cabo Rojo,72023,0,0,0,0,0,0,0,0,0,0,0,0,0,
Puerto Rico,Caguas,72025,0,0,0,0,0,0,0,0,0,0,0,0,0,
Puerto Rico,Camuy,72027,0,0,0,0,0,0,0,0,0,0,0,0,0,
Puerto Rico,Canovanas,72029,0,0,0,0,0,0,0,0,0,0,0,0,0,
Puerto Rico,Carolina,72031,0,0,0,0,0,0,0,0,0,0,0,0,0,
Puerto Rico,Catano,72033,0,0,0,0,0,0,0,0,0,0,0,0,0,
Puerto Rico,Cayey,72035,0,0,0,0,0,0,0,0,0,0,0,0,0,
Puerto Rico,Ceiba,72037,0,0,0,0,0,0,0,0,0,0,0,0,0,
Puerto Rico,Ciales,72039,0,0,0,0,0,0,0,0,0,0,0,0,0,
Puerto Rico,Cidra,72041,0,0,0,0,0,0,0,0,0,0,0,0,0,
Puerto Rico,Coamo,72043,0,0,0,0,0,0,0,0,0,0,0,0,0,
Puerto Rico,Comerio,72045,0,0,0,0,0,0,0,0,0,0,0,0,0,
Puerto Rico,Corozal,72047,0,0,0,0,0,0,0,0,0,0,0,0,0,
Puerto Rico,Culebra,72049,0,0,0,0,0,0,0,0,0,0,0,0,0,
Puerto Rico,Dorado,72051,0,0,0,0,0,0,0,0,0,0,0,0,0,
Puerto Rico,Fajardo,72053,0,0,0,0,0,0,0,0,0,0,0,0,0,
Puerto Rico,Florida,72054,0,0,0,0,0,0,0,0,0,0,0,0,0,
Puerto Rico,Guanica,72055,0,0,0,0,0,0,0,0,0,0,0,0,0,
Puerto Rico,Guayama,72057,0,0,0,0,0,0,0,0,0,0,0,0,0,
Puerto Rico,Guayanilla,72059,0,0,0,0,0,0,0,0,0,0,0,0,0,
Puerto Rico,Guaynabo,72061,0,0,0,0,0,0,0,0,0,0,0,0,0,
Puerto Rico,Gurabo,72063,0,0,0,0,0,0,0,0,0,0,0,0,0,
Puerto Rico,Hatillo,72065,0,0,0,0,0,0,0,0,0,0,0,0,0,
Puerto Rico,Hormigueros,72067,0,0,0,0,0,0,0,0,0,0,0,0,0,
Puerto Rico,Humacao,72069,0,0,0,0,0,0,0,0,0,0,0,0,0,
Puerto Rico,Isabela,72071,0,0,0,0,0,0,0,0,0,0,0,0,0,
Puerto Rico,Jayuya,72073,0,0,0,0,0,0,0,0,0,0,0,0,0,
Puerto Rico,Juana Diaz,72075,0,0,0,0,0,0,0,0,0,0,0,0,0,
Puerto Rico,Juncos,72077,0,0,0,0,0,0,0,0,0,0,0,0,0,
Puerto Rico,Lajas,72079,0,0,0,0,0,0,0,0,0,0,0,0,0,
Puerto Rico,Lares,72081,0,0,0,0,0,0,0,0,0,0,0,0,0,
Puerto Rico,Las Marias,72083,0,0,0,0,0,0,0,0,0,0,0,0,0,
Puerto Rico,Las Piedras,72085,0,0,0,0,0,0,0,0,0,0,0,0,0,
Puerto Rico,Loiza,72087,0,0,0,0,0,0,0,0,0,0,0,0,0,
Puerto Rico,Luquillo,72089,0,0,0,0,0,0,0,0,0,0,0,0,0,
Puerto Rico,Manati,72091,0,0,0,0,0,0,0,0,0,0,0,0,0,
Puerto Rico,Maricao,72093,0,0,0,0,0,0,0,0,0,0,0,0,0,
Puerto Rico,Maunabo,72095,0,0,0,0,0,0,0,0,0,0,0,0,0,
Puerto Rico,Mayaguez,72097,0,0,0,0,0,0,0,0,0,0,0,0,0,
Puerto Rico,Moca,72099,0,0,0,0,0,0,0,0,0,0,0,0,0,
Puerto Rico,Morovis,72101,0,0,0,0,0,0,0,0,0,0,0,0,0,
Puerto Rico,Naguabo,72103,0,0,0,0,0,0,0,0,0,0,0,0,0,
Puerto Rico,Naranjito,72105,0,0,0,0,0,0,0,0,0,0,0,0,0,
Puerto Rico,Orocovis,72107,0,0,0,0,0,0,0,0,0,0,0,0,0,
Puerto Rico,Patillas,72109,0,0,0,0,0,0,0,0,0,0,0,0,0,
Puerto Rico,Penuelas,72111,0,0,0,0,0,0,0,0,0,0,0,0,0,
Puerto Rico,Ponce,72113,0,0,0,0,0,0,0,0,0,0,0,0,0,
Puerto Rico,Quebradillas,72115,0,0,0,0,0,0,0,0,0,0,0,0,0,
Puerto Rico,Rincon,72117,0,0,0,0,0,0,0,0,0,0,0,0,0,
Puerto Rico,Rio Grande,72119,0,0,0,0,0,0,0,0,0,0,0,0,0,
Puerto Rico,Sabana Grande,72121,0,0,0,0,0,0,0,0,0,0,0,0,0,
Puerto Rico,Salinas,72123,0,0,0,0,0,0,0,0,0,0,0,0,0,
Puerto Rico,San German,72125,0,0,0,0,0,0,0,0,0,0,0,0,0,
Puerto Rico,San Juan,72127,0,0,0,0,0,0,0,0,0,0,0,0,0,
Puerto Rico,San Lorenzo,72129,0,0,0,0,0,0,0,0,0,0,0,0,0,
Puerto Rico,San Sebastian,72131,0,0,0,0,0,0,0,0,0,0,0,0,0,
Puerto Rico,Santa Isabel,72133,0,0,0,0,0,0,0,0,0,0,0,0,0,
Puerto Rico,Toa Alta,72135,0,0,0,0,0,0,0,0,0,0,0,0,0,
Puerto Rico,Toa Baja,72137,0,0,0,0,0,0,0,0,0,0,0,0,0,
Puerto Rico,Trujillo Alto,72139,0,0,0,0,0,0,0,0,0,0,0,0,0,
Puerto Rico,Utuado,72141,0,0,0,0,0,0,0,0,0,0,0,0,0,
Puerto Rico,Vega Alta,72143,0,0,0,0,0,0,0,0,0,0,0,0,0,
Puerto Rico,Vega Baja,72145,0,0,0,0,0,0,0,0,0,0,0,0,0,
Puerto Rico,Vieques,72147,0,0,0,0,0,0,0,0,0,0,0,0,0,
Puerto Rico,Villalba,72149,0,0,0,0,0,0,0,0,0,0,0,0,0,
Puerto Rico,Yabucoa,72151,0,0,0,0,0,0,0,0,0,0,0,0,0,
Puerto Rico,Yauco,72153,0,0,0,0,0,0,0,0,0,0,0,0,0,
#N/A,Midway Islands,300,0,0,0,0,0,0,0,0,0,0,0,0,0,
Virgin Islands,St. Croix,78010,0,0,0,0,0,0,0,0,0,0,0,0,0,
Virgin Islands,St. John,78020,0,0,0,0,0,0,0,0,0,0,0,0,0,
Virgin Islands,St. Thomas,78030,0,0,0,0,0,0,0,0,0,0,0,0,0,
Alaska,Fairbanks,2001,0,0,0,0,0,0,0,0,0,0,0,0,0,
Alaska,Delta,2002,0,11,11,22,14,17,19,0,0,0,0,94,8.545454545,
Alaska,Homer,2003,0,0,0,0,0,0,0,0,0,0,0,0,0,
Alaska,Palmer,2005,0,3,3,1,1,1,1,0,0,0,0,10,0.909090909,
Florida,"Dade,Monroe",12025,0,0,0,0,0,0,0,0,0,0,0,0,0
Guam,Guam,14001,0,0,0,0,0,0,0,0,0,0,0,0,0,
American Samoa,American Samoa,60001,0,0,0,0,0,0,0,0,0,0,0,0,0,
Nevada,Southeast Nye,32035,0,0,0,0,0,0,1,0,0,0,0,1,0.090909091,
,,,56590,297611,297369,311247,334257,693967,463776,43484,0,51,166451,2664803,242254.8182,
