State Name,County Name,County FIPS,2014,2015,2016,2017,2018,2019,2020,2021,2022,2023
Alabama,Autauga,01001,32493.0,73869.0,52053.0,50571.0,404886.0,1086169.0,535840.0,34115.0,0,0
Alabama,Baldwin,01003,3488570.0,5256486.0,5382558.0,2947949.45,3907541.0,5190911.0,4373424.0,1665930.0,0,0
Alabama,Barbour,01005,1757458.0,2988803.37,3018751.77,1795173.0,2385554.36,2965834.0,2592849.45,1042954.0,0,0
Alabama,Bibb,01007,0.0,5558.0,10405.0,10022.0,8591.0,5959.0,1035.0,0.0,0,0
Alabama,Blount,01009,85148.0,148657.0,144964.0,60396.0,133305.0,237347.0,159048.0,45595.0,0,0
Alabama,Bullock,01011,278737.0,430620.0,233340.0,120452.0,215800.0,268857.0,237506.0,97162.0,0,0
Alabama,Butler,01013,184203.0,399450.0,371599.0,226884.0,251601.0,304852.0,248851.0,96894.0,0,0
Alabama,Calhoun,01015,0.0,17028.0,54300.0,44824.0,79948.0,248067.0,112483.0,0.0,0,0
Alabama,Chambers,01017,5300.0,10611.0,12442.0,4363.0,23057.0,44715.0,28950.0,6817.0,0,0
Alabama,Cherokee,01019,496.0,98339.0,204802.0,88734.0,600132.0,1759890.0,844109.0,0.0,0,0
Alabama,Chilton,01021,0.0,252.0,2027.0,1726.0,22078.0,61817.0,28483.0,0.0,0,0
Alabama,Choctaw,01023,0.0,474.0,1432.0,1002.0,10151.0,46208.0,17745.0,0.0,0,0
Alabama,Clarke,01025,582.0,65710.0,36602.0,34130.0,22075.0,84937.0,45538.0,5732.0,0,0
Alabama,Clay,01027,0.0,596.0,1080.0,679.0,333.0,3146.0,628.0,0.0,0,0
Alabama,Cleburne,01029,0.0,258.0,775.0,535.0,180.0,3818.0,480.0,0.0,0,0
Alabama,Coffee,01031,3378329.24,5802301.0,5361478.0,3035394.59,4084471.0,5291279.0,4649781.91,1802061.0,0,0
Alabama,Colbert,01033,4981.0,281069.0,688143.0,320179.0,876521.0,2551437.0,1163352.06,0.0,0,0
Alabama,Conecuh,01035,139132.0,244499.0,215414.0,116983.0,259627.0,440928.0,292607.0,77613.0,0,0
Alabama,Coosa,01037,0.0,0.0,0.0,0.0,0.0,0.0,0.0,0.0,0,0
Alabama,Covington,01039,2036381.0,3134670.98,2950452.0,1720694.46,2606306.77,3562163.0,2835602.0,1050646.0,0,0
Alabama,Crenshaw,01041,342393.12,632505.0,594702.0,395912.0,539081.0,640250.0,501296.84,189094.0,0,0
Alabama,Cullman,01043,0.0,3758.0,10132.0,5582.0,17357.0,69342.0,31407.0,0.0,0,0
Alabama,Dale,01045,2287318.61,3734133.0,3902491.0,2171730.9,2902111.06,3751142.54,3266722.0,1275079.0,0,0
Alabama,Dallas,01047,695415.0,1080977.0,1200994.0,685416.0,1322086.0,2486837.0,1548497.0,378419.0,0,0
Alabama,DeKalb,01049,0.0,51878.0,140418.0,96133.0,48699.0,203633.0,46927.0,0.0,0,0
Alabama,Elmore,01051,17915.0,60210.0,22315.0,14859.0,365759.0,1017554.0,485100.0,18142.0,0,0
Alabama,Escambia,01053,2445027.0,3712174.0,3432511.0,1954620.0,2795535.18,4480970.0,3078384.0,993125.0,0,0
Alabama,Etowah,01055,0.0,9412.0,14823.0,10331.0,70980.0,219334.0,94902.0,0.0,0,0
Alabama,Fayette,01057,89211.0,144397.0,139166.0,76346.0,161123.0,351124.0,197230.0,35262.0,0,0
Alabama,Franklin,01059,40398.0,91464.0,106199.0,58041.0,79241.0,195550.0,109453.0,19133.0,0,0
Alabama,Geneva,01061,5040485.0,8551379.83,8113563.67,4597672.0,6202318.74,7776085.14,6647428.15,2797711.0,0,0
Alabama,Greene,01063,0.0,48407.0,61536.0,46338.0,47775.0,96970.0,41221.0,0.0,0,0
Alabama,Hale,01065,0.0,77829.0,211730.0,96024.0,73506.0,261899.0,224633.0,75702.0,0,0
Alabama,Henry,01067,4091761.0,6740492.0,6584443.0,3836135.0,4865236.3,6194512.77,5473356.0,2050382.0,0,0
Alabama,Houston,01069,7014927.0,10828209.0,10513958.57,5544805.12,7479711.04,9426364.43,8159093.0,3325405.0,0,0
Alabama,Jackson,01071,0.0,26653.0,72108.0,52461.0,72559.0,433861.0,107012.0,0.0,0,0
Alabama,Jefferson,01073,0.0,0.0,0.0,0.0,0.0,0.0,0.0,0.0,0,0
Alabama,Lamar,01075,82370.0,144441.0,167663.0,105268.0,134041.0,216303.0,158667.0,49307.0,0,0
Alabama,Lauderdale,01077,8039.0,41152.0,70146.0,54915.0,743813.0,2293656.0,1052876.0,0.0,0,0
Alabama,Lawrence,01079,39943.0,419787.0,868627.0,420942.0,1299214.0,3687759.0,1787933.0,5645.0,0,0
Alabama,Lee,01081,37278.0,131460.0,86239.0,66096.0,144573.0,343530.0,265216.0,75598.0,0,0
Alabama,Limestone,01083,12193.0,415943.0,931520.0,478492.82,931216.0,3775567.0,1869536.0,0.0,0,0
Alabama,Lowndes,01085,17243.0,46750.0,139168.0,70281.0,116314.0,373047.0,174536.0,10376.0,0,0
Alabama,Macon,01087,35224.0,50490.0,105152.0,39728.0,163873.78,259408.0,143207.0,18375.0,0,0
Alabama,Madison,01089,0.0,209721.0,454672.0,237129.0,1124034.76,3731740.0,1837089.0,0.0,0,0
Alabama,Marengo,01091,0.0,156798.0,397746.0,212815.67,196166.0,510511.0,155146.0,0.0,0,0
Alabama,Marion,01093,22162.0,101482.0,188258.0,160248.0,78298.0,158558.0,80841.0,11024.0,0,0
Alabama,Marshall,01095,0.0,27631.0,59935.0,20514.0,17116.0,84154.0,19162.0,0.0,0,0
Alabama,Mobile,01097,1286503.0,1760037.0,1978040.0,991655.0,1463272.0,2114964.0,1703481.0,609130.0,0,0
Alabama,Monroe,01099,1386963.0,2678442.0,2032705.0,1093244.0,2022981.14,3477272.0,2445107.0,688565.0,0,0
Alabama,Montgomery,01101,21419.0,57372.0,78774.0,56365.0,107545.0,300706.0,152236.0,15554.0,0,0
Alabama,Morgan,01103,0.0,26398.0,106445.0,77679.0,73732.0,185887.0,94423.0,0.0,0,0
Alabama,Perry,01105,37565.0,212499.0,474176.0,275950.0,198391.0,417277.0,167350.0,23661.0,0,0
Alabama,Pickens,01107,5104.0,46961.0,134884.0,55799.0,67694.0,177881.0,75478.0,2664.0,0,0
Alabama,Pike,01109,991129.0,1741193.0,1523924.69,857459.0,1309682.0,1720883.0,1358692.0,460288.0,0,0
Alabama,Randolph,01111,0.0,343.0,3238.0,1637.0,743.0,1597.0,506.0,0.0,0,0
Alabama,Russell,01113,385704.0,651842.0,693217.0,324907.0,548605.0,871344.0,710136.0,228964.0,0,0
Alabama,St. Clair,01115,0.0,3141.0,7297.0,3546.0,1595.0,470.0,11.0,0.0,0,0
Alabama,Shelby,01117,0.0,0.0,0.0,369.0,106432.0,303906.0,144264.0,0.0,0,0
Alabama,Sumter,01119,0.0,28998.0,41952.0,37503.0,17166.0,37344.0,12152.0,0.0,0,0
Alabama,Talladega,01121,0.0,2825.0,7615.0,4059.0,162259.0,629505.0,267101.0,0.0,0,0
Alabama,Tallapoosa,01123,15073.0,25810.0,10654.0,19327.0,58027.0,120803.0,43323.0,9038.0,0,0
Alabama,Tuscaloosa,01125,0.0,24176.0,56094.0,25301.0,135677.0,447215.0,192725.0,0.0,0,0
Alabama,Walker,01127,0.0,0.0,0.0,0.0,0.0,1.0,0.0,0.0,0,0
Alabama,Washington,01129,204815.63,399296.0,453415.0,224743.0,193942.24,297375.0,214765.0,76970.0,0,0
Alabama,Wilcox,01131,0.0,74853.0,165415.0,134303.0,86507.0,223550.0,77756.0,0.0,0,0
Alabama,Winston,01133,0.0,2324.0,5897.0,3371.0,711.0,698.0,0.0,0.0,0,0
Alaska,Aleutians East,02013,0.0,0.0,0.0,0.0,0.0,0.0,0.0,0.0,0,0
Alaska,Aleutians West,02016,0.0,0.0,0.0,0.0,0.0,0.0,0.0,0.0,0,0
Alaska,Anchorage,02020,0.0,0.0,0.0,0.0,0.0,0.0,0.0,0.0,0,0
Alaska,Bethel,02050,0.0,0.0,0.0,0.0,0.0,0.0,0.0,0.0,0,0
Alaska,Bristol Bay,02060,0.0,0.0,0.0,0.0,0.0,0.0,0.0,0.0,0,0
Alaska,Denali,02068,0.0,0.0,0.0,0.0,0.0,0.0,0.0,0.0,0,0
Alaska,Dillingham,02070,0.0,0.0,0.0,0.0,0.0,0.0,0.0,0.0,0,0
Alaska,Fairbanks North Star,02090,0.0,0.0,0.0,0.0,0.0,0.0,0.0,0.0,0,0
Alaska,Haines,02100,0.0,0.0,0.0,0.0,0.0,0.0,0.0,0.0,0,0
Alaska,Juneau,02110,0.0,0.0,0.0,0.0,0.0,0.0,0.0,0.0,0,0
Alaska,Kenai Peninsula,02122,0.0,0.0,0.0,0.0,0.0,0.0,0.0,0.0,0,0
Alaska,Ketchikan Gateway,02130,0.0,0.0,0.0,0.0,0.0,0.0,0.0,0.0,0,0
Alaska,Kodiak Island,02150,0.0,0.0,0.0,0.0,0.0,0.0,0.0,0.0,0,0
Alaska,Lake and Peninsula,02164,0.0,0.0,0.0,0.0,0.0,0.0,0.0,0.0,0,0
Alaska,Matanuska-Susitna,02170,0.0,0.0,0.0,0.0,0.0,0.0,0.0,0.0,0,0
Alaska,Nome,02180,0.0,0.0,0.0,0.0,0.0,0.0,0.0,0.0,0,0
Alaska,North Slope,02185,0.0,0.0,0.0,0.0,0.0,0.0,0.0,0.0,0,0
Alaska,Northwest Arctic,02188,0.0,0.0,0.0,0.0,0.0,0.0,0.0,0.0,0,0
Alaska,Prince of Wales-Outer Ketchikan,02201,0.0,0.0,0.0,0.0,0.0,0.0,0.0,0.0,0,0
Alaska,Sitka,02220,0.0,0.0,0.0,0.0,0.0,0.0,0.0,0.0,0,0
Alaska,Skagway-Hoonah-Angoon,02232,0.0,0.0,0.0,0.0,0.0,0.0,0.0,0.0,0,0
Alaska,Southeast Fairbanks,02240,0.0,0.0,0.0,0.0,0.0,0.0,0.0,0.0,0,0
Alaska,Valdez-Cordova,02261,0.0,0.0,0.0,0.0,0.0,0.0,0.0,0.0,0,0
Alaska,Wade Hampton,02270,0.0,0.0,0.0,0.0,0.0,0.0,0.0,0.0,0,0
Alaska,Wrangell-Petersburg,02280,0.0,0.0,0.0,0.0,0.0,0.0,0.0,0.0,0,0
Alaska,Yakutat,02282,0.0,0.0,0.0,0.0,0.0,0.0,0.0,0.0,0,0
Alaska,Yukon-Koyukuk,02290,0.0,0.0,0.0,0.0,0.0,0.0,0.0,0.0,0,0
Arizona,Apache,04001,0.0,0.0,0.0,0.0,0.0,0.0,0.0,0.0,0,0
Arizona,Cochise,04003,0.0,560567.0,1773462.0,1645056.0,571485.0,916604.0,208349.0,0.0,0,0
Arizona,Coconino,04005,0.0,0.0,0.0,0.0,0.0,0.0,0.0,0.0,0,0
Arizona,Gila,04007,0.0,625.0,1149.0,1016.0,0.0,0.0,0.0,0.0,0,0
Arizona,Graham,04009,0.0,87104.0,213861.0,117986.0,1001323.0,2688175.0,1213464.0,0.0,0,0
Arizona,Greenlee,04011,0.0,17675.0,33028.0,19305.0,34675.0,89012.0,41145.0,0.0,0,0
Arizona,La Paz,04012,37276.0,613896.0,1346965.0,483873.0,1274649.0,3037340.0,1623579.0,0.0,0,0
Arizona,Maricopa,04013,0.0,2633561.0,5343560.0,3063489.0,5892013.59,12347798.46,6617918.49,0.0,0,0
Arizona,Mohave,04015,0.0,116581.0,351546.0,193100.0,288677.0,698674.0,315269.0,0.0,0,0
Arizona,Navajo,04017,0.0,0.0,0.0,0.0,0.0,0.0,0.0,0.0,0,0
Arizona,Pima,04019,0.0,365662.0,697907.0,386720.0,547910.0,1228606.0,669276.0,0.0,0,0
Arizona,Pinal,04021,0.0,2462168.89,5093409.0,3560164.0,7257223.0,17377454.75,8476390.79,0.0,0,0
Arizona,Santa Cruz,04023,0.0,0.0,0.0,0.0,0.0,0.0,0.0,0.0,0,0
Arizona,Yavapai,04025,0.0,2567.0,6406.0,5871.0,1694.0,0.0,0.0,0.0,0,0
Arizona,Yuma,04027,6697.0,1850519.0,3782327.0,2263453.0,1394437.0,3756945.0,1967957.0,1961.0,0,24
Arkansas,Arkansas,05001,14899611.13,21500146.7,30314126.37,19378002.0,23616393.0,17021546.99,11327319.0,2984342.0,0,0
Arkansas,Ashley,05003,3053055.0,4240674.0,6025763.0,4015166.0,6180162.82,7278827.07,4272637.28,604760.0,0,0
Arkansas,Baxter,05005,0.0,0.0,2332.0,519.0,493.0,0.0,0.0,0.0,0,0
Arkansas,Benton,05007,0.0,16221.0,22453.0,14470.0,2859.0,13559.0,7588.0,0.0,0,0
Arkansas,Boone,05009,0.0,25100.0,48125.0,31799.0,10578.0,9184.0,6350.0,0.0,0,0
Arkansas,Bradley,05011,0.0,3936.0,8478.0,3994.0,2571.0,0.0,0.0,0.0,0,0
Arkansas,Calhoun,05013,0.0,2827.0,5372.0,1553.0,985.0,1391.0,678.0,0.0,0,0
Arkansas,Carroll,05015,0.0,528.0,1394.0,675.0,295.0,0.0,0.0,0.0,0,0
Arkansas,Chicot,05017,5833554.7,8351009.0,12292066.5,7631699.71,10682297.4,10623037.1,6136621.72,1165984.6,0,0
Arkansas,Clark,05019,249413.0,423380.0,638873.0,416846.0,399886.0,397292.0,230243.0,48726.0,0,0
Arkansas,Clay,05021,10536416.78,15255996.0,20084211.0,13398114.0,17498606.0,14080460.0,8800283.0,2077138.0,0,0
Arkansas,Cleburne,05023,3130.0,26202.0,54945.0,31565.0,23127.0,18252.0,5901.0,618.0,0,0
Arkansas,Cleveland,05025,0.0,6309.0,16184.0,7650.0,3725.0,8441.0,2625.0,0.0,0,0
Arkansas,Columbia,05027,0.0,2230.0,5883.0,2847.0,1245.0,3395.0,1661.0,0.0,0,0
Arkansas,Conway,05029,233948.0,459272.0,728764.0,434801.0,397869.0,400424.0,234148.0,40423.0,0,0
Arkansas,Craighead,05031,9994966.38,15020220.0,19835414.0,13582970.06,19415449.27,21121568.16,12384941.0,1991940.0,0,0
Arkansas,Crawford,05033,24024.0,79903.0,137133.0,54293.0,32449.0,58033.0,26834.0,1086.0,0,0
Arkansas,Crittenden,05035,6145220.2,9337637.0,15157158.53,9742311.0,12492870.0,13081402.31,7964777.23,1432262.0,0,0
Arkansas,Cross,05037,12400954.97,17402850.07,22974026.47,15241630.4,18660486.05,13383168.0,8919918.74,2435986.0,0,0
Arkansas,Dallas,05039,6498.0,20865.0,41378.0,22338.0,18145.0,18925.0,9194.0,1284.0,0,0
Arkansas,Desha,05041,6002758.0,8864056.23,13538978.13,7768461.3,11468445.5,13211462.8,7283524.13,1081038.5,0,0
Arkansas,Drew,05043,2160395.26,3207556.0,4783599.0,2887771.0,3886087.0,4160567.1,2372507.0,386389.0,0,0
Arkansas,Faulkner,05045,509588.0,797740.0,1182533.0,706927.0,814640.0,626946.0,399953.0,82913.0,0,0
Arkansas,Franklin,05047,18129.0,27379.0,41132.0,23566.0,28997.0,22060.0,13436.0,3312.0,0,0
Arkansas,Fulton,05049,0.0,934.0,2590.0,1319.0,1033.0,0.0,0.0,0.0,0,0
Arkansas,Garland,05051,0.0,0.0,0.0,0.0,0.0,0.0,0.0,0.0,0,0
Arkansas,Grant,05053,0.0,0.0,0.0,0.0,0.0,0.0,0.0,0.0,0,0
Arkansas,Greene,05055,10120944.38,14234381.0,19332571.29,12364198.0,15230355.03,11103865.72,7365126.01,1950284.99,0,0
Arkansas,Hempstead,05057,0.0,88434.0,131541.0,103011.0,112945.0,158310.0,60584.0,5913.0,0,0
Arkansas,Hot Spring,05059,95120.0,167117.0,270760.0,156423.0,174352.0,104752.0,59743.0,10157.0,0,0
Arkansas,Howard,05061,0.0,9806.0,22456.0,11629.0,5945.0,8090.0,2395.0,0.0,0,0
Arkansas,Independence,05063,1487569.37,2447390.93,3762423.51,2250838.56,2418042.0,2026080.64,1201979.0,286930.0,0,0
Arkansas,Izard,05065,0.0,32633.0,87036.0,43510.0,18567.0,20931.0,9601.0,0.0,0,0
Arkansas,Jackson,05067,11286901.0,17360952.0,22970490.0,15411895.200000001,18664975.0,14395900.11,9228874.65,2309913.0,0,0
Arkansas,Jefferson,05069,8648719.7,11663123.88,16849177.2,9874940.63,12318317.54,10933741.72,7029394.0,1527753.0,0,0
Arkansas,Johnson,05071,1479.0,4025.0,6692.0,5250.0,4816.0,4601.0,2698.0,427.0,0,0
Arkansas,Lafayette,05073,601121.0,1072104.0,1544308.0,1082872.0,1300043.0,1785682.0,955028.0,117941.0,0,0
Arkansas,Lawrence,05075,11893711.6,18185314.0,24099572.15,15698627.0,18615009.0,13322665.7,9096230.0,2517362.98,0,0
Arkansas,Lee,05077,4507298.0,6498930.0,9131243.0,5618586.0,8229202.0,9676854.0,5557923.0,817978.0,0,0
Arkansas,Lincoln,05079,3886146.0,5668082.23,9039315.76,5261329.0,6770850.55,6657960.0,4157639.0,760614.0,0,0
Arkansas,Little River,05081,203443.0,764156.0,1481417.0,836601.0,571738.0,892170.0,462408.0,58905.0,0,0
Arkansas,Logan,05083,41443.0,107374.0,226217.0,134374.0,102827.0,112007.0,54396.0,7895.0,0,0
Arkansas,Lonoke,05085,11206463.0,16760604.86,23494548.0,14750911.65,18010850.31,14153638.0,8934308.77,2143793.0,0,0
Arkansas,Madison,05087,0.0,9521.0,26821.0,13909.0,5688.0,10217.0,4997.0,0.0,0,0
Arkansas,Marion,05089,0.0,0.0,0.0,654.0,211.0,287.0,140.0,0.0,0,0
Arkansas,Miller,05091,845554.0,1388442.0,2296377.0,1463795.0,1432422.29,1834626.0,804033.0,153902.0,0,0
Arkansas,Mississippi,05093,6068374.050000002,10305346.5,14908084.989999998,9374903.0,15487590.0,23624631.220000003,13140596.66,1140776.0,0,0
Arkansas,Monroe,05095,7295754.0,10514493.69,14290464.0,9275354.0,11775817.0,10327297.0,6373839.0,1431582.98,0,0
Arkansas,Montgomery,05097,0.0,0.0,0.0,0.0,0.0,0.0,0.0,0.0,0,0
Arkansas,Nevada,05099,10617.0,39199.0,61376.0,40330.0,35019.0,38789.0,14844.0,2094.0,0,0
Arkansas,Newton,05101,0.0,1054.0,2782.0,1490.0,652.0,644.0,315.0,0.0,0,0
Arkansas,Ouachita,05103,0.0,8659.0,21603.0,11091.0,6055.0,7501.0,5189.0,0.0,0,0
Arkansas,Perry,05105,206189.0,349469.0,635703.0,359922.0,425946.0,245349.0,178242.0,47198.0,0,0
Arkansas,Phillips,05107,4609747.42,7266707.0,10704888.0,6236060.0,9833355.0,13177022.61,7136914.97,804964.0,0,0
Arkansas,Pike,05109,0.0,11398.0,29348.0,13925.0,6504.0,17561.0,5061.0,0.0,0,0
Arkansas,Poinsett,05111,14774893.22,23211823.37,31925871.0,19047712.0,23762188.82,19570665.92,12381951.0,2827181.0,0,0
Arkansas,Polk,05113,0.0,0.0,0.0,0.0,0.0,0.0,0.0,0.0,0,0
Arkansas,Pope,05115,215619.0,386001.0,615216.0,379155.0,406784.0,353004.0,212385.0,42235.0,0,0
Arkansas,Prairie,05117,8473153.99,12965706.0,19247432.79,11745793.0,13947430.0,10102943.0,6570919.85,1694846.0,0,0
Arkansas,Pulaski,05119,644712.0,1027057.0,1305470.0,858188.0,952585.5,815900.0,469852.0,110741.0,0,0
Arkansas,Randolph,05121,4010187.33,6016303.09,7971062.0,5476503.0,6542197.0,4814463.0,3226072.0,905923.0,0,0
Arkansas,St. Francis,05123,5616630.0,8326477.48,11625750.209999999,7402904.0,9815341.15,8607519.0,5459059.0,1151431.0,0,0
Arkansas,Saline,05125,0.0,1965.0,5580.0,3114.0,2279.0,3087.0,770.0,0.0,0,0
Arkansas,Scott,05127,0.0,0.0,0.0,0.0,0.0,0.0,0.0,0.0,0,0
Arkansas,Searcy,05129,0.0,0.0,0.0,415.0,182.0,0.0,0.0,0.0,0,0
Arkansas,Sebastian,05131,0.0,11089.0,29049.0,15060.0,7845.0,19571.0,5944.0,0.0,0,0
Arkansas,Sevier,05133,0.0,21861.0,55949.0,27251.0,12929.0,27344.0,13407.0,154.0,0,0
Arkansas,Sharp,05135,6945.0,19135.0,34076.0,19584.0,18605.0,16688.0,511.0,0.0,0,0
Arkansas,Stone,05137,616.0,17278.0,28129.0,32537.0,7256.0,11519.0,5377.0,0.0,0,0
Arkansas,Union,05139,0.0,0.0,555.0,268.0,118.0,320.0,156.0,0.0,0,0
Arkansas,Van Buren,05141,0.0,4253.0,8082.0,5205.0,1941.0,0.0,0.0,0.0,0,0
Arkansas,Washington,05143,0.0,4902.0,0.0,3223.0,1348.0,958.0,466.0,0.0,0,0
Arkansas,White,05145,2725828.0,4504152.0,6353755.7,3857272.0,4705104.04,3433662.0,2212638.17,552557.0,0,0
Arkansas,Woodruff,05147,7040795.0,10399185.0,13121739.18,9191881.0,11016171.0,9034548.0,5686649.0,1405655.0,0,0
Arkansas,Yell,05149,205710.0,404945.0,584397.0,330009.0,425430.0,371175.0,218572.0,45805.0,0,0
California,Alameda,06001,0.0,309.0,8463.0,6754.0,1898.0,11418.0,11495.0,0.0,0,0
California,Alpine,06003,0.0,0.0,0.0,0.0,0.0,0.0,0.0,0.0,0,0
California,Amador,06005,0.0,0.0,0.0,957.0,0.0,4802.0,393.0,0.0,0,0
California,Butte,06007,69765.0,120276.0,8492777.0,86471.0,91653.0,77133.0,54025.0,8764.0,0,0
California,Calaveras,06009,0.0,0.0,0.0,0.0,0.0,0.0,0.0,0.0,0,0
California,Colusa,06011,10116.0,353537.0,14411498.44,538716.0,216716.0,1045648.0,289097.0,1904.0,0,0
California,Contra Costa,06013,0.0,33347.0,89967.0,45064.0,18110.0,126700.0,49925.0,0.0,0,0
California,Del Norte,06015,0.0,0.0,0.0,0.0,0.0,0.0,0.0,0.0,0,0
California,El Dorado,06017,0.0,0.0,0.0,0.0,0.0,0.0,0.0,0.0,0,0
California,Fresno,06019,2165.0,1306058.0,3462811.0,1945633.0,2903694.0,9542943.98,3551727.0,252.0,0,0
California,Glenn,06021,87380.0,675803.0,10179954.0,898697.0,438567.0,775426.0,192549.0,2426.0,0,0
California,Humboldt,06023,0.0,0.0,0.0,0.0,0.0,0.0,0.0,0.0,0,0
California,Imperial,06025,3893.0,1693966.0,4043884.0,2077593.0,1258865.0,3359964.0,1641085.0,0.0,0,0
California,Inyo,06027,0.0,0.0,0.0,0.0,0.0,0.0,0.0,0.0,0,0
California,Kern,06029,0.0,1307279.11,2965162.3,1556683.0,2286495.0,6426980.0,2709543.0,0.0,0,0
California,Kings,06031,0.0,3246569.0,7310242.45,4462654.0,4507092.0,11936661.0,5717098.0,0.0,0,0
California,Lake,06033,0.0,0.0,0.0,0.0,0.0,0.0,0.0,0.0,0,0
California,Lassen,06035,0.0,87501.0,220815.0,116787.0,54591.0,142795.0,74755.0,0.0,0,0
California,Los Angeles,06037,0.0,868.0,4491.0,6166.0,3113.0,2982.0,1618.0,0.0,0,0
California,Madera,06039,1427.0,1046210.0,2925376.0,916653.0,521756.0,1013993.0,539718.0,0.0,0,0
California,Marin,06041,0.0,2830.0,0.0,0.0,0.0,0.0,0.0,0.0,0,0
California,Mariposa,06043,0.0,0.0,0.0,0.0,0.0,0.0,0.0,0.0,0,0
California,Mendocino,06045,0.0,0.0,0.0,0.0,0.0,0.0,0.0,0.0,0,0
California,Merced,06047,0.0,1002688.0,2673784.0,1480188.0,780656.0,5677305.0,2515570.0,0.0,0,0
California,Modoc,06049,0.0,620065.0,1534478.0,1001644.0,513972.0,1078167.0,558508.0,0.0,0,0
California,Mono,06051,0.0,284.0,342.0,259.0,179.0,143.0,111.0,0.0,0,0
California,Monterey,06053,0.0,30964.0,75567.0,204885.0,93592.0,56821.0,38211.0,0.0,0,0
California,Napa,06055,0.0,0.0,0.0,0.0,0.0,0.0,0.0,0.0,0,0
California,Nevada,06057,0.0,0.0,0.0,0.0,0.0,0.0,0.0,0.0,0,0
California,Orange,06059,0.0,0.0,0.0,0.0,0.0,0.0,0.0,0.0,0,0
California,Placer,06061,24409.0,42194.0,426841.0,30482.0,32070.0,32452.0,13766.0,3372.0,0,0
California,Plumas,06063,0.0,1952.0,2371.0,0.0,0.0,804.0,0.0,0.0,0,0
California,Riverside,06065,0.0,503050.0,710642.0,309919.0,1121971.0,2763080.0,1512689.79,0.0,0,0
California,Sacramento,06067,0.0,195003.0,823174.0,413482.0,173612.88,1106190.97,300691.75,0.0,0,0
California,San Benito,06069,0.0,21949.0,46693.0,52639.0,27065.0,17831.0,7370.0,0.0,0,0
California,San Bernardino,06071,0.0,0.0,4739.0,0.0,0.0,35668.0,1393.0,0.0,0,0
California,San Diego,06073,0.0,0.0,0.0,0.0,0.0,0.0,0.0,0.0,0,0
California,San Francisco,06075,0.0,0.0,0.0,0.0,0.0,0.0,0.0,0.0,0,0
California,San Joaquin,06077,0.0,39069.0,99140.0,111087.0,34413.0,1086372.0,255041.0,720.0,0,0
California,San Luis Obispo,06079,0.0,129831.0,314520.0,913120.0,610191.85,600461.0,432695.0,0.0,0,0
California,San Mateo,06081,0.0,0.0,0.0,0.0,0.0,0.0,0.0,0.0,0,0
California,Santa Barbara,06083,0.0,0.0,0.0,0.0,0.0,0.0,0.0,0.0,0,0
California,Santa Clara,06085,0.0,3462.0,8035.0,5654.0,1196.0,2771.0,1405.0,0.0,0,0
California,Santa Cruz,06087,0.0,0.0,0.0,0.0,0.0,0.0,0.0,0.0,0,0
California,Shasta,06089,0.0,11662.0,10346.0,4004.0,1838.0,16273.0,7768.0,0.0,0,0
California,Sierra,06091,0.0,757.0,1996.0,969.0,422.0,1152.0,564.0,0.0,0,0
California,Siskiyou,06093,0.0,638243.0,1120045.21,906424.0,470139.0,1025676.0,374061.0,0.0,0,0
California,Solano,06095,0.0,55070.0,133534.0,165024.0,107344.0,1989826.92,633909.0,0.0,0,0
California,Sonoma,06097,0.0,0.0,0.0,0.0,0.0,0.0,0.0,0.0,0,0
California,Stanislaus,06099,0.0,1004862.0,2289583.0,1548854.0,448156.0,778121.0,120520.0,0.0,0,0
California,Sutter,06101,27779.0,143219.0,6382914.0,252787.0,54370.0,527053.0,209257.0,0.0,0,0
California,Tehama,06103,0.0,128686.0,298183.0,172688.0,75781.0,152034.0,50460.0,0.0,0,0
California,Trinity,06105,0.0,0.0,0.0,0.0,0.0,0.0,0.0,0.0,0,0
California,Tulare,06107,0.0,3776678.0,8707266.92,5546544.0,2713233.0,8497108.95,3564643.84,0.0,0,0
California,Tuolumne,06109,0.0,0.0,0.0,0.0,0.0,0.0,0.0,0.0,0,0
California,Ventura,06111,0.0,0.0,0.0,0.0,0.0,0.0,0.0,0.0,0,0
California,Yolo,06113,1029.0,664383.0,3746607.83,801731.0,301929.0,1127436.0,439934.0,0.0,0,0
California,Yuba,06115,43716.0,63037.0,1325279.0,69815.0,69771.0,78784.0,6778.0,8426.0,0,0
Colorado,Adams,08001,0.0,1905941.0,4354882.49,2692780.92,1216525.72,3650496.13,1658762.6,0.0,0,0
Colorado,Alamosa,08003,0.0,53944.0,123030.0,377904.0,270636.0,549340.0,337760.0,0.0,0,0
Colorado,Arapahoe,08005,0.0,1020789.0,2426089.89,1460738.0,606477.0,1531005.92,728960.0,0.0,0,0
Colorado,Archuleta,08007,0.0,7275.0,18422.0,11448.0,5726.0,11807.0,2182.0,0.0,0,0
Colorado,Baca,08009,1128.0,4660336.0,11105639.24,7013028.0,3856292.0,7453273.0,2265504.22,0.0,0,0
Colorado,Bent,08011,0.0,151531.0,409305.46,282033.0,130357.0,418902.0,102064.0,0.0,0,0
Colorado,Boulder,08013,0.0,51049.0,147581.0,113230.0,33135.0,55309.0,20243.0,0.0,0,0
Colorado,Broomfield,08014,0.0,6661.0,19859.0,9629.0,3666.0,12542.0,6841.0,0.0,0,0
Colorado,Chaffee,08015,0.0,0.0,0.0,0.0,0.0,0.0,0.0,0.0,0,0
Colorado,Cheyenne,08017,0.0,2268528.0,5265423.19,3168658.0,1505356.0,4256733.09,1880727.0,0.0,0,0
Colorado,Clear Creek,08019,0.0,0.0,0.0,0.0,0.0,0.0,0.0,0.0,0,0
Colorado,Conejos,08021,10647.0,49413.0,105468.0,390563.0,310382.0,444806.0,269913.0,0.0,0,0
Colorado,Costilla,08023,0.0,112188.0,265945.0,258135.0,134611.0,250079.0,137376.0,0.0,0,0
Colorado,Crowley,08025,0.0,85177.0,216222.0,154149.0,79707.0,162133.0,34260.0,0.0,0,0
Colorado,Custer,08027,0.0,0.0,0.0,0.0,0.0,0.0,0.0,0.0,0,0
Colorado,Delta,08029,0.0,21521.0,76298.0,65915.0,18024.0,23885.0,3985.0,0.0,0,0
Colorado,Denver,08031,0.0,83726.0,210808.0,120926.0,56711.0,143644.0,74970.0,0.0,0,0
Colorado,Dolores,08033,0.0,199645.0,528452.0,265540.0,116232.0,292547.0,133153.0,0.0,0,0
Colorado,Douglas,08035,0.0,11128.0,26899.0,10315.0,3685.0,6505.0,3260.0,0.0,0,0
Colorado,Eagle,08037,0.0,248.0,305.0,408.0,282.0,0.0,0.0,0.0,0,0
Colorado,Elbert,08039,0.0,593668.97,1580243.0,857916.77,406385.0,809615.79,390491.71,0.0,0,0
Colorado,El Paso,08041,0.0,17857.0,32349.0,12578.0,14548.0,7675.0,2723.0,0.0,0,0
Colorado,Fremont,08043,0.0,1229.0,3921.0,1923.0,738.0,1880.0,1108.0,0.0,0,0
Colorado,Garfield,08045,0.0,21164.0,57395.0,32869.0,15017.0,33448.0,12977.0,0.0,0,0
Colorado,Gilpin,08047,0.0,0.0,0.0,0.0,0.0,0.0,0.0,0.0,0,0
Colorado,Grand,08049,0.0,0.0,0.0,431.0,0.0,514.0,0.0,0.0,0,0
Colorado,Gunnison,08051,0.0,0.0,0.0,0.0,0.0,0.0,0.0,0.0,0,0
Colorado,Hinsdale,08053,0.0,0.0,0.0,0.0,0.0,0.0,0.0,0.0,0,0
Colorado,Huerfano,08055,0.0,377.0,658.0,830.0,0.0,0.0,0.0,0.0,0,0
Colorado,Jackson,08057,0.0,0.0,0.0,0.0,0.0,0.0,0.0,0.0,0,0
Colorado,Jefferson,08059,0.0,0.0,0.0,0.0,0.0,0.0,0.0,0.0,0,0
Colorado,Kiowa,08061,588.0,2255887.0,5519204.09,3198238.0,1981887.0,5346731.0,2172500.0,0.0,0,0
Colorado,Kit Carson,08063,1502.0,4241185.0,11359492.779999997,7537290.0,3037275.0,12397029.64,4730052.72,0.0,0,0
Colorado,Lake,08065,0.0,0.0,0.0,0.0,0.0,0.0,0.0,0.0,0,0
Colorado,La Plata,08067,0.0,23194.0,69286.0,42902.0,17305.0,27337.71,12156.0,0.0,0,0
Colorado,Larimer,08069,0.0,48223.0,151643.0,126757.0,39026.0,191567.0,49185.0,0.0,0,0
Colorado,Las Animas,08071,0.0,93514.51,238043.0,120654.0,61628.0,130003.23,40723.0,0.0,0,0
Colorado,Lincoln,08073,0.0,2764132.0,6945836.3,3802645.0,1682431.0,3927567.0,1661236.0,0.0,0,0
Colorado,Logan,08075,1125.0,2159538.0,5809314.27,3241450.0,1351901.0,4841498.0,2049628.0,0.0,0,0
Colorado,Mesa,08077,0.0,28852.0,93236.0,93764.0,33518.0,148102.0,58577.0,0.0,0,0
Colorado,Mineral,08079,0.0,0.0,0.0,0.0,0.0,0.0,0.0,0.0,0,0
Colorado,Moffat,08081,0.0,157185.0,450427.48,231914.0,96096.0,371577.0,183749.0,0.0,0,0
Colorado,Montezuma,08083,0.0,166443.0,444682.0,221781.0,86833.82,242544.0,111368.0,0.0,0,0
Colorado,Montrose,08085,0.0,118494.69,372811.0,320162.0,100715.0,137576.0,16991.0,0.0,0,0
Colorado,Morgan,08087,0.0,1254872.82,3445307.93,2133677.0,855786.0,3329432.0,1114768.24,0.0,0,0
Colorado,Otero,08089,0.0,44209.0,141843.0,110363.0,42929.0,285775.0,87633.0,0.0,0,0
Colorado,Ouray,08091,0.0,353.0,682.0,365.0,0.0,0.0,0.0,0.0,0,0
Colorado,Park,08093,0.0,0.0,0.0,0.0,0.0,0.0,0.0,0.0,0,0
Colorado,Phillips,08095,0.0,1884267.04,5166556.240000001,3463262.0,1352085.0,5762289.0,2095712.52,0.0,0,0
Colorado,Pitkin,08097,0.0,0.0,0.0,0.0,0.0,492.0,242.0,0.0,0,0
Colorado,Prowers,08099,0.0,1915498.0,4921400.07,2671487.0,1398717.0,4246495.0,1673453.0,0.0,0,0
Colorado,Pueblo,08101,0.0,38132.0,115391.0,66378.0,44202.0,34557.0,3641.0,0.0,0,0
Colorado,Rio Blanco,08103,0.0,16127.0,85937.0,46485.0,18634.0,66035.0,38122.0,0.0,0,0
Colorado,Rio Grande,08105,35290.0,207846.0,446086.0,1042212.26,668599.0,862185.0,378087.0,0.0,0,0
Colorado,Routt,08107,0.0,76823.0,205044.0,94593.0,56451.0,257327.0,129668.0,0.0,0,0
Colorado,Saguache,08109,39641.0,147624.0,258435.0,756779.7,582608.93,807618.0,467646.0,0.0,0,0
Colorado,San Juan,08111,0.0,0.0,0.0,0.0,0.0,0.0,0.0,0.0,0,0
Colorado,San Miguel,08113,0.0,11208.0,32701.0,18021.0,7299.0,15046.0,7465.0,0.0,0,0
Colorado,Sedgwick,08115,0.0,1530558.02,4000839.6,2091175.0,866473.0,3575067.0,1303421.0,0.0,0,0
Colorado,Summit,08117,0.0,0.0,0.0,0.0,0.0,0.0,0.0,0.0,0,0
Colorado,Teller,08119,0.0,0.0,0.0,0.0,0.0,0.0,0.0,0.0,0,0
Colorado,Washington,08121,375.0,5084932.12,12930132.81,6714209.0,2825397.0,8843649.0,4056405.0,0.0,0,0
Colorado,Weld,08123,8655.0,2408629.72,6620916.23,4215639.0,1796164.0,5095647.0,2019048.0,4517.0,0,0
Colorado,Yuma,08125,0.0,2698350.0,7515532.0,5273974.0,1956466.0,8648942.0,2105948.0,0.0,0,0
Connecticut,Fairfield,09001,0.0,0.0,349.0,348.0,92.0,296.0,0.0,0.0,0,0
Connecticut,Hartford,09003,0.0,4829.0,9040.0,7139.0,4435.0,6481.72,0.0,0.0,0,0
Connecticut,Litchfield,09005,0.0,12460.0,48513.0,50288.0,12881.0,36903.0,32.0,0.0,0,0
Connecticut,Middlesex,09007,0.0,0.0,0.0,0.0,0.0,0.0,0.0,0.0,0,0
Connecticut,New Haven,09009,0.0,0.0,0.0,346.0,243.0,10.0,134.0,0.0,0,0
Connecticut,New London,09011,0.0,18943.0,70210.0,66816.0,16539.0,37717.0,0.0,0.0,0,0
Connecticut,Tolland,09013,0.0,1097.0,2071.0,2476.0,1631.0,3036.0,0.0,0.0,0,0
Connecticut,Windham,09015,0.0,4769.0,21230.0,20123.0,5397.0,36793.0,0.0,0.0,0,0
Delaware,Kent,10001,0.0,275856.0,746015.0,506748.0,250253.0,1583940.78,495139.0,0.0,0,0
Delaware,New Castle,10003,0.0,147366.0,392133.0,202268.0,101083.0,489756.0,116847.0,0.0,0,0
Delaware,Sussex,10005,0.0,416215.0,1049722.0,633743.04,332688.99,1306371.0,364313.0,0.0,0,0
District Of Columbia,District of Columbia,11001,0.0,0.0,0.0,0.0,0.0,0.0,0.0,0.0,0,0
Florida,Alachua,12001,436012.14,798528.0,798651.91,421895.0,560303.81,635280.0,597859.0,244484.0,0,0
Florida,Baker,12003,0.0,352.0,1329.0,1327.0,64.0,703.0,0.0,0.0,0,0
Florida,Bay,12005,0.0,0.0,0.0,0.0,0.0,0.0,0.0,0.0,0,0
Florida,Bradford,12007,0.0,160.0,564.0,548.0,162.0,0.0,0.0,0.0,0,0
Florida,Brevard,12009,0.0,0.0,0.0,0.0,0.0,0.0,0.0,0.0,0,0
Florida,Broward,12011,0.0,0.0,0.0,0.0,0.0,0.0,0.0,0.0,0,0
Florida,Calhoun,12013,911360.0,1291986.0,1318635.0,883720.0,1068171.0,1485734.0,1177838.0,451749.0,0,0
Florida,Charlotte,12015,0.0,0.0,0.0,0.0,0.0,0.0,0.0,0.0,0,0
Florida,Citrus,12017,0.0,0.0,0.0,0.0,0.0,0.0,0.0,0.0,0,0
Florida,Clay,12019,0.0,0.0,0.0,0.0,0.0,0.0,0.0,0.0,0,0
Florida,Collier,12021,0.0,0.0,0.0,0.0,0.0,0.0,0.0,0.0,0,0
Florida,Columbia,12023,614479.0,947087.0,958965.0,549936.0,766847.0,841932.0,757385.0,297243.0,0,0
Florida,DeSoto,12027,0.0,0.0,0.0,0.0,0.0,0.0,0.0,0.0,0,0
Florida,Dixie,12029,72102.0,84052.0,120851.0,71778.0,88685.0,106519.0,62282.0,36202.0,0,0
Florida,Duval,12031,0.0,301.0,0.0,0.0,0.0,0.0,0.0,0.0,0,0
Florida,Escambia,12033,1336934.0,2443994.0,1844046.0,1332818.31,1668095.0,2572628.0,1940693.0,630135.0,0,0
Florida,Flagler,12035,0.0,0.0,0.0,0.0,0.0,0.0,0.0,0.0,0,0
Florida,Franklin,12037,0.0,0.0,0.0,0.0,0.0,0.0,0.0,0.0,0,0
Florida,Gadsden,12039,114469.0,281635.0,393220.0,223450.0,153528.0,160307.0,136109.0,51563.0,0,0
Florida,Gilchrist,12041,666008.0,853671.0,1168514.0,643466.0,888554.73,1045766.0,937789.98,419969.38,0,0
Florida,Glades,12043,12233.0,18346.0,10579.0,14212.0,18975.0,17491.0,16228.0,3039.0,0,0
Florida,Gulf,12045,0.0,0.0,0.0,0.0,0.0,0.0,0.0,0.0,0,0
Florida,Hamilton,12047,706463.0,1031979.0,986286.0,613407.0,894780.0,979171.0,926311.0,399847.0,0,0
Florida,Hardee,12049,0.0,0.0,0.0,0.0,0.0,0.0,0.0,0.0,0,0
Florida,Hendry,12051,0.0,0.0,0.0,0.0,0.0,0.0,0.0,0.0,0,0
Florida,Hernando,12053,0.0,0.0,0.0,0.0,0.0,0.0,0.0,0.0,0,0
Florida,Highlands,12055,0.0,0.0,0.0,0.0,0.0,0.0,0.0,0.0,0,0
Florida,Hillsborough,12057,0.0,0.0,0.0,0.0,0.0,0.0,0.0,0.0,0,0
Florida,Holmes,12059,691237.0,1326106.0,1085693.83,609088.14,812804.72,1077795.2,959338.0,389817.0,0,0
Florida,Indian River,12061,0.0,0.0,0.0,0.0,0.0,0.0,0.0,0.0,0,0
Florida,Jackson,12063,5779453.250000001,8780586.88,8686351.67,4855548.15,6123697.52,9118035.6,8356947.74,3345899.0,0,0
Florida,Jefferson,12065,416094.0,683274.0,585707.0,288963.0,448430.0,566827.0,483081.0,178887.0,0,0
Florida,Lafayette,12067,188627.0,402489.0,356750.0,217119.0,223129.0,332271.0,290721.0,128267.43,0,0
Florida,Lake,12069,0.0,0.0,0.0,0.0,0.0,0.0,0.0,0.0,0,0
Florida,Lee,12071,0.0,0.0,0.0,0.0,0.0,0.0,0.0,0.0,0,0
Florida,Leon,12073,19927.0,35333.0,3989.16,8958.0,20504.0,14332.0,12920.0,5516.0,0,0
Florida,Levy,12075,1838321.82,2551752.0,2625522.0,1681983.0,2313449.0,2726659.0,2702317.51,1201809.0,0,0
Florida,Liberty,12077,0.0,0.0,1256.0,2873.0,3340.0,4508.0,3766.0,0.0,0,0
Florida,Madison,12079,573899.0,948916.0,891538.0,517614.0,656220.75,721480.67,680471.0,277802.0,0,0
Florida,Manatee,12081,0.0,0.0,0.0,0.0,0.0,0.0,0.0,0.0,0,0
Florida,Marion,12083,698799.0,947372.0,969681.0,595754.0,763339.0,812468.0,798250.0,338390.0,0,0
Florida,Martin,12085,0.0,0.0,0.0,0.0,0.0,0.0,0.0,0.0,0,0
Florida,Miami-Dade,12086,0.0,0.0,0.0,0.0,0.0,0.0,0.0,0.0,0,0
Florida,Monroe,12087,0.0,0.0,0.0,0.0,0.0,0.0,0.0,0.0,0,0
Florida,Nassau,12089,0.0,0.0,0.0,1189.0,1627.0,4679.0,1795.0,767.0,0,0
Florida,Okaloosa,12091,319853.0,585936.0,503856.0,248963.37,413817.0,637457.0,515583.0,171348.0,0,0
Florida,Okeechobee,12093,0.0,0.0,0.0,0.0,0.0,0.0,0.0,0.0,0,0
Florida,Orange,12095,0.0,0.0,0.0,0.0,0.0,0.0,0.0,0.0,0,0
Florida,Osceola,12097,107738.0,168979.0,159906.0,87887.0,119335.0,0.0,0.0,0.0,0,0
Florida,Palm Beach,12099,28950.0,39979.0,60106.0,34428.0,0.0,0.0,16426.0,0.0,0,0
Florida,Pasco,12101,0.0,0.0,0.0,0.0,0.0,0.0,0.0,0.0,0,0
Florida,Pinellas,12103,0.0,0.0,0.0,0.0,0.0,0.0,0.0,0.0,0,0
Florida,Polk,12105,0.0,0.0,0.0,0.0,0.0,0.0,0.0,0.0,0,0
Florida,Putnam,12107,0.0,0.0,0.0,0.0,0.0,0.0,0.0,0.0,0,0
Florida,St. Johns,12109,0.0,0.0,0.0,0.0,0.0,0.0,0.0,0.0,0,0
Florida,St. Lucie,12111,0.0,0.0,0.0,0.0,0.0,0.0,0.0,0.0,0,0
Florida,Santa Rosa,12113,3672414.9,5730543.0,4939080.01,3136092.64,4072925.0,5742378.0,4734978.0,1830679.0,0,0
Florida,Sarasota,12115,0.0,0.0,0.0,0.0,0.0,0.0,0.0,0.0,0,0
Florida,Seminole,12117,0.0,0.0,0.0,0.0,0.0,0.0,0.0,0.0,0,0
Florida,Sumter,12119,44977.0,62412.0,56180.0,27452.0,37557.0,33066.0,40659.0,17360.0,0,0
Florida,Suwannee,12121,804276.0,1299163.0,1618774.52,754421.0,995657.05,963253.0,1372084.0,599068.0,0,0
Florida,Taylor,12123,0.0,0.0,0.0,0.0,0.0,0.0,0.0,0.0,0,0
Florida,Union,12125,5716.0,8964.0,8483.0,4626.0,6330.0,9932.0,2792.0,1065.0,0,0
Florida,Volusia,12127,0.0,0.0,0.0,0.0,0.0,0.0,0.0,0.0,0,0
Florida,Wakulla,12129,33269.0,52555.0,50201.0,27231.0,36608.0,35388.0,32272.0,13687.0,0,0
Florida,Walton,12131,680749.0,1249715.0,1086398.0,605641.0,763919.0,1094987.0,961001.0,362899.0,0,0
Florida,Washington,12133,617675.7,956189.0,855642.0,496613.9,660872.6,802969.5,704495.0,303697.0,0,0
Georgia,Appling,13001,1305349.0,2382493.0,2412791.95,1394639.0,2221471.0,3958702.0,2737234.0,737774.0,0,0
Georgia,Atkinson,13003,1429888.0,2558337.0,2471864.0,1540803.0,1787428.0,2658336.98,2174441.81,744800.0,0,0
Georgia,Bacon,13005,497426.0,1071482.0,1030432.0,607042.0,879174.0,1575365.0,1055766.0,290413.0,0,0
Georgia,Baker,13007,2669622.73,3734310.5,3960831.0,2735663.0,2812112.0,4159602.0,3609319.0,1572730.0,0,0
Georgia,Baldwin,13009,0.0,0.0,1830.0,886.0,0.0,0.0,3131.0,0.0,0,0
Georgia,Banks,13011,0.0,1520.0,4856.0,3801.0,76.0,4103.0,1278.0,0.0,0,0
Georgia,Barrow,13013,0.0,0.0,0.0,0.0,0.0,0.0,0.0,0.0,0,0
Georgia,Bartow,13015,1515.0,51579.0,99017.0,55040.26,92671.0,226648.0,103273.0,0.0,0,0
Georgia,Ben Hill,13017,1589789.0,2482916.0,2731228.0,1539141.0,1991861.0,2778833.0,2273926.07,855359.0,0,0
Georgia,Berrien,13019,3375959.0,6272937.0,6085926.2,3610771.0,4224117.0,6243614.0,4899180.0,1697086.0,0,0
Georgia,Bibb,13021,336.0,0.0,0.0,15.0,694.0,14335.0,6431.0,0.0,0,0
Georgia,Bleckley,13023,798902.0,1374852.0,1303183.0,923662.0,1120559.0,1948456.0,1418229.0,416203.0,0,0
Georgia,Brantley,13025,58354.0,83448.0,72827.0,43962.0,58970.0,67874.0,60931.0,30600.0,0,0
Georgia,Brooks,13027,2358409.0,4855992.0,4405048.25,2562197.0,3868644.0,6726519.0,4540965.0,1269514.0,0,0
Georgia,Bryan,13029,29699.0,51058.0,96055.0,27433.0,38020.0,85496.0,66928.0,23721.0,0,0
Georgia,Bulloch,13031,4550173.0,7370053.0,6861994.0,3901383.0,4996968.0,7550479.05,5852425.0,2139068.0,0,0
Georgia,Burke,13033,3681381.0,6165119.26,6030765.0,3893748.19,4971468.0,7222666.35,5621771.0,2110848.0,0,0
Georgia,Butts,13035,0.0,7214.0,11093.0,9075.0,2220.0,14456.0,7305.0,0.0,0,0
Georgia,Calhoun,13037,5374374.33,8382500.07,7755717.0,4810435.0,5800478.0,8283336.38,6856080.0,2743694.0,0,0
Georgia,Camden,13039,0.0,0.0,0.0,0.0,0.0,0.0,0.0,0.0,0,0
Georgia,Candler,13043,477661.0,839806.0,970791.0,590152.0,747203.06,1317449.31,864400.0,240486.0,0,0
Georgia,Carroll,13045,0.0,3988.0,13640.0,6850.0,2573.0,0.0,0.0,0.0,0,0
Georgia,Catoosa,13047,0.0,0.0,0.0,0.0,0.0,2448.0,596.0,0.0,0,0
Georgia,Charlton,13049,1255.0,2072.0,825.0,1472.0,1519.0,0.0,1535.0,655.0,0,0
Georgia,Chatham,13051,0.0,450.0,1924.0,2011.0,562.0,1992.0,92.0,0.0,0,0
Georgia,Chattahoochee,13053,0.0,0.0,0.0,0.0,0.0,0.0,0.0,0.0,0,0
Georgia,Chattooga,13055,0.0,178.0,14265.0,9453.0,13851.0,57342.0,18764.0,0.0,0,0
Georgia,Cherokee,13057,0.0,0.0,0.0,0.0,0.0,0.0,0.0,0.0,0,0
Georgia,Clarke,13059,0.0,4522.0,12052.0,6030.0,2943.0,18218.0,3686.0,0.0,0,0
Georgia,Clay,13061,1595316.0,2057712.0,2616803.0,1610464.0,1998323.0,2727767.0,2380313.0,948792.0,0,0
Georgia,Clayton,13063,0.0,0.0,0.0,0.0,0.0,0.0,0.0,0.0,0,0
Georgia,Clinch,13065,40757.0,92922.0,74473.0,48196.0,57694.0,78325.0,65962.0,25983.0,0,0
Georgia,Cobb,13067,0.0,0.0,0.0,0.0,0.0,0.0,0.0,0.0,0,0
Georgia,Coffee,13069,4136835.26,7723029.0,7196469.0,4098109.0,5084017.0,7353249.82,5839894.41,2058444.0,0,0
Georgia,Colquitt,13071,4967415.96,10519654.0,10107568.0,5320742.0,5215607.39,11526721.0,8683627.0,2639626.0,0,0
Georgia,Columbia,13073,0.0,0.0,0.0,0.0,0.0,0.0,467.0,0.0,0,0
Georgia,Cook,13075,2211151.0,4233615.0,3920488.33,2194646.0,2788923.0,4363179.0,3339570.0,1090913.0,0,0
Georgia,Coweta,13077,0.0,5421.0,4548.0,8777.0,3253.0,7567.0,119.0,0.0,0,0
Georgia,Crawford,13079,16202.0,20511.0,49945.0,9778.0,30241.0,76233.0,38078.0,4093.0,0,0
Georgia,Crisp,13081,2920862.0,4658060.0,4448424.93,2739346.0,3918272.0,5749656.0,4477815.0,1492089.0,0,0
Georgia,Dade,13083,0.0,0.0,0.0,0.0,0.0,369.0,0.0,0.0,0,0
Georgia,Dawson,13085,0.0,0.0,0.0,3003.0,1202.0,0.0,308.0,0.0,0,0
Georgia,Decatur,13087,7252276.0,11143662.22,11590498.0,7025065.27,8007992.12,11347859.0,9997927.78,3594347.0,0,0
Georgia,DeKalb,13089,0.0,0.0,0.0,0.0,0.0,0.0,0.0,0.0,0,0
Georgia,Dodge,13091,1626850.0,2968439.51,3083073.91,1724222.39,2184777.17,3398132.1,2373889.2,802334.0,0,0
Georgia,Dooly,13093,4881570.0,8401360.0,7778171.0,4554700.72,6935040.0,12045028.0,9094894.87,2653774.0,0,0
Georgia,Dougherty,13095,492786.0,443818.0,460531.0,344127.0,436395.0,682324.0,528808.0,243566.0,0,0
Georgia,Douglas,13097,0.0,517.0,1899.0,1879.0,520.0,0.0,0.0,0.0,0,0
Georgia,Early,13099,6341469.0,10928362.25,10583222.61,6541809.0,6998773.0,10416487.0,8977343.23,3426276.0,0,0
Georgia,Echols,13101,20118.0,18256.0,28728.0,27865.0,46177.0,77711.0,45019.0,14504.0,0,0
Georgia,Effingham,13103,335618.0,613762.0,562326.0,358089.0,440460.0,697401.0,514216.0,177900.5,0,0
Georgia,Elbert,13105,23747.0,90193.0,167544.0,64791.0,70253.0,163857.0,75343.0,0.0,0,0
Georgia,Emanuel,13107,1203846.0,2186585.0,1990901.0,1184264.0,1662187.0,2787272.0,1863018.0,544192.0,0,0
Georgia,Evans,13109,184342.0,349223.0,451695.0,254258.0,268438.76,475551.0,323370.0,97835.0,0,0
Georgia,Fannin,13111,0.0,90.0,916.0,421.0,218.0,2446.0,14.0,0.0,0,0
Georgia,Fayette,13113,0.0,1208.0,3187.0,1543.0,674.0,0.0,0.0,0.0,0,0
Georgia,Floyd,13115,0.0,28576.0,79611.0,62597.0,92115.0,281933.0,88251.0,0.0,0,0
Georgia,Forsyth,13117,0.0,116.0,303.0,240.0,0.0,0.0,125.0,0.0,0,0
Georgia,Franklin,13119,0.0,1718.0,7921.0,6250.0,4833.0,4417.0,2956.0,0.0,0,0
Georgia,Fulton,13121,0.0,0.0,0.0,0.0,0.0,340.0,0.0,0.0,0,0
Georgia,Gilmer,13123,0.0,0.0,0.0,0.0,0.0,2387.0,73.0,0.0,0,0
Georgia,Glascock,13125,43768.0,82376.0,87301.0,40405.0,60769.0,95043.0,62816.0,20238.0,0,0
Georgia,Glynn,13127,0.0,0.0,0.0,0.0,0.0,0.0,0.0,0.0,0,0
Georgia,Gordon,13129,21418.0,71807.0,147139.0,117282.0,76656.0,71514.0,28579.0,0.0,0,0
Georgia,Grady,13131,2675085.0,4303999.0,4022923.23,2352553.3899999997,2802241.3,4813657.51,3705321.34,1334344.0,0,0
Georgia,Greene,13133,0.0,0.0,0.0,0.0,0.0,0.0,0.0,0.0,0,0
Georgia,Gwinnett,13135,0.0,0.0,0.0,0.0,0.0,149.0,72.0,0.0,0,0
Georgia,Habersham,13137,0.0,1275.0,2209.0,4139.0,0.0,1184.0,366.0,0.0,0,0
Georgia,Hall,13139,0.0,9494.0,8215.0,14503.0,5729.0,7602.0,3310.0,0.0,0,0
Georgia,Hancock,13141,0.0,0.0,0.0,0.0,0.0,0.0,0.0,0.0,0,0
Georgia,Haralson,13143,0.0,1198.0,3665.0,890.0,0.0,3946.0,0.0,0.0,0,0
Georgia,Harris,13145,0.0,0.0,0.0,0.0,0.0,0.0,0.0,0.0,0,0
Georgia,Hart,13147,0.0,9365.0,31308.0,19829.0,20450.0,70366.0,24545.0,0.0,0,0
Georgia,Heard,13149,0.0,950.0,6132.0,2999.0,1200.0,0.0,32.0,0.0,0,0
Georgia,Henry,13151,0.0,853.0,4704.0,2716.0,5828.0,22606.0,10143.0,0.0,0,0
Georgia,Houston,13153,396161.0,873339.0,610546.24,418572.0,571088.0,904082.0,646470.22,168433.0,0,0
Georgia,Irwin,13155,5174523.0,9027448.56,9292148.0,5191361.0,6241372.0,8557800.34,7213985.0,2666411.0,0,0
Georgia,Jackson,13157,0.0,0.0,4261.0,3017.0,314.0,36554.0,15968.0,0.0,0,0
Georgia,Jasper,13159,0.0,0.0,0.0,0.0,0.0,17.0,314.0,0.0,0,0
Georgia,Jeff Davis,13161,1154776.0,2221802.0,2402705.0,1437142.0,1636700.0,2862660.0,2062641.0,574457.0,0,0
Georgia,Jefferson,13163,1514365.84,2603163.77,2686811.0,1584431.0,2011255.0,3268103.0,2415692.0,769415.0,0,0
Georgia,Jenkins,13165,1963548.0,3063732.0,2709996.43,1913256.0,2214793.0,3340037.48,2591748.0,868533.0,0,0
Georgia,Johnson,13167,258230.0,387161.0,425921.0,245039.69,347605.0,590757.0,397524.0,120949.0,0,0
Georgia,Jones,13169,0.0,0.0,0.0,471.0,0.0,0.0,235.0,0.0,0,0
Georgia,Lamar,13171,0.0,14963.0,36583.0,18620.0,40445.0,171594.0,70307.0,0.0,0,0
Georgia,Lanier,13173,261366.0,865957.0,687817.0,445613.0,573755.0,1045725.0,685838.0,180587.0,0,0
Georgia,Laurens,13175,817053.0,1828624.0,2350094.0,1201948.0,1181065.0,2104560.0,1400336.0,369283.0,0,0
Georgia,Lee,13177,2872251.17,4200039.47,4102295.06,3116281.0,3830333.0,6123201.0,4497071.0,1664199.0,0,0
Georgia,Liberty,13179,0.0,0.0,0.0,0.0,0.0,271.0,122.0,0.0,0,0
Georgia,Lincoln,13181,0.0,291.0,624.0,202.0,456.0,0.0,0.0,0.0,0,0
Georgia,Long,13183,1437.0,3179.0,0.0,654.0,1455.0,5779.0,2891.0,88.0,0,0
Georgia,Lowndes,13185,567722.0,1251808.0,1181649.0,644324.0,825130.0,1314874.0,945189.0,305914.0,0,0
Georgia,Lumpkin,13187,0.0,1455.0,4002.0,1513.0,582.0,2383.0,1120.0,0.0,0,0
Georgia,McDuffie,13189,0.0,2630.0,6768.0,3686.0,1398.0,2394.0,2447.0,0.0,0,0
Georgia,McIntosh,13191,0.0,0.0,0.0,0.0,0.0,0.0,0.0,0.0,0,0
Georgia,Macon,13193,1438014.7,2220786.0,2363910.0,1366619.0,1830966.0,3279054.0,2277565.0,600263.0,0,0
Georgia,Madison,13195,0.0,0.0,1193.0,1340.0,174.0,79506.0,18529.0,0.0,0,0
Georgia,Marion,13197,323111.0,484179.0,461430.0,258644.0,352103.0,489737.0,428008.0,164977.0,0,0
Georgia,Meriwether,13199,0.0,7613.0,20120.0,6864.0,3338.0,5655.0,702.0,0.0,0,0
Georgia,Miller,13201,6938099.32,10468604.2,9890184.28,6534777.87,7344140.0,10739356.07,8978462.0,3612553.0,0,0
Georgia,Mitchell,13205,7324268.0,12960163.0,12054724.0,8087803.0,8417077.35,13153188.0,10667202.0,4036011.0,0,0
Georgia,Monroe,13207,0.0,15359.0,37025.0,21006.0,15517.0,72670.0,32563.0,0.0,0,0
Georgia,Montgomery,13209,230003.0,334737.0,401434.74,209561.0,259565.0,438698.0,259150.0,61026.0,0,0
Georgia,Morgan,13211,0.0,2919.0,7633.0,3855.0,28006.0,90547.0,37302.0,0.0,0,0
Georgia,Murray,13213,1086.0,1918.0,11937.0,9566.0,3585.0,2865.0,508.0,0.0,0,0
Georgia,Muscogee,13215,0.0,0.0,0.0,0.0,0.0,0.0,0.0,0.0,0,0
Georgia,Newton,13217,5660.0,11112.0,13380.0,8893.0,8051.0,124.0,52.0,0.0,0,0
Georgia,Oconee,13219,0.0,3838.0,11277.0,6695.0,13041.0,37235.0,13903.0,0.0,0,0
Georgia,Oglethorpe,13221,0.0,34563.0,86511.0,42904.0,20049.0,39758.0,17560.0,0.0,0,0
Georgia,Paulding,13223,0.0,0.0,0.0,0.0,0.0,0.0,0.0,0.0,0,0
Georgia,Peach,13225,164167.0,207670.0,271831.0,186922.0,273068.0,530747.0,311843.0,78297.0,0,0
Georgia,Pickens,13227,0.0,0.0,0.0,734.0,0.0,0.0,0.0,0.0,0,0
Georgia,Pierce,13229,1073903.0,1974810.0,1804811.62,1114887.0,1592462.0,2575192.0,1994862.0,622194.0,0,0
Georgia,Pike,13231,379.0,11809.0,24929.0,13028.0,13373.0,107483.0,48983.0,198.0,0,0
Georgia,Polk,13233,0.0,31366.09,72050.0,46640.0,88873.0,234192.0,120171.0,0.0,0,0
Georgia,Pulaski,13235,421694.0,557293.0,525013.0,403084.0,580283.0,831613.0,592984.0,213403.0,0,0
Georgia,Putnam,13237,0.0,0.0,14675.0,5892.0,1733.0,5006.0,0.0,0.0,0,0
Georgia,Quitman,13239,208749.0,492269.0,429181.0,275690.21,335927.0,458546.0,408310.0,155310.0,0,0
Georgia,Rabun,13241,0.0,0.0,0.0,0.0,0.0,29.0,0.0,0.0,0,0
Georgia,Randolph,13243,2867703.0,4062806.0,3916732.92,2570731.27,3003700.0,4424368.0,3618846.0,1426212.0,0,0
Georgia,Richmond,13245,4390.0,10597.0,9476.0,4660.0,2554.0,11039.0,2526.0,0.0,0,0
Georgia,Rockdale,13247,0.0,0.0,0.0,0.0,0.0,0.0,0.0,0.0,0,0
Georgia,Schley,13249,229747.0,377139.12,333536.0,210772.0,267554.0,404231.0,341929.0,123775.0,0,0
Georgia,Screven,13251,1775929.88,2848098.0,3218513.0,2119732.0,2565863.0,3817063.0,2845929.0,977146.0,0,0
Georgia,Seminole,13253,4543677.55,7030268.56,6714177.0,4028064.2,4737627.0,7085306.24,5680572.0,2222201.0,0,0
Georgia,Spalding,13255,0.0,366.0,1995.0,981.0,433.0,18006.0,7575.0,0.0,0,0
Georgia,Stephens,13257,0.0,0.0,0.0,0.0,63.0,0.0,59.0,0.0,0,0
Georgia,Stewart,13259,625478.0,1045391.0,960445.0,528454.0,755517.0,1021093.0,856013.0,319716.0,0,0
Georgia,Sumter,13261,2888879.4,3997474.85,4529709.85,2857914.0,2972355.4,5012125.58,3814181.0,1334390.0,0,0
Georgia,Talbot,13263,14933.0,21949.0,21390.0,16954.0,18369.0,22705.0,19692.0,7948.0,0,0
Georgia,Taliaferro,13265,0.0,0.0,0.0,0.0,0.0,0.0,0.0,0.0,0,0
Georgia,Tattnall,13267,626393.0,1030556.0,1072972.83,542702.0,745380.51,1260564.0,895290.69,314393.0,0,0
Georgia,Taylor,13269,20835.0,25578.0,17112.0,9047.0,29425.0,76885.0,38966.0,3594.0,0,0
Georgia,Telfair,13271,727422.0,1186311.0,1143709.39,676853.0,834709.0,1345803.0,1033881.0,364741.0,0,0
Georgia,Terrell,13273,2983934.0,4886783.0,4884151.0,2923238.0,3053581.0,5531277.0,4351351.0,1496469.0,0,0
Georgia,Thomas,13275,1687750.0,3733611.0,3498566.99,2000030.11,2793501.0,4816693.0,3302172.37,965026.0,0,0
Georgia,Tift,13277,3257574.47,5545845.0,5403538.0,3084609.0,3853878.28,5427177.68,4550269.54,1645778.0,0,0
Georgia,Toombs,13279,507662.23,765277.0,709603.0,444857.4,563691.0,978808.4,650338.55,167465.0,0,0
Georgia,Towns,13281,0.0,0.0,0.0,0.0,0.0,12.0,0.0,0.0,0,0
Georgia,Treutlen,13283,166785.0,341898.0,352640.04,198017.0,224208.0,381098.0,274832.0,76265.0,0,0
Georgia,Troup,13285,0.0,681.0,1848.0,0.0,731.0,673.0,7.0,0.0,0,0
Georgia,Turner,13287,3053210.08,5302981.0,4760670.75,2832349.0,3564880.0,5363942.0,4805374.0,1733171.0,0,0
Georgia,Twiggs,13289,305293.0,522000.0,442285.0,237321.0,378494.0,579074.0,462967.0,146062.0,0,0
Georgia,Union,13291,0.0,317.0,1186.0,870.0,233.0,2295.0,12.0,0.0,0,0
Georgia,Upson,13293,0.0,10399.0,23699.0,12123.0,6612.0,33765.0,15203.0,0.0,0,0
Georgia,Walker,13295,2811.0,10367.0,20196.0,11368.0,8162.0,47500.0,16905.0,0.0,0,0
Georgia,Walton,13297,0.0,537.0,166.0,1405.0,7151.0,33003.0,12819.0,0.0,0,0
Georgia,Ware,13299,219180.0,327823.0,249923.28,188174.0,243512.0,360584.0,281715.0,94842.0,0,0
Georgia,Warren,13301,30897.0,57370.0,77940.0,34574.0,64397.0,115388.0,67003.0,18014.0,0,0
Georgia,Washington,13303,623226.0,977589.91,935822.0,514955.0,595320.0,969743.0,744501.0,257368.0,0,0
Georgia,Wayne,13305,680779.0,1163714.0,883103.41,580034.0,909846.0,1501339.0,1117984.0,346340.0,0,0
Georgia,Webster,13307,1863009.0,3043006.0,3056236.0,1734454.0,1973286.0,2846075.0,2484080.0,979615.0,0,0
Georgia,Wheeler,13309,142920.0,235486.0,232315.0,164328.0,237247.0,484458.0,291677.0,89755.0,0,0
Georgia,White,13311,0.0,6803.0,11238.0,8853.0,679.0,5935.0,1138.0,0.0,0,0
Georgia,Whitfield,13313,0.0,1618.0,6141.0,4958.0,1644.0,2262.0,391.0,0.0,0,0
Georgia,Wilcox,13315,2936280.0,4868963.0,4407959.0,2999928.0,3719861.0,5878257.0,4604576.76,1572724.0,0,0
Georgia,Wilkes,13317,0.0,10415.0,39456.0,10860.0,8054.0,1298.0,884.0,0.0,0,0
Georgia,Wilkinson,13319,58685.0,114696.0,141660.0,78809.0,82569.0,132844.0,94433.0,28037.0,0,0
Georgia,Worth,13321,7420378.0,12433694.31,11949372.0,7516460.94,7974314.0,12713526.0,10287196.0,3809741.0,0,0
Hawaii,Hawaii,15001,0.0,0.0,0.0,0.0,0.0,0.0,0.0,0.0,0,0
Hawaii,Honolulu,15003,0.0,0.0,0.0,0.0,0.0,0.0,0.0,0.0,0,0
Hawaii,Kalawao,15005,0.0,0.0,0.0,0.0,0.0,0.0,0.0,0.0,0,0
Hawaii,Kauai,15007,0.0,0.0,0.0,0.0,0.0,0.0,0.0,0.0,0,0
Hawaii,Maui,15009,0.0,0.0,0.0,0.0,0.0,0.0,0.0,0.0,0,0
Idaho,Ada,16001,0.0,179528.0,496694.0,341185.0,155680.0,334254.0,146340.0,0.0,0,0
Idaho,Adams,16003,0.0,10260.0,23710.0,14305.0,10523.0,13798.99,8810.0,0.0,0,0
Idaho,Bannock,16005,0.0,974979.0,1998722.0,1294932.0,696815.0,1484533.0,854493.0,0.0,0,0
Idaho,Bear Lake,16007,0.0,362257.0,1001443.74,673585.0,356204.0,852710.0,455578.0,0.0,0,0
Idaho,Benewah,16009,52.0,285.0,2886.0,10750.0,7134.0,2190287.0,1231674.0,0.0,0,0
Idaho,Bingham,16011,5674.0,5149702.2,12357072.26,6950373.56,3391667.0,7912418.0,4197587.0,0.0,0,0
Idaho,Blaine,16013,0.0,20045.0,95355.0,477227.0,338934.0,336003.0,254329.0,0.0,0,0
Idaho,Boise,16015,0.0,0.0,0.0,0.0,432.0,0.0,400.0,0.0,0,0
Idaho,Bonner,16017,0.0,0.0,0.0,0.0,0.0,7078.0,3656.0,0.0,0,0
Idaho,Bonneville,16019,10430.0,1660047.0,3537177.67,3349029.82,2153405.0,4288721.0,2411204.64,0.0,0,0
Idaho,Boundary,16021,222461.0,323629.0,298417.0,226958.0,332419.0,1372520.0,644580.8,0.0,0,0
Idaho,Butte,16023,0.0,473526.0,1197875.82,1129996.19,562789.0,1109410.0,609316.0,0.0,0,0
Idaho,Camas,16025,154.0,150324.0,381999.0,357500.21,217170.0,327837.0,192343.0,0.0,0,0
Idaho,Canyon,16027,0.0,638496.0,2198433.0,1405815.6,610569.0,1615862.0,664865.0,0.0,0,0
Idaho,Caribou,16029,0.0,834301.0,2183729.0,2909022.68,1715206.0,2587410.0,1545176.0,0.0,0,0
Idaho,Cassia,16031,0.0,3659750.0,8471041.350000001,6053748.0,3349630.0,7289622.0,4043780.99,0.0,0,0
Idaho,Clark,16033,0.0,412975.0,735643.0,526898.0,269625.0,531299.0,292242.0,0.0,0,0
Idaho,Clearwater,16035,313.0,60930.0,160288.0,99258.0,51223.0,372422.0,179899.0,0.0,0,0
Idaho,Custer,16037,0.0,27453.0,66737.0,115787.0,75426.0,73454.0,57480.0,0.0,0,0
Idaho,Elmore,16039,0.0,458145.0,1226687.13,735031.0,387401.0,1269001.0,492943.0,0.0,0,0
Idaho,Franklin,16041,171.0,426706.76,1156699.0,951217.0,500918.0,1139557.0,623939.0,0.0,0,0
Idaho,Fremont,16043,15235.0,1367472.0,3414738.8600000003,3506850.0,1920032.84,3272588.0,1832680.16,0.0,0,0
Idaho,Gem,16045,0.0,87089.0,238639.0,160705.0,81542.0,158430.0,73575.0,0.0,0,0
Idaho,Gooding,16047,0.0,416985.0,1285734.0,1148600.0,367938.0,818266.0,218515.0,0.0,0,0
Idaho,Idaho,16049,303858.0,491667.0,499554.0,670079.0,681687.0,5043552.0,2632603.0,0.0,0,0
Idaho,Jefferson,16051,2822.0,2088148.0,4975869.25,3779138.0,2063758.0,4014113.0,2235404.0,0.0,0,0
Idaho,Jerome,16053,0.0,744562.0,1730429.0,1478451.0,661295.0,1688907.0,845629.0,0.0,0,0
Idaho,Kootenai,16055,0.0,10833.0,14005.0,15885.0,8676.0,798956.0,414899.0,0.0,0,0
Idaho,Latah,16057,28246.0,684047.0,1646691.0,932053.0,554707.0,7105722.8,3619518.27,6911.0,0,14
Idaho,Lemhi,16059,0.0,47406.0,121919.0,99249.0,54578.0,91809.0,58006.0,0.0,0,0
Idaho,Lewis,16061,264195.0,630565.0,975015.0,843878.0,732142.0,5733785.92,2794485.0,4959.0,0,268
Idaho,Lincoln,16063,0.0,73772.0,294946.0,287128.0,134403.0,348775.0,82833.0,0.0,0,0
Idaho,Madison,16065,0.0,1540641.0,3742125.0,3025818.0,1664164.0,3010933.0,1627998.38,0.0,0,0
Idaho,Minidoka,16067,0.0,947666.0,2370407.47,2232547.0,1306387.0,3869201.0,2314218.0,0.0,0,0
Idaho,Nez Perce,16069,84604.0,1512370.0,3644596.0,2258161.0,1275734.0,7796943.0,3913487.0,3881.0,0,107
Idaho,Oneida,16071,0.0,871548.0,2396352.0,1607959.0,776558.0,2024768.0,1108809.0,0.0,0,0
Idaho,Owyhee,16073,0.0,251642.0,911008.0,689993.0,253280.0,470139.0,130668.0,0.0,0,0
Idaho,Payette,16075,0.0,139629.0,429750.0,285100.0,110042.0,332422.0,135440.0,0.0,0,0
Idaho,Power,16077,2542.0,5058053.64,11487684.26,6445424.0,3057861.59,7886880.74,4410208.0,0.0,0,0
Idaho,Shoshone,16079,0.0,0.0,0.0,0.0,0.0,0.0,0.0,0.0,0,0
Idaho,Teton,16081,0.0,98714.0,189097.0,968913.0,634686.0,693800.0,509868.0,0.0,0,0
Idaho,Twin Falls,16083,0.0,1093287.0,2686887.0,2229712.0,1077016.0,2924277.0,1323621.0,0.0,0,0
Idaho,Valley,16085,0.0,0.0,6345.0,6402.0,7850.0,5387.0,3891.0,0.0,0,0
Idaho,Washington,16087,0.0,406663.0,1040643.94,570410.0,271921.0,633923.0,312688.0,0.0,0,0
Illinois,Adams,17001,0.0,196404.0,643658.0,498112.0,160438.0,2300846.0,214152.0,0.0,0,0
Illinois,Alexander,17003,81820.0,126093.0,248283.0,138628.0,143619.0,245803.0,89060.0,14090.0,0,0
Illinois,Bond,17005,0.0,606902.0,1689025.0,1104572.0,440684.0,1715656.0,343900.0,0.0,0,0
Illinois,Boone,17007,0.0,6811.0,37300.0,43118.0,9605.0,885274.0,18677.0,0.0,0,0
Illinois,Brown,17009,0.0,3649.0,22966.0,19108.0,5029.0,748430.0,55137.0,0.0,0,0
Illinois,Bureau,17011,0.0,31012.0,108779.0,110195.0,31451.0,3186600.0,33164.0,0.0,0,0
Illinois,Calhoun,17013,0.0,16683.0,58634.0,48879.0,17053.0,376326.0,38215.0,0.0,0,0
Illinois,Carroll,17015,0.0,15729.0,53274.0,54360.0,17282.0,3058980.0,11688.0,0.0,0,0
Illinois,Cass,17017,0.0,13122.0,43951.0,40282.0,12830.0,1539177.88,25803.0,0.0,0,0
Illinois,Champaign,17019,0.0,29227.0,110441.0,107538.0,30037.0,4322890.0,45610.0,0.0,0,0
Illinois,Christian,17021,0.0,38513.0,149431.0,147529.0,41016.0,3354504.0,53152.0,0.0,0,0
Illinois,Clark,17023,0.0,5604.0,15847.0,10506.0,5212.0,1449834.0,106770.0,0.0,0,0
Illinois,Clay,17025,0.0,128332.0,343836.0,173761.0,77821.0,1409649.0,455085.0,0.0,0,0
Illinois,Clinton,17027,0.0,621450.0,1821427.0,1289209.0,455063.0,2532583.0,667827.0,0.0,0,0
Illinois,Coles,17029,0.0,1566.0,8184.0,8490.0,2853.0,1794447.0,42665.0,0.0,0,0
Illinois,Cook,17031,0.0,305.0,3059.0,4201.0,1238.0,43602.0,6330.0,0.0,0,0
Illinois,Crawford,17033,0.0,47560.0,151353.0,104551.0,36189.0,1384070.0,152573.0,0.0,0,0
Illinois,Cumberland,17035,0.0,27289.0,90498.0,74799.0,22406.0,1093785.0,69939.0,0.0,0,0
Illinois,DeKalb,17037,0.0,11587.0,36579.0,27613.0,10476.0,3453594.37,63329.0,0.0,0,0
Illinois,De Witt,17039,0.0,12521.0,45006.0,45061.0,12448.0,1778104.0,3478.0,0.0,0,0
Illinois,Douglas,17041,0.0,29134.0,111947.0,115093.0,31369.0,2234576.0,11976.0,0.0,0,0
Illinois,DuPage,17043,0.0,463.0,1480.0,3531.0,938.0,31853.0,251.0,0.0,0,0
Illinois,Edgar,17045,0.0,2308.0,8773.0,9389.0,2616.0,2753651.0,52972.0,0.0,0,0
Illinois,Edwards,17047,0.0,93642.0,252997.0,135722.0,60124.0,723877.0,154506.0,0.0,0,0
Illinois,Effingham,17049,0.0,73973.0,199928.0,127385.0,54381.0,1915401.0,294708.0,0.0,0,0
Illinois,Fayette,17051,0.0,153213.0,480817.0,349095.0,125319.0,2030557.0,412284.0,0.0,0,0
Illinois,Ford,17053,0.0,12273.0,44151.0,42109.0,17859.0,1734027.0,34972.0,0.0,0,0
Illinois,Franklin,17055,0.0,157123.0,424241.0,222383.0,93636.0,607484.96,244243.0,0.0,0,0
Illinois,Fulton,17057,0.0,16229.0,76019.0,134382.0,39702.0,1775734.0,52480.0,0.0,0,0
Illinois,Gallatin,17059,0.0,244721.0,751718.0,535760.0,178754.0,681214.0,231876.0,0.0,0,0
Illinois,Greene,17061,0.0,27712.0,85716.0,62424.0,24138.0,1678429.0,95674.0,0.0,0,0
Illinois,Grundy,17063,0.0,4647.0,21390.0,21844.0,6176.0,333620.0,8668.0,0.0,0,0
Illinois,Hamilton,17065,0.0,674516.0,1831754.0,1116166.0,459896.0,1896440.0,511755.0,0.0,0,0
Illinois,Hancock,17067,0.0,132078.0,483438.0,452228.0,125105.0,2474450.0,110978.0,0.0,0,0
Illinois,Hardin,17069,0.0,1214.0,3999.0,3513.0,1104.0,59155.0,7194.0,0.0,0,0
Illinois,Henderson,17071,0.0,5913.0,22545.0,20766.0,5564.0,1644599.0,12508.0,0.0,0,0
Illinois,Henry,17073,0.0,14022.0,48387.0,44384.0,13483.0,3764424.0,28142.0,0.0,0,0
Illinois,Iroquois,17075,0.0,45179.0,161905.0,149418.0,41393.0,2691427.0,92347.0,0.0,0,0
Illinois,Jackson,17077,0.0,229126.0,598386.0,301607.0,141260.0,658801.0,234681.0,0.0,0,0
Illinois,Jasper,17079,0.0,24955.0,79526.0,58943.0,19454.0,1846834.0,218240.0,0.0,0,0
Illinois,Jefferson,17081,0.0,343276.0,879616.0,532377.0,246879.0,1281645.0,439341.0,0.0,0,0
Illinois,Jersey,17083,0.0,27460.0,87458.0,66862.0,22959.0,1121679.0,81829.0,0.0,0,0
Illinois,Jo Daviess,17085,0.0,1571.0,7751.0,6980.0,2715.0,1644936.0,9131.0,0.0,0,0
Illinois,Johnson,17087,0.0,9788.0,30327.0,21834.0,9675.0,153884.0,31707.0,0.0,0,0
Illinois,Kane,17089,0.0,8986.0,34472.0,26518.0,12000.0,1344737.44,38865.0,0.0,0,0
Illinois,Kankakee,17091,0.0,115629.0,421014.0,412538.0,115368.0,2500960.0,67652.0,0.0,0,0
Illinois,Kendall,17093,0.0,8882.0,35392.0,49986.0,14904.0,1003223.0,10267.0,0.0,0,0
Illinois,Knox,17095,0.0,37962.0,153528.0,150041.0,41616.0,3182970.0,46051.0,0.0,0,0
Illinois,Lake,17097,0.0,689.0,1636.0,5307.0,1440.0,53148.0,8046.0,0.0,0,0
Illinois,LaSalle,17099,0.0,29317.0,129985.0,133302.38,35609.0,4416950.0,26406.0,0.0,0,0
Illinois,Lawrence,17101,0.0,105602.0,294539.0,159943.0,67694.0,1581942.0,254263.0,0.0,0,0
Illinois,Lee,17103,0.0,23471.0,98946.0,103327.0,28269.0,3191193.0,27392.0,0.0,0,0
Illinois,Livingston,17105,0.0,25072.0,90818.0,82975.0,25801.0,4441942.0,49497.0,0.0,0,0
Illinois,Logan,17107,0.0,21549.0,86120.0,93069.0,26762.0,3724441.0,28671.0,0.0,0,0
Illinois,McDonough,17109,0.0,32088.0,119093.0,120942.0,32433.0,2363145.83,25610.0,0.0,0,0
Illinois,McHenry,17111,0.0,17731.0,117087.0,108359.0,34128.0,1449095.0,39698.0,0.0,0,0
Illinois,McLean,17113,0.0,46833.0,169058.0,171290.0,48684.0,5806179.0,31205.0,0.0,0,0
Illinois,Macon,17115,0.0,6217.0,22271.0,35031.0,14384.0,2736252.82,11563.0,0.0,0,0
Illinois,Macoupin,17117,0.0,86500.0,266554.0,212661.0,69694.0,3167440.0,166314.0,0.0,0,0
Illinois,Madison,17119,0.0,243680.0,728470.0,501625.0,175848.0,1884450.0,396172.0,0.0,0,0
Illinois,Marion,17121,0.0,301990.0,866957.0,536985.0,220313.0,1719189.0,470591.0,0.0,0,0
Illinois,Marshall,17123,0.0,24982.0,86768.0,87935.0,25194.0,1708235.0,23567.0,0.0,0,0
Illinois,Mason,17125,0.0,21259.0,78127.0,76840.0,21030.0,2038341.0,83731.0,0.0,0,0
Illinois,Massac,17127,0.0,34141.0,88120.0,47693.0,22924.0,399518.0,59313.09,0.0,0,0
Illinois,Menard,17129,0.0,15155.0,46348.0,24901.0,9581.0,1562057.0,55188.0,0.0,0,0
Illinois,Mercer,17131,0.0,13734.0,48319.0,143337.0,38953.0,2377498.0,24335.0,0.0,0,0
Illinois,Monroe,17133,0.0,656071.0,1743284.0,920702.0,388902.0,1823133.14,584215.0,0.0,0,0
Illinois,Montgomery,17135,0.0,129119.0,443300.13,369813.0,118781.0,2937533.0,243316.0,0.0,0,0
Illinois,Morgan,17137,0.0,35956.0,107950.0,86146.75,32391.0,2457005.0,65577.85,0.0,0,0
Illinois,Moultrie,17139,0.0,6982.0,24971.0,22276.0,6388.0,1530221.55,14639.0,0.0,0,0
Illinois,Ogle,17141,0.0,22857.0,73688.0,45507.0,20324.0,3633869.31,43294.0,0.0,0,0
Illinois,Peoria,17143,0.0,11526.0,45867.0,39757.0,11937.0,1743511.0,45632.0,0.0,0,0
Illinois,Perry,17145,0.0,343519.0,904769.0,501587.0,216063.0,1095697.92,428107.0,0.0,0,0
Illinois,Piatt,17147,0.0,29462.0,101148.0,81303.0,26028.0,2803788.0,27918.0,0.0,0,0
Illinois,Pike,17149,0.0,70022.0,206952.0,191153.0,62309.0,2248124.0,135847.0,0.0,0,0
Illinois,Pope,17151,0.0,15037.0,32442.0,19056.0,9792.0,133860.0,18533.0,0.0,0,0
Illinois,Pulaski,17153,0.0,12424.0,35667.0,23508.0,8259.0,401078.0,88960.42,0.0,0,0
Illinois,Putnam,17155,0.0,12512.0,47080.0,44580.0,12241.0,539836.0,10711.0,0.0,0,0
Illinois,Randolph,17157,0.0,822025.0,2235260.0,1300725.0,531955.0,2041690.0,690826.0,0.0,0,0
Illinois,Richland,17159,0.0,192064.0,488730.0,251081.0,121915.39,1875211.0,369851.0,0.0,0,0
Illinois,Rock Island,17161,0.0,6761.0,19082.0,24562.0,5632.0,1114705.0,22067.0,0.0,0,0
Illinois,St. Clair,17163,0.0,584838.0,1685732.0,1065163.0,400021.0,1896470.0,498671.0,0.0,0,0
Illinois,Saline,17165,0.0,65939.0,160313.0,123381.0,47760.0,378823.0,83175.0,0.0,0,0
Illinois,Sangamon,17167,0.0,19987.0,84783.0,86746.0,24803.0,3928879.0,20486.0,0.0,0,0
Illinois,Schuyler,17169,0.0,15525.0,50263.0,43770.0,11573.0,1155626.0,77695.2,0.0,0,0
Illinois,Scott,17171,0.0,1775.0,4089.0,6036.0,2196.0,866593.0,39700.0,0.0,0,0
Illinois,Shelby,17173,0.0,32821.0,105311.0,76060.0,25563.0,3161324.0,269222.0,0.0,0,0
Illinois,Stark,17175,0.0,21324.0,78980.0,78062.0,20965.0,2040322.0,19204.0,0.0,0,0
Illinois,Stephenson,17177,0.0,20901.0,76239.0,71542.0,19006.0,2858227.0,29652.0,0.0,0,0
Illinois,Tazewell,17179,0.0,97858.0,370024.0,449153.0,120554.0,3043216.0,58078.0,0.0,0,0
Illinois,Union,17181,2381.0,14760.0,38254.0,25752.0,13596.0,115599.0,14580.0,629.0,0,0
Illinois,Vermilion,17183,0.0,35638.0,137981.0,135495.0,36987.0,2682927.12,42885.0,0.0,0,0
Illinois,Wabash,17185,0.0,78380.0,230325.0,151300.0,64542.0,945093.0,162064.0,0.0,0,0
Illinois,Warren,17187,0.0,3631.0,1536.0,16248.0,3863.0,3239888.0,10433.0,0.0,0,0
Illinois,Washington,17189,0.0,1031575.71,2791412.95,1562188.0,629195.0,3370792.0,1147763.0,0.0,0,0
Illinois,Wayne,17191,0.0,496389.0,1404093.0,834078.0,367858.0,2005838.0,472821.0,0.0,0,0
Illinois,White,17193,0.0,502198.0,1369332.0,895388.0,352825.0,2174843.0,436784.0,0.0,0,0
Illinois,Whiteside,17195,0.0,47716.0,182271.0,85139.0,23752.0,3403179.0,22891.0,0.0,0,0
Illinois,Will,17197,0.0,23324.0,105742.0,111594.0,30878.0,1235594.0,60696.0,0.0,0,0
Illinois,Williamson,17199,0.0,7161.0,31483.0,23393.0,14551.0,34354.0,11374.0,0.0,0,0
Illinois,Winnebago,17201,0.0,18023.0,56366.0,65210.0,18273.0,1193837.0,31136.0,0.0,0,0
Illinois,Woodford,17203,0.0,11292.0,43168.0,42072.0,13933.0,2521676.0,31583.0,0.0,0,0
Indiana,Adams,18001,0.0,73789.0,240152.0,183096.0,57945.0,1089723.0,171760.0,0.0,0,0
Indiana,Allen,18003,0.0,103741.0,349546.0,261381.0,86765.0,1445719.0,303894.0,0.0,0,0
Indiana,Bartholomew,18005,0.0,30111.0,95086.0,71763.0,23596.0,622273.0,68091.0,0.0,0,0
Indiana,Benton,18007,0.0,1650.0,5882.0,5457.0,1516.0,2292435.0,41123.0,0.0,0,0
Indiana,Blackford,18009,0.0,14899.0,44586.0,24958.0,9800.0,524579.0,75351.0,0.0,0,0
Indiana,Boone,18011,0.0,29243.0,113008.0,124830.0,37587.0,1795700.0,56706.0,0.0,0,0
Indiana,Brown,18013,0.0,221.0,703.0,478.0,138.0,17358.0,1570.0,0.0,0,0
Indiana,Carroll,18015,0.0,12842.0,49913.0,47037.0,13041.0,1887625.0,50310.0,0.0,0,0
Indiana,Cass,18017,0.0,34186.0,141878.0,158390.0,45003.0,1398097.0,39505.0,0.0,0,0
Indiana,Clark,18019,0.0,17530.0,48851.0,33751.0,11106.0,375719.0,79682.0,0.0,0,0
Indiana,Clay,18021,18.0,75650.0,279461.0,267515.0,75650.0,1029663.34,63672.0,0.0,0,0
Indiana,Clinton,18023,0.0,14752.0,54609.0,50594.0,15649.0,2031908.0,51330.0,0.0,0,0
Indiana,Crawford,18025,0.0,5158.0,16593.0,13718.0,5129.0,29842.0,2851.0,0.0,0,0
Indiana,Daviess,18027,0.0,204883.0,716001.0,678394.0,181644.0,871708.0,51904.0,0.0,0,0
Indiana,Dearborn,18029,0.0,2059.0,6909.0,8534.0,2668.0,16676.0,3480.0,0.0,0,0
Indiana,Decatur,18031,0.0,58644.0,207676.0,174837.0,49827.0,1576876.0,98971.0,0.0,0,0
Indiana,DeKalb,18033,0.0,38817.0,132344.0,95081.0,34962.0,1080687.0,248177.0,0.0,0,0
Indiana,Delaware,18035,0.0,18199.0,164014.0,155681.0,48077.0,1043593.0,62521.0,0.0,0,0
Indiana,Dubois,18037,0.0,31987.0,103782.0,82824.0,26258.0,966780.0,99362.0,0.0,0,0
Indiana,Elkhart,18039,0.0,5141.0,19845.0,11875.0,5229.0,885517.0,44599.0,0.0,0,0
Indiana,Fayette,18041,0.0,1915.0,9790.0,9662.0,2685.0,703193.0,61871.0,0.0,0,0
Indiana,Floyd,18043,0.0,859.0,4725.0,5303.0,1829.0,32192.0,3741.0,0.0,0,0
Indiana,Fountain,18045,0.0,25393.0,87363.0,76197.0,22455.0,1988745.5,89612.0,0.0,0,0
Indiana,Franklin,18047,0.0,4900.0,18215.0,10594.0,4170.0,366961.0,31579.0,0.0,0,0
Indiana,Fulton,18049,0.0,3281.0,13301.0,14434.0,4244.0,1497473.0,42708.0,0.0,0,0
Indiana,Gibson,18051,0.0,77790.0,246338.0,205617.0,63939.0,2486230.0,438788.0,0.0,0,0
Indiana,Grant,18053,0.0,9936.0,31763.0,25867.0,8359.0,1436377.0,95573.0,0.0,0,0
Indiana,Greene,18055,0.0,40065.0,155299.0,151120.0,41765.0,439725.0,19628.0,0.0,0,0
Indiana,Hamilton,18057,0.0,2595.0,15610.0,18716.0,6594.0,472180.0,27085.0,0.0,0,0
Indiana,Hancock,18059,0.0,17232.0,61816.0,57752.0,18157.0,846353.03,56924.0,0.0,0,0
Indiana,Harrison,18061,0.0,53918.0,175073.0,143208.0,44396.0,219047.0,64291.0,0.0,0,0
Indiana,Hendricks,18063,0.0,10919.0,38850.0,49786.0,13251.0,585590.0,19494.0,0.0,0,0
Indiana,Henry,18065,0.0,2138.0,10143.0,11079.0,3916.0,318455.0,23408.0,0.0,0,0
Indiana,Howard,18067,0.0,796.0,6060.0,6865.0,1977.0,1343287.0,54636.0,0.0,0,0
Indiana,Huntington,18069,0.0,15075.0,52711.0,45971.0,13699.0,1265248.0,101572.0,0.0,0,0
Indiana,Jackson,18071,0.0,65415.0,224374.0,199045.0,56820.0,244639.47,115507.0,0.0,0,0
Indiana,Jasper,18073,0.0,18392.0,70332.0,70832.0,19285.0,2567437.0,27610.0,0.0,0,0
Indiana,Jay,18075,0.0,75910.0,230952.0,161032.0,52404.0,1062483.1,172844.0,0.0,0,0
Indiana,Jefferson,18077,0.0,4412.0,14603.0,14500.0,3885.0,122980.0,23842.0,0.0,0,0
Indiana,Jennings,18079,0.0,8709.0,35217.0,36894.0,10309.0,85955.0,26728.0,0.0,0,0
Indiana,Johnson,18081,0.0,5262.0,19621.0,20036.0,5550.0,938211.0,66723.0,0.0,0,0
Indiana,Knox,18083,0.0,81873.0,248315.0,164929.0,56975.0,2386747.0,316384.0,0.0,0,0
Indiana,Kosciusko,18085,0.0,48509.0,174999.0,155057.0,58087.0,1868157.0,108971.0,0.0,0,0
Indiana,LaGrange,18087,0.0,10886.0,36293.0,38191.0,14304.0,783660.0,41261.0,0.0,0,0
Indiana,Lake,18089,0.0,17074.0,63592.0,62187.0,17074.0,450581.0,21948.0,0.0,0,0
Indiana,LaPorte,18091,0.0,27784.0,87193.0,63374.0,21467.0,2559502.0,94172.0,0.0,0,0
Indiana,Lawrence,18093,0.0,8865.0,27614.0,25188.0,7213.0,108205.0,31382.0,0.0,0,0
Indiana,Madison,18095,0.0,14664.0,80093.0,79563.0,22087.0,1326309.0,58166.0,0.0,0,0
Indiana,Marion,18097,0.0,915.0,3165.0,2303.0,671.0,75919.0,5656.0,0.0,0,0
Indiana,Marshall,18099,0.0,35376.0,121281.0,121162.0,36084.0,1521807.87,70176.0,0.0,0,0
Indiana,Martin,18101,0.0,39089.0,149169.0,144905.0,27889.0,143637.0,12770.0,0.0,0,0
Indiana,Miami,18103,0.0,23295.0,81611.0,75630.0,22544.0,1136741.36,81259.79,0.0,0,0
Indiana,Monroe,18105,0.0,1080.0,3392.0,4461.0,1528.0,77161.0,3252.0,0.0,0,0
Indiana,Montgomery,18107,0.0,18457.0,58422.0,48025.0,14992.0,2428294.0,77484.0,0.0,0,0
Indiana,Morgan,18109,0.0,2134.0,6115.0,4821.0,2363.0,522901.82,19707.0,0.0,0,0
Indiana,Newton,18111,0.0,46548.0,162438.0,162699.0,43616.0,2015958.0,31139.0,0.0,0,0
Indiana,Noble,18113,0.0,29121.0,96379.0,83630.0,26745.0,796999.0,53417.0,0.0,0,0
Indiana,Ohio,18115,0.0,764.0,2692.0,4627.0,1267.0,3658.0,363.0,0.0,0,0
Indiana,Orange,18117,0.0,7623.0,31880.0,29098.0,8911.0,167371.0,42338.0,0.0,0,0
Indiana,Owen,18119,0.0,1203.0,3699.0,4561.0,1426.0,240687.0,25695.0,0.0,0,0
Indiana,Parke,18121,0.0,13883.0,39371.0,32914.0,13007.0,1067279.0,89217.0,0.0,0,0
Indiana,Perry,18123,0.0,7083.0,22944.0,20452.0,6208.0,154080.0,13702.0,0.0,0,0
Indiana,Pike,18125,0.0,8742.0,28690.0,22768.0,7795.0,481945.0,42448.0,0.0,0,0
Indiana,Porter,18127,0.0,21304.0,62134.0,61420.0,17198.44,1115602.35,48213.0,0.0,0,0
Indiana,Posey,18129,0.0,135027.0,345675.0,224164.0,95184.0,2779352.0,652350.0,0.0,0,0
Indiana,Pulaski,18131,0.0,27172.0,105844.0,103338.0,27126.0,1892254.0,28317.0,0.0,0,0
Indiana,Putnam,18133,0.0,36832.0,136741.0,125055.0,35717.0,1032643.0,64342.0,0.0,0,0
Indiana,Randolph,18135,0.0,23049.0,77224.0,62550.0,19650.0,1331620.0,121659.0,0.0,0,0
Indiana,Ripley,18137,0.0,13464.0,50613.0,48646.0,13069.0,79458.0,35462.0,0.0,0,0
Indiana,Rush,18139,0.0,35351.0,122782.0,124929.0,37873.0,1454966.0,61647.0,0.0,0,0
Indiana,St. Joseph,18141,0.0,47674.0,179961.0,191258.0,52228.0,922150.0,36224.0,0.0,0,0
Indiana,Scott,18143,0.0,2866.0,12402.0,10745.0,4976.0,60848.0,16305.0,0.0,0,0
Indiana,Shelby,18145,0.0,30436.0,102031.0,99598.0,31350.0,1321782.0,73619.0,0.0,0,0
Indiana,Spencer,18147,0.0,22068.0,79748.0,59920.0,19322.0,993874.0,121440.02,0.0,0,0
Indiana,Starke,18149,0.0,5062.0,19146.0,20589.0,5745.0,1065649.0,12990.0,0.0,0,0
Indiana,Steuben,18151,0.0,3308.0,15593.0,10667.0,9157.0,594860.0,80573.0,0.0,0,0
Indiana,Sullivan,18153,0.0,37622.0,124147.0,108095.0,33289.0,1189656.0,112112.0,0.0,0,0
Indiana,Switzerland,18155,0.0,3438.0,11368.0,10691.0,2926.0,15196.0,842.0,0.0,0,0
Indiana,Tippecanoe,18157,0.0,26774.0,93359.0,85047.0,23095.0,1873536.0,62742.0,0.0,0,0
Indiana,Tipton,18159,0.0,24114.0,113686.0,114431.0,31176.0,1298720.0,31687.0,0.0,0,0
Indiana,Union,18161,0.0,17646.0,65390.0,62000.0,17238.0,673095.26,31130.0,0.0,0,0
Indiana,Vanderburgh,18163,0.0,7207.0,34068.0,30440.0,9612.0,910482.0,159832.0,0.0,0,0
Indiana,Vermillion,18165,0.0,2813.0,11141.0,11439.0,3134.0,389734.0,18775.0,0.0,0,0
Indiana,Vigo,18167,0.0,37199.0,115615.0,118072.0,41564.0,833039.0,47174.0,0.0,0,0
Indiana,Wabash,18169,0.0,27039.0,97690.0,70518.0,23082.0,1282093.0,150653.0,0.0,0,0
Indiana,Warren,18171,0.0,27821.0,93809.0,93846.0,27479.62,1481239.0,59683.0,0.0,0,0
Indiana,Warrick,18173,0.0,6115.0,66430.0,55854.0,16797.0,926819.0,113791.0,0.0,0,0
Indiana,Washington,18175,0.0,22406.0,70383.0,64300.0,19837.0,349617.0,39131.0,0.0,0,0
Indiana,Wayne,18177,0.0,14921.0,45727.0,41107.0,13221.0,1124196.06,83971.0,0.0,0,0
Indiana,Wells,18179,0.0,59102.0,200822.0,169528.0,57816.0,1506371.0,143992.0,0.0,0,0
Indiana,White,18181,0.0,56462.0,212068.0,197318.0,57567.0,2121283.0,39584.0,0.0,0,0
Indiana,Whitley,18183,0.0,106848.0,319931.0,222342.0,76494.0,1067498.0,173179.0,0.0,0,0
Iowa,Adair,19001,0.0,45220.0,212126.0,218654.0,61535.0,1533946.0,2367.0,0.0,0,0
Iowa,Adams,19003,0.0,34762.0,147075.0,138547.63,42439.0,1068160.48,5430.0,0.0,0,0
Iowa,Allamakee,19005,0.0,6043.0,22866.0,36940.0,12454.0,1610578.0,2689.0,0.0,0,0
Iowa,Appanoose,19007,0.0,34141.0,134648.0,129395.0,32307.0,178256.0,4440.0,0.0,0,0
Iowa,Audubon,19009,0.0,11379.0,42833.0,42633.0,11346.0,2162073.0,435.0,0.0,0,0
Iowa,Benton,19011,0.0,72543.0,270538.0,270635.0,70038.0,3681561.0,273.0,0.0,0,0
Iowa,Black Hawk,19013,0.0,20908.0,83863.0,81258.0,21752.0,2643417.0,1397.0,0.0,0,0
Iowa,Boone,19015,0.0,817.0,18647.0,30444.0,9286.0,2771600.0,0.0,0.0,0,0
Iowa,Bremer,19017,0.0,3995.0,14381.0,13790.0,3656.0,2418327.0,14.0,0.0,0,0
Iowa,Buchanan,19019,0.0,10705.0,93214.0,106347.0,27708.0,3477568.0,719.0,0.0,0,0
Iowa,Buena Vista,19021,0.0,7534.0,51370.0,49875.0,13770.0,2992343.25,0.0,0.0,0,0
Iowa,Butler,19023,0.0,24473.0,93010.0,93140.0,24515.0,2925067.0,397.0,0.0,0,0
Iowa,Calhoun,19025,0.0,14763.0,47946.0,56409.0,14648.0,3180724.0,0.0,0.0,0,0
Iowa,Carroll,19027,0.0,19057.0,81976.0,84231.0,22427.0,3499351.0,269.0,0.0,0,0
Iowa,Cass,19029,0.0,61381.0,224614.0,242611.0,61193.0,2319256.0,9490.0,0.0,0,0
Iowa,Cedar,19031,0.0,15532.0,60506.0,62730.0,16968.0,3498983.0,390.0,0.0,0,0
Iowa,Cerro Gordo,19033,0.0,7303.0,27223.0,22254.0,7188.0,3269803.0,246.0,0.0,0,0
Iowa,Cherokee,19035,0.0,9293.0,34564.0,34477.0,9132.0,2843409.0,0.0,0.0,0,0
Iowa,Chickasaw,19037,0.0,1563.0,6434.0,6039.0,1618.0,2842313.0,1065.0,0.0,0,0
Iowa,Clarke,19039,0.0,96811.0,346379.0,359647.0,94710.0,518318.0,7080.0,0.0,0,0
Iowa,Clay,19041,0.0,16541.0,42130.0,30595.0,8232.0,2500235.0,48.0,0.0,0,0
Iowa,Clayton,19043,0.0,4318.0,25359.0,25704.0,8588.0,2901183.0,1617.0,0.0,0,0
Iowa,Clinton,19045,0.0,17623.0,70102.0,69670.0,19360.0,3423592.0,5211.0,0.0,0,0
Iowa,Crawford,19047,0.0,51938.0,198812.0,197575.0,52345.0,3726483.0,994.0,0.0,0,0
Iowa,Dallas,19049,0.0,39400.0,151335.0,155160.0,41345.0,2087572.0,1048.0,0.0,0,0
Iowa,Davis,19051,0.0,102117.0,405536.0,396452.0,107725.0,654824.0,20462.0,0.0,0,0
Iowa,Decatur,19053,0.0,52634.0,199359.0,194502.0,52729.0,324574.0,10881.0,0.0,0,0
Iowa,Delaware,19055,0.0,18142.0,77379.0,104018.0,27654.0,3470159.07,1515.0,0.0,0,0
Iowa,Des Moines,19057,0.0,38689.0,144687.0,147035.0,38960.0,1167875.0,11061.0,0.0,0,0
Iowa,Dickinson,19059,0.0,1202.0,5055.0,5883.0,2026.0,1365838.0,722.0,0.0,0,0
Iowa,Dubuque,19061,0.0,10365.0,35667.0,35024.0,9841.0,2513106.0,637.0,0.0,0,0
Iowa,Emmet,19063,0.0,20821.0,75334.0,49398.0,13722.0,1875806.0,0.0,0.0,0,0
Iowa,Fayette,19065,0.0,22604.0,82658.0,78194.0,22623.0,3451017.0,554.0,0.0,0,0
Iowa,Floyd,19067,0.0,2861.0,13392.0,14278.0,3757.0,2718238.0,338.0,0.0,0,0
Iowa,Franklin,19069,0.0,17617.0,67987.0,43902.0,11403.0,3431044.0,481.0,0.0,0,0
Iowa,Fremont,19071,0.0,85879.0,273118.0,274858.0,84552.0,1152608.0,2180.0,0.0,0,0
Iowa,Greene,19073,0.0,30040.0,125424.0,128705.0,33835.0,2950930.0,648.0,0.0,0,0
Iowa,Grundy,19075,0.0,7382.0,27860.0,27819.0,7387.0,3467781.0,28.0,0.0,0,0
Iowa,Guthrie,19077,0.0,48894.0,181578.0,181447.0,48555.0,2021349.0,8776.0,0.0,0,0
Iowa,Hamilton,19079,0.0,18079.0,93145.0,101389.0,26984.0,3260953.0,0.0,0.0,0,0
Iowa,Hancock,19081,0.0,12298.0,62667.0,52408.0,17018.0,3229199.0,0.0,0.0,0,0
Iowa,Hardin,19083,0.0,39361.0,269919.0,266975.0,85968.0,3508398.99,3.0,0.0,0,0
Iowa,Harrison,19085,0.0,15101.0,57450.0,55765.0,14977.0,2965099.26,4252.0,0.0,0,0
Iowa,Henry,19087,0.0,97683.0,373209.0,379585.0,103556.0,1345286.0,8428.0,0.0,0,0
Iowa,Howard,19089,0.0,13598.0,48114.0,47306.0,13592.0,2254728.0,0.0,0.0,0,0
Iowa,Humboldt,19091,0.0,8168.0,40784.0,35471.0,11261.0,2440575.0,0.0,0.0,0,0
Iowa,Ida,19093,0.0,15224.0,57268.0,56674.0,15055.0,2497583.0,545.0,0.0,0,0
Iowa,Iowa,19095,0.0,69546.0,259723.0,265490.0,71172.0,2378604.0,1500.0,0.0,0,0
Iowa,Jackson,19097,0.0,32181.0,98749.0,98742.0,30374.0,1444405.0,1986.0,0.0,0,0
Iowa,Jasper,19099,0.0,50182.5,194183.0,201799.0,55739.0,3055723.0,117.0,0.0,0,0
Iowa,Jefferson,19101,0.0,158562.0,596722.0,598094.0,161140.0,1053822.0,14489.0,0.0,0,0
Iowa,Johnson,19103,0.0,48928.0,179641.0,191204.0,52247.0,1913764.0,43.0,0.0,0,0
Iowa,Jones,19105,0.0,20456.0,79174.0,85661.0,26649.0,2893762.0,5356.0,0.0,0,0
Iowa,Keokuk,19107,0.0,430022.0,1613514.0,1587755.0,426316.0,2126051.0,5101.0,0.0,0,0
Iowa,Kossuth,19109,0.0,15087.0,71865.0,71789.0,19264.0,5730757.0,130.0,0.0,0,0
Iowa,Lee,19111,0.0,196920.0,746626.0,737154.0,200382.0,1072336.0,19514.0,0.0,0,0
Iowa,Linn,19113,0.0,7404.0,26017.0,38124.0,12411.0,2715586.0,25.0,0.0,0,0
Iowa,Louisa,19115,0.0,58445.0,237885.0,233353.0,63726.0,1350717.0,6684.0,0.0,0,0
Iowa,Lucas,19117,0.0,64519.0,214732.0,210033.0,59759.0,400093.0,4681.0,0.0,0,0
Iowa,Lyon,19119,0.0,17428.0,62678.0,62670.0,19730.0,2969159.0,287.0,0.0,0,0
Iowa,Madison,19121,0.0,24808.0,109365.0,110156.0,30089.0,1041253.0,5349.0,0.0,0,0
Iowa,Mahaska,19123,0.0,26603.0,99980.0,96578.0,27208.0,2122780.0,753.0,0.0,0,0
Iowa,Marion,19125,0.0,28050.0,105493.0,105324.0,29205.0,1234397.0,5395.0,0.0,0,0
Iowa,Marshall,19127,0.0,14137.0,51732.0,51361.0,13810.0,3056748.0,224.0,0.0,0,0
Iowa,Mills,19129,0.0,57755.0,208462.0,208765.0,57162.0,1536002.0,2061.0,0.0,0,0
Iowa,Mitchell,19131,0.0,6432.0,24090.0,23778.0,5713.0,2828275.0,162.0,0.0,0,0
Iowa,Monona,19133,0.0,5942.0,22456.0,42296.0,11444.0,3079066.0,765.0,0.0,0,0
Iowa,Monroe,19135,0.0,22802.0,77505.0,69527.0,19298.0,309902.0,3708.0,0.0,0,0
Iowa,Montgomery,19137,0.0,22866.0,79880.0,78232.0,21765.0,1675576.0,13207.0,0.0,0,0
Iowa,Muscatine,19139,0.0,4084.0,15437.0,17938.0,5200.0,1635364.0,161.0,0.0,0,0
Iowa,O'Brien,19141,0.0,16472.0,61102.0,60772.0,16139.0,3162048.92,94.0,0.0,0,0
Iowa,Osceola,19143,0.0,4081.0,14212.0,13629.0,3617.0,2047353.0,1228.0,0.0,0,0
Iowa,Page,19145,0.0,76820.0,288212.0,284078.0,77572.0,1498984.0,2747.0,0.0,0,0
Iowa,Palo Alto,19147,0.0,7752.0,26447.0,22491.0,6023.0,2958206.0,21.0,0.0,0,0
Iowa,Plymouth,19149,0.0,10018.0,39439.0,38887.0,10440.0,4387698.0,3100.0,0.0,0,0
Iowa,Pocahontas,19151,0.0,1697.0,8507.0,8090.0,616.0,3057276.0,0.0,0.0,0,0
Iowa,Polk,19153,0.0,20231.0,79847.0,81087.0,22624.0,1468911.0,374.0,0.0,0,0
Iowa,E Pottawattamie,19155,0.0,27901.0,95035.0,99172.0,25788.0,2202224.0,1527.0,0.0,0,0
Iowa,W Pottawattamie,19156,0.0,24570.0,102992.54,111121.0,30700.0,1675255.0,2376.0,0.0,0,0
Iowa,Poweshiek,19157,0.0,14633.0,56246.0,51687.0,13834.0,2201400.51,1186.0,0.0,0,0
Iowa,Ringgold,19159,0.0,34513.0,129093.0,112197.0,34494.0,888484.5,26998.0,0.0,0,0
Iowa,Sac,19161,0.0,8645.0,34566.0,34742.0,9151.0,3249118.0,68.0,0.0,0,0
Iowa,Scott,19163,0.0,13788.0,53041.0,56233.0,15610.0,2180074.0,1607.0,0.0,0,0
Iowa,Shelby,19165,0.0,11965.0,44557.0,45320.0,12063.0,3621827.0,1519.0,0.0,0,0
Iowa,Sioux,19167,0.0,51148.0,200314.0,202986.0,50736.0,4532602.0,810.0,0.0,0,0
Iowa,Story,19169,0.0,24919.0,128599.0,150077.0,41406.0,2839948.0,48.0,0.0,0,0
Iowa,Tama,19171,0.0,15436.0,55628.0,63245.0,17936.0,3243604.0,737.0,0.0,0,0
Iowa,Taylor,19173,0.0,40821.0,144113.0,138849.0,38326.0,1033114.0,15234.0,0.0,0,0
Iowa,Union,19175,0.0,23347.0,73362.0,73626.0,19533.0,321498.0,1096.0,0.0,0,0
Iowa,Van Buren,19177,0.0,62306.0,228150.0,218219.0,61187.0,589446.0,13657.0,0.0,0,0
Iowa,Wapello,19179,0.0,104436.0,391663.0,386037.0,103431.0,864756.0,5466.0,0.0,0,0
Iowa,Warren,19181,0.0,32693.0,127009.0,126668.0,34326.0,937707.0,4056.67,0.0,0,0
Iowa,Washington,19183,0.0,603888.0,2251342.25,2239426.0,592248.0,2376605.0,9783.0,0.0,0,0
Iowa,Wayne,19185,0.0,167887.0,587367.0,598145.0,161749.0,763156.55,6453.0,0.0,0,0
Iowa,Webster,19187,0.0,14178.0,57494.0,58405.0,15585.0,3515397.0,15.0,0.0,0,0
Iowa,Winnebago,19189,0.0,170.0,271.0,61.0,287.0,2588375.0,532.0,0.0,0,0
Iowa,Winneshiek,19191,0.0,5981.0,26249.0,30048.0,7990.0,2850646.0,3767.0,0.0,0,0
Iowa,Woodbury,19193,0.0,22189.0,85413.0,84688.0,33225.0,4355866.0,2715.0,0.0,0,0
Iowa,Worth,19195,0.0,6798.0,22292.0,22157.0,5934.0,2164870.0,302.0,0.0,0,0
Iowa,Wright,19197,0.0,6954.0,46948.0,43984.0,11798.0,3232384.0,0.0,0.0,0,0
Kansas,Allen,20001,0.0,578514.0,1465904.0,920968.0,493962.0,1170368.0,367549.67,0.0,0,0
Kansas,Anderson,20003,0.0,208328.0,522575.0,384783.0,192982.0,545914.0,134208.0,0.0,0,0
Kansas,Atchison,20005,0.0,438359.0,1268690.0,1093976.0,441653.0,843603.0,63550.82,0.0,0,0
Kansas,Barber,20007,85505.0,387384.0,649001.0,385430.0,337089.0,3519690.0,1652776.0,0.0,0,0
Kansas,Barton,20009,22.0,2180104.0,4872951.77,2796635.0,1811108.0,6938253.0,2301621.0,0.0,0,0
Kansas,Bourbon,20011,0.0,394766.0,670913.0,561127.0,391917.0,534145.28,147419.0,0.0,0,0
Kansas,Brown,20013,0.0,81018.0,256266.0,222919.0,82109.0,1647563.0,99430.0,0.0,0,0
Kansas,Butler,20015,0.0,1118629.0,2498600.0,1591035.0,1068409.0,2394005.0,727989.0,0.0,0,0
Kansas,Chase,20017,0.0,128788.0,281344.0,170438.0,105151.0,421518.0,156061.0,0.0,0,0
Kansas,Chautauqua,20019,0.0,15467.0,18715.0,28053.0,19943.0,81607.0,34999.0,0.0,0,0
Kansas,Cherokee,20021,0.0,372455.0,908786.0,540918.0,294141.0,1833160.0,865255.0,0.0,0,0
Kansas,Cheyenne,20023,0.0,394897.0,889007.0,664831.75,466668.0,6852917.0,2786055.0,0.0,0,0
Kansas,Clark,20025,2069.0,2312830.0,5335597.95,3002909.0,1777730.0,4200887.0,1645917.0,0.0,0,0
Kansas,Clay,20027,0.0,409470.0,950781.97,572674.0,400166.0,3216639.0,986293.0,0.0,0,0
Kansas,Cloud,20029,0.0,467894.0,1014429.0,588497.0,426625.0,5882473.0,1869703.0,0.0,0,0
Kansas,Coffey,20031,0.0,366017.0,832305.0,583495.0,338125.29,1055354.0,301244.0,0.0,0,0
Kansas,Comanche,20033,0.0,21541.0,55103.0,27330.0,13211.0,22351.0,7341.0,0.0,0,0
Kansas,Cowley,20035,0.0,800344.0,1842987.0,1031212.0,714599.98,2985752.0,1236980.0,0.0,0,0
Kansas,Crawford,20037,0.0,530010.0,1127683.0,662063.0,512224.0,1742010.0,611783.0,0.0,0,0
Kansas,Decatur,20039,0.0,239254.0,532285.0,300534.0,209482.0,4960699.0,1719439.0,0.0,0,0
Kansas,Dickinson,20041,303.0,1175266.0,2534170.0,1495568.0,1063834.0,6892426.52,2739529.0,0.0,0,0
Kansas,Doniphan,20043,0.0,159978.0,607003.0,582951.0,168620.0,1254859.0,14034.0,0.0,0,0
Kansas,Douglas,20045,0.0,109185.0,287722.0,207377.0,117064.0,596540.0,119873.0,0.0,0,0
Kansas,Edwards,20047,0.0,904262.99,1818038.11,1080008.0,870526.0,5193512.0,1550292.0,0.0,0,0
Kansas,Elk,20049,0.0,56108.0,121432.0,74055.0,59256.0,86564.0,25014.0,0.0,0,0
Kansas,Ellis,20051,0.0,2070886.0,4502373.78,2572172.87,1861086.76,4867424.0,1697843.0,0.0,0,0
Kansas,Ellsworth,20053,0.0,1069473.0,2237999.0,1280370.0,967458.0,4385916.0,1701798.0,0.0,0,0
Kansas,Finney,20055,28.0,3813592.0,7960107.5,4860994.0,3124198.0,9621965.97,2704751.0,0.0,0,0
Kansas,Ford,20057,0.0,4196704.0,8970872.21,5543209.0,3691131.0,9491766.0,2980330.0,0.0,0,0
Kansas,Franklin,20059,0.0,225927.0,488916.0,316687.0,223044.0,710831.0,170082.0,0.0,0,0
Kansas,Geary,20061,0.0,142051.0,277128.0,151819.0,99243.0,312712.0,85541.0,0.0,0,0
Kansas,Gove,20063,0.0,1509735.0,3310156.44,2125656.0,1286867.0,2350735.71,615281.0,0.0,0,0
Kansas,Graham,20065,0.0,1850231.0,3860979.85,2405444.51,1793985.0,4581172.0,1240301.28,0.0,0,0
Kansas,Grant,20067,0.0,1131911.0,2543930.86,1512532.0,1040573.0,4115047.02,1189435.0,0.0,0,0
Kansas,Gray,20069,2734.0,3455078.16,7404349.08,4417462.0,3014547.0,8625218.0,2215313.0,0.0,0,0
Kansas,Greeley,20071,0.0,1734554.59,3877449.1599999997,2522100.0,1469362.0,5813427.0,2208084.0,0.0,0,0
Kansas,Greenwood,20073,0.0,219261.0,416184.0,266397.0,182622.0,458467.0,131915.0,0.0,0,0
Kansas,Hamilton,20075,0.0,2434961.0,5480073.76,3148740.9,1808277.0,4938698.68,1827642.0,0.0,0,0
Kansas,Harper,20077,41318.0,571458.49,1316330.0,681986.0,371353.0,7451010.0,3611174.0,0.0,0,0
Kansas,Harvey,20079,705.0,1836771.34,3843999.0,2402004.85,1785152.0,5493600.0,1847973.0,0.0,0,0
Kansas,Haskell,20081,0.0,1374590.48,3269595.62,1827030.0,1118048.0,6662877.0,1576827.0,0.0,0,0
Kansas,Hodgeman,20083,0.0,2762858.94,6333409.72,3519801.0,2045385.0,4983829.0,1762888.0,0.0,0,0
Kansas,Jackson,20085,0.0,155563.0,380597.0,291651.0,153858.0,493737.0,80951.0,0.0,0,0
Kansas,Jefferson,20087,0.0,331724.0,856645.0,674251.0,329442.0,677014.0,65887.0,0.0,0,0
Kansas,Jewell,20089,0.0,817984.0,1801305.0,1064708.0,689325.0,5909631.0,1736025.0,0.0,0,0
Kansas,Johnson,20091,0.0,186933.78,456687.0,298156.0,162329.0,310905.0,85081.0,0.0,0,0
Kansas,Kearny,20093,0.0,2814350.0,5823424.720000001,3642892.0,2331368.0,6195048.0,1845714.0,0.0,0,0
Kansas,Kingman,20095,0.0,1103465.3,2896104.0,1500663.0,756742.7,6670284.0,3088250.37,0.0,0,0
Kansas,Kiowa,20097,622.0,640556.0,1289659.0,794381.98,616669.0,3738634.0,1114832.0,0.0,0,0
Kansas,Labette,20099,0.0,657707.0,1605367.0,860159.0,512432.0,1712189.0,658624.0,0.0,0,0
Kansas,Lane,20101,412.0,2089084.29,4415004.0,2690093.0,1983684.0,5967419.0,1932639.0,0.0,0,0
Kansas,Leavenworth,20103,0.0,195515.0,492182.0,381227.0,189579.0,322690.0,44362.0,0.0,0,0
Kansas,Lincoln,20105,1755.0,364324.0,715446.0,437527.0,364805.0,4613119.11,1660929.0,0.0,0,0
Kansas,Linn,20107,0.0,666737.0,1486041.0,904079.0,637845.0,1136068.0,322481.0,0.0,0,0
Kansas,Logan,20109,321.0,1131992.0,2474403.58,1516028.0,960433.0,6392393.0,2208158.0,0.0,0,0
Kansas,Lyon,20111,0.0,461117.0,967793.0,598672.0,494314.0,1001147.72,238297.0,0.0,0,0
Kansas,McPherson,20113,0.0,2484143.0,5727298.17,3522383.0,2100923.33,8152012.94,3224730.0,0.0,0,0
Kansas,Marion,20115,0.0,1433885.0,3048105.36,1841134.0,1375306.0,5488630.0,2037750.0,0.0,0,0
Kansas,Marshall,20117,0.0,886583.0,1779785.0,1095528.0,888512.0,4369725.0,872941.0,0.0,0,0
Kansas,Meade,20119,0.0,1597531.0,3768058.96,2163819.0,1289117.47,5194604.82,1493710.39,0.0,0,0
Kansas,Miami,20121,0.0,391570.0,910996.0,587572.0,381643.0,540590.0,122627.0,0.0,0,0
Kansas,Mitchell,20123,0.0,634177.0,1365694.28,787826.0,554524.0,8161168.0,2843807.0,0.0,0,0
Kansas,Montgomery,20125,0.0,302223.0,674823.0,421026.0,283192.0,1410027.0,618821.0,0.0,0,0
Kansas,Morris,20127,0.0,561757.0,1224684.0,701393.0,481602.0,1634339.79,538056.0,0.0,0,0
Kansas,Morton,20129,0.0,1652498.0,3530352.84,2009950.0,1348615.0,3625600.0,1079410.0,0.0,0,0
Kansas,Nemaha,20131,0.0,209602.0,518060.0,362097.0,219862.0,1606410.76,233450.0,0.0,0,0
Kansas,Neosho,20133,0.0,238464.0,618721.0,361949.0,191617.0,1314158.0,501743.0,0.0,0,0
Kansas,Ness,20135,0.0,2210750.0,4576814.96,2737183.0,2072878.0,6277030.0,2228440.88,0.0,0,0
Kansas,Norton,20137,0.0,353407.0,772941.0,492743.0,340256.0,4595095.0,1438912.0,0.0,0,0
Kansas,Osage,20139,0.0,254101.0,552299.0,360791.0,261833.0,637333.0,119328.0,0.0,0,0
Kansas,Osborne,20141,0.0,811765.0,1771323.0,1034614.0,756122.0,5270463.0,1626797.0,0.0,0,0
Kansas,Ottawa,20143,0.0,336790.0,786533.67,447275.0,273871.0,3756765.0,1610031.0,0.0,0,0
Kansas,Pawnee,20145,0.0,1827466.0,3864853.56,2350672.0,1650603.0,6580290.0,2182865.0,0.0,0,0
Kansas,Phillips,20147,0.0,842375.0,1776455.85,1094841.0,849304.0,5056606.29,1490717.0,0.0,0,0
Kansas,Pottawatomie,20149,0.0,177497.0,382247.0,251345.0,161748.0,930244.99,130784.0,0.0,0,0
Kansas,Pratt,20151,1427.0,756240.0,1690685.0,1081616.0,685720.0,6270762.7,2299931.0,0.0,0,0
Kansas,Rawlins,20153,0.0,1321348.0,2853625.0,1691706.0,1169986.0,6738739.0,2517980.0,0.0,0,0
Kansas,Reno,20155,1484.0,2848288.85,6718160.109999999,3819647.96,2320705.0,7764574.01,2988764.0,0.0,0,0
Kansas,Republic,20157,0.0,357762.0,827855.0,490976.0,297012.0,4356707.26,1102498.0,0.0,0,0
Kansas,Rice,20159,0.0,1566722.0,3462108.12,2126048.0,1455454.0,6410486.0,2300745.0,0.0,0,0
Kansas,Riley,20161,0.0,189517.0,360609.0,218948.0,166697.0,876700.0,189761.0,0.0,0,0
Kansas,Rooks,20163,0.0,935297.0,1822569.0,1107054.0,933794.0,5167930.92,1601455.0,0.0,0,0
Kansas,Rush,20165,0.0,2969416.58,6243744.4,3754261.0,2651078.0,5674706.0,1792539.0,0.0,0,0
Kansas,Russell,20167,0.0,1428791.01,2895650.23,1727500.0,1324712.0,4473447.0,1423139.0,0.0,0,0
Kansas,Saline,20169,0.0,563356.0,1228367.0,712436.16,524034.0,5294347.11,2262558.65,0.0,0,0
Kansas,Scott,20171,0.0,4788981.33,10158233.739999998,6356300.0,4277399.0,8525971.65,2433638.18,0.0,0,0
Kansas,Sedgwick,20173,70.0,1633360.0,3996852.1,2424530.0,1442628.0,5850752.0,2258736.91,0.0,0,0
Kansas,Seward,20175,0.0,786180.0,1667964.03,1052951.0,785338.0,4032622.0,941424.0,0.0,0,0
Kansas,Shawnee,20177,0.0,130062.0,313853.0,228087.0,113426.0,551228.0,70730.4,0.0,0,0
Kansas,Sheridan,20179,0.0,1890408.0,4657002.42,2688526.0,1446064.52,6507347.0,1681072.0,0.0,0,0
Kansas,Sherman,20181,0.0,572670.0,1585198.0,964440.0,562043.0,8250549.0,2922092.0,0.0,0,0
Kansas,Smith,20183,0.0,686219.0,1359523.0,835549.0,709381.0,6042656.49,1725618.0,0.0,0,0
Kansas,Stafford,20185,0.0,289363.0,550882.02,424966.0,345790.0,6301067.0,2268812.0,0.0,0,0
Kansas,Stanton,20187,0.0,2242069.62,4628408.18,2917519.0,1826245.0,5523259.0,1864911.0,0.0,0,0
Kansas,Stevens,20189,0.0,1496124.97,3210183.21,2042031.0,1291776.0,5505301.0,1171101.0,0.0,0,0
Kansas,Sumner,20191,5343.0,755459.0,1688594.0,964507.0,647686.0,11575842.0,5386315.03,0.0,0,0
Kansas,Thomas,20193,0.0,1015655.0,2540945.8,1778743.0,910202.0,9454695.0,2825323.04,0.0,0,0
Kansas,Trego,20195,0.0,1774831.0,3483131.0,2195417.0,1785365.0,4182451.0,1190037.0,0.0,0,0
Kansas,Wabaunsee,20197,0.0,169464.0,315619.0,205541.0,155239.0,361348.0,54536.0,0.0,0,0
Kansas,Wallace,20199,0.0,877813.0,2253886.2399999998,1369067.0,666465.0,3889698.0,1280581.0,0.0,0,0
Kansas,Washington,20201,0.0,468183.0,954939.0,585648.0,470774.0,4965820.0,1145770.0,0.0,0,0
Kansas,Wichita,20203,0.0,2687431.0,6261830.49,3630476.0,2209351.0,7063914.0,2204529.0,0.0,0,0
Kansas,Wilson,20205,0.0,328731.0,692154.0,453699.0,334923.0,1935569.0,720077.79,0.0,0,0
Kansas,Woodson,20207,0.0,273760.0,595424.0,362794.51,280632.0,721129.0,226309.0,0.0,0,0
Kansas,Wyandotte,20209,0.0,6630.0,23189.0,20609.0,7527.0,7308.0,2193.0,0.0,0,0
Kentucky,Adair,21001,0.0,21996.0,85283.18,77633.0,21118.0,132645.0,16806.0,0.0,0,0
Kentucky,Allen,21003,0.0,8729.0,28512.0,18038.0,7570.0,153709.5,51850.31,0.0,0,0
Kentucky,Anderson,21005,0.0,1875.0,6244.0,4100.0,916.0,7760.0,333.0,0.0,0,0
Kentucky,Ballard,21007,0.0,3442.0,12035.0,12743.0,4126.0,940331.0,266633.0,0.0,0,0
Kentucky,Barren,21009,0.0,41143.0,150224.0,129331.0,39494.0,359466.0,58122.0,0.0,0,0
Kentucky,Bath,21011,0.0,8795.0,39211.0,25418.0,8366.0,16123.0,850.0,0.0,0,0
Kentucky,Bell,21013,0.0,353.0,0.0,1406.0,186.0,365.0,0.0,0.0,0,0
Kentucky,Boone,21015,0.0,2452.0,9078.0,11748.0,3045.0,10227.0,957.0,0.0,0,0
Kentucky,Bourbon,21017,0.0,22495.0,88072.0,65760.0,19374.0,51968.0,6066.0,0.0,0,0
Kentucky,Boyd,21019,0.0,910.0,2374.0,1996.0,761.0,856.0,90.0,0.0,0,0
Kentucky,Boyle,21021,0.0,10302.0,39247.0,52631.0,15872.0,60248.0,11407.0,0.0,0,0
Kentucky,Bracken,21023,0.0,2542.0,7279.0,6143.0,1827.0,21321.0,2027.0,0.0,0,0
Kentucky,Breathitt,21025,0.0,2503.0,9222.0,8999.0,2401.0,3620.0,0.0,0.0,0,0
Kentucky,Breckinridge,21027,0.0,10869.0,40964.0,31244.0,11742.0,227698.0,84130.0,0.0,0,0
Kentucky,Bullitt,21029,0.0,309.0,474.0,3905.0,1299.0,31244.0,7142.0,0.0,0,0
Kentucky,Butler,21031,0.0,13633.0,40476.0,31559.0,9995.0,175976.0,18530.0,0.0,0,0
Kentucky,Caldwell,21033,0.0,163247.0,355569.0,190964.0,78895.0,906150.78,242181.0,0.0,0,0
Kentucky,Calloway,21035,0.0,34876.0,93489.0,51537.0,22599.0,1327835.63,456179.0,0.0,0,0
Kentucky,Campbell,21037,0.0,2158.0,7568.0,7189.0,2129.0,3286.0,264.0,0.0,0,0
Kentucky,Carlisle,21039,0.0,32353.0,86763.0,44768.0,20678.0,653494.0,156775.0,0.0,0,0
Kentucky,Carroll,21041,0.0,3083.0,5717.0,7603.0,2801.0,10282.0,1195.0,0.0,0,0
Kentucky,Carter,21043,0.0,4547.0,12048.0,9195.0,2477.0,7720.0,324.0,0.0,0,0
Kentucky,Casey,21045,0.0,2427.0,15000.0,16461.0,6005.0,109084.0,4412.0,0.0,0,0
Kentucky,Christian,21047,3572.0,596196.0,1622254.0,792884.0,352065.0,3433948.0,1144488.73,0.0,0,0
Kentucky,Clark,21049,0.0,23615.0,96780.0,77143.0,23298.0,61005.0,4072.0,0.0,0,0
Kentucky,Clay,21051,0.0,960.0,381.0,2173.0,384.0,167.0,0.0,0.0,0,0
Kentucky,Clinton,21053,0.0,7559.0,36670.0,45242.0,13531.0,23038.0,2383.0,0.0,0,0
Kentucky,Crittenden,21055,0.0,9585.0,32726.0,27618.0,10018.0,282683.0,49310.0,0.0,0,0
Kentucky,Cumberland,21057,0.0,13820.0,37877.0,44328.0,15110.0,31899.0,3641.0,0.0,0,0
Kentucky,Daviess,21059,0.0,11731.0,37992.0,29592.0,9413.0,661365.0,152051.0,0.0,0,0
Kentucky,Edmonson,21061,0.0,13085.0,40160.0,30668.0,10828.0,69089.0,10342.0,0.0,0,0
Kentucky,Elliott,21063,0.0,316.0,961.0,514.0,162.0,3323.0,929.0,0.0,0,0
Kentucky,Estill,21065,0.0,12969.0,47629.0,45273.0,11433.0,22748.0,607.0,0.0,0,0
Kentucky,Fayette,21067,0.0,62.0,3771.0,2243.0,745.0,45994.0,5854.0,0.0,0,0
Kentucky,Fleming,21069,0.0,2969.0,10927.0,9057.0,2855.0,173821.08,15333.0,0.0,0,0
Kentucky,Floyd,21071,0.0,0.0,0.0,4.0,1.0,2.0,0.0,0.0,0,0
Kentucky,Franklin,21073,0.0,1359.0,4451.0,3385.0,1069.0,3937.0,0.0,0.0,0,0
Kentucky,Fulton,21075,14292.0,159152.0,390166.0,263360.0,101590.0,896601.0,277198.0,0.0,0,0
Kentucky,Gallatin,21077,0.0,1643.0,576.0,1399.0,982.0,5998.0,127.0,0.0,0,0
Kentucky,Garrard,21079,0.0,5516.0,17784.0,19455.0,6440.0,31415.0,2780.0,0.0,0,0
Kentucky,Grant,21081,0.0,1811.0,6225.0,6775.0,2224.0,2290.0,96.0,0.0,0,0
Kentucky,Graves,21083,0.0,20416.0,64051.0,36129.0,15073.0,1929524.0,474199.0,0.0,0,0
Kentucky,Grayson,21085,0.0,9856.0,38276.0,31318.0,10255.0,184332.18,20544.94,0.0,0,0
Kentucky,Green,21087,0.0,1245.0,4942.0,4979.0,1627.0,99017.0,7706.0,0.0,0,0
Kentucky,Greenup,21089,0.0,0.0,1276.0,3068.0,984.0,11900.0,338.0,0.0,0,0
Kentucky,Hancock,21091,0.0,168.0,1424.0,2203.0,648.0,115783.0,50099.0,0.0,0,0
Kentucky,Hardin,21093,0.0,11184.0,39863.0,28998.0,10533.0,455893.0,81460.0,0.0,0,0
Kentucky,Harlan,21095,0.0,0.0,0.0,0.0,0.0,0.0,0.0,0.0,0,0
Kentucky,Harrison,21097,0.0,4904.0,21059.0,19667.0,5791.0,25743.0,1909.0,0.0,0,0
Kentucky,Hart,21099,0.0,14824.0,55076.0,48847.0,16787.0,108018.0,8452.0,0.0,0,0
Kentucky,Henderson,21101,0.0,23337.0,87676.0,77473.0,13300.0,1332594.0,111274.0,0.0,0,0
Kentucky,Henry,21103,0.0,11629.0,32453.0,21774.0,9927.0,71710.0,16643.0,0.0,0,0
Kentucky,Hickman,21105,0.0,95369.0,252888.0,128827.0,55509.0,1233691.0,417087.0,0.0,0,0
Kentucky,Hopkins,21107,0.0,18271.0,36676.0,46201.67,16343.0,393974.0,32248.0,0.0,0,0
Kentucky,Jackson,21109,0.0,0.0,0.0,147.0,40.0,3922.0,0.0,0.0,0,0
Kentucky,Jefferson,21111,0.0,581.0,2913.0,4078.0,1113.0,12198.0,811.0,0.0,0,0
Kentucky,Jessamine,21113,0.0,624.0,2872.0,9083.0,2570.0,14274.0,1047.0,0.0,0,0
Kentucky,Johnson,21115,0.0,93.0,347.0,473.0,128.0,289.0,0.0,0.0,0,0
Kentucky,Kenton,21117,0.0,1168.0,6258.0,5047.0,1372.0,1688.0,174.0,0.0,0,0
Kentucky,Knott,21119,0.0,0.0,0.0,0.0,0.0,0.0,0.0,0.0,0,0
Kentucky,Knox,21121,0.0,3851.0,684.0,10079.0,1236.0,5429.0,780.0,0.0,0,0
Kentucky,Larue,21123,0.0,10323.0,30661.0,23465.0,8349.0,387701.0,55316.0,0.0,0,0
Kentucky,Laurel,21125,0.0,1160.0,4414.0,5148.0,1523.0,14503.0,565.0,0.0,0,0
Kentucky,Lawrence,21127,0.0,906.0,4493.0,3140.0,615.0,1902.0,0.0,0.0,0,0
Kentucky,Lee,21129,0.0,2497.0,8816.0,8723.0,2133.0,4212.0,0.0,0.0,0,0
Kentucky,Leslie,21131,0.0,0.0,0.0,0.0,0.0,0.0,0.0,0.0,0,0
Kentucky,Letcher,21133,0.0,0.0,0.0,0.0,0.0,0.0,0.0,0.0,0,0
Kentucky,Lewis,21135,0.0,1825.0,6159.0,3562.0,1447.0,35480.0,2047.0,0.0,0,0
Kentucky,Lincoln,21137,0.0,31756.0,94793.0,89922.0,30129.0,138482.0,8803.0,0.0,0,0
Kentucky,Livingston,21139,0.0,16434.0,47404.0,29549.0,13544.0,338853.0,67997.0,0.0,0,0
Kentucky,Logan,21141,0.0,730487.0,1761409.0,981985.0,412962.0,2453005.99,988359.0,0.0,0,0
Kentucky,Lyon,21143,0.0,21218.0,56321.0,31482.0,11924.0,184057.0,49941.0,0.0,0,0
Kentucky,McCracken,21145,0.0,4547.0,13911.0,14970.0,8850.0,335125.0,86581.0,0.0,0,0
Kentucky,McCreary,21147,0.0,731.0,2959.0,3014.0,821.0,1395.0,0.0,0.0,0,0
Kentucky,McLean,21149,0.0,95845.0,371894.0,136726.0,93196.0,811094.0,158948.0,0.0,0,0
Kentucky,Madison,21151,0.0,24142.0,79254.0,73788.0,20670.0,41038.0,3097.0,0.0,0,0
Kentucky,Magoffin,21153,0.0,2156.0,7038.0,8528.0,2376.0,4018.0,0.0,0.0,0,0
Kentucky,Marion,21155,0.0,14525.0,38558.0,22552.0,9247.0,433297.0,92842.0,0.0,0,0
Kentucky,Marshall,21157,0.0,2273.0,8353.0,5047.0,2222.0,337139.0,91170.0,0.0,0,0
Kentucky,Martin,21159,0.0,0.0,0.0,0.0,0.0,0.0,0.0,0.0,0,0
Kentucky,Mason,21161,0.0,12566.0,43097.0,40829.0,12084.0,137885.0,15033.0,0.0,0,0
Kentucky,Meade,21163,0.0,14762.0,41957.0,24129.0,9703.0,340123.0,131920.0,0.0,0,0
Kentucky,Menifee,21165,0.0,659.0,3667.0,2348.0,624.0,328.0,0.0,0.0,0,0
Kentucky,Mercer,21167,0.0,10887.0,46205.0,52095.0,16221.0,96119.0,8916.0,0.0,0,0
Kentucky,Metcalfe,21169,0.0,5311.0,22191.0,18758.0,5786.0,69561.0,10279.0,0.0,0,0
Kentucky,Monroe,21171,0.0,3475.0,11392.0,9143.0,3262.0,136803.0,21011.0,0.0,0,0
Kentucky,Montgomery,21173,0.0,15548.0,59732.0,55237.0,13325.0,9318.0,712.0,0.0,0,0
Kentucky,Morgan,21175,0.0,4065.0,15636.0,17827.0,4496.0,7166.0,0.0,0.0,0,0
Kentucky,Muhlenberg,21177,0.0,18913.0,73449.0,49159.0,20390.0,294861.0,38067.0,0.0,0,0
Kentucky,Nelson,21179,0.0,37398.0,126001.0,90946.0,34163.0,381060.57,89783.0,0.0,0,0
Kentucky,Nicholas,21181,0.0,5431.0,17206.0,12173.0,4035.0,9774.0,2826.0,0.0,0,0
Kentucky,Ohio,21183,0.0,10081.0,38666.0,38509.0,10907.0,100907.0,18010.0,0.0,0,0
Kentucky,Oldham,21185,0.0,9420.0,19465.0,17451.0,5459.0,67663.0,10991.0,0.0,0,0
Kentucky,Owen,21187,0.0,3854.0,25505.0,27554.0,10042.0,6970.0,1074.0,0.0,0,0
Kentucky,Owsley,21189,0.0,1171.0,2292.0,1646.0,373.0,1548.0,215.0,0.0,0,0
Kentucky,Pendleton,21191,0.0,4803.0,21698.0,20884.0,5537.0,16673.0,509.0,0.0,0,0
Kentucky,Perry,21193,0.0,5.0,18.0,18.0,5.0,8.0,0.0,0.0,0,0
Kentucky,Pike,21195,0.0,0.0,0.0,121.0,32.0,50.0,0.0,0.0,0,0
Kentucky,Powell,21197,0.0,2751.0,15477.0,17643.0,4738.0,4306.0,0.0,0.0,0,0
Kentucky,Pulaski,21199,0.0,93151.0,312929.0,282474.0,81785.0,167604.0,29009.0,0.0,0,0
Kentucky,Robertson,21201,0.0,449.0,1423.0,1630.0,258.0,2698.0,1.0,0.0,0,0
Kentucky,Rockcastle,21203,0.0,12646.0,44614.0,38844.0,8052.0,20170.0,1128.0,0.0,0,0
Kentucky,Rowan,21205,0.0,21.0,362.0,77.0,21.0,13068.0,102.0,0.0,0,0
Kentucky,Russell,21207,0.0,23073.0,79584.0,81734.0,21325.0,66424.0,9416.0,0.0,0,0
Kentucky,Scott,21209,0.0,287.0,9518.0,11582.0,5110.0,40534.0,4607.0,0.0,0,0
Kentucky,Shelby,21211,0.0,13225.0,45350.0,37895.0,13182.0,193291.0,46577.0,0.0,0,0
Kentucky,Simpson,21213,6978.0,315890.0,798034.0,415339.0,201321.0,1446307.0,645481.0,0.0,0,0
Kentucky,Spencer,21215,0.0,9269.0,23705.0,22244.0,8529.0,23931.0,5155.0,0.0,0,0
Kentucky,Taylor,21217,0.0,4072.0,20248.0,15587.0,5770.0,287710.0,47745.0,0.0,0,0
Kentucky,Todd,21219,1981.0,290809.0,755388.0,373003.0,166189.0,1748656.0,606748.0,0.0,0,0
Kentucky,Trigg,21221,0.0,60975.0,158666.0,81215.0,35654.0,586761.0,183723.0,0.0,0,0
Kentucky,Trimble,21223,0.0,6290.0,27609.0,14460.0,7048.0,40681.0,11419.0,0.0,0,0
Kentucky,Union,21225,0.0,80080.0,305350.0,82103.0,67488.0,1626102.0,173621.0,0.0,0,0
Kentucky,Warren,21227,0.0,283842.0,721814.0,358047.0,148090.0,973285.0,303797.0,0.0,0,0
Kentucky,Washington,21229,0.0,4754.0,21751.0,19926.0,5866.0,139429.0,27329.0,0.0,0,0
Kentucky,Wayne,21231,0.0,23548.0,63521.0,34288.0,14684.0,134695.0,25334.0,0.0,0,0
Kentucky,Webster,21233,0.0,24166.0,75914.0,68636.0,19314.0,670353.0,52825.0,0.0,0,0
Kentucky,Whitley,21235,0.0,4581.0,4050.0,6640.0,1915.0,5642.0,349.0,0.0,0,0
Kentucky,Wolfe,21237,0.0,4333.0,13238.0,15435.0,4124.0,4973.0,29.0,0.0,0,0
Kentucky,Woodford,21239,0.0,6402.0,23802.0,20472.0,5820.0,22314.0,2271.0,0.0,0,0
Louisiana,Acadia,22001,12669749.67,17804080.19,25457442.0,15596436.32,19445831.0,12123061.61,8818621.99,2511243.0,0,0
Louisiana,Allen,22003,2609239.29,3644695.4899999998,5127317.9799999995,3142365.36,3996494.49,2379810.0,1709087.09,476810.49,0,0
Louisiana,Ascension,22005,0.0,9133.0,23546.0,10391.0,2617.0,6141.0,3000.0,0.0,0,0
Louisiana,Assumption,22007,0.0,7181.0,12208.0,6638.0,3761.0,18682.0,9285.0,0.0,0,0
Louisiana,Avoyelles,22009,1492909.0,2284580.81,3260628.5700000003,2319626.93,2782444.0,3913561.86,1906680.0,265500.0,0,0
Louisiana,Beauregard,22011,444732.0,682493.0,1029891.0,611722.0,697902.0,441013.0,292401.0,48629.0,0,0
Louisiana,Bienville,22013,0.0,0.0,0.0,0.0,0.0,0.0,0.0,0.0,0,0
Louisiana,Bossier,22015,5722.0,134657.0,307215.0,163931.0,258405.0,592281.0,257954.0,1610.0,0,0
Louisiana,Caddo,22017,7377.0,230952.0,796085.0,604730.0,948262.0,2559063.0,1184879.0,1431.0,0,0
Louisiana,Calcasieu,22019,2723927.0,3914637.0,5323231.14,3409163.0,4265864.0,2373422.0,1709368.0,445654.0,0,0
Louisiana,Caldwell,22021,176045.0,266809.0,347196.0,204124.0,576966.0,1000606.0,494570.0,17734.0,0,0
Louisiana,Cameron,22023,2253201.0,3079635.0,3785511.82,3051887.0,3519409.0,2043429.0,1353988.09,451520.0,0,0
Louisiana,Catahoula,22025,951737.0,1182373.8,2037188.0,1192814.0,2624080.0,5505761.0,2659036.19,159867.0,0,0
Louisiana,Claiborne,22027,0.0,1202.0,2741.0,1464.0,949.0,1537.0,505.0,0.0,0,0
Louisiana,Concordia,22029,1841991.0,1988232.0,3207479.0,2185004.0,4130506.22,6134224.04,3154746.38,368469.0,0,0
Louisiana,De Soto,22031,0.0,6086.0,16977.0,10977.0,23853.0,43658.0,35231.0,0.0,0,0
Louisiana,East Baton Rouge,22033,0.0,0.0,0.0,0.0,0.0,2271.0,1548.0,0.0,0,0
Louisiana,East Carroll,22035,2210970.0,3047381.0,4582320.0,2819479.0,5377058.0,7734420.0,4055646.0,433414.0,0,0
Louisiana,East Feliciana,22037,0.0,391.0,2815.0,4246.0,0.0,23389.0,9382.0,0.0,0,0
Louisiana,Evangeline,22039,6473602.0,8946149.0,12587924.440000001,7903986.0,9807024.0,6375026.1899999995,4532996.23,1265851.0,0,0
Louisiana,Franklin,22041,384195.0,313295.0,586489.0,578885.0,3915122.0,9348450.0,4463543.34,169211.0,0,0
Louisiana,Grant,22043,0.0,3013.0,8163.0,4030.0,154843.0,461567.0,204968.0,0.0,0,0
Louisiana,Iberia,22045,143111.0,211012.0,327624.0,186324.0,228865.0,141217.0,97913.0,24200.0,0,0
Louisiana,Iberville,22047,6714.0,28676.0,78996.0,46120.0,25421.0,118509.0,38698.0,891.0,0,0
Louisiana,Jackson,22049,0.0,0.0,0.0,0.0,0.0,0.0,0.0,0.0,0,0
Louisiana,Jefferson,22051,0.0,0.0,0.0,0.0,0.0,0.0,0.0,0.0,0,0
Louisiana,Jefferson Davis,22053,11384504.0,16006966.75,21759620.0,13726043.11,17188229.54,10893978.0,7861517.0,2158403.0,0,0
Louisiana,Lafayette,22055,140485.0,229403.0,357922.0,228032.15,248136.0,213104.0,144393.0,35575.0,0,0
Louisiana,Lafourche,22057,0.0,2842.0,4216.0,3681.0,1760.0,5101.0,2472.0,0.0,0,0
Louisiana,La Salle,22059,0.0,0.0,11165.0,6400.0,15106.0,18559.0,11037.0,1024.0,0,0
Louisiana,Lincoln,22061,0.0,0.0,0.0,0.0,0.0,0.0,0.0,0.0,0,0
Louisiana,Livingston,22063,0.0,0.0,0.0,0.0,0.0,0.0,0.0,0.0,0,0
Louisiana,Madison,22065,1575337.0,2062164.0,2858705.0,1691455.0,4144087.0,8434318.0,3939650.2,288370.0,0,0
Louisiana,Morehouse,22067,5585896.88,7013050.74,9802653.88,6978671.0,10649539.56,12226934.92,7148786.24,1119274.0,0,0
Louisiana,Natchitoches,22069,535269.0,704298.0,965287.0,587204.0,1258756.0,2567225.0,1265063.0,86117.0,0,0
Louisiana,Orleans,22071,0.0,0.0,0.0,0.0,0.0,0.0,0.0,0.0,0,0
Louisiana,Ouachita,22073,1046126.0,1650156.0,1899018.0,1370866.0,1907136.0,2832245.0,1314193.0,170082.0,0,0
Louisiana,Plaquemines,22075,0.0,0.0,0.0,0.0,0.0,0.0,0.0,0.0,0,0
Louisiana,Pointe Coupee,22077,419620.0,739100.0,1388315.0,781995.0,1144074.0,2592461.0,1151830.0,54894.0,0,0
Louisiana,Rapides,22079,970276.0,1531346.0,2296005.0,1315007.0,2565370.44,4041372.6,1990490.0,187074.0,0,0
Louisiana,Red River,22081,41190.0,112192.0,222526.21,177777.0,315142.0,709526.0,318227.0,6364.0,0,0
Louisiana,Richland,22083,1570537.18,1981566.0,3431001.0,2179357.0,4552724.0,7310945.02,3966188.0,352776.0,0,0
Louisiana,Sabine,22085,0.0,0.0,0.0,0.0,0.0,0.0,0.0,0.0,0,0
Louisiana,St. Bernard,22087,0.0,0.0,0.0,0.0,0.0,0.0,0.0,0.0,0,0
Louisiana,St. Charles,22089,0.0,0.0,0.0,0.0,0.0,0.0,0.0,0.0,0,0
Louisiana,St. Helena,22091,0.0,1849.0,4886.0,2370.0,1038.0,7169.0,1378.0,0.0,0,0
Louisiana,St. James,22093,0.0,6524.0,11244.0,5836.0,2512.0,6559.0,3209.0,0.0,0,0
Louisiana,St. John the Baptist,22095,0.0,122.0,0.0,0.0,0.0,0.0,0.0,0.0,0,0
Louisiana,St. Landry,22097,3175074.0,4712202.0,7165118.0,4385189.0,5379769.0,3992663.0,2539772.0,646731.0,0,0
Louisiana,St. Martin,22099,703243.0,1005313.0,1397658.73,884653.0,1068653.0,704044.5,527596.0,145983.0,0,0
Louisiana,St. Mary,22101,0.0,1441.0,3877.0,1777.0,780.0,5774.0,2825.0,0.0,0,0
Louisiana,St. Tammany,22103,0.0,0.0,0.0,0.0,0.0,0.0,0.0,0.0,0,0
Louisiana,Tangipahoa,22105,0.0,2832.0,8693.0,7996.0,2624.0,9840.0,2108.0,0.0,0,0
Louisiana,Tensas,22107,729174.0,720780.0,1342585.0,1126824.0,3468268.0,9306059.87,4129156.81,42633.0,0,0
Louisiana,Terrebonne,22109,0.0,1982.0,466.0,0.0,0.0,2284.0,954.0,0.0,0,0
Louisiana,Union,22111,0.0,0.0,0.0,0.0,0.0,0.0,0.0,0.0,0,0
Louisiana,Vermilion,22113,9698338.78,13063434.19,18629692.0,11525435.0,14432314.35,8708829.0,6418382.0,1824226.41,0,0
Louisiana,Vernon,22115,0.0,889.0,2374.0,1191.0,506.0,682.0,334.0,0.0,0,0
Louisiana,Washington,22117,0.0,1239.0,3382.0,2167.0,1144.0,4611.0,271.0,0.0,0,0
Louisiana,Webster,22119,0.0,1298.0,3426.0,1658.0,680.0,0.0,0.0,0.0,0,0
Louisiana,West Baton Rouge,22121,0.0,22470.0,52780.0,34988.0,16411.0,83078.0,22922.0,0.0,0,0
Louisiana,West Carroll,22123,806382.0,1318383.0,2003592.0,1205473.0,2291473.0,3479895.05,1818949.0,163373.0,0,0
Louisiana,West Feliciana,22125,0.0,0.0,638.0,339.0,0.0,358.0,142.0,0.0,0,0
Louisiana,Winn,22127,0.0,0.0,0.0,0.0,0.0,650.0,1003.0,0.0,0,0
Maine,Androscoggin,23001,0.0,0.0,0.0,89.0,62.0,26309.0,57.0,0.0,0,0
Maine,Houlton,23002,0.0,219.0,344.0,86590.0,58229.0,58035.0,39085.0,0.0,0,0
Maine,Aroostook,23003,1845.0,12803.0,12398.0,228935.0,148610.0,166692.0,135679.0,0.0,0,0
Maine,Fort Kent,23004,9133.0,13483.0,11220.0,21123.0,21374.0,27121.0,14071.0,0.0,0,0
Maine,Cumberland,23005,0.0,0.0,0.0,0.0,88.0,0.0,0.0,0.0,0,0
Maine,Franklin,23007,0.0,0.0,0.0,0.0,0.0,0.0,0.0,0.0,0,0
Maine,Hancock,23009,0.0,0.0,0.0,0.0,0.0,0.0,0.0,0.0,0,0
Maine,Kennebec,23011,0.0,0.0,0.0,0.0,75.0,0.0,0.0,0.0,0,0
Maine,Knox,23013,0.0,0.0,0.0,0.0,0.0,0.0,0.0,0.0,0,0
Maine,Lincoln,23015,0.0,0.0,0.0,0.0,0.0,0.0,0.0,0.0,0,0
Maine,Oxford,23017,0.0,0.0,185.0,1194.0,268.0,21641.0,26.0,0.0,0,0
Maine,Penobscot,23019,0.0,0.0,1103.0,533.0,298.0,365.0,253.0,0.0,0,0
Maine,Piscataquis,23021,0.0,0.0,152.0,2971.0,1315.0,0.0,81.0,0.0,0,0
Maine,Sagadahoc,23023,0.0,0.0,0.0,0.0,0.0,1056.0,0.0,0.0,0,0
Maine,Somerset,23025,0.0,619.0,2238.0,2215.0,747.0,0.0,0.0,0.0,0,0
Maine,Waldo,23027,0.0,1097.0,4619.0,5455.0,1319.0,0.0,0.0,0.0,0,0
Maine,Washington,23029,0.0,0.0,0.0,0.0,0.0,0.0,0.0,0.0,0,0
Maine,York,23031,0.0,246.0,928.0,927.0,247.0,0.0,0.0,0.0,0,0
Maryland,Allegany,24001,0.0,2342.0,6598.0,6464.0,1491.0,3429.0,449.0,0.0,0,0
Maryland,Anne Arundel,24003,0.0,1844.0,3435.0,4869.0,2941.0,38099.0,19747.0,0.0,0,0
Maryland,Baltimore,24005,0.0,66576.0,137762.0,132759.0,74737.0,343552.0,64225.0,0.0,0,0
Maryland,Calvert,24009,0.0,2320.0,8772.0,7447.0,3116.0,16902.0,6502.0,0.0,0,0
Maryland,Caroline,24011,0.0,416339.0,1075459.0,721542.0,354849.0,883178.0,413666.0,0.0,0,0
Maryland,Carroll,24013,0.0,11447.0,32218.0,122954.0,73395.0,571614.0,147459.0,0.0,0,0
Maryland,Cecil,24015,0.0,48086.0,117575.0,75902.0,34550.69,240694.0,64025.0,0.0,0,0
Maryland,Charles,24017,0.0,13591.0,32973.0,20601.0,10950.0,86887.0,35116.0,0.0,0,0
Maryland,Dorchester,24019,0.0,169830.0,440651.99,360485.0,159561.0,555288.0,179722.0,0.0,0,0
Maryland,Frederick,24021,0.0,131503.0,418257.0,297939.0,120810.0,645951.0,162237.0,0.0,0,0
Maryland,Garrett,24023,0.0,3289.0,5905.0,6980.0,2231.0,4695.0,727.0,0.0,0,0
Maryland,Harford,24025,0.0,42709.0,124192.0,100253.0,38664.0,298793.0,36745.0,0.0,0,0
Maryland,Howard,24027,0.0,6350.0,17614.0,15227.0,10493.0,91746.0,19176.0,0.0,0,0
Maryland,Kent,24029,0.0,378047.0,1031039.0,639264.0,202195.0,596348.0,256608.0,0.0,0,0
Maryland,Montgomery,24031,0.0,16319.0,71411.0,56453.0,22834.0,310619.0,71879.0,0.0,0,0
Maryland,Prince George's,24033,0.0,0.0,7449.0,5374.0,3048.0,24568.0,9519.0,0.0,0,0
Maryland,Queen Anne's,24035,0.0,251882.0,676052.0,459444.0,184883.0,865142.0,304059.0,0.0,0,0
Maryland,St. Mary's,24037,0.0,59946.0,143031.0,101023.0,50121.0,170258.0,71565.0,0.0,0,0
Maryland,Somerset,24039,0.0,172772.0,434084.0,245224.0,102983.0,410738.0,134098.0,0.0,0,0
Maryland,Talbot,24041,0.0,299737.0,859242.0,500165.0,220227.0,706438.0,255663.0,0.0,0,0
Maryland,Washington,24043,0.0,99356.0,281479.0,232623.0,108156.0,290901.0,75417.0,0.0,0,0
Maryland,Wicomico,24045,0.0,13001.0,36936.0,30371.0,18490.0,279142.0,66486.0,0.0,0,0
Maryland,Worcester,24047,0.0,51554.0,138483.0,104166.0,40951.0,396192.0,121387.0,0.0,0,0
Maryland,Baltimore,24510,0.0,0.0,0.0,0.0,0.0,0.0,0.0,0.0,0,0
Massachusetts,Barnstable,25001,0.0,0.0,0.0,0.0,0.0,0.0,0.0,0.0,0,0
Massachusetts,Berkshire,25003,0.0,0.0,795.0,3138.0,420.0,43392.0,65.0,0.0,0,0
Massachusetts,Bristol,25005,0.0,0.0,0.0,0.0,0.0,21184.0,0.0,0.0,0,0
Massachusetts,Dukes,25007,0.0,0.0,0.0,0.0,0.0,0.0,0.0,0.0,0,0
Massachusetts,Essex,25009,0.0,0.0,0.0,0.0,0.0,3332.0,0.0,0.0,0,0
Massachusetts,Franklin,25011,0.0,74.0,278.0,277.0,907.0,32715.0,0.0,0.0,0,0
Massachusetts,Hampden,25013,0.0,0.0,0.0,703.0,332.0,6762.0,0.0,0.0,0,0
Massachusetts,Hampshire,25015,0.0,0.0,0.0,6279.0,636.0,40594.86,13.0,0.0,0,0
Massachusetts,Middlesex,25017,0.0,0.0,0.0,0.0,212.0,6271.0,0.0,0.0,0,0
Massachusetts,Nantucket,25019,0.0,0.0,0.0,0.0,0.0,0.0,0.0,0.0,0,0
Massachusetts,Norfolk,25021,0.0,0.0,0.0,0.0,0.0,269.0,0.0,0.0,0,0
Massachusetts,Plymouth,25023,0.0,0.0,0.0,0.0,0.0,9864.0,0.0,0.0,0,0
Massachusetts,Suffolk,25025,0.0,0.0,0.0,0.0,0.0,0.0,0.0,0.0,0,0
Massachusetts,Worcester,25027,0.0,0.0,0.0,0.0,0.0,33257.0,0.0,0.0,0,0
Michigan,Alcona,26001,0.0,4088.0,10748.0,6192.0,2361.0,61953.0,15220.0,0.0,0,0
Michigan,Alger,26003,0.0,0.0,87.0,239.0,153.0,4517.0,2275.0,0.0,0,0
Michigan,Allegan,26005,0.0,10439.0,42534.0,70462.0,23385.0,798217.0,82384.0,0.0,0,0
Michigan,Alpena,26007,0.0,1410.0,9924.0,6215.0,2261.0,197146.0,50593.0,0.0,0,0
Michigan,Antrim,26009,0.0,9306.0,19235.0,15013.0,5108.0,24856.0,5663.0,0.0,0,0
Michigan,Arenac,26011,0.0,1235.0,6543.0,6480.0,2663.0,607453.0,136437.0,0.0,0,0
Michigan,Baraga,26013,0.0,0.0,5.0,0.0,0.0,0.0,0.0,0.0,0,0
Michigan,Barry,26015,0.0,11857.0,44150.0,54770.0,17746.0,562594.95,84800.98,0.0,0,0
Michigan,Bay,26017,0.0,3712.0,13124.0,7867.0,3243.0,1328284.0,223567.0,0.0,0,0
Michigan,Benzie,26019,0.0,2714.0,15531.0,13859.0,3884.0,10535.0,256.0,0.0,0,0
Michigan,Berrien,26021,0.0,13564.0,70857.0,65777.0,18689.0,574713.0,54274.0,0.0,0,0
Michigan,Branch,26023,0.0,39927.0,131920.0,110678.0,39680.0,798498.0,64424.0,0.0,0,0
Michigan,Calhoun,26025,0.0,31747.0,100984.01,86527.0,36254.0,1394975.0,188978.47999999998,0.0,0,0
Michigan,Cass,26027,0.0,5949.0,28118.0,49372.0,24970.0,1089778.0,48406.0,0.0,0,0
Michigan,Charlevoix,26029,0.0,402.0,1315.0,1332.0,495.0,29962.0,1423.0,0.0,0,0
Michigan,Cheboygan,26031,0.0,724.0,1733.0,935.0,453.0,14062.0,2201.0,0.0,0,0
Michigan,Chippewa,26033,0.0,0.0,126.0,0.0,0.0,27973.0,10628.0,30.0,0,4
Michigan,Clare,26035,0.0,8360.0,25034.0,18256.0,6392.0,118753.0,22333.0,0.0,0,0
Michigan,Clinton,26037,0.0,181951.0,514953.0,307356.0,129341.0,1313480.5,327723.0,0.0,0,0
Michigan,Crawford,26039,0.0,0.0,0.0,0.0,0.0,0.0,0.0,0.0,0,0
Michigan,Delta,26041,0.0,355.0,1808.0,2522.0,649.0,44908.0,14562.0,13.0,0,1
Michigan,Dickinson,26043,0.0,792.0,2634.0,2135.0,1030.0,3979.0,1367.0,0.0,0,0
Michigan,Eaton,26045,0.0,114609.0,367507.0,276876.0,99089.0,780313.0,213112.0,0.0,0,0
Michigan,Emmet,26047,0.0,0.0,470.0,469.0,124.0,18079.0,915.0,0.0,0,0
Michigan,Genesee,26049,0.0,39466.0,114218.0,63521.0,26851.0,592047.0,111112.0,0.0,0,0
Michigan,Gladwin,26051,0.0,3371.0,12189.0,12055.0,3361.0,226814.0,46519.0,0.0,0,0
Michigan,Gogebic,26053,0.0,0.0,0.0,0.0,0.0,0.0,0.0,0.0,0,0
Michigan,Grand Traverse,26055,0.0,6873.0,27185.0,24419.0,7858.0,65896.0,12785.0,0.0,0,0
Michigan,Gratiot,26057,0.0,100199.0,342321.0,290046.0,99092.0,1956952.61,285545.0,0.0,0,0
Michigan,Hillsdale,26059,0.0,69664.0,208393.0,127186.0,54759.0,1113687.0,153052.0,0.0,0,0
Michigan,Houghton,26061,0.0,0.0,128.0,210.0,145.0,435.0,168.0,18.0,0,0
Michigan,Huron,26063,0.0,100554.0,382078.0,288140.0,100481.0,3618020.0,1045873.0,0.0,0,0
Michigan,Ingham,26065,0.0,105863.0,302553.0,183509.0,78688.0,882614.66,235266.0,0.0,0,0
Michigan,Ionia,26067,0.0,95548.0,299784.0,251387.0,78505.0,1473459.94,213409.05,0.0,0,0
Michigan,Iosco,26069,0.0,15098.0,40279.0,19493.0,8526.0,205851.0,40887.0,0.0,0,0
Michigan,Iron,26071,0.0,2639.0,5655.0,3152.0,1622.0,4839.0,2148.0,0.0,0,0
Michigan,Isabella,26073,0.0,60697.0,193240.0,175081.0,56820.0,1014110.0,192415.0,0.0,0,0
Michigan,Jackson,26075,0.0,59187.0,186902.0,110835.0,45237.0,811425.43,120621.0,0.0,0,0
Michigan,Kalamazoo,26077,0.0,555.0,4824.0,10560.0,3489.0,766606.6,60179.0,0.0,0,0
Michigan,Kalkaska,26079,0.0,16906.0,50346.0,34960.0,11088.0,25538.0,8244.0,0.0,0,0
Michigan,Kent,26081,0.0,202638.0,673333.0,572965.0,146344.0,710351.0,81631.23,0.0,0,0
Michigan,Keweenaw,26083,0.0,0.0,0.0,0.0,0.0,0.0,0.0,0.0,0,0
Michigan,Lake,26085,0.0,579.0,1549.0,1248.0,410.0,9471.0,2901.0,0.0,0,0
Michigan,Lapeer,26087,0.0,57879.0,180008.0,119659.0,44489.0,556609.0,103629.0,0.0,0,0
Michigan,Leelanau,26089,0.0,2843.0,9119.0,17393.0,3666.0,4773.0,439.0,0.0,0,0
Michigan,Lenawee,26091,0.0,459281.0,1246843.0,642906.0,254769.0,2049266.31,507133.0,0.0,0,0
Michigan,Livingston,26093,0.0,49935.0,146492.0,94942.0,36430.0,336539.7,57031.0,0.0,0,0
Michigan,Luce,26095,0.0,0.0,0.0,0.0,0.0,1178.0,392.0,0.0,0,0
Michigan,Mackinac,26097,0.0,0.0,0.0,0.0,0.0,4895.0,1206.0,0.0,0,0
Michigan,Macomb,26099,0.0,14634.0,50311.0,43008.0,16799.0,169424.0,35671.0,0.0,0,0
Michigan,Manistee,26101,0.0,91.0,1383.0,1238.0,348.0,9300.0,498.0,0.0,0,0
Michigan,Marquette,26103,0.0,0.0,0.0,0.0,81.0,5622.0,805.0,0.0,0,0
Michigan,Mason,26105,0.0,5303.0,10595.0,10664.0,4931.0,263278.0,62808.0,0.0,0,0
Michigan,Mecosta,26107,0.0,22024.0,63568.0,47529.0,16267.0,339913.0,26944.0,0.0,0,0
Michigan,Menominee,26109,0.0,1524.0,5485.0,6785.0,2461.0,12415.0,3137.0,0.0,0,0
Michigan,Midland,26111,0.0,5734.0,18799.0,13704.0,5029.0,500636.0,84108.0,0.0,0,0
Michigan,Missaukee,26113,0.0,2534.0,7729.0,6387.0,2011.0,151728.0,5236.0,0.0,0,0
Michigan,Monroe,26115,0.0,195837.0,544315.0,313099.0,124283.0,1381309.0,320426.0,0.0,0,0
Michigan,Montcalm,26117,0.0,26571.0,110276.0,85301.0,32613.0,829803.0,152662.0,0.0,0,0
Michigan,Montmorency,26119,0.0,1286.0,4649.0,2604.0,1033.0,51026.0,12044.0,0.0,0,0
Michigan,Muskegon,26121,0.0,21220.0,69572.0,58699.0,17084.0,143061.69,14059.0,0.0,0,0
Michigan,Newaygo,26123,0.0,23502.0,106621.0,92492.0,27332.0,257452.0,18512.0,0.0,0,0
Michigan,Oakland,26125,0.0,12507.0,33831.0,27644.0,6365.0,24938.0,4056.0,0.0,0,0
Michigan,Oceana,26127,0.0,1125.0,5865.0,4499.0,2375.0,97452.0,17838.0,0.0,0,0
Michigan,Ogemaw,26129,0.0,194.0,1466.0,1118.0,323.0,215193.0,27052.0,0.0,0,0
Michigan,Ontonagon,26131,0.0,0.0,0.0,0.0,0.0,2528.0,810.0,0.0,0,0
Michigan,Osceola,26133,0.0,6133.0,19960.0,14653.0,4449.0,97441.0,9505.0,0.0,0,0
Michigan,Oscoda,26135,0.0,0.0,0.0,0.0,0.0,2353.0,139.0,0.0,0,0
Michigan,Otsego,26137,0.0,6856.0,16816.0,13809.0,4857.0,43130.0,18032.0,0.0,0,0
Michigan,Ottawa,26139,0.0,11387.0,57299.0,46244.0,13365.0,615172.12,50330.0,0.0,0,0
Michigan,Presque Isle,26141,0.0,4673.0,12732.0,6544.0,2796.0,125083.0,28302.0,3.0,0,0
Michigan,Roscommon,26143,0.0,0.0,0.0,0.0,0.0,962.0,241.0,0.0,0,0
Michigan,Saginaw,26145,0.0,65372.0,209319.0,135791.0,49842.0,1651276.0,469720.1,0.0,0,0
Michigan,St. Clair,26147,0.0,47421.0,159459.0,116050.0,48428.0,541631.0,148670.37,0.0,0,0
Michigan,St. Joseph,26149,0.0,3820.0,23530.0,34076.0,10752.0,1099442.0,47710.0,0.0,0,0
Michigan,Sanilac,26151,0.0,437515.93,1295395.62,794055.0,308252.0,3737405.5700000003,966746.01,0.0,0,0
Michigan,Schoolcraft,26153,0.0,0.0,0.0,0.0,0.0,5128.0,2783.0,0.0,0,0
Michigan,Shiawassee,26155,0.0,57610.0,144473.0,85671.0,41244.0,1331474.0,435048.0,0.0,0,0
Michigan,Tuscola,26157,0.0,165739.0,506263.0,319551.0,124659.0,2950791.91,705024.0,0.0,0,0
Michigan,Van Buren,26159,0.0,6963.0,15571.0,42904.0,22666.0,249697.0,12249.0,0.0,0,0
Michigan,Washtenaw,26161,0.0,266372.0,713887.0,378661.0,157871.0,906539.0,206222.0,0.0,0,0
Michigan,Wayne,26163,0.0,2756.0,9044.0,7146.0,2140.0,6977.0,883.0,0.0,0,0
Michigan,Wexford,26165,0.0,2931.0,10109.0,9488.0,3165.0,29317.0,4330.0,0.0,0,0
Minnesota,Aitkin,27001,112.0,3141.0,8556.0,5001.0,2714.0,34845.0,15649.0,0.0,0,0
Minnesota,Anoka,27003,0.0,228.0,1951.0,2367.0,808.0,81256.0,78.0,0.0,0,0
Minnesota,Becker,27005,0.0,42174.0,120691.0,96322.0,43978.0,1547245.0,629358.0,0.0,0,0
Minnesota,Beltrami,27007,43419.0,176702.0,335118.0,249280.0,168778.0,593937.0,284722.0,0.0,0,0
Minnesota,Benton,27009,0.0,5896.0,22477.0,20127.0,5417.0,229177.0,3242.0,0.0,0,0
Minnesota,Big Stone,27011,0.0,59158.0,168529.0,94654.0,35588.0,1405989.0,251884.0,0.0,0,0
Minnesota,Blue Earth,27013,0.0,16709.0,56687.0,56311.0,16695.0,3231867.0,15959.0,0.0,0,0
Minnesota,Brown,27015,0.0,14611.0,50203.0,52745.0,14238.0,2470400.25,21846.0,0.0,0,0
Minnesota,Carlton,27017,0.0,2222.0,6004.0,5819.0,1203.0,2693.0,65.0,0.0,0,0
Minnesota,Carver,27019,0.0,13642.0,50515.0,53305.0,14722.0,862389.0,11196.0,0.0,0,0
Minnesota,Cass,27021,0.0,4560.0,12346.0,22550.0,3616.0,24378.0,417.0,0.0,0,0
Minnesota,Chippewa,27023,0.0,36074.0,116698.0,92768.0,28498.0,1727041.0,52588.0,0.0,0,0
Minnesota,Chisago,27025,0.0,4159.0,15204.0,23856.0,6578.0,251993.0,1044.0,0.0,0,0
Minnesota,Clay,27027,252.0,207312.0,576084.0,366294.0,185889.02,3962400.99,1414290.0,0.0,0,0
Minnesota,Clearwater,27029,8331.0,25703.0,48318.0,50380.0,35137.0,227208.0,96727.0,0.0,0,0
Minnesota,Cook,27031,0.0,0.0,0.0,0.0,0.0,0.0,0.0,0.0,0,0
Minnesota,Cottonwood,27033,0.0,9013.0,34266.0,37531.0,8986.0,113854.0,19875.0,0.0,0,0
Minnesota,Crow Wing,27035,0.0,10116.0,28047.0,23618.0,6050.0,43597.0,212.0,0.0,0,0
Minnesota,Dakota,27037,0.0,7049.0,32111.0,28490.0,7539.0,1738153.0,25528.0,0.0,0,0
Minnesota,Dodge,27039,0.0,5290.0,22275.0,22575.0,6360.0,2249928.0,6631.0,0.0,0,0
Minnesota,Douglas,27041,0.0,62562.0,162603.0,103856.0,38116.0,856945.0,135204.0,0.0,0,0
Minnesota,Faribault,27043,0.0,118852.0,422103.0,418221.0,111120.0,3507496.38,7143.0,0.0,0,0
Minnesota,Fillmore,27045,0.0,25294.0,97924.0,100870.0,26996.0,3245269.0,8346.0,0.0,0,0
Minnesota,Freeborn,27047,0.0,43351.0,161547.0,161608.0,47629.0,3303701.0,4321.0,0.0,0,0
Minnesota,Goodhue,27049,0.0,42616.0,148092.0,145572.0,41755.0,2691768.0,8656.0,0.0,0,0
Minnesota,Grant,27051,0.0,168726.0,466989.0,233118.0,106631.0,2639424.0,417055.0,0.0,0,0
Minnesota,Hennepin,27053,0.0,266.0,1179.0,1911.0,2260.0,179182.99,3501.0,0.0,0,0
Minnesota,Houston,27055,0.0,40652.0,142897.0,157931.0,43280.0,1047562.0,4877.0,0.0,0,0
Minnesota,Hubbard,27057,0.0,24353.0,74095.0,59550.0,18885.0,281734.0,32109.0,0.0,0,0
Minnesota,Isanti,27059,0.0,2667.0,11947.0,14707.0,3604.0,407360.0,2763.0,0.0,0,0
Minnesota,Itasca,27061,0.0,0.0,235.0,955.0,175.0,6589.0,2109.0,0.0,0,0
Minnesota,Jackson,27063,0.0,37795.0,103191.0,79707.0,21244.0,49963.0,5293.0,0.0,0,0
Minnesota,Kanabec,27065,0.0,8792.0,27596.0,20747.0,6891.0,166267.0,3147.0,0.0,0,0
Minnesota,Kandiyohi,27067,0.0,34047.0,116174.0,102863.0,30498.0,2451026.0,71434.0,0.0,0,0
Minnesota,Kittson,27069,215539.0,544495.0,926445.94,630621.0,526550.0,7094012.0,3544102.68,0.0,0,0
Minnesota,Koochiching,27071,14402.0,22179.0,28765.0,16228.0,26665.0,92839.0,41801.0,0.0,0,0
Minnesota,Lac qui Parle,27073,0.0,16898.0,57468.0,43566.0,14068.0,2095131.0,131168.0,0.0,0,0
Minnesota,Lake,27075,0.0,0.0,0.0,0.0,0.0,0.0,0.0,0.0,0,0
Minnesota,Lake of the Woods,27077,84702.0,196571.0,241423.0,185841.0,190776.0,738212.0,297417.0,0.0,0,0
Minnesota,Le Sueur,27079,0.0,16012.0,49828.0,31211.0,12277.0,2282582.35,66511.0,0.0,0,0
Minnesota,Lincoln,27081,0.0,19213.0,47556.0,37733.0,12958.0,588124.0,93099.0,0.0,0,0
Minnesota,Lyon,27083,0.0,38081.0,127699.0,107890.0,31314.0,1854988.0,37754.0,0.0,0,0
Minnesota,McLeod,27085,0.0,22305.0,83605.0,77803.0,25346.0,1693195.95,34086.0,0.0,0,0
Minnesota,Mahnomen,27087,842.0,97426.0,257027.0,190420.0,97276.0,921648.0,338383.0,0.0,0,0
Minnesota,Marshall,27089,147917.0,886934.0,1959936.0,1553506.0,990993.45,11099462.0,5434576.31,0.0,0,0
Minnesota,Martin,27091,0.0,22235.0,81613.0,78670.0,21180.0,3272654.0,329.0,0.0,0,0
Minnesota,Meeker,27093,0.0,5164.0,27685.0,24875.0,13014.0,1671860.0,45488.0,0.0,0,0
Minnesota,Mille Lacs,27095,0.0,614.0,8206.0,5997.0,1825.0,154638.0,1147.0,0.0,0,0
Minnesota,Morrison,27097,0.0,35771.0,119224.0,112987.56,31355.0,1096510.53,6784.0,0.0,0,0
Minnesota,Mower,27099,0.0,19330.0,65599.0,76329.0,20525.0,3862208.0,14558.0,0.0,0,0
Minnesota,Murray,27101,0.0,4529.0,18488.0,17089.0,4970.0,109310.0,3961.0,0.0,0,0
Minnesota,Nicollet,27103,0.0,10689.0,54246.0,53150.0,14227.0,1691846.0,11739.0,0.0,0,0
Minnesota,Nobles,27105,0.0,3699.0,15515.0,28886.0,7960.0,68433.0,1945.0,0.0,0,0
Minnesota,Norman,27107,0.0,222334.0,600185.0,444654.0,240624.0,5417797.0,2236507.6,0.0,0,0
Minnesota,Olmsted,27109,0.0,19086.0,77731.0,68417.0,19109.0,2479537.1,8599.0,0.0,0,0
Minnesota,East Otter Tail,27111,0.0,47647.0,129449.0,111390.0,36810.0,755095.4,67212.0,0.0,0,0
Minnesota,West Otter Tail,27112,0.0,121530.0,294334.0,161311.0,68504.0,1794024.0,453077.0,0.0,0,0
Minnesota,Pennington,27113,50631.0,388950.0,861579.0,685651.0,437357.97,3785802.0,1838307.0,0.0,0,0
Minnesota,Pine,27115,0.0,8739.0,30479.0,20965.0,6616.0,206163.0,3763.0,0.0,0,0
Minnesota,Pipestone,27117,0.0,4805.0,14817.0,13621.0,3494.0,64476.0,7288.0,0.0,0,0
Minnesota,East Polk,27119,2018.0,95020.0,279652.0,370118.2,209603.0,2942325.0,1444792.0,0.0,0,0
Minnesota,West Polk,27120,1372.0,298611.0,813230.0,627113.0,354280.0,12003641.0,6025507.0,0.0,0,0
Minnesota,Pope,27121,6804.0,39106.0,89223.0,53229.0,30119.0,1457100.0,130758.0,0.0,0,0
Minnesota,Ramsey,27123,0.0,0.0,0.0,0.0,0.0,0.0,0.0,0.0,0,0
Minnesota,Red Lake,27125,10737.0,375123.0,928073.0,563764.0,283206.0,2461638.0,1101738.0,0.0,0,0
Minnesota,Redwood,27127,0.0,8065.0,25667.0,21226.0,6693.0,3017466.0,34565.0,0.0,0,0
Minnesota,Renville,27129,0.0,55530.0,199626.0,180862.0,58359.0,5034951.0,126966.0,0.0,0,0
Minnesota,Rice,27131,0.0,38761.0,140150.0,137684.0,37271.0,1441492.0,20342.0,0.0,0,0
Minnesota,Rock,27133,0.0,13018.0,48999.0,47281.0,12588.0,121706.0,4596.0,0.0,0,0
Minnesota,Roseau,27135,618993.0,1699450.0,2997861.0,2069753.17,1630375.0,5758771.0,2805246.0,0.0,0,0
Minnesota,North St. Louis,27137,0.0,933.0,2497.0,2454.0,993.0,2768.0,2096.0,0.0,0,0
Minnesota,South St. Louis,27138,0.0,983.0,1823.0,673.0,239.0,752.0,235.0,0.0,0,0
Minnesota,Scott,27139,0.0,8381.0,25231.0,24729.0,5703.0,230745.0,4767.0,0.0,0,0
Minnesota,Sherburne,27141,0.0,1327.0,6780.0,7686.0,2047.0,495280.0,3043.0,0.0,0,0
Minnesota,Sibley,27143,0.0,17472.0,65317.0,59424.0,18180.0,2168697.0,25361.0,0.0,0,0
Minnesota,Stearns,27145,0.0,59134.0,188189.0,167796.0,51596.0,2699158.15,63471.0,0.0,0,0
Minnesota,Steele,27147,0.0,18311.0,71147.0,71446.0,18547.0,1853108.0,8877.0,0.0,0,0
Minnesota,Stevens,27149,0.0,143502.0,422664.0,293643.0,118670.0,2400371.0,227838.0,0.0,0,0
Minnesota,Swift,27151,0.0,38172.0,128813.0,83038.0,31197.0,3274778.0,207324.0,0.0,0,0
Minnesota,Todd,27153,0.0,36500.0,111028.0,101582.0,37039.0,735021.0,35163.0,0.0,0,0
Minnesota,Traverse,27155,0.0,98746.0,299801.0,198666.27,126848.0,1735618.0,268525.93,0.0,0,0
Minnesota,Wabasha,27157,0.0,28187.0,106495.0,129098.0,35532.0,1596660.0,13495.0,0.0,0,0
Minnesota,Wadena,27159,10.0,35501.0,131570.0,121205.0,36972.0,223198.0,8401.0,0.0,0,0
Minnesota,Waseca,27161,0.0,34663.0,139192.0,137251.0,36511.0,1958909.0,9941.0,0.0,0,0
Minnesota,Washington,27163,0.0,2838.0,16321.0,14055.0,3896.0,307379.0,5333.0,0.0,0,0
Minnesota,Watonwan,27165,0.0,8663.0,31914.0,31982.0,8316.0,1402998.0,3252.0,0.0,0,0
Minnesota,Wilkin,27167,0.0,184096.0,489551.0,251340.0,125429.0,4236976.0,1714400.0,0.0,0,0
Minnesota,Winona,27169,0.0,29448.0,189137.0,183255.0,49497.0,1558634.0,13301.0,0.0,0,0
Minnesota,Wright,27171,0.0,15868.0,57798.0,52502.0,12900.0,1098449.0,18330.0,0.0,0,0
Minnesota,Yellow Medicine,27173,0.0,12672.0,46685.0,40691.0,11657.0,2196144.0,106134.0,0.0,0,0
Mississippi,Adams,28001,6971.0,39198.0,97039.0,45479.0,157375.0,360527.0,177581.0,0.0,0,0
Mississippi,Alcorn,28003,0.0,9267.0,19632.0,12718.0,58311.0,310911.0,99983.0,0.0,0,0
Mississippi,Amite,28005,0.0,10312.0,8885.0,1629.0,543.0,3989.0,1532.0,0.0,0,0
Mississippi,Attala,28007,83383.0,129292.0,240119.0,44365.0,185801.0,530668.0,246628.0,5548.0,0,0
Mississippi,Benton,28009,0.0,34.0,565.0,1160.0,113296.0,376263.0,142777.0,0.0,0,0
Mississippi,Bolivar,28011,11068877.0,15005956.0,22087894.0,13511409.0,18458909.98,16699543.8,10520567.0,2161463.0,0,0
Mississippi,Calhoun,28013,35261.0,74306.0,136700.0,59347.0,160290.0,2032434.85,1083865.0,14006.0,0,0
Mississippi,Carroll,28015,135877.0,479028.0,404239.0,184199.0,385734.0,1103863.0,484664.0,3493.0,0,0
Mississippi,Chickasaw,28017,20660.0,38488.0,43944.0,30967.0,341290.88,1065036.0,485865.0,13062.0,0,0
Mississippi,Choctaw,28019,40922.0,45123.0,9212.0,5026.0,45233.07,122333.0,64463.0,13170.0,0,0
Mississippi,Claiborne,28021,107793.0,267631.0,170935.0,104546.0,239890.0,556062.0,324586.0,36726.0,0,0
Mississippi,Clarke,28023,0.0,0.0,937.0,8103.0,3558.0,35395.0,16313.0,0.0,0,0
Mississippi,Clay,28025,0.0,0.0,0.0,0.0,43946.0,263219.0,99080.0,0.0,0,0
Mississippi,Coahoma,28027,3696507.51,6044737.0,8934390.0,5149949.0,9455936.05,15846511.0,8389836.35,735922.0,0,0
Mississippi,Copiah,28029,77529.0,173175.0,101438.0,54256.0,114064.0,224922.0,136853.0,30394.0,0,0
Mississippi,Covington,28031,127693.0,232201.0,193548.0,109886.0,152418.0,207280.0,175469.0,63799.0,0,0
Mississippi,DeSoto,28033,205358.0,373674.0,513320.0,350568.0,488175.0,974891.0,475158.0,28018.0,0,0
Mississippi,Forrest,28035,332356.0,538539.0,541269.0,372258.0,410837.0,530877.0,486056.0,193340.0,0,0
Mississippi,Franklin,28037,0.0,969.0,2386.0,1750.0,692.0,21477.0,3433.0,0.0,0,0
Mississippi,George,28039,556162.0,1002848.0,743090.0,464538.0,769955.0,1045620.0,808693.0,308261.0,0,0
Mississippi,Greene,28041,52635.0,47250.0,7881.0,4142.0,52373.0,47193.0,7400.0,22812.0,0,0
Mississippi,Grenada,28043,195735.0,290520.0,361743.0,198851.0,543198.99,1000314.0,505738.0,29931.0,0,0
Mississippi,Hancock,28045,15209.0,3514.0,9274.0,4488.0,2475.0,9259.0,3968.0,0.0,0,0
Mississippi,Harrison,28047,0.0,0.0,0.0,0.0,0.0,0.0,0.0,0.0,0,0
Mississippi,Hinds,28049,0.0,81061.02,176798.0,72081.0,353624.0,908331.0,462656.0,0.0,0,0
Mississippi,Holmes,28051,790535.0,1900043.0,1610453.0,895833.0,2485445.11,6292184.0,3177616.0,86604.0,0,0
Mississippi,Humphreys,28053,1116737.0,1629852.0,2682781.49,1734212.0,3570175.0,5704867.75,3009210.09,173288.0,0,0
Mississippi,Issaquena,28055,240821.0,380812.0,503031.0,367060.0,1446289.0,3324309.93,1594482.0,52163.0,0,0
Mississippi,Itawamba,28057,7319.0,11765.0,32636.0,31293.0,98369.0,291230.0,134083.0,3542.0,0,0
Mississippi,Jackson,28059,69516.0,163720.0,157130.0,85736.0,126508.0,177338.0,143716.0,38477.0,0,0
Mississippi,Jasper,28061,0.0,0.0,2475.0,1870.0,783.0,5374.0,3949.0,0.0,0,0
Mississippi,Jefferson,28063,3469.0,107136.0,30817.0,23051.0,156579.0,418700.0,201455.0,1811.0,0,0
Mississippi,Jefferson Davis,28065,0.0,13885.0,23390.0,12704.0,2855.0,5658.0,2895.0,0.0,0,0
Mississippi,Jones,28067,7360.0,10442.0,14052.0,12236.0,14821.0,20643.0,16969.0,6214.0,0,0
Mississippi,Kemper,28069,0.0,9157.0,20525.0,8165.0,4662.0,4767.0,1817.0,0.0,0,0
Mississippi,Lafayette,28071,0.0,8594.0,17098.0,13033.0,232381.53,684211.0,321704.0,0.0,0,0
Mississippi,Lamar,28073,0.0,4604.0,2185.0,5353.0,2476.0,6386.0,3121.0,0.0,0,0
Mississippi,Lauderdale,28075,0.0,0.0,0.0,0.0,1676.0,7996.0,4734.0,0.0,0,0
Mississippi,Lawrence,28077,0.0,6590.0,15606.0,7082.0,1036.0,15124.0,4985.0,0.0,0,0
Mississippi,Leake,28079,0.0,13164.0,32568.0,21837.0,32077.0,86233.0,38972.0,0.0,0,0
Mississippi,Lee,28081,40130.0,56164.0,56726.0,37157.0,239631.0,764662.0,351458.0,15423.0,0,0
Mississippi,Leflore,28083,3287499.0,4498346.0,6187180.0,3827160.0,7879723.0,13432442.0,7075025.0,591788.0,0,0
Mississippi,Lincoln,28085,0.0,1826.0,4834.0,2633.0,968.0,13919.0,4671.0,0.0,0,0
Mississippi,Lowndes,28087,70520.0,221321.0,310345.0,128083.0,276969.0,744049.0,382374.0,74155.0,0,0
Mississippi,Madison,28089,49001.0,207847.0,295652.0,183343.0,843005.0,2280939.0,1058474.12,4978.0,0,0
Mississippi,Marion,28091,0.0,7368.0,14375.0,941.0,5802.0,10150.0,4683.0,0.0,0,0
Mississippi,Marshall,28093,0.0,3344.0,9057.0,5476.0,375184.0,1442751.46,602137.0,0.0,0,0
Mississippi,Monroe,28095,318644.0,646069.0,650605.0,369232.0,576355.0,1660514.98,863705.0,121391.84,0,0
Mississippi,Montgomery,28097,4296.0,7129.0,7434.0,3596.0,297293.0,861364.99,404740.0,1345.0,0,0
Mississippi,Neshoba,28099,0.0,14409.0,34355.0,17443.0,10693.0,11087.0,3780.0,0.0,0,0
Mississippi,Newton,28101,0.0,4841.0,17021.0,8931.0,23207.0,70536.0,28378.0,0.0,0,0
Mississippi,Noxubee,28103,2067.0,32072.0,106592.0,87949.0,324517.0,1250846.0,540489.0,0.0,0,0
Mississippi,Oktibbeha,28105,0.0,8615.0,0.0,1963.0,12250.0,71457.0,24336.0,0.0,0,0
Mississippi,Panola,28107,1207024.0,1825404.0,1861934.0,1523163.0,2501007.0,4575723.0,2442628.0,184518.0,0,0
Mississippi,Pearl River,28109,10666.0,21360.0,9679.0,14099.0,33545.0,41284.0,35172.0,14383.0,0,0
Mississippi,Perry,28111,205548.0,357980.0,390949.0,213802.0,253323.0,322391.0,310898.0,125284.0,0,0
Mississippi,Pike,28113,0.0,887.0,2566.0,3022.0,1424.0,18536.0,6602.0,0.0,0,0
Mississippi,Pontotoc,28115,20715.0,33948.0,42467.0,21621.0,248845.0,745442.0,337106.0,10988.0,0,0
Mississippi,Prentiss,28117,0.0,0.0,0.0,0.0,140258.0,466675.0,208038.0,0.0,0,0
Mississippi,Quitman,28119,2479737.0,3347179.0,5218527.0,3072300.0,4548840.0,5719686.0,3443866.0,503873.0,0,0
Mississippi,Rankin,28121,0.0,4517.0,11576.0,5725.0,184537.0,524907.0,170395.0,0.0,0,0
Mississippi,Scott,28123,0.0,3024.0,11730.0,4564.0,83851.0,228112.0,146773.0,0.0,0,0
Mississippi,Sharkey,28125,889796.0,1350220.0,2228385.0,1246333.0,3162835.15,5795060.0,3037208.0,186658.0,0,0
Mississippi,Simpson,28127,9458.0,35420.0,47461.0,33694.0,15297.0,29307.0,8637.0,0.0,0,0
Mississippi,Smith,28129,12014.0,18843.0,25323.0,10423.0,4290.0,10741.0,5888.0,572.0,0,0
Mississippi,Stone,28131,13848.0,22680.0,23095.0,12443.0,15877.0,27488.0,20141.0,7226.0,0,0
Mississippi,Sunflower,28133,6372566.0,8329063.0,12227192.0,7978849.0,12529877.0,15447806.0,8867052.0,1290320.0,0,0
Mississippi,Tallahatchie,28135,2307611.0,3239250.0,4841878.0,2803528.0,5665943.0,9083394.0,4631321.0,419021.0,0,0
Mississippi,Tate,28137,299853.0,499004.0,632008.0,365707.0,507020.0,1196823.0,575189.0,44872.0,0,0
Mississippi,Tippah,28139,0.0,3055.0,11388.0,9604.0,82117.0,310077.0,112531.0,43.0,0,0
Mississippi,Tishomingo,28141,8140.0,13691.0,68152.0,30695.0,61128.0,207983.0,101313.0,4791.0,0,0
Mississippi,Tunica,28143,3661830.4499999997,5241474.0,7852251.0,4933466.0,6402537.0,7998586.12,4688299.85,666973.0,0,0
Mississippi,Union,28145,0.0,579.7,2874.0,3367.0,182166.0,652665.0,261538.82,0.0,0,0
Mississippi,Walthall,28147,30073.0,65506.0,89173.0,41461.0,44636.0,72204.0,46438.0,15777.0,0,0
Mississippi,Warren,28149,63762.89,142516.0,118737.0,93712.0,632314.0,1707739.0,835232.0,588.0,0,0
Mississippi,Washington,28151,5509846.0,7770920.0,10987279.62,6958132.0,12620395.37,18747341.11,9919912.16,1026220.0,0,0
Mississippi,Wayne,28153,5876.0,11161.0,14710.0,9468.0,7963.0,12697.0,11123.0,3067.0,0,0
Mississippi,Webster,28155,17570.0,163715.0,91767.0,19026.0,433900.56,1063573.45,527331.0,17095.0,0,0
Mississippi,Wilkinson,28157,0.0,853.0,0.0,964.0,31490.0,99317.0,45562.0,0.0,0,0
Mississippi,Winston,28159,0.0,314.0,10271.0,919.0,23203.0,102991.0,40585.0,0.0,0,0
Mississippi,Yalobusha,28161,45029.0,77966.0,116912.0,88445.0,280512.0,677981.83,351047.0,35745.0,0,0
Mississippi,Yazoo,28163,412237.0,891511.0,1327318.0,595119.0,4188869.0,9872959.41,5299071.43,74925.0,0,0
Missouri,Adair,29001,0.0,229088.0,652336.0,585162.0,195146.0,407974.0,97852.0,0.0,0,0
Missouri,Andrew,29003,0.0,172603.0,533769.0,532519.0,163904.0,356319.0,31566.0,0.0,0,0
Missouri,Atchison,29005,0.0,83045.0,255383.0,257670.0,69997.0,1206646.0,5477.0,0.0,0,0
Missouri,Audrain,29007,0.0,2000898.0,4941085.0,3328132.0,1698563.0,3496965.0,826751.0,0.0,0,0
Missouri,Barry,29009,0.0,24251.0,62194.0,33260.0,18483.0,28076.0,7928.0,0.0,0,0
Missouri,Barton,29011,0.0,1804570.0,4682241.45,3036777.0,1445300.0,2576364.69,860178.35,0.0,0,0
Missouri,Bates,29013,0.0,1818933.0,4669082.85,3031383.0,1474437.0,2603155.78,833070.0,0.0,0,0
Missouri,Benton,29015,0.0,264488.0,665847.0,483413.0,237574.0,354862.0,89893.0,0.0,0,0
Missouri,Bollinger,29017,139166.0,381004.0,676952.0,401201.0,353080.0,630887.0,170794.0,21880.0,0,0
Missouri,Boone,29019,0.0,285576.0,864616.0,681026.0,254155.0,540534.0,139407.0,0.0,0,0
Missouri,Buchanan,29021,0.0,249681.0,798132.0,792138.0,243460.0,585504.0,31586.0,0.0,0,0
Missouri,Butler,29023,9143604.0,12794902.0,17548773.73,11433951.0,14128475.0,10064453.0,6475772.0,1756389.0,0,0
Missouri,Caldwell,29025,0.0,502797.99,1400653.0,981222.0,405665.0,904522.0,261346.0,0.0,0,0
Missouri,Callaway,29027,0.0,693953.0,1795005.0,1156278.0,541333.0,1249182.0,370735.0,0.0,0,0
Missouri,Camden,29029,0.0,5171.0,14370.0,8801.0,3188.0,6433.0,1944.0,0.0,0,0
Missouri,Cape Girardeau,29031,17907.0,461713.0,1114327.0,642958.0,355296.0,1381649.0,330912.0,3666.0,0,0
Missouri,Carroll,29033,0.0,1163409.0,3562540.0,2694019.0,924149.0,1641281.0,403883.0,0.0,0,0
Missouri,Carter,29035,0.0,9373.0,17303.0,11843.0,7694.0,0.0,0.0,0.0,0,0
Missouri,Cass,29037,0.0,844787.0,2135078.0,1511205.0,725424.0,1124686.0,233539.0,0.0,0,0
Missouri,Cedar,29039,0.0,148889.0,409057.0,246684.0,135448.0,240299.0,77735.0,0.0,0,0
Missouri,Chariton,29041,0.0,553092.0,1719129.0,1335475.0,439496.0,1011272.0,246920.0,0.0,0,0
Missouri,Christian,29043,0.0,7160.0,1965.0,6816.0,2744.0,10846.0,3361.0,0.0,0,0
Missouri,Clark,29045,0.0,405319.0,1327619.0,1190839.0,360177.0,845080.0,105574.0,0.0,0,0
Missouri,Clay,29047,0.0,34420.0,114609.0,112046.0,35713.0,93235.0,16000.0,0.0,0,0
Missouri,Clinton,29049,0.0,142971.0,553490.0,497284.0,151593.0,152876.0,22416.0,0.0,0,0
Missouri,Cole,29051,0.0,216692.0,564756.0,370150.0,171326.0,258906.0,71448.0,0.0,0,0
Missouri,Cooper,29053,0.0,1061265.0,2959693.0,1994503.0,800410.0,1894739.0,633580.0,0.0,0,0
Missouri,Crawford,29055,0.0,23985.0,59959.0,40993.0,21548.0,28859.0,5730.0,0.0,0,0
Missouri,Dade,29057,0.0,916733.38,2180542.0,1308436.0,675381.0,1259243.0,474171.0,0.0,0,0
Missouri,Dallas,29059,0.0,8199.0,20084.0,10714.0,5615.0,12271.0,4837.0,0.0,0,0
Missouri,Daviess,29061,0.0,644713.0,1771005.0,1331294.59,577514.0,892094.98,179694.0,0.0,0,0
Missouri,DeKalb,29063,0.0,178248.0,538547.0,445473.0,164339.0,326897.0,66491.0,0.0,0,0
Missouri,Dent,29065,0.0,7479.0,16186.0,10122.0,6644.0,3610.0,215.0,0.0,0,0
Missouri,Douglas,29067,0.0,3107.0,10279.0,12140.0,4712.0,3396.0,1119.0,0.0,0,0
Missouri,Dunklin,29069,2278681.0,4875395.35,7041340.51,4557247.0,9242557.49,17126896.13,8698091.75,536116.0,0,0
Missouri,Franklin,29071,0.0,331305.0,943087.0,749424.0,263743.0,459021.0,118147.0,0.0,0,0
Missouri,Gasconade,29073,0.0,200554.0,536107.03,386971.0,167544.0,231216.0,54368.0,0.0,0,0
Missouri,Gentry,29075,0.0,147001.0,479368.0,396290.0,136917.0,270428.0,61848.0,0.0,0,0
Missouri,Greene,29077,0.0,43709.0,122947.0,71521.0,29883.0,45270.0,19931.0,0.0,0,0
Missouri,Grundy,29079,0.0,493199.0,1361244.0,1062022.0,429966.0,704779.0,112549.0,0.0,0,0
Missouri,Harrison,29081,0.0,485943.0,1495792.0,1318887.0,424963.0,694920.0,81719.0,0.0,0,0
Missouri,Henry,29083,0.0,1151735.0,2714719.0,1697653.0,1027786.0,1470089.0,363252.0,0.0,0,0
Missouri,Hickory,29085,0.0,64676.0,160666.0,89149.0,51957.0,55592.0,13911.0,0.0,0,0
Missouri,Holt,29087,0.0,290580.0,957186.0,948700.0,256125.0,1126583.0,9756.0,0.0,0,0
Missouri,Howard,29089,0.0,351369.0,1093673.0,876142.0,292426.0,563755.0,127930.0,0.0,0,0
Missouri,Howell,29091,0.0,6795.0,21816.0,17303.0,6013.0,12139.0,4084.0,0.0,0,0
Missouri,Iron,29093,0.0,2205.0,9145.0,5958.0,5417.0,3395.0,388.0,0.0,0,0
Missouri,Jackson,29095,0.0,269547.0,790759.0,680784.0,255215.0,414726.0,103951.0,0.0,0,0
Missouri,Jasper,29097,0.0,717933.0,1824290.0,1066213.0,545818.0,1195450.0,434691.0,0.0,0,0
Missouri,Jefferson,29099,0.0,19538.0,55663.0,34866.0,15238.0,38390.0,10318.0,0.0,0,0
Missouri,Johnson,29101,0.0,1022473.0,2647468.0,1926741.0,942570.0,1414001.0,268438.0,0.0,0,0
Missouri,Knox,29103,0.0,533556.27,1691586.0,1327433.0,444214.0,989810.0,211630.0,0.0,0,0
Missouri,Laclede,29105,0.0,23990.0,66939.0,49020.0,18533.0,28575.0,6746.0,0.0,0,0
Missouri,Lafayette,29107,0.0,527605.0,1873433.0,1708609.0,473935.0,1664774.0,191702.0,0.0,0,0
Missouri,Lawrence,29109,0.0,175659.0,455021.98,302182.0,149650.0,408661.23,152455.0,0.0,0,0
Missouri,Lewis,29111,0.0,574118.0,1877360.0,1578082.0,489396.0,973706.0,178002.0,0.0,0,0
Missouri,Lincoln,29113,0.0,734026.0,2117431.0,1519322.0,555170.0,1493526.0,430070.0,0.0,0,0
Missouri,Linn,29115,0.0,323905.0,824103.0,700942.0,273824.87,480355.0,106638.0,0.0,0,0
Missouri,Livingston,29117,0.0,788383.0,2143070.0,1595872.0,737433.0,1151019.0,314048.0,0.0,0,0
Missouri,McDonald,29119,0.0,5305.0,10250.0,5745.0,3604.0,6691.0,2493.0,0.0,0,0
Missouri,Macon,29121,0.0,371213.5,1035849.99,777772.0,309871.0,669733.0,158670.0,0.0,0,0
Missouri,Madison,29123,0.0,20877.0,44130.0,27457.0,21465.0,18234.0,4523.0,0.0,0,0
Missouri,Maries,29125,0.0,39058.0,100752.0,74558.0,30445.0,46014.0,11169.0,0.0,0,0
Missouri,Marion,29127,1064.0,205152.0,591469.35,456904.0,160446.0,1104905.5,247009.0,619.0,0,0
Missouri,Mercer,29129,0.0,228181.0,687358.0,558101.04,200701.0,500381.0,92515.0,0.0,0,0
Missouri,Miller,29131,0.0,54357.0,145018.0,98608.0,41906.0,75575.0,18716.0,0.0,0,0
Missouri,Mississippi,29133,146920.0,734940.98,1521111.0,800414.0,578821.0,3850740.0,1230764.0,27264.0,0,0
Missouri,Moniteau,29135,0.0,705723.0,1758533.0,1153117.0,565725.0,947040.0,277397.0,0.0,0,0
Missouri,Monroe,29137,0.0,782888.0,2018478.0,1361357.0,657238.0,1658201.0,369285.0,0.0,0,0
Missouri,Montgomery,29139,0.0,658822.0,1872923.0,1295395.0,486337.0,1570888.0,468013.0,0.0,0,0
Missouri,Morgan,29141,0.0,113609.0,300476.0,208543.0,92794.0,195333.0,64667.0,0.0,0,0
Missouri,New Madrid,29143,4111796.0,5627664.04,9137771.0,5878746.0,9883828.0,16303007.74,8058764.87,772499.56,0,0
Missouri,Newton,29145,0.0,167309.0,355113.0,220711.0,112340.0,250477.0,100408.0,0.0,0,0
Missouri,Nodaway,29147,0.0,265057.0,972304.0,945826.06,258015.0,842190.0,32184.0,0.0,0,0
Missouri,Oregon,29149,0.0,9394.0,21978.0,13154.0,6270.0,10456.0,4664.0,0.0,0,0
Missouri,Osage,29151,0.0,175014.0,504478.0,435323.0,159687.0,226831.0,31290.0,0.0,0,0
Missouri,Ozark,29153,0.0,1996.0,5894.0,4982.0,1954.0,2204.0,0.0,0.0,0,0
Missouri,Pemiscot,29155,4286079.99,5998433.06,9584075.09,6098543.0,8531474.0,11845786.0,6557907.58,722393.0,0,0
Missouri,Perry,29157,0.0,200645.0,543923.0,324299.0,139323.0,918504.0,241646.0,0.0,0,0
Missouri,Pettis,29159,0.0,1587447.0,4112269.0,2775111.0,1362410.0,2237167.0,558926.0,0.0,0,0
Missouri,Phelps,29161,0.0,45395.0,122855.0,80169.0,36942.0,56141.0,16564.0,0.0,0,0
Missouri,Pike,29163,0.0,377183.0,1068942.0,702035.0,269593.0,1633448.0,425176.0,0.0,0,0
Missouri,Platte,29165,0.0,181965.0,623951.0,539000.0,191683.0,599303.0,57151.0,0.0,0,0
Missouri,Polk,29167,0.0,65101.0,168475.0,118303.0,52124.0,94349.0,30402.0,0.0,0,0
Missouri,Pulaski,29169,0.0,5956.0,20703.0,17098.0,5271.0,7507.0,786.0,0.0,0,0
Missouri,Putnam,29171,0.0,204113.96,676910.0,576561.0,164060.0,359073.0,53838.0,0.0,0,0
Missouri,Ralls,29173,0.0,349966.0,918186.0,631591.0,290399.0,1671250.0,412194.0,0.0,0,0
Missouri,Randolph,29175,0.0,406062.0,1124849.35,716755.0,294699.0,693810.0,255236.0,0.0,0,0
Missouri,Ray,29177,0.0,283215.0,831062.0,639505.0,240311.0,765534.0,153672.0,0.0,0,0
Missouri,Reynolds,29179,0.0,10914.0,29189.0,16886.0,7003.0,0.0,1347.0,0.0,0,0
Missouri,Ripley,29181,719154.0,942233.0,1225815.0,1005120.0,1109446.0,794878.0,543494.0,152691.0,0,0
Missouri,St. Charles,29183,0.0,279068.62,895470.0,702856.0,225064.0,678558.0,136417.0,0.0,0,0
Missouri,St. Clair,29185,0.0,651321.0,1320905.0,973872.0,524751.0,971342.0,302771.0,0.0,0,0
Missouri,Ste. Genevieve,29193,0.0,153299.0,395267.0,260298.0,116404.0,413400.0,89818.0,0.0,0,0
Missouri,St. Francois,29187,0.0,37593.0,89207.0,61713.0,30712.0,78165.0,21490.0,0.0,0,0
Missouri,St. Louis,29189,0.0,32713.0,99721.0,59358.0,24576.0,58220.0,18989.0,0.0,0,0
Missouri,Saline,29195,0.0,596093.0,2065184.0,1807992.0,530688.0,1714253.0,150744.0,0.0,0,0
Missouri,Schuyler,29197,0.0,75938.0,255553.5,227920.0,66631.0,245078.0,29788.0,0.0,0,0
Missouri,Scotland,29199,0.0,247846.0,798086.0,684485.0,212562.0,648438.0,89628.0,0.0,0,0
Missouri,Scott,29201,275664.0,869568.0,1737296.0,1014933.0,1136341.0,4083816.0,1367197.95,55870.0,0,0
Missouri,Shannon,29203,0.0,2165.0,4947.0,3371.0,1935.0,0.0,153.0,0.0,0,0
Missouri,Shelby,29205,0.0,643077.0,1705355.0,1229245.0,548362.0,1306681.0,304405.0,0.0,0,0
Missouri,Stoddard,29207,8358672.94,11768324.43,17293187.39,11507839.0,14066641.96,15109022.76,7961502.0,1468843.0,0,0
Missouri,Stone,29209,0.0,307.0,0.0,0.0,0.0,0.0,246.0,0.0,0,0
Missouri,Sullivan,29211,0.0,235351.0,552251.0,546727.0,194300.0,337803.0,66074.0,0.0,0,0
Missouri,Taney,29213,0.0,1932.0,0.0,0.0,0.0,0.0,610.0,0.0,0,0
Missouri,Texas,29215,0.0,11948.0,34357.0,20663.0,10800.0,10978.0,3151.0,0.0,0,0
Missouri,Vernon,29217,141.0,1475614.0,3675974.0,2338878.0,1239007.0,2382994.0,736189.0,0.0,0,0
Missouri,Warren,29219,0.0,57795.0,166397.0,116767.0,43246.0,80334.0,18159.0,0.0,0,0
Missouri,Washington,29221,0.0,0.0,0.0,0.0,0.0,0.0,0.0,0.0,0,0
Missouri,Wayne,29223,497.0,28942.0,28314.0,41925.0,28725.0,44058.0,8206.0,96.0,0,0
Missouri,Webster,29225,0.0,11012.0,47938.0,37105.0,13624.0,17214.0,5531.0,0.0,0,0
Missouri,Worth,29227,0.0,49668.0,172070.0,159423.0,46469.0,137305.0,15703.0,0.0,0,0
Missouri,Wright,29229,0.0,11073.0,24578.0,14332.0,5080.0,3478.0,1246.0,0.0,0,0
Missouri,St. Louis,29510,0.0,0.0,0.0,0.0,0.0,0.0,0.0,0.0,0,0
Montana,Beaverhead,30001,0.0,278894.0,664577.0,509925.0,278126.0,680322.0,394299.0,0.0,0,0
Montana,Big Horn,30003,0.0,1861647.0,4156127.0,2864135.0,1491837.0,3329484.11,1592022.0,0.0,0,0
Montana,Blaine,30005,42560.0,2884630.8,7114192.82,4299562.32,2148079.74,7024642.89,3432764.04,0.0,0,0
Montana,Broadwater,30007,4502.0,920924.0,2377827.0,1380817.0,765912.0,1895576.0,998075.0,0.0,0,0
Montana,Carbon,30009,22.0,402867.0,1137514.0,994670.0,504268.0,888655.0,458536.0,0.0,0,0
Montana,Carter,30011,1694.0,631922.0,1424023.03,917409.0,448196.0,954432.0,506112.0,0.0,0,0
Montana,Cascade,30013,364.0,2631965.0,6293862.58,4710812.0,2489967.0,6360968.74,3656019.0,0.0,0,0
Montana,Chouteau,30015,2981.0,9597391.54,22898685.4,15175223.73,7535685.05,20926981.17,11384293.0,0.0,0,0
Montana,Custer,30017,0.0,625209.0,1615747.0,1022921.73,457097.0,1285845.0,600685.0,0.0,0,0
Montana,Daniels,30019,14275.0,2674192.0,6862844.94,3710914.8,2163490.0,6591345.0,3809571.0,0.0,0,0
Montana,Dawson,30021,469.0,2265789.0,5768673.52,3280569.0,1572624.0,5121460.5,2682334.44,0.0,0,0
Montana,Deer Lodge,30023,0.0,44772.0,121778.0,105964.0,58622.0,101173.0,57569.0,0.0,0,0
Montana,Fallon,30025,183.0,747810.85,1978251.0,1109473.0,536552.0,1265070.0,649756.0,0.0,0,0
Montana,Fergus,30027,0.0,3004659.02,7607943.72,4912119.0,2435096.0,6905661.65,3656428.0,0.0,0,0
Montana,Flathead,30029,71994.0,489490.0,1212880.0,784723.0,393111.0,968495.5,494390.0,0.0,0,0
Montana,Gallatin,30031,5209.0,1199324.0,2870894.17,2169822.0,1181509.68,2281977.0,1277132.0,0.0,0,0
Montana,Garfield,30033,0.0,1440688.0,3122109.08,2105258.0,735428.0,2757287.0,1437210.0,0.0,0,0
Montana,Glacier,30035,62451.0,2322514.0,5411997.83,4340681.0,2528302.26,5182334.57,2478966.68,0.0,0,0
Montana,Golden Valley,30037,2.0,289516.0,763590.0,466870.0,236108.0,1074087.0,534268.0,0.0,0,0
Montana,Granite,30039,0.0,17601.0,46711.0,44296.0,25311.0,44678.0,26095.0,0.0,0,0
Montana,Hill,30041,2714.0,5077426.94,12494364.96,7424367.0,3615494.86,14747485.64,7844756.0,0.0,0,0
Montana,Jefferson,30043,0.0,40080.0,80153.0,43406.0,24449.0,105192.0,57819.0,0.0,0,0
Montana,Judith Basin,30045,187.0,1395493.0,3546442.04,2706878.0,1408538.0,3237461.0,1761298.0,0.0,0,0
Montana,Lake,30047,3874.0,276036.0,1080919.0,720933.02,345754.0,796437.0,356096.0,0.0,0,0
Montana,Lewis and Clark,30049,1137.0,237852.0,582904.43,425725.0,244517.0,538466.0,290048.0,0.0,0,0
Montana,Liberty,30051,449.0,3488334.93,8714333.0,5457903.0,2670256.0,9540678.0,5233692.31,0.0,0,0
Montana,Lincoln,30053,0.0,0.0,0.0,0.0,0.0,0.0,0.0,0.0,0,0
Montana,McCone,30055,0.0,3096227.23,7969506.6,4309495.34,2012064.64,6479185.0,3452052.58,0.0,0,0
Montana,Madison,30057,67.0,235495.0,544048.0800000001,368026.0,203182.0,480986.0,301506.0,0.0,0,0
Montana,Meagher,30059,4777.0,298253.0,585431.0,606662.0,400190.0,580233.0,403765.0,0.0,0,0
Montana,Mineral,30061,0.0,18785.0,58502.0,29065.0,12369.0,23305.0,11487.0,0.0,0,0
Montana,Missoula,30063,0.0,32385.0,76962.0,53914.0,28080.0,52766.0,26023.0,0.0,0,0
Montana,Musselshell,30065,0.0,405294.0,874648.0,554653.0,268296.0,859758.0,472287.5,0.0,0,0
Montana,Park,30067,54.0,208249.0,563636.0,443126.0,229077.0,398983.0,224532.0,0.0,0,0
Montana,Petroleum,30069,0.0,215545.0,568053.0,361830.0,175644.0,549908.0,268587.0,0.0,0,0
Montana,Phillips,30071,373.0,1709252.0,4288059.0,2733110.0,1357636.0,3763113.0,2064317.0,0.0,0,0
Montana,Pondera,30073,193814.0,4626806.0,11287437.92,8330381.0,4578867.0,9042473.02,5135309.0,1030.0,0,114
Montana,Powder River,30075,0.0,639384.0,1572325.0,924174.22,441658.0,1136067.0,603036.0,0.0,0,0
Montana,Powell,30077,0.0,61226.0,163076.0,177377.0,104776.0,138833.0,82788.0,0.0,0,0
Montana,Prairie,30079,0.0,658471.0,1582998.0,1058855.0,502142.0,1424653.5,738136.57,150.0,0,18
Montana,Ravalli,30081,0.0,27835.0,52618.0,54669.0,27693.0,45545.0,27592.0,0.0,0,0
Montana,Richland,30083,657.0,1885817.0,5849985.0,3385029.68,1649253.0,4611691.65,2327296.0,0.0,0,0
Montana,Roosevelt,30085,9904.0,4224934.97,10514439.0,5596071.0,2649229.0,7854891.69,4053640.0,0.0,0,0
Montana,Rosebud,30087,359.0,827402.0,2102850.0,1262632.43,612568.0,1427639.0,725218.0,0.0,0,0
Montana,Sanders,30089,0.0,33399.0,70258.0,39228.0,14465.0,30301.0,18915.0,0.0,0,0
Montana,Sheridan,30091,64631.0,3497483.9,9093262.73,5156107.99,2955178.7,9549476.3,5651690.21,1734.0,0,193
Montana,Silver Bow,30093,0.0,1299.0,3430.0,5074.0,4232.0,4746.0,3327.0,0.0,0,0
Montana,Stillwater,30095,0.0,814034.07,2310446.15,1477127.0,725923.0,1872853.0,981020.0,0.0,0,0
Montana,Sweet Grass,30097,0.0,63893.0,189664.0,120442.0,64244.0,126280.0,78403.0,0.0,0,0
Montana,Teton,30099,19210.0,3862024.0,9141417.84,7771626.0,4359418.0,8107770.09,4978489.55,0.0,0,0
Montana,Toole,30101,40707.0,3172294.0,8027417.8,5706845.0,3109009.28,7985439.0,4454188.0,0.0,0,0
Montana,Treasure,30103,0.0,99806.0,455786.0,353345.0,176862.0,325950.0,151682.0,0.0,0,0
Montana,Valley,30105,21142.0,4190667.96,10455195.2,5937575.0,3148200.0,9593986.12,5170445.0,0.0,0,0
Montana,Wheatland,30107,923.0,520328.0,1085451.0,856872.98,467958.8,1313227.0,651423.48,0.0,0,0
Montana,Wibaux,30109,14850.0,462227.12,1160697.0,598683.0,353898.98,1494033.0,789877.0,0.0,0,0
Montana,Yellowstone,30111,0.0,1766124.0,4536058.88,3080420.82,1431616.0,3204372.0,1621623.03,0.0,0,0
Nebraska,Adams,31001,0.0,341758.0,960917.0,797074.0,328293.0,4692692.0,157079.39,0.0,0,0
Nebraska,Antelope,31003,0.0,94361.0,348062.0,343472.0,98612.0,4409210.0,7448.0,1666.0,0,0
Nebraska,Arthur,31005,0.0,15096.0,56393.0,55561.0,14880.0,63780.0,1843.0,0.0,0,0
Nebraska,Banner,31007,0.0,868059.0,2288411.99,1107095.0,481484.0,1403168.0,537957.0,0.0,0,0
Nebraska,Blaine,31009,0.0,487.0,1837.0,1835.0,488.0,20099.0,507.0,0.0,0,0
Nebraska,Boone,31011,0.0,67558.0,158695.0,170046.0,66772.0,3971629.44,30101.0,0.0,0,0
Nebraska,Box Butte,31013,333.0,2356009.0,5953281.81,3252219.0,1428432.0,4902233.0,1998912.0,0.0,0,0
Nebraska,Boyd,31015,0.0,46508.0,131999.0,103558.0,36606.0,417735.0,35562.0,0.0,0,0
Nebraska,Brown,31017,0.0,14372.0,54484.0,54304.0,28599.0,851519.0,1050.0,0.0,0,0
Nebraska,Buffalo,31019,0.0,151020.0,413934.0,316809.0,143540.0,4510553.0,121113.0,0.0,0,0
Nebraska,Burt,31021,0.0,17348.0,56716.0,52326.0,17817.0,1910207.5,10559.0,0.0,0,0
Nebraska,Butler,31023,0.0,240308.0,530893.0,398826.0,271696.0,3598986.0,49934.0,0.0,0,0
Nebraska,Cass,31025,0.0,22643.0,68366.0,57899.0,29207.0,2086765.0,71042.0,0.0,0,0
Nebraska,Cedar,31027,0.0,55561.0,181372.0,175498.0,47014.0,2955215.0,4957.0,0.0,0,0
Nebraska,Chase,31029,0.0,413347.0,1081695.79,749802.0,290957.0,3526611.02,608840.0,0.0,0,0
Nebraska,Cherry,31031,0.0,14821.0,44233.0,45963.0,14704.0,376322.0,17144.0,0.0,0,0
Nebraska,Cheyenne,31033,0.0,4593397.0,12004758.85,6531952.0,2773904.95,7810339.0,3540073.0,0.0,0,0
Nebraska,Clay,31035,0.0,385768.0,962263.0,759468.0,373517.0,3861330.0,128114.0,0.0,0,0
Nebraska,Colfax,31037,0.0,48276.0,167616.0,163627.0,47779.0,1658024.0,10592.0,0.0,0,0
Nebraska,Cuming,31039,0.0,35834.0,135589.0,135421.0,36123.0,2794180.7,1328.0,0.0,0,0
Nebraska,Custer,31041,0.0,91732.0,314329.0,289984.0,85398.0,3806321.0,129474.0,0.0,0,0
Nebraska,Dakota,31043,0.0,10046.0,11313.0,6132.0,3546.0,799600.0,2476.0,0.0,0,0
Nebraska,Dawes,31045,0.0,907734.0,2387094.0,1196328.0,537935.0,1788616.0,797886.0,0.0,0,0
Nebraska,Dawson,31047,0.0,91853.0,320748.0,305570.0,89420.0,4442894.0,90901.0,0.0,0,0
Nebraska,Deuel,31049,0.0,712368.0,1781791.57,937679.03,446984.0,2209345.6,946300.0,0.0,0,0
Nebraska,Dixon,31051,0.0,24863.0,69738.0,58999.0,24759.0,1997865.0,2365.0,0.0,0,0
Nebraska,Dodge,31053,0.0,47844.0,156131.0,146792.0,47072.0,2457129.93,5875.0,0.0,0,0
Nebraska,Douglas,31055,0.0,19230.0,70746.0,71027.0,18946.0,327993.0,2654.0,0.0,0,0
Nebraska,Dundy,31057,0.0,516347.0,1261339.58,852161.0,350112.0,3001160.0,699163.0,0.0,0,0
Nebraska,Fillmore,31059,0.0,548226.0,1319284.0,1024049.0,569416.0,5053196.0,110334.0,0.0,0,0
Nebraska,Franklin,31061,0.0,249922.0,590631.0,396267.0,224003.0,2512799.0,248508.0,0.0,0,0
Nebraska,Frontier,31063,0.0,121468.0,331680.0,195867.0,81179.0,1969097.0,534131.0,0.0,0,0
Nebraska,Furnas,31065,0.0,336766.87,886081.39,479828.0,218938.77,4386610.0,1197591.27,0.0,0,0
Nebraska,Gage,31067,0.0,2018966.0,4369674.0,2890154.43,2003857.0,4361195.82,411093.0,0.0,0,0
Nebraska,Garden,31069,0.0,413988.0,1148275.58,605638.8,235730.0,1936157.0,732356.24,0.0,0,0
Nebraska,Garfield,31071,0.0,7406.0,26297.0,26298.0,8523.0,212528.0,1624.0,0.0,0,0
Nebraska,Gosper,31073,0.0,28139.0,78930.0,65816.0,21172.0,2545279.0,314712.0,0.0,0,0
Nebraska,Grant,31075,0.0,0.0,0.0,0.0,0.0,0.0,0.0,0.0,0,0
Nebraska,Greeley,31077,0.0,25510.0,88723.0,83345.0,23957.0,1006963.0,14351.0,0.0,0,0
Nebraska,Hall,31079,0.0,65414.0,217356.0,292269.0,88737.0,3036079.0,11259.0,0.0,0,0
Nebraska,Hamilton,31081,0.0,179485.0,435063.0,339747.0,184118.0,5323184.0,23184.0,0.0,0,0
Nebraska,Harlan,31083,0.0,242819.0,671691.0,467927.0,207592.0,3097095.99,527990.0,0.0,0,0
Nebraska,Hayes,31085,0.0,159193.87,421422.0,292148.0,118129.0,2347089.0,614791.0,0.0,0,0
Nebraska,Hitchcock,31087,0.0,51997.0,116693.0,78976.0,43494.0,895296.0,271519.0,0.0,0,0
Nebraska,Holt,31089,0.0,95120.0,355586.0,355206.0,102857.0,3520340.0,34128.0,0.0,0,0
Nebraska,Hooker,31091,0.0,0.0,0.0,0.0,0.0,0.0,0.0,0.0,0,0
Nebraska,Howard,31093,0.0,66584.0,224908.0,216531.0,66089.0,2170750.0,35275.0,0.0,0,0
Nebraska,Jefferson,31095,0.0,1143418.0,2504941.56,1712817.0,1143168.8,3405327.0,336078.0,0.0,0,0
Nebraska,Johnson,31097,0.0,205424.0,434824.0,288412.0,209557.0,985321.0,81670.0,0.0,0,0
Nebraska,Kearney,31099,0.0,192012.0,512883.0,330097.0,167742.0,4449961.99,210671.0,0.0,0,0
Nebraska,Keith,31101,0.0,569556.0,1509988.0,876119.0,345688.85,3127555.0,754091.0,0.0,0,0
Nebraska,Keya Paha,31103,0.0,409.0,117478.0,117177.0,40377.0,231334.0,5912.0,0.0,0,0
Nebraska,Kimball,31105,0.0,2306242.57,5995507.12,3234207.85,1500987.85,4135018.81,1848454.0,0.0,0,0
Nebraska,Knox,31107,0.0,47602.0,167272.0,158368.0,42914.0,2283624.0,26987.0,0.0,0,0
Nebraska,Lancaster,31109,0.0,376122.0,816191.0,527544.26,402805.0,2360620.0,138202.0,0.0,0,0
Nebraska,Lincoln,31111,0.0,239987.0,756244.0,620839.0,197111.0,4889218.13,470785.0,0.0,0,0
Nebraska,Logan,31113,0.0,2081.0,7832.0,7810.0,2073.0,456570.0,29026.0,0.0,0,0
Nebraska,Loup,31115,0.0,323.0,6060.0,5068.0,1549.0,130575.0,1520.0,0.0,0,0
Nebraska,McPherson,31117,0.0,2392.0,7448.0,5833.0,1775.0,170007.0,7888.0,0.0,0,0
Nebraska,Madison,31119,0.0,63577.0,243582.0,235072.0,63979.0,2872704.0,3176.0,0.0,0,0
Nebraska,Merrick,31121,0.0,17774.0,45542.0,37688.0,25985.0,3083938.0,23373.0,0.0,0,0
Nebraska,Morrill,31123,0.0,394057.0,1042850.0,530943.0,230090.27,1753990.0,365837.0,0.0,0,0
Nebraska,Nance,31125,0.0,55573.0,132724.0,83332.0,54448.0,1566436.0,61190.0,0.0,0,0
Nebraska,Nemaha,31127,0.0,63822.0,157002.0,107469.0,56005.0,1275936.0,80666.0,0.0,0,0
Nebraska,Nuckolls,31129,0.0,1072683.0,2420416.0,1571596.0,1026293.0,2611979.0,341131.0,0.0,0,0
Nebraska,Otoe,31131,0.0,192842.0,462446.0,345322.0,182208.0,1825434.0,94827.0,0.0,0,0
Nebraska,Pawnee,31133,0.0,241043.0,381436.0,243152.0,194926.0,1017989.7,110426.0,0.0,0,0
Nebraska,Perkins,31135,0.0,1239797.19,3515682.6,2096601.0,834677.0,5799056.42,1479173.89,0.0,0,0
Nebraska,Phelps,31137,0.0,124189.0,437211.0,417033.0,121865.0,4876214.0,85948.0,0.0,0,0
Nebraska,Pierce,31139,0.0,26937.0,114493.0,114601.0,30520.0,2721301.0,2206.0,0.0,0,0
Nebraska,Platte,31141,0.0,33366.0,113836.0,113210.0,57460.0,4649626.0,29894.0,0.0,0,0
Nebraska,Polk,31143,0.0,234537.0,502232.0,381784.0,110190.0,657383.0,6259.0,0.0,0,0
Nebraska,Red Willow,31145,0.0,551176.0,1365315.73,972214.0,475249.0,6915483.0,2169427.0,0.0,0,0
Nebraska,Richardson,31147,0.0,41511.0,112794.0,86219.0,36231.0,1874615.0,96727.0,0.0,0,0
Nebraska,Rock,31149,0.0,8076.0,36359.0,33603.0,9724.0,704943.0,2037.0,0.0,0,0
Nebraska,Saline,31151,0.0,1838058.0,3729374.0,2424988.0,1845190.0,3891227.0,221920.0,0.0,0,0
Nebraska,Sarpy,31153,0.0,5400.0,22988.0,22349.0,6273.0,346082.0,2613.0,0.0,0,0
Nebraska,Saunders,31155,0.0,193508.0,524005.0,422516.0,199253.0,3404829.76,63964.0,0.0,0,0
Nebraska,Scotts Bluff,31157,0.0,197907.0,424930.0,298940.0,131481.0,1455037.55,140069.0,0.0,0,0
Nebraska,Seward,31159,0.0,1293158.0,2606664.0,1757091.0,1432981.0,4471676.0,82034.0,0.0,0,0
Nebraska,Sheridan,31161,0.0,1266363.0,3440420.0,1867603.0,874327.0,2323198.12,828679.0,0.0,0,0
Nebraska,Sherman,31163,0.0,28289.0,77647.0,66203.0,25969.0,813854.0,29099.0,0.0,0,0
Nebraska,Sioux,31165,0.0,37802.0,107307.0,63916.0,16961.0,290106.0,31233.0,0.0,0,0
Nebraska,Stanton,31167,0.0,6205.0,24228.0,24195.0,7667.0,1398001.0,4601.0,0.0,0,0
Nebraska,Thayer,31169,0.0,199634.0,493425.0,316239.0,182556.0,5083613.0,452938.0,0.0,0,0
Nebraska,Thomas,31171,0.0,0.0,0.0,0.0,0.0,12155.0,225.0,0.0,0,0
Nebraska,Thurston,31173,0.0,9195.0,29215.0,55819.0,15957.0,1815329.0,8567.0,0.0,0,0
Nebraska,Valley,31175,0.0,18138.0,62818.0,52946.0,22454.0,2046868.0,45399.0,0.0,0,0
Nebraska,Washington,31177,0.0,49595.0,188403.0,186723.0,52926.0,1283792.0,9809.0,0.0,0,0
Nebraska,Wayne,31179,0.0,19144.0,74089.0,68705.0,18480.0,1834158.0,898.0,0.0,0,0
Nebraska,Webster,31181,0.0,719711.0,1740699.0,1108939.0,613734.0,2745068.79,515628.0,0.0,0,0
Nebraska,Wheeler,31183,0.0,8369.0,31623.0,31586.0,8388.0,493331.0,219.0,0.0,0,0
Nebraska,York,31185,0.0,292207.0,670148.0,527072.0,408026.0,6252518.07,21535.0,0.0,0,0
Nevada,Churchill,32001,0.0,21934.0,64670.0,52868.0,30435.0,107087.0,48275.0,0.0,0,0
Nevada,Clark,32003,0.0,3866.0,7247.0,7694.0,8119.0,7227.0,1843.0,0.0,0,0
Nevada,Douglas,32005,0.0,1164.0,1887.0,900.0,447.0,4204.0,2045.0,0.0,0,0
Nevada,Elko,32007,0.0,351.0,0.0,1028.0,528.0,4840.0,3615.0,0.0,0,0
Nevada,Esmeralda,32009,0.0,0.0,0.0,0.0,0.0,0.0,0.0,0.0,0,0
Nevada,Eureka,32011,0.0,0.0,9083.0,4354.0,2484.0,5185.0,2772.0,0.0,0,0
Nevada,Humboldt,32013,0.0,287727.0,648661.0,506166.0,276737.0,550541.0,301173.0,0.0,0,0
Nevada,Lander,32015,0.0,20467.0,64257.0,42691.0,20491.0,51232.0,25652.0,0.0,0,0
Nevada,Lincoln,32017,0.0,0.0,0.0,0.0,0.0,0.0,0.0,0.0,0,0
Nevada,Lyon,32019,0.0,13997.0,32823.0,19126.0,6557.0,26471.0,10190.0,0.0,0,0
Nevada,Mineral,32021,0.0,0.0,0.0,0.0,0.0,0.0,0.0,0.0,0,0
Nevada,Nye,32023,0.0,767.0,3811.0,7672.0,4947.0,5081.0,3454.0,0.0,0,0
Nevada,Pershing,32027,0.0,0.0,0.0,0.0,1362.0,444047.0,225396.0,0.0,0,0
Nevada,Storey,32029,0.0,0.0,0.0,0.0,0.0,0.0,0.0,0.0,0,0
Nevada,Washoe,32031,0.0,0.0,0.0,0.0,0.0,4446.0,2676.0,0.0,0,0
Nevada,White Pine,32033,0.0,0.0,0.0,0.0,0.0,5428.0,5793.0,0.0,0,0
Nevada,Carson City,32510,0.0,0.0,0.0,0.0,0.0,0.0,0.0,0.0,0,0
New Hampshire,Belknap,33001,0.0,157.0,591.0,590.0,157.0,2057.0,0.0,0.0,0,0
New Hampshire,Carroll,33003,0.0,308.0,1166.0,346.0,92.0,7137.0,0.0,0.0,0,0
New Hampshire,Cheshire,33005,0.0,5099.0,21776.0,21769.0,5486.0,8436.0,0.0,0.0,0,0
New Hampshire,Coos,33007,0.0,511.0,1928.0,1925.0,512.0,27703.0,158.0,0.0,0,0
New Hampshire,Grafton,33009,0.0,243.0,0.0,0.0,189.0,51461.0,0.0,0.0,0,0
New Hampshire,Hillsborough,33011,0.0,0.0,0.0,0.0,0.0,1263.0,0.0,0.0,0,0
New Hampshire,Merrimack,33013,0.0,2561.0,8818.0,8808.0,2338.0,18159.0,0.0,0.0,0,0
New Hampshire,Rockingham,33015,0.0,343.0,2866.0,1296.0,759.0,2526.0,0.0,0.0,0,0
New Hampshire,Strafford,33017,0.0,144.0,545.0,545.0,145.0,4389.0,0.0,0.0,0,0
New Hampshire,Sullivan,33019,0.0,2895.0,11133.0,10088.0,2919.0,1389.0,0.0,0.0,0,0
New Jersey,Atlantic,34001,0.0,0.0,0.0,0.0,0.0,122.0,0.0,0.0,0,0
New Jersey,Bergen,34003,0.0,0.0,0.0,0.0,0.0,0.0,0.0,0.0,0,0
New Jersey,Burlington,34005,0.0,15710.0,44750.0,32058.0,14337.0,28884.0,13920.0,0.0,0,0
New Jersey,Camden,34007,0.0,0.0,0.0,0.0,0.0,0.0,0.0,0.0,0,0
New Jersey,Cape May,34009,0.0,0.0,0.0,0.0,0.0,0.0,0.0,0.0,0,0
New Jersey,Cumberland,34011,0.0,6603.0,31380.0,12924.0,6993.0,27233.0,11435.0,0.0,0,0
New Jersey,Essex,34013,0.0,0.0,0.0,0.0,0.0,0.0,0.0,0.0,0,0
New Jersey,Gloucester,34015,0.0,2218.0,9465.0,5937.0,2165.0,67117.0,28623.0,0.0,0,0
New Jersey,Hudson,34017,0.0,0.0,0.0,0.0,0.0,0.0,0.0,0.0,0,0
New Jersey,Hunterdon,34019,0.0,23496.0,57570.0,50953.0,16552.0,41911.0,9306.0,0.0,0,0
New Jersey,Mercer,34021,0.0,14290.0,42321.0,23592.0,8721.0,29377.0,12332.0,0.0,0,0
New Jersey,Middlesex,34023,0.0,5845.0,16260.0,10774.0,4827.0,11970.0,3898.0,0.0,0,0
New Jersey,Monmouth,34025,0.0,11211.0,36856.0,26838.0,9551.0,16790.0,8748.0,0.0,0,0
New Jersey,Morris,34027,0.0,0.0,0.0,0.0,303.0,4528.0,224.0,0.0,0,0
New Jersey,Ocean,34029,0.0,1254.0,4505.0,4358.0,1236.0,633.0,45.0,0.0,0,0
New Jersey,Passaic,34031,0.0,0.0,0.0,0.0,0.0,0.0,0.0,0.0,0,0
New Jersey,Salem,34033,0.0,7607.0,20567.0,13233.0,7010.0,220280.0,102492.0,0.0,0,0
New Jersey,Somerset,34035,0.0,13903.0,34114.0,34311.0,8288.0,22367.0,4996.0,0.0,0,0
New Jersey,Sussex,34037,0.0,1726.0,7927.0,8078.0,2339.0,5056.0,10.0,0.0,0,0
New Jersey,Union,34039,0.0,0.0,0.0,0.0,0.0,0.0,0.0,0.0,0,0
New Jersey,Warren,34041,0.0,7103.0,33835.0,28060.0,8147.0,88005.0,7620.0,0.0,0,0
New Mexico,Bernalillo,35001,0.0,0.0,0.0,0.0,0.0,0.0,0.0,0.0,0,0
New Mexico,Catron,35003,0.0,0.0,0.0,0.0,0.0,0.0,0.0,0.0,0,0
New Mexico,Chaves,35005,0.0,231202.0,617923.0,509596.0,454375.0,915291.0,323878.0,0.0,0,0
New Mexico,Cibola,35006,0.0,0.0,0.0,0.0,0.0,0.0,0.0,0.0,0,0
New Mexico,Colfax,35007,0.0,43609.0,109950.0,52607.0,22695.0,55627.0,27617.0,0.0,0,0
New Mexico,Curry,35009,75138.0,5738921.34,12122604.91,6967991.0,5065176.0,7782679.0,2148055.0,86761.0,0,0
New Mexico,De Baca,35011,0.0,91231.0,190633.0,106721.0,77532.0,92318.0,22192.0,0.0,0,0
New Mexico,Dona Ana,35013,0.0,144052.0,525625.0,394929.0,151046.0,989538.0,308437.0,0.0,0,0
New Mexico,Eddy,35015,0.0,29051.0,42417.0,28107.19,108174.0,368495.0,158438.0,0.0,0,0
New Mexico,Grant,35017,0.0,0.0,0.0,0.0,0.0,0.0,0.0,0.0,0,0
New Mexico,Guadalupe,35019,0.0,1106.0,1758.0,521.0,156.0,219.0,404.0,0.0,0,0
New Mexico,Harding,35021,0.0,81793.0,147188.0,88991.0,43816.0,31747.0,7448.0,0.0,0,0
New Mexico,Hidalgo,35023,0.0,186484.0,511347.0,267121.0,252635.0,414420.0,92498.0,0.0,0,0
New Mexico,Lea,35025,903015.9,1755895.0,2392013.0,1416867.0,1927700.41,3110911.0,2061972.01,663489.2,0,0
New Mexico,Lincoln,35027,0.0,0.0,0.0,0.0,0.0,0.0,0.0,0.0,0,0
New Mexico,Los Alamos,35028,0.0,0.0,0.0,0.0,0.0,0.0,0.0,0.0,0,0
New Mexico,Luna,35029,0.0,385698.0,668434.0,463603.0,524351.0,848793.0,272948.6,0.0,0,0
New Mexico,McKinley,35031,0.0,0.0,0.0,0.0,0.0,0.0,0.0,0.0,0,0
New Mexico,Mora,35033,0.0,0.0,0.0,0.0,0.0,0.0,0.0,0.0,0,0
New Mexico,Otero,35035,0.0,0.0,0.0,0.0,0.0,0.0,0.0,0.0,0,0
New Mexico,Quay,35037,0.0,1861704.71,4005921.98,2200271.0,1628500.0,2323754.0,681182.0,0.0,0,0
New Mexico,Rio Arriba,35039,0.0,1410.0,1769.0,1510.79,733.0,2213.0,211.0,0.0,0,0
New Mexico,Roosevelt,35041,1307269.83,3890883.05,6080310.06,3802986.0,3425296.0,5105825.68,2565466.68,696607.9,0,0
New Mexico,Sandoval,35043,0.0,0.0,0.0,0.0,0.0,0.0,0.0,0.0,0,0
New Mexico,San Juan,35045,0.0,0.0,0.0,0.0,0.0,0.0,0.0,0.0,0,0
New Mexico,San Miguel,35047,0.0,0.0,0.0,0.0,0.0,0.0,0.0,0.0,0,0
New Mexico,Santa Fe,35049,0.0,7189.0,33702.0,23339.0,9963.0,13878.0,65.0,0.0,0,0
New Mexico,Sierra,35051,0.0,11387.0,44801.0,42699.0,15736.0,31143.0,6088.0,0.0,0,0
New Mexico,Socorro,35053,0.0,0.0,0.0,0.0,0.0,0.0,0.0,0.0,0,0
New Mexico,Taos,35055,0.0,2123.0,5581.0,1292.0,2068.0,4094.0,1864.0,0.0,0,0
New Mexico,Torrance,35057,0.0,38661.0,229196.69,197738.0,64881.0,244202.0,2479.0,0.0,0,0
New Mexico,Union,35059,0.0,505345.0,1320108.0,985631.0,436379.0,821578.0,222619.0,0.0,0,0
New Mexico,Valencia,35061,0.0,0.0,0.0,0.0,0.0,0.0,0.0,0.0,0,0
New York,Albany,36001,0.0,1791.0,11333.27,8536.0,2490.0,36516.0,1518.0,0.0,0,0
New York,Allegany,36003,0.0,1748.0,4057.0,4154.0,2109.0,152126.0,4241.0,0.0,0,0
New York,Bronx,36005,0.0,0.0,0.0,0.0,0.0,0.0,0.0,0.0,0,0
New York,Broome,36007,0.0,0.0,0.0,538.0,143.0,54314.0,52.0,0.0,0,0
New York,Cattaraugus,36009,0.0,936.0,4076.0,5006.0,2306.0,218612.0,1982.0,0.0,0,0
New York,Cayuga,36011,0.0,14135.0,49110.0,72713.0,25804.0,959471.0,110992.0,0.0,0,0
New York,Chautauqua,36013,0.0,2428.0,16638.93,22454.0,4623.0,158927.7,3096.0,0.0,0,0
New York,Chemung,36015,0.0,0.0,0.0,359.0,1049.0,41120.0,594.0,0.0,0,0
New York,Chenango,36017,0.0,5905.0,29696.0,25764.0,6410.0,139533.0,345.0,0.0,0,0
New York,Clinton,36019,0.0,689.0,6950.0,5475.0,1737.0,361.0,0.0,0.0,0,0
New York,Columbia,36021,0.0,4835.0,16990.0,23564.0,6094.0,33618.0,2736.0,0.0,0,0
New York,Cortland,36023,0.0,242.0,2534.0,2695.0,2050.0,143295.0,782.0,0.0,0,0
New York,Delaware,36025,0.0,642.0,2391.0,2372.0,415.0,66582.0,117.0,0.0,0,0
New York,Dutchess,36027,0.0,114.0,1241.0,5206.0,1446.0,69698.0,439.0,0.0,0,0
New York,Erie,36029,0.0,417.0,4192.0,2420.0,1276.0,257045.0,7561.0,0.0,0,0
New York,Essex,36031,0.0,614.0,0.0,0.0,0.0,2435.0,832.0,0.0,0,0
New York,Franklin,36033,0.0,12597.0,58354.0,56498.0,15238.0,9609.0,0.0,0.0,0,0
New York,Fulton,36035,0.0,0.0,190.0,901.0,50.0,13517.0,1.0,0.0,0,0
New York,Genesee,36037,0.0,34815.0,89168.0,45391.0,21047.0,586254.0,176420.0,0.0,0,0
New York,Greene,36039,0.0,314.0,3345.0,5755.0,2275.0,7688.0,0.0,0.0,0,0
New York,Hamilton,36041,0.0,0.0,0.0,0.0,0.0,0.0,0.0,0.0,0,0
New York,Herkimer,36043,0.0,3282.0,11601.0,11434.0,3387.0,117333.0,1483.0,0.0,0,0
New York,Jefferson,36045,0.0,1150.0,2892.0,3649.0,1593.0,413558.0,13634.0,0.0,0,0
New York,Kings,36047,0.0,0.0,0.0,0.0,0.0,0.0,0.0,0.0,0,0
New York,Lewis,36049,0.0,1827.0,10751.82,6794.0,2243.0,171512.0,678.0,0.0,0,0
New York,Livingston,36051,0.0,29964.0,81860.0,60898.74,24672.0,1404170.0,277427.0,0.0,0,0
New York,Madison,36053,0.0,13409.0,47861.0,44873.0,13198.0,207465.42,6960.0,0.0,0,0
New York,Monroe,36055,0.0,35724.0,120597.0,93982.0,39001.0,581566.0,159083.0,0.0,0,0
New York,Montgomery,36057,0.0,1165.0,3911.0,5564.0,1799.0,132623.0,1900.0,0.0,0,0
New York,Nassau,36059,0.0,0.0,0.0,0.0,0.0,0.0,0.0,0.0,0,0
New York,New York,36061,0.0,0.0,0.0,0.0,0.0,0.0,0.0,0.0,0,0
New York,Niagara,36063,0.0,5858.0,21363.0,18137.0,6362.0,737830.0,132732.0,0.0,0,0
New York,Oneida,36065,0.0,21501.0,82312.0,66921.0,21508.0,357175.67,12531.0,0.0,0,0
New York,Onondaga,36067,0.0,17662.0,59944.0,56862.0,9683.0,513965.0,66647.0,0.0,0,0
New York,Ontario,36069,0.0,59013.0,195124.0,143548.0,46461.0,690949.0,160704.09,0.0,0,0
New York,Orange,36071,0.0,264.0,3004.0,3236.0,2066.0,83351.0,665.0,0.0,0,0
New York,Orleans,36073,0.0,23.0,715.0,2312.0,928.0,859836.0,147348.0,0.0,0,0
New York,Oswego,36075,0.0,1188.0,6016.0,5201.0,1658.0,101258.0,2369.0,0.0,0,0
New York,Otsego,36077,0.0,994.0,3886.0,3215.0,1349.0,121395.0,1879.0,0.0,0,0
New York,Putnam,36079,0.0,0.0,0.0,0.0,0.0,0.0,0.0,0.0,0,0
New York,Queens,36081,0.0,0.0,0.0,0.0,0.0,0.0,0.0,0.0,0,0
New York,Rensselaer,36083,0.0,4118.0,13270.0,10711.0,3316.0,40155.0,3446.0,0.0,0,0
New York,Richmond,36085,0.0,0.0,0.0,0.0,0.0,0.0,0.0,0.0,0,0
New York,Rockland,36087,0.0,0.0,0.0,0.0,0.0,0.0,0.0,0.0,0,0
New York,St. Lawrence,36089,0.0,0.0,0.0,2700.0,1598.0,173362.0,242.0,0.0,0,0
New York,Saratoga,36091,0.0,534.0,2105.0,3034.0,1612.0,26849.0,225.0,0.0,0,0
New York,Schenectady,36093,0.0,0.0,0.0,1369.0,365.0,2901.0,40.0,0.0,0,0
New York,Schoharie,36095,0.0,1601.0,13239.0,11854.0,3373.0,91609.0,206.0,0.0,0,0
New York,Schuyler,36097,0.0,908.0,3132.0,2925.0,714.0,41077.0,4975.0,0.0,0,0
New York,Seneca,36099,0.0,6262.0,17346.0,16947.0,5533.0,546335.34,119850.0,0.0,0,0
New York,Steuben,36101,0.0,1092.0,5995.0,7419.0,3065.0,397558.0,27428.0,0.0,0,0
New York,Suffolk,36103,0.0,267.0,0.0,1005.0,267.0,0.0,0.0,0.0,0,0
New York,Sullivan,36105,0.0,0.0,431.0,29.0,106.0,13693.0,4.0,0.0,0,0
New York,Tioga,36107,0.0,0.0,1686.0,2103.0,2112.0,28667.0,460.0,0.0,0,0
New York,Tompkins,36109,0.0,524.0,6067.0,5136.0,3733.0,164204.0,12603.0,0.0,0,0
New York,Ulster,36111,0.0,405.0,1426.0,3741.86,1015.0,9761.0,20.0,0.0,0,0
New York,Warren,36113,0.0,504.0,1509.0,0.0,400.0,0.0,0.0,0.0,0,0
New York,Washington,36115,0.0,6291.0,23389.0,19181.0,6012.0,27135.0,1991.0,0.0,0,0
New York,Wayne,36117,0.0,14576.0,37417.0,42053.36,18063.0,407187.0,47849.0,0.0,0,0
New York,Westchester,36119,0.0,0.0,0.0,0.0,0.0,0.0,0.0,0.0,0,0
New York,Wyoming,36121,0.0,34420.0,94926.0,53723.0,22666.0,722905.0,52214.0,0.0,0,0
New York,Yates,36123,0.0,6183.0,21855.0,13759.0,4984.0,202034.0,44408.0,0.0,0,0
North Carolina,Alamance,37001,0.0,9635.0,33778.0,24470.0,6941.0,27715.0,10869.0,0.0,0,0
North Carolina,Alexander,37003,0.0,8140.0,19788.0,17956.0,9325.0,19217.0,10656.0,0.0,0,0
North Carolina,Alleghany,37005,0.0,1915.0,14700.0,12955.0,4241.0,7678.0,0.0,0.0,0,0
North Carolina,Anson,37007,0.0,4855.0,28069.0,8285.0,54120.0,426568.0,192225.0,0.0,0,0
North Carolina,Ashe,37009,0.0,132.0,496.0,495.0,132.0,0.0,0.0,0.0,0,0
North Carolina,Avery,37011,0.0,0.0,0.0,0.0,0.0,0.0,0.0,0.0,0,0
North Carolina,Beaufort,37013,33479.0,156017.0,332267.0,212140.0,455659.0,2253595.0,1089328.0,18803.0,0,130
North Carolina,Bertie,37015,3055839.28,4320501.25,4223275.0,2688572.0,3935816.0,6220920.0,4817802.0,1496302.0,0,0
North Carolina,Bladen,37017,1107117.0,1660436.0,1574254.0,918683.0,1108314.25,1695941.0,1378518.88,495862.75,0,0
North Carolina,Brunswick,37019,0.0,839.0,2602.0,1193.0,6899.0,56042.94,23619.33,0.0,0,0
North Carolina,Buncombe,37021,0.0,565.0,2135.0,2133.0,567.0,139.0,0.0,0.0,0,0
North Carolina,Burke,37023,0.0,4420.0,11617.0,7494.0,4267.0,8434.0,4016.0,0.0,0,0
North Carolina,Cabarrus,37025,0.0,39945.0,103423.0,65103.0,38666.0,102898.0,40243.0,0.0,0,0
North Carolina,Caldwell,37027,0.0,2231.0,6299.0,5223.0,1507.0,7665.0,5694.0,0.0,0,0
North Carolina,Camden,37029,0.0,10504.0,7896.0,24780.0,42124.0,724940.44,269571.0,49.0,0,5
North Carolina,Carteret,37031,1297.0,4101.0,7660.0,4040.0,20416.0,68263.0,31993.0,636.0,0,0
North Carolina,Caswell,37033,0.0,1051.0,2720.0,1748.0,746.0,3155.0,1439.0,0.0,0,0
North Carolina,Catawba,37035,0.0,52791.0,132208.0,62659.0,29307.0,77704.0,36489.0,0.0,0,0
North Carolina,Chatham,37037,0.0,1121.0,3307.0,1911.0,853.0,7429.0,3174.0,0.0,0,0
North Carolina,Cherokee,37039,0.0,3371.0,13392.0,13747.0,3878.0,5547.0,274.0,0.0,0,0
North Carolina,Chowan,37041,1240245.0,1908898.0,1833431.0,1124407.0,1661782.0,2773860.0,1997421.0,595660.0,0,0
North Carolina,Clay,37043,0.0,0.0,0.0,0.0,0.0,0.0,0.0,0.0,0,0
North Carolina,Cleveland,37045,0.0,1209.0,2688.0,1958.0,2548.0,204087.0,78271.0,0.0,0,0
North Carolina,Columbus,37047,749668.0,1223992.0,1278122.17,665779.0,720405.0,1416004.0,1128539.0,399031.0,0,0
North Carolina,Craven,37049,131988.0,243033.0,168041.0,165298.0,492105.0,1517758.0,736723.0,19741.0,0,0
North Carolina,Cumberland,37051,39480.0,137333.0,249307.0,163100.21,316295.85,798875.0,396996.0,21007.0,0,0
North Carolina,Currituck,37053,5011.0,24190.0,21729.0,51320.0,41992.0,456006.0,164903.0,554.0,0,0
North Carolina,Dare,37055,0.0,0.0,0.0,0.0,0.0,32548.0,15920.0,0.0,0,0
North Carolina,Davidson,37057,0.0,41590.0,115166.0,83231.0,42704.0,103246.0,38396.0,0.0,0,0
North Carolina,Davie,37059,410.0,60444.0,169016.0,97157.0,32706.0,98060.0,40370.0,0.0,0,0
North Carolina,Duplin,37061,279824.48,968332.41,936860.0,539936.27,918281.43,2063015.0,1271413.56,230810.0,0,0
North Carolina,Durham,37063,0.0,878.0,2457.0,488.0,709.0,124.0,378.0,0.0,0,0
North Carolina,Edgecombe,37065,1934415.0,3046232.94,2766782.13,1706146.43,3155524.46,5380441.38,3602247.0,873715.85,0,0
North Carolina,Forsyth,37067,0.0,2109.0,5488.0,2559.0,572.0,24374.0,9000.0,0.0,0,0
North Carolina,Franklin,37069,0.0,3474.0,11341.0,5078.0,4021.0,6935.0,4117.0,0.0,0,0
North Carolina,Gaston,37071,0.0,10121.0,29441.0,22020.0,6795.0,12614.0,4911.0,0.0,0,0
North Carolina,Gates,37073,1201028.42,1830584.0,1776907.0,1042310.0,1650984.0,2800868.0,1987726.0,572223.0,0,0
North Carolina,Graham,37075,0.0,0.0,0.0,0.0,0.0,0.0,0.0,0.0,0,0
North Carolina,Granville,37077,0.0,16468.0,43846.0,21152.0,10519.0,46209.0,22949.0,0.0,0,0
North Carolina,Greene,37079,420834.70999999996,733993.83,718582.0,444509.0,813843.0,1616129.0,1048892.0,188926.0,0,0
North Carolina,Guilford,37081,0.0,77250.0,214117.0,113901.0,46321.0,142270.0,65169.0,0.0,0,0
North Carolina,Halifax,37083,2860950.59,4350839.0,4342864.74,2502732.41,4425622.0,7597507.0,5396820.0,1473761.0,0,0
North Carolina,Harnett,37085,28800.0,88676.0,167775.0,117079.0,97974.0,1075266.0,487597.99,12825.0,0,0
North Carolina,Haywood,37087,0.0,4749.0,18082.0,17642.0,4685.0,17004.0,0.0,0.0,0,0
North Carolina,Henderson,37089,0.0,206.0,684.0,777.0,206.0,18438.0,0.0,0.0,0,0
North Carolina,Hertford,37091,1232451.31,1846219.0,1867101.0,1067166.0,1516873.22,2411086.57,1834446.0,606220.0,0,0
North Carolina,Hoke,37093,0.0,33638.0,68517.0,71953.0,370389.0,1126382.0,560144.0,0.0,0,0
North Carolina,Hyde,37095,0.0,50244.0,151983.0,100555.0,228943.0,1552138.0,796330.0,0.0,0,0
North Carolina,Iredell,37097,22334.0,136419.0,213294.0,180981.0,92328.16,217833.0,101972.0,5673.0,0,626
North Carolina,Jackson,37099,0.0,0.0,0.0,0.0,0.0,0.0,0.0,0.0,0,0
North Carolina,Johnston,37101,114217.0,219997.0,232141.0,146069.35,178073.0,1222676.0,644396.0,49578.0,0,0
North Carolina,Jones,37103,69423.0,114318.0,148029.0,53030.0,579498.0,1650725.0,904331.0,20603.0,0,0
North Carolina,Lee,37105,0.0,24.0,0.0,90.0,15.0,0.0,0.0,0.0,0,0
North Carolina,Lenoir,37107,50363.0,150105.0,243231.0,149466.0,571491.0,1849172.0,926154.0,25014.0,0,0
North Carolina,Lincoln,37109,0.0,42319.0,117190.0,82874.0,31363.0,18760.0,9540.0,0.0,0,0
North Carolina,McDowell,37111,0.0,839.0,2553.0,1409.0,466.0,1200.0,0.0,0.0,0,0
North Carolina,Macon,37113,0.0,0.0,0.0,416.0,110.0,0.0,0.0,0.0,0,0
North Carolina,Madison,37115,0.0,60.0,0.0,228.0,49.0,131.0,0.0,0.0,0,0
North Carolina,Martin,37117,2752521.0,4234946.0,4157553.0,2344654.0,3727380.22,6362372.0,4478815.0,1242514.0,0,0
North Carolina,Mecklenburg,37119,0.0,7939.0,21096.0,9037.0,2922.0,21229.0,9797.0,0.0,0,0
North Carolina,Mitchell,37121,0.0,2.0,0.0,0.0,0.0,2.0,0.0,0.0,0,0
North Carolina,Montgomery,37123,0.0,0.0,0.0,0.0,0.0,43613.0,17588.0,0.0,0,0
North Carolina,Moore,37125,0.0,199.0,1407.0,54.0,91.0,0.0,16.0,0.0,0,0
North Carolina,Nash,37127,530896.35,992360.0,1171456.0,658070.0,1164960.0,2130373.0,1317121.0,329434.0,0,0
North Carolina,New Hanover,37129,0.0,1119.0,4228.0,0.0,0.0,0.0,0.0,0.0,0,0
North Carolina,Northampton,37131,2978983.63,4598777.24,4458544.0,2537434.0,4606196.95,7856679.0,5508364.87,1485919.0,0,0
North Carolina,Onslow,37133,25849.0,42513.0,39019.0,22128.0,148085.0,388868.0,228116.0,12321.0,0,0
North Carolina,Orange,37135,0.0,8478.0,23543.0,16797.0,6543.0,12915.0,7025.0,0.0,0,0
North Carolina,Pamlico,37137,0.0,0.0,698.0,791.0,20569.0,450823.0,194554.0,0.0,0,0
North Carolina,Pasquotank,37139,16842.0,96911.0,197801.0,141362.0,146016.0,1200898.0,475840.0,8791.0,0,0
North Carolina,Pender,37141,13183.0,39910.0,75480.0,41408.0,69093.0,271036.0,126268.0,5712.0,0,0
North Carolina,Perquimans,37143,426886.0,679067.0,648675.0,371153.0,978600.0,2621520.0,1430644.5,219235.0,0,0
North Carolina,Person,37145,0.0,59620.0,172263.0,107880.0,40685.0,131750.0,49276.0,0.0,0,0
North Carolina,Pitt,37147,1137577.0,1969893.17,1967952.0,1045041.0,1800186.33,3483493.0,2113531.73,455931.99,0,0
North Carolina,Polk,37149,0.0,0.0,633.0,518.0,0.0,3080.0,889.0,0.0,0,0
North Carolina,Randolph,37151,0.0,25096.0,66564.0,34599.0,14001.0,74220.0,38085.0,0.0,0,0
North Carolina,Richmond,37153,158.0,1066.0,1645.0,1120.0,9538.0,215366.0,102901.0,3.0,0,0
North Carolina,Robeson,37155,401994.0,688553.7,685833.0,445806.0,1117629.0,3071719.0,1567134.0,158224.0,0,0
North Carolina,Rockingham,37157,0.0,28583.0,77514.0,50904.0,19985.0,48086.0,22339.0,0.0,0,0
North Carolina,Rowan,37159,3.0,117170.0,291378.0,182825.0,99714.0,239292.0,113063.0,0.0,0,0
North Carolina,Rutherford,37161,0.0,1080.0,1753.0,1107.0,676.0,29971.0,10962.0,0.0,0,0
North Carolina,Sampson,37163,717864.27,1275116.0,1399741.47,924670.49,1922908.82,4456350.11,2295653.13,290800.0,0,0
North Carolina,Scotland,37165,64452.0,157953.0,90232.0,112010.0,384435.0,957409.0,459895.0,17932.0,0,0
North Carolina,Stanly,37167,0.0,34142.0,83797.0,43472.0,118309.0,1308379.0,581111.0,0.0,0,0
North Carolina,Stokes,37169,0.0,0.0,0.0,352.0,188.0,19.0,5.0,0.0,0,0
North Carolina,Surry,37171,0.0,380.0,1893.0,1740.0,535.0,2694.0,338.0,0.0,0,0
North Carolina,Swain,37173,0.0,0.0,0.0,29.0,0.0,0.0,0.0,0.0,0,0
North Carolina,Transylvania,37175,0.0,159.0,600.0,0.0,161.0,8966.0,0.0,0.0,0,0
North Carolina,Tyrrell,37177,6181.0,58604.0,148753.0,91899.0,107648.0,726866.0,386858.0,0.0,0,0
North Carolina,Union,37179,0.0,162045.0,411858.0,217189.0,84793.0,588409.21,260605.0,0.0,0,0
North Carolina,Vance,37181,0.0,12128.0,30367.0,14604.0,6312.0,17042.0,8751.0,0.0,0,0
North Carolina,Wake,37183,8742.0,12891.0,18713.0,10404.0,16447.0,162917.0,80097.0,4480.0,0,0
North Carolina,Warren,37185,7650.0,17558.0,27101.0,21028.0,22351.0,38621.0,22267.0,3991.0,0,0
North Carolina,Washington,37187,418317.0,655145.0,603932.0,334049.0,575899.0,1659749.35,1036804.0,189262.0,0,0
North Carolina,Watauga,37189,0.0,0.0,41.0,139.0,11.0,224.0,0.0,0.0,0,0
North Carolina,Wayne,37191,304053.0,658604.0,909412.0,510736.32,749460.75,2235841.02,1190111.72,134008.0,0,0
North Carolina,Wilkes,37193,0.0,8047.0,30752.0,33318.0,8580.0,15486.0,1101.0,0.0,0,0
North Carolina,Wilson,37195,354180.0,486298.0,425288.0,244065.0,771507.47,1968699.0,975547.16,104074.0,0,0
North Carolina,Yadkin,37197,0.0,98135.0,253191.0,146893.0,67360.0,326867.0,87568.6,0.0,0,0
North Carolina,Yancey,37199,0.0,166.0,815.0,922.0,111.0,92.0,0.0,0.0,0,0
North Dakota,Adams,38001,226660.0,822557.0,1584588.0,1153755.0,877419.0,3661963.0,1822737.0,0.0,0,0
North Dakota,Barnes,38003,29842.0,403696.0,1056923.0,761529.0,457117.0,5124972.0,2181961.0,0.0,0,0
North Dakota,Benson,38005,945473.0,2080823.0,3055518.0,2728033.0,2409116.0,7802429.0,3946251.96,0.0,0,0
North Dakota,Billings,38007,28124.0,184866.0,396063.0,226913.0,135179.0,750033.0,377002.0,0.0,0,0
North Dakota,Bottineau,38009,3026524.0,6019024.0,7952310.0,7165206.0,7072575.0,17334246.0,8677935.8,0.0,0,0
North Dakota,Bowman,38011,100911.0,592320.0,1233786.0,810328.0,544806.0,3083497.0,1720615.0,0.0,0,0
North Dakota,Burke,38013,1635377.0,4132567.0,6048452.08,3926568.0,3622460.0,8595140.19,4819151.0,11.0,0,1
North Dakota,Burleigh,38015,351304.0,985132.0,1800303.0,1483301.0,1373579.0,5748929.0,2737577.29,0.0,0,0
North Dakota,Cass,38017,1241.0,202218.0,559599.0,459859.0,237662.0,6397804.0,2104131.0,0.0,0,0
North Dakota,Cavalier,38019,13191873.0,21617723.0,23174766.0,16654673.0,20679134.0,34354862.56,16207659.0,0.0,0,0
North Dakota,Dickey,38021,0.0,29030.0,81481.0,83590.0,42498.0,2778313.0,438870.0,0.0,0,0
North Dakota,Divide,38023,405157.0,2692059.82,5683898.0,3229032.0,2404739.0,9295077.0,5024810.0,0.0,0,0
North Dakota,Dunn,38025,120141.0,957435.0,2222919.0,1320489.0,819222.0,4160068.0,2064169.0,0.0,0,0
North Dakota,Eddy,38027,147485.0,639236.0,1287402.0,1079301.0,797496.0,2534220.65,1231588.0,0.0,0,0
North Dakota,Emmons,38029,24511.0,809692.0,2631486.0,2327870.0,1804056.0,5634664.0,2200134.0,0.0,0,0
North Dakota,Foster,38031,144977.0,855572.0,1982459.0,1562983.0,1042527.0,3520227.0,1630183.0,0.0,0,0
North Dakota,Golden Valley,38033,88035.0,461156.0,984497.0,642025.0,509381.0,3087060.0,1842808.0,38.0,0,6
North Dakota,Grand Forks,38035,89532.0,916295.0,2235911.0,1576700.0,1001112.0,8482084.89,3795798.5,290.0,0,0
North Dakota,Grant,38037,158874.0,767758.0,1611387.0,1261913.0,996797.0,4582765.0,2128269.0,0.0,0,0
North Dakota,Griggs,38039,56240.0,221842.0,516858.0,596228.0,459962.0,3148851.0,1653725.37,0.0,0,0
North Dakota,Hettinger,38041,2258699.0,4083788.0,4506479.66,3395343.0,4057327.0,11474869.0,5551169.0,0.0,0,0
North Dakota,Kidder,38043,99137.0,813854.0,1815494.0,1213828.0,837511.21,3071808.0,1402883.0,30.0,0,0
North Dakota,LaMoure,38045,143.0,91926.0,277876.0,206179.0,132110.0,3132262.0,877791.0,0.0,0,0
North Dakota,Logan,38047,39431.0,330540.0,960776.0,1009584.0,828164.0,2701067.0,1233226.0,0.0,0,0
North Dakota,McHenry,38049,1455500.0,3624883.0,5879035.0,4713512.0,4331125.0,9341653.0,4295456.0,925.0,0,104
North Dakota,McIntosh,38051,20095.0,733640.0,2137215.0,1630968.0,1107960.0,3139723.79,1383489.0,0.0,0,0
North Dakota,McKenzie,38053,113511.0,2094563.0,4688418.0,2632258.0,1448854.0,4531424.0,2449315.0,0.0,0,0
North Dakota,McLean,38055,2658919.0,5510415.0,6930660.0,5114180.0,5560907.0,17391382.0,8525299.0,61.0,0,0
North Dakota,Mercer,38057,332162.0,793346.0,1301779.0,1035931.57,980369.0,2441447.0,1151085.83,0.0,0,0
North Dakota,Morton,38059,112871.0,660415.0,1593456.0,1512405.65,1101816.0,5248644.5,2455695.0,0.0,0,0
North Dakota,Mountrail,38061,1818112.0,4942059.0,7364020.85,4879668.0,4466589.0,12429973.99,6633527.0,0.0,0,0
North Dakota,Nelson,38063,1119057.0,2054028.0,2661059.89,2113517.0,2259876.0,7698332.0,3691406.0,1667.0,0,0
North Dakota,Oliver,38065,129704.0,528554.0,1055955.0,849376.0,715647.0,2195896.79,1039905.43,0.0,0,0
North Dakota,Pembina,38067,399156.0,1097098.0,1878571.0,1260971.0,1046906.0,10234344.59,5030823.0,0.0,0,0
North Dakota,Pierce,38069,1373522.0,3672612.0,6069914.0,4181668.0,3432980.0,7318218.0,3538201.0,0.0,0,0
North Dakota,Ramsey,38071,2292572.0,3956719.0,4470501.0,4059830.0,4468756.0,10412466.0,5097086.0,1666.0,0,201
North Dakota,Ransom,38073,0.0,80364.0,258256.0,179256.0,99240.0,2596359.5,845268.0,0.0,0,0
North Dakota,Renville,38075,3033407.0,5911238.0,7354698.0,6428703.0,6748637.0,15435530.0,7461332.0,0.0,0,0
North Dakota,Richland,38077,0.0,214293.0,588679.0,318241.0,153981.0,5354400.0,1237372.0,0.0,0,0
North Dakota,Rolette,38079,2897044.0,5464203.0,6787993.0,5055283.58,5410755.0,9365958.5,4354943.0,0.0,0,0
North Dakota,Sargent,38081,238.0,40820.0,107603.0,66478.0,35304.0,2601237.0,633344.0,0.0,0,0
North Dakota,Sheridan,38083,633296.0,1504987.0,2297642.0,2098809.0,2015670.0,5504958.0,2539313.0,0.0,0,0
North Dakota,Sioux,38085,3563.0,213543.0,619264.0,466313.0,320736.0,1126318.0,503921.15,0.0,0,0
North Dakota,Slope,38087,234091.0,694251.0,1221914.0,773169.0,630246.0,3488671.0,1806339.0,0.0,0,0
North Dakota,Stark,38089,243323.0,657410.0,1135831.0,785063.0,701608.0,6926536.0,3549045.0,0.0,0,0
North Dakota,Steele,38091,47745.0,206816.0,434493.0,413985.0,278181.0,2962557.0,1360859.0,0.0,0,0
North Dakota,Stutsman,38093,126005.0,1254667.0,3073691.0,1814346.0,1052164.0,6428023.0,2632240.13,0.0,0,0
North Dakota,Towner,38095,4141271.0,7465205.0,8819268.0,6164062.0,7284541.0,15631719.5,7386737.0,0.0,0,0
North Dakota,Traill,38097,452.0,100323.0,292548.0,375340.0,237068.0,4445239.0,1918544.0,0.0,0,0
North Dakota,Walsh,38099,885614.0,2455070.0,4136745.0,2851992.0,2263275.0,11946261.0,5569154.0,443.0,0,0
North Dakota,Ward,38101,3610879.0,8660702.0,12321983.0,8613553.0,8398285.0,20807188.96,10273120.27,0.0,0,0
North Dakota,Wells,38103,240678.0,1534877.0,3404200.0,2555143.0,1732507.0,8309906.5,4049264.0,0.0,0,0
North Dakota,Williams,38105,216390.0,2610650.0,6894163.0,3918780.0,2677396.0,12284471.0,6713350.0,0.0,0,0
Ohio,Adams,39001,0.0,29643.0,99052.0,75557.0,24680.0,227338.0,37832.0,0.0,0,0
Ohio,Allen,39003,0.0,70955.0,212809.0,135418.0,50932.2,1245635.0,276836.0,0.0,0,0
Ohio,Ashland,39005,0.0,10919.0,33253.0,23806.0,10088.0,616499.0,72119.0,0.0,0,0
Ohio,Ashtabula,39007,0.0,18003.0,59374.0,45217.0,11936.0,261489.0,41199.0,0.0,0,0
Ohio,Athens,39009,0.0,4267.0,11564.0,6124.0,2482.0,24044.0,4318.0,0.0,0,0
Ohio,Auglaize,39011,0.0,111955.0,327934.0,200264.0,78244.0,1551939.0,367589.0,0.0,0,0
Ohio,Belmont,39013,0.0,96.0,0.0,163.0,52.0,806.0,167.0,0.0,0,0
Ohio,Brown,39015,0.0,50849.0,164379.0,138883.0,42440.0,402643.0,32481.0,0.0,0,0
Ohio,Butler,39017,0.0,42383.0,137338.0,108372.0,33898.0,458223.0,60987.0,0.0,0,0
Ohio,Carroll,39019,0.0,2767.0,11544.0,13424.0,4652.0,113092.0,10965.0,0.0,0,0
Ohio,Champaign,39021,0.0,29231.0,101394.0,89942.0,30047.0,760868.0,101978.0,0.0,0,0
Ohio,Clark,39023,0.0,18145.0,54450.0,41142.0,13303.0,687194.0,108073.0,0.0,0,0
Ohio,Clermont,39025,0.0,20312.0,63501.0,46496.0,14735.0,286316.0,19160.0,0.0,0,0
Ohio,Clinton,39027,0.0,62835.0,188312.0,119790.0,42424.0,1594442.0,152187.0,0.0,0,0
Ohio,Columbiana,39029,0.0,5984.0,22032.0,19050.0,6604.0,496380.0,75667.0,0.0,0,0
Ohio,Coshocton,39031,0.0,2273.0,13466.0,14466.0,6281.0,510595.0,19871.0,0.0,0,0
Ohio,Crawford,39033,0.0,104875.0,308887.0,199370.0,72011.0,1698570.0,323658.0,0.0,0,0
Ohio,Cuyahoga,39035,0.0,0.0,0.0,0.0,0.0,585.0,71.0,0.0,0,0
Ohio,Darke,39037,0.0,52639.0,175212.0,121798.0,43599.0,2814170.92,418710.0,0.0,0,0
Ohio,Defiance,39039,0.0,161413.0,464490.0,288696.0,107973.0,711578.0,224286.0,0.0,0,0
Ohio,Delaware,39041,0.0,44698.0,130446.0,79967.0,30857.0,595141.0,146499.0,0.0,0,0
Ohio,Erie,39043,0.0,22740.0,81087.0,66300.0,21817.0,623493.9,126814.0,0.0,0,0
Ohio,Fairfield,39045,0.0,59558.0,169766.0,100701.0,40838.0,918811.0,156702.0,0.0,0,0
Ohio,Fayette,39047,0.0,65032.0,172538.0,96396.0,38707.0,1510311.0,163917.0,0.0,0,0
Ohio,Franklin,39049,0.0,21127.0,57328.0,34272.0,13385.0,362468.0,57641.0,0.0,0,0
Ohio,Fulton,39051,0.0,145250.0,409242.0,236492.0,98956.0,918616.81,152683.0,0.0,0,0
Ohio,Gallia,39053,0.0,1099.0,4894.0,3431.0,1100.0,44160.0,1804.0,0.0,0,0
Ohio,Geauga,39055,0.0,3489.0,10725.0,8644.0,2686.0,42789.0,6614.0,0.0,0,0
Ohio,Greene,39057,0.0,46283.0,141853.0,88614.0,34227.0,1134685.0,100078.0,0.0,0,0
Ohio,Guernsey,39059,0.0,214.0,2929.0,3449.0,1043.0,54067.0,1926.0,0.0,0,0
Ohio,Hamilton,39061,0.0,451.0,1490.0,1587.0,381.0,34282.0,895.0,0.0,0,0
Ohio,Hancock,39063,0.0,184789.0,512992.0,295538.0,113751.0,1008189.0,299539.0,0.0,0,0
Ohio,Hardin,39065,0.0,37692.0,111555.0,79488.0,31457.0,1165634.0,305005.46,0.0,0,0
Ohio,Harrison,39067,0.0,6030.0,17924.0,16153.0,5481.0,41812.0,1839.0,0.0,0,0
Ohio,Henry,39069,0.0,262946.0,777451.0,479784.0,181394.0,1606848.0,469862.0,0.0,0,0
Ohio,Highland,39071,0.0,139016.0,389214.0,212427.0,90068.0,1287453.0,199607.0,0.0,0,0
Ohio,Hocking,39073,0.0,7720.0,22009.0,13595.0,4409.0,22322.0,4589.0,0.0,0,0
Ohio,Holmes,39075,0.0,874.0,3288.0,4952.0,928.0,334211.0,2029.0,0.0,0,0
Ohio,Huron,39077,0.0,28883.0,84535.0,55578.0,24339.0,1406740.0,324169.0,0.0,0,0
Ohio,Jackson,39079,0.0,2550.0,7841.0,10971.0,2455.0,75650.0,9008.0,0.0,0,0
Ohio,Jefferson,39081,0.0,5882.0,22965.0,19377.0,5448.0,25281.0,2373.0,0.0,0,0
Ohio,Knox,39083,0.0,30190.0,96479.0,110779.0,36477.81,1020339.0,80804.0,0.0,0,0
Ohio,Lake,39085,0.0,1283.0,3888.0,3017.0,779.0,4834.0,577.0,0.0,0,0
Ohio,Lawrence,39087,0.0,1180.0,1993.0,1889.0,636.0,28926.0,3045.0,0.0,0,0
Ohio,Licking,39089,0.0,11701.0,35920.0,29494.0,11504.0,1004675.0,71739.12,0.0,0,0
Ohio,Logan,39091,0.0,53242.0,149901.0,79704.0,32957.0,436969.0,142618.19,0.0,0,0
Ohio,Lorain,39093,0.0,20841.0,59137.0,32943.0,14146.0,517261.0,90028.0,0.0,0,0
Ohio,East Lucas,39094,0.0,11575.0,31788.0,15222.0,5311.0,83761.0,25050.0,0.0,0,0
Ohio,West Lucas,39095,0.0,49627.0,139290.0,81644.0,31151.0,258447.56,47384.0,0.0,0,0
Ohio,Madison,39097,0.0,38205.0,124338.0,103264.0,31710.0,1675177.0,207733.0,0.0,0,0
Ohio,Mahoning,39099,0.0,5684.0,17487.0,10833.0,4400.0,334317.0,54931.0,0.0,0,0
Ohio,Marion,39101,0.0,189246.0,488192.0,299225.0,113584.0,1297557.0,254581.0,0.0,0,0
Ohio,Medina,39103,0.0,21720.0,59763.0,35042.0,14571.0,278827.0,45288.0,0.0,0,0
Ohio,Meigs,39105,0.0,791.0,2634.0,7519.0,2242.0,46877.0,2640.0,0.0,0,0
Ohio,Mercer,39107,0.0,140038.0,420931.0,280881.0,96837.0,1990181.0,362756.0,0.0,0,0
Ohio,Miami,39109,0.0,18842.0,61389.0,50515.0,16303.0,756365.0,104966.0,0.0,0,0
Ohio,Monroe,39111,0.0,193.0,410.0,298.0,96.0,6031.0,442.0,0.0,0,0
Ohio,Montgomery,39113,0.0,15064.0,65984.0,60249.0,17625.0,441455.0,45281.0,0.0,0,0
Ohio,Morgan,39115,0.0,3191.0,10772.0,13859.0,4003.0,52878.0,3720.0,0.0,0,0
Ohio,Morrow,39117,0.0,129479.0,358069.0,195453.0,80533.0,668838.0,171840.0,0.0,0,0
Ohio,Muskingum,39119,0.0,1972.0,9280.0,8177.0,3368.0,318888.0,19280.0,0.0,0,0
Ohio,Noble,39121,0.0,0.0,0.0,0.0,0.0,2726.0,29.0,0.0,0,0
Ohio,Ottawa,39123,0.0,30464.0,87383.0,50228.0,19569.0,508670.0,166422.0,0.0,0,0
Ohio,Paulding,39125,0.0,485178.0,1348681.0,745035.0,295514.0,1666560.0,571609.0,0.0,0,0
Ohio,Perry,39127,0.0,12364.0,43819.0,25560.0,10239.0,196481.0,19739.0,0.0,0,0
Ohio,Pickaway,39129,0.0,129656.0,351102.0,190550.0,79140.0,2255353.0,424398.0,0.0,0,0
Ohio,Pike,39131,0.0,15945.0,76819.0,69919.0,20528.0,147139.0,14604.0,0.0,0,0
Ohio,Portage,39133,0.0,20973.0,68601.0,39840.0,14844.0,247134.0,39761.0,0.0,0,0
Ohio,Preble,39135,0.0,25864.0,96327.0,92352.0,29708.0,1236686.0,113557.0,0.0,0,0
Ohio,Putnam,39137,0.0,283083.0,809979.0,460796.0,180984.0,2153532.0,676187.0,0.0,0,0
Ohio,Richland,39139,0.0,20713.0,89733.0,68426.0,25289.0,554744.0,79521.0,0.0,0,0
Ohio,Ross,39141,0.0,284945.0,711321.0,404702.0,167891.0,1088901.0,251360.0,0.0,0,0
Ohio,Sandusky,39143,0.0,34554.0,105818.0,74333.0,29589.0,1091217.0,296113.0,0.0,0,0
Ohio,Scioto,39145,0.0,4000.0,19418.0,27432.0,7864.0,127862.0,16284.0,0.0,0,0
Ohio,Seneca,39147,0.0,205708.0,578121.0,385504.0,141714.0,1594132.0,447016.0,0.0,0,0
Ohio,Shelby,39149,0.0,71120.0,208213.0,135998.0,50021.0,1625564.0,288079.0,0.0,0,0
Ohio,Stark,39151,0.0,38311.0,116202.0,100217.0,32565.0,497602.0,69890.0,0.0,0,0
Ohio,Summit,39153,0.0,2184.0,4890.0,2414.0,1872.0,27428.0,4461.0,0.0,0,0
Ohio,Trumbull,39155,0.0,39929.0,109950.0,56397.0,52186.0,277586.0,48245.0,0.0,0,0
Ohio,Tuscarawas,39157,0.0,6441.0,24028.0,25352.0,7474.0,380853.0,25486.0,0.0,0,0
Ohio,Union,39159,0.0,110478.0,304157.0,165548.0,68346.0,1171192.0,270706.0,0.0,0,0
Ohio,Van Wert,39161,0.0,170097.0,534227.0,398176.0,125083.0,1369406.0,272174.0,0.0,0,0
Ohio,Vinton,39163,0.0,805.0,1824.0,1607.0,475.0,23929.0,1118.0,0.0,0,0
Ohio,Warren,39165,0.0,35794.0,99843.0,61666.0,23341.0,535236.65,63243.0,0.0,0,0
Ohio,Washington,39167,0.0,18017.0,49435.0,29441.0,12196.0,76766.0,11262.0,0.0,0,0
Ohio,Wayne,39169,0.0,87211.0,267892.0,214902.0,70238.0,1011727.0,122015.17,0.0,0,0
Ohio,Williams,39171,0.0,141319.0,398448.56,227273.0,94516.0,689929.0,201066.0,0.0,0,0
Ohio,Wood,39173,0.0,255084.0,687708.0,385610.0,158230.0,1418705.78,452019.0,0.0,0,0
Ohio,Wyandot,39175,0.0,92653.0,249477.0,133689.0,54727.0,1337317.0,366910.0,0.0,0,0
Oklahoma,Adair,40001,0.0,326.0,591.0,371.0,751.0,4242.0,1701.0,0.0,0,0
Oklahoma,Alfalfa,40003,43866.03,1174702.0,3036062.0,1488803.0,752578.0,7528165.0,3710684.0,7107.0,0,0
Oklahoma,Atoka,40005,79977.0,170544.0,224519.0,109231.0,108983.0,114438.0,94053.0,35582.0,0,0
Oklahoma,Beaver,40007,0.0,1768759.0,4228143.3,2336001.0,1354986.0,4506137.0,1776565.0,0.0,0,0
Oklahoma,Beckham,40009,1433643.17,2993951.0,3444706.0,1913617.0,2274563.0,5340683.0,3305646.0,773549.0,0,0
Oklahoma,Blaine,40011,233689.0,640639.0,1170930.0,609268.0,473054.0,5683067.0,2834338.0,80565.0,0,0
Oklahoma,Bryan,40013,254364.0,642191.0,858251.0,569269.0,456718.0,658443.0,420157.0,119431.0,0,0
Oklahoma,Caddo,40015,3798118.35,8434725.0,12591915.93,6721962.0,6035618.0,10928920.55,7402723.0,1946608.0,0,0
Oklahoma,Canadian,40017,65258.0,1667590.0,4131974.89,2081356.0,999614.0,5107433.0,2557807.0,34617.0,0,0
Oklahoma,Carter,40019,24809.0,88091.0,144908.0,79547.0,49317.0,138929.0,74752.0,9056.0,0,0
Oklahoma,Cherokee,40021,0.0,1700.0,3087.0,1940.0,1840.0,4142.0,1300.0,0.0,0,0
Oklahoma,Choctaw,40023,4540.0,176364.0,472245.0,269195.0,131261.0,178294.31,77890.0,0.0,0,0
Oklahoma,Cimarron,40025,13385.0,2664384.0,5978218.17,3302389.0,2180903.0,5844525.0,1974672.52,0.0,0,0
Oklahoma,Cleveland,40027,30.0,44025.0,118665.0,59734.0,28636.0,73345.0,34601.0,0.0,0,0
Oklahoma,Coal,40029,0.0,18751.0,44053.0,21635.0,12157.0,9664.0,3644.0,0.0,0,0
Oklahoma,Comanche,40031,73105.0,940024.0,2217750.0,1089375.0,579054.0,1938115.0,1030684.0,40823.0,0,0
Oklahoma,Cotton,40033,51708.0,1940766.0,4787826.04,2418293.0,1127027.0,4250991.0,2074902.0,2044.0,0,0
Oklahoma,Craig,40035,0.0,215316.0,404973.0,243841.0,212418.0,312926.0,98740.0,0.0,0,0
Oklahoma,Creek,40037,605.0,26896.0,55372.0,26018.0,19343.0,8150.0,3403.0,0.0,0,0
Oklahoma,Custer,40039,247999.0,1501843.41,3297769.43,1640803.0,1030091.0,6778877.0,3430790.0,116346.0,0,0
Oklahoma,Delaware,40041,0.0,12493.0,33412.0,18739.0,14091.0,15598.0,9164.0,0.0,0,0
Oklahoma,Dewey,40043,26276.0,413032.0,1040834.48,536238.0,261189.0,3767854.0,1861931.0,19603.0,0,0
Oklahoma,Ellis,40045,2500.0,206783.0,584648.0,315985.0,171839.0,2060913.1,876500.0,1304.0,0,0
Oklahoma,Garfield,40047,7780.0,961649.99,2622486.0,1333025.0,580644.0,9347399.66,4597027.0,0.0,0,0
Oklahoma,Garvin,40049,8557.0,480565.0,1168833.0,588344.0,283935.0,661158.0,307593.0,14602.0,0,0
Oklahoma,Grady,40051,124191.0,1058423.0,2464772.65,1265436.0,706998.0,3063483.0,1481935.0,62702.0,0,0
Oklahoma,Grant,40053,19670.0,1374451.0,3652327.0,1890800.0,908938.0,10242480.25,4984826.0,0.0,0,0
Oklahoma,Greer,40055,434346.02,2268102.0,4774073.68,2382212.61,1502059.0,3623936.0,2075326.71,241829.0,0,0
Oklahoma,Harmon,40057,362786.0,1782783.0,3589351.0,1772498.0,907639.0,5100679.12,2711868.0,180785.0,0,0
Oklahoma,Harper,40059,0.0,571917.0,1468295.19,751250.0,326326.19,2367867.18,1174672.0,0.0,0,0
Oklahoma,Haskell,40061,0.0,17536.0,55312.0,18141.0,9910.0,43645.0,15774.0,0.0,0,0
Oklahoma,Hughes,40063,270703.0,607593.0,892962.0,461772.0,428646.0,528552.0,378310.0,122613.0,0,0
Oklahoma,Jackson,40065,234825.0,3980390.02,9329588.969999999,4885280.0,3335634.0,10581132.0,5624618.0,116703.0,0,0
Oklahoma,Jefferson,40067,7236.0,1059373.0,2685687.74,1355588.0,512201.0,1414960.0,691708.0,3714.0,0,0
Oklahoma,Johnston,40069,105432.0,264798.0,433371.0,226455.0,187200.0,233450.0,155376.0,45553.0,0,0
Oklahoma,Kay,40071,22616.0,696455.34,1797282.0,1013953.0,593050.0,6471865.0,3074269.0,11803.0,0,0
Oklahoma,Kingfisher,40073,4455.0,920607.0,2456299.55,1178732.0,532001.0,6566728.0,3220116.0,3884.0,0,0
Oklahoma,Kiowa,40075,71288.0,2884477.99,7085398.600000001,3438001.0,1801964.0,7357645.5,3827799.0,43398.0,0,0
Oklahoma,Latimer,40077,0.0,5510.0,11643.0,7080.0,4085.0,2122.0,1038.0,0.0,0,0
Oklahoma,Le Flore,40079,17166.0,37863.0,48268.0,27685.0,47561.0,41021.0,21340.24,3838.0,0,0
Oklahoma,Lincoln,40081,0.0,19353.0,49755.0,27397.0,12546.0,164243.0,81957.0,1414.0,0,0
Oklahoma,Logan,40083,583.0,428854.0,1182364.0,673515.0,288377.0,1750086.0,855344.0,0.0,0,0
Oklahoma,Love,40085,353338.16,659168.0,891233.0,485445.0,461548.0,674826.0,533736.0,168239.0,0,0
Oklahoma,McClain,40087,24756.0,304752.21,822919.0,409827.0,209206.0,631493.0,303913.0,5624.0,0,0
Oklahoma,McCurtain,40089,81611.0,237976.0,512845.21,318807.0,237270.0,257716.0,168728.8,13272.0,0,0
Oklahoma,McIntosh,40091,27978.0,111040.0,211070.0,110960.0,78611.0,83784.0,52417.0,8468.0,0,0
Oklahoma,Major,40093,178760.12,849009.0,1777603.0,932620.0,559306.0,3977194.0,2000286.0,80774.0,0,0
Oklahoma,Marshall,40095,84593.0,188415.0,261993.0,142802.0,128565.0,170515.0,117697.0,37829.0,0,0
Oklahoma,Mayes,40097,0.0,62494.0,144662.0,91503.0,59591.0,266459.0,110165.0,0.0,0,0
Oklahoma,Murray,40099,0.0,65111.0,157976.0,79130.0,16231.0,73773.0,27967.0,672.0,0,0
Oklahoma,Muskogee,40101,0.0,98687.0,200314.0,122359.0,51931.0,115732.0,40559.08,3055.0,0,0
Oklahoma,Noble,40103,34578.0,1085705.0,2787354.0,1374476.0,642383.0,4084919.0,2026995.0,12261.0,0,0
Oklahoma,Nowata,40105,0.0,123137.0,241766.68,95562.0,56532.0,186340.0,79226.0,0.0,0,0
Oklahoma,Okfuskee,40107,13563.98,67951.0,135343.0,67754.0,42572.0,82749.0,43673.0,2752.0,0,0
Oklahoma,Oklahoma,40109,0.0,40393.0,111749.0,52141.0,21830.0,146550.0,71167.0,0.0,0,0
Oklahoma,Okmulgee,40111,11884.0,47775.0,34574.0,37314.0,31739.0,126277.0,54528.0,3520.0,0,0
Oklahoma,Osage,40113,0.0,231211.0,641762.0,315615.0,172423.0,679931.45,303835.0,0.0,0,0
Oklahoma,Ottawa,40115,123.0,245274.0,524491.0,326901.0,225499.0,723844.0,278707.0,0.0,0,0
Oklahoma,Pawnee,40117,0.0,209687.0,549328.0,274712.0,126290.0,435343.0,254836.0,0.0,0,0
Oklahoma,Payne,40119,3856.0,131664.0,358277.0,191929.0,97499.0,622750.0,289891.12,2012.0,0,0
Oklahoma,Pittsburg,40121,51145.0,171228.0,301079.0,157196.0,110684.0,127273.0,84446.0,9635.0,0,0
Oklahoma,Pontotoc,40123,10511.0,23675.0,30823.0,24589.0,22958.0,38245.0,20570.0,3158.0,0,0
Oklahoma,Pottawatomie,40125,56569.0,320065.0,662108.0,337980.0,195891.0,310273.0,167337.0,19934.0,0,0
Oklahoma,Pushmataha,40127,0.0,5553.0,13081.0,1826.0,1303.0,0.0,202.0,0.0,0,0
Oklahoma,Roger Mills,40129,16729.0,485787.0,1200681.0,607026.0,351313.0,1069684.0,465491.0,0.0,0,0
Oklahoma,Rogers,40131,0.0,66039.0,156860.0,74241.0,45031.0,61635.0,24719.0,0.0,0,0
Oklahoma,Seminole,40133,2366.0,34787.0,74680.0,49611.0,27103.0,72801.0,36839.0,5925.0,0,0
Oklahoma,Sequoyah,40135,3248.0,5997.0,9823.0,5158.0,9542.0,38004.0,6757.0,590.0,0,0
Oklahoma,Stephens,40137,92653.0,840641.0,2121528.0,1042033.29,517400.0,1126603.15,583101.4299999999,50348.0,0,0
Oklahoma,Texas,40139,0.0,3694081.0,8301642.79,4740405.0,2973816.0,8407916.0,2638637.13,0.0,0,0
Oklahoma,Tillman,40141,750425.41,5386960.0,11426210.0,5523772.0,2965464.0,9629946.0,5541071.72,342644.0,0,0
Oklahoma,Tulsa,40143,0.0,11539.0,41089.0,14837.0,9229.0,21310.0,9240.0,0.0,0,0
Oklahoma,Wagoner,40145,0.0,202160.0,510237.0,288598.0,130553.71,629680.0,300513.0,0.0,0,0
Oklahoma,Washington,40147,0.0,75251.0,150192.0,29205.0,43143.0,143533.0,65188.0,0.0,0,0
Oklahoma,Washita,40149,365474.14,2999403.0,7058826.96,3486056.0,1824715.0,8185068.0,4227494.07,187739.0,0,0
Oklahoma,Woods,40151,710.0,1108805.0,2814576.0,1531185.0,748110.0,5273555.0,2525162.0,0.0,0,0
Oklahoma,Woodward,40153,3566.0,53525.0,138032.0,81624.0,46905.0,2403046.0,1191476.0,1245.0,0,0
Oregon,Baker,41001,0.0,332935.0,755348.0,446480.0,200904.0,677620.0,340388.0,0.0,0,0
Oregon,Benton,41003,0.0,232685.0,591712.0,291885.0,122590.0,298252.0,115101.0,0.0,0,0
Oregon,Clackamas,41005,0.0,21665.0,47615.0,19665.0,9605.0,30335.0,5836.0,0.0,0,0
Oregon,Clatsop,41007,0.0,0.0,0.0,0.0,0.0,0.0,0.0,0.0,0,0
Oregon,Columbia,41009,0.0,2323.0,4640.0,3071.0,1185.0,3810.0,1328.0,0.0,0,0
Oregon,Coos,41011,0.0,780.0,2573.0,0.0,859.0,1239.0,0.0,0.0,0,0
Oregon,Crook,41013,0.0,10137.0,27786.0,13675.0,6150.0,24052.0,11781.0,0.0,0,0
Oregon,Curry,41015,0.0,0.0,0.0,0.0,0.0,0.0,0.0,0.0,0,0
Oregon,Deschutes,41017,0.0,2235.0,10058.0,4878.0,1955.0,22598.0,9784.0,0.0,0,0
Oregon,Douglas,41019,0.0,80456.0,211893.0,106728.0,35235.0,49443.0,29517.0,0.0,0,0
Oregon,Gilliam,41021,8217.0,16596.0,22415.0,45606.0,62975.0,3198898.0,1623269.0,0.0,0,0
Oregon,Grant,41023,0.0,7290.0,13736.0,9415.0,3958.0,8065.0,4380.0,0.0,0,0
Oregon,Harney,41025,0.0,8166.0,11706.0,9197.0,6174.0,9695.0,4723.0,0.0,0,0
Oregon,Hood River,41027,0.0,915.0,2934.0,2725.0,1213.0,1286.0,501.0,0.0,0,0
Oregon,Jackson,41029,0.0,1323.0,3738.0,2879.0,2760.0,7048.0,2353.0,0.0,0,0
Oregon,Jefferson,41031,0.0,411919.0,1078502.0,515449.0,226515.0,546163.0,293150.0,0.0,0,0
Oregon,Josephine,41033,0.0,0.0,3170.0,9354.0,3060.0,4281.0,487.0,0.0,0,0
Oregon,Klamath,41035,0.0,445613.0,958238.0,687629.0,422746.0,669545.0,237564.0,0.0,0,0
Oregon,Lake,41037,0.0,15324.0,39992.0,108685.0,65581.0,18449.0,8823.0,0.0,0,0
Oregon,Lane,41039,0.0,108491.0,288115.0,138322.0,59538.0,147846.0,76861.0,0.0,0,0
Oregon,Lincoln,41041,0.0,0.0,0.0,0.0,0.0,0.0,0.0,0.0,0,0
Oregon,Linn,41043,0.0,163432.0,422029.0,211267.0,93912.0,266623.0,126192.0,0.0,0,0
Oregon,Malheur,41045,0.0,926182.0,2886175.71,1792568.98,721872.0,2085543.4,995963.0,0.0,0,0
Oregon,Marion,41047,0.0,281243.0,740269.0,386649.0,158409.0,759821.0,397325.0,67.0,0,0
Oregon,Morrow,41049,11843.0,19182.0,25469.0,28008.0,25099.0,6511387.0,3156053.0,0.0,0,0
Oregon,Multnomah,41051,0.0,0.0,0.0,0.0,280.0,0.0,0.0,0.0,0,0
Oregon,Polk,41053,2130.0,218443.0,581055.0,257270.0,112346.0,430388.0,212404.0,0.0,0,0
Oregon,Sherman,41055,0.0,35923.0,95423.0,84301.0,50707.0,5070502.0,2558832.0,0.0,0,0
Oregon,Tillamook,41057,0.0,0.0,0.0,0.0,0.0,0.0,0.0,0.0,0,0
Oregon,Umatilla,41059,166941.0,515378.0,714534.0,797801.0,669019.0,14000903.6,7187396.1,310.0,0,0
Oregon,Union,41061,1709.0,28172.0,99127.0,66393.0,52476.0,3114189.0,1472619.0,0.0,0,0
Oregon,Wallowa,41063,23982.0,40309.0,41617.0,56299.0,52402.0,1137739.0,592295.0,135.0,0,15
Oregon,Wasco,41065,0.0,9456.0,125943.0,108534.0,91874.0,3590487.0,1778651.0,0.0,0,0
Oregon,Washington,41067,0.0,292235.0,718742.0,389112.0,169820.0,604528.0,293858.0,0.0,0,0
Oregon,Wheeler,41069,0.0,17561.0,43753.0,21778.0,16611.0,73751.0,39073.0,0.0,0,0
Oregon,Yamhill,41071,0.0,516011.0,1188403.0,543073.0,234798.0,420233.0,220991.0,0.0,0,0
Pennsylvania,Adams,42001,0.0,43690.0,121585.0,91989.0,37067.0,135862.0,47708.0,0.0,0,0
Pennsylvania,Allegheny,42003,0.0,341.0,608.0,0.0,313.0,1565.0,188.0,0.0,0,0
Pennsylvania,Armstrong,42005,0.0,3389.0,8297.0,8481.0,3441.0,132541.0,12462.0,0.0,0,0
Pennsylvania,Beaver,42007,0.0,4162.0,10374.0,6741.0,3062.0,13702.0,2805.0,0.0,0,0
Pennsylvania,Bedford,42009,0.0,28352.0,102092.0,106479.0,33910.0,45235.0,5846.0,0.0,0,0
Pennsylvania,Berks,42011,0.0,75950.0,240172.0,231366.0,82184.0,195211.3,37036.0,0.0,0,0
Pennsylvania,Blair,42013,0.0,23512.0,90314.0,90411.0,27854.0,87276.0,7985.0,0.0,0,0
Pennsylvania,Bradford,42015,0.0,3772.0,15283.0,22041.0,8404.0,24453.0,72.0,0.0,0,0
Pennsylvania,Bucks,42017,0.0,12336.0,23979.0,25523.0,7838.0,31345.0,8474.0,0.0,0,0
Pennsylvania,Butler,42019,0.0,31559.0,68861.0,44869.0,17041.0,68919.0,19666.0,0.0,0,0
Pennsylvania,Cambria,42021,854.0,28628.0,66021.0,41275.0,18920.0,115978.0,27057.0,0.0,0,0
Pennsylvania,Cameron,42023,0.0,0.0,0.0,0.0,0.0,1307.0,19.0,0.0,0,0
Pennsylvania,Carbon,42025,0.0,1999.0,6676.0,5729.0,1750.0,8928.0,1069.0,0.0,0,0
Pennsylvania,Centre,42027,0.0,31627.0,88142.0,70333.0,24254.0,198671.0,30217.0,0.0,0,0
Pennsylvania,Chester,42029,0.0,26577.0,77627.0,100643.0,34187.0,143576.0,24002.0,0.0,0,0
Pennsylvania,Clarion,42031,0.0,21279.0,38022.0,14354.0,6568.0,86450.0,2174.0,0.0,0,0
Pennsylvania,Clearfield,42033,0.0,705.0,4166.0,4203.0,1596.0,37044.0,1728.0,0.0,0,0
Pennsylvania,Clinton,42035,0.0,1509.0,8118.0,8839.0,4190.0,57086.0,4106.0,0.0,0,0
Pennsylvania,Columbia,42037,0.0,22001.0,53815.0,39019.0,14714.0,56590.0,15948.0,0.0,0,0
Pennsylvania,Crawford,42039,0.0,12717.0,46356.0,45612.0,13711.0,163919.0,8202.0,0.0,0,0
Pennsylvania,Cumberland,42041,0.0,35439.0,123916.0,101032.0,32284.0,144364.0,28442.0,0.0,0,0
Pennsylvania,Dauphin,42043,0.0,13643.0,44356.0,42732.0,19876.0,63494.0,15235.0,0.0,0,0
Pennsylvania,Delaware,42045,0.0,2995.0,8082.0,4516.0,1951.0,0.0,0.0,0.0,0,0
Pennsylvania,Elk,42047,0.0,197.0,214.0,328.0,86.0,6251.0,77.0,0.0,0,0
Pennsylvania,Erie,42049,0.0,10570.0,37494.0,47633.0,17123.0,188096.0,13635.0,0.0,0,0
Pennsylvania,Fayette,42051,0.0,1223.0,4667.0,5579.0,2128.0,91860.0,5032.0,0.0,0,0
Pennsylvania,Forest,42053,0.0,644.0,415.0,2.0,1.0,5546.0,1.0,0.0,0,0
Pennsylvania,Franklin,42055,0.0,94627.0,259701.0,223947.0,90567.0,118918.0,48932.0,0.0,0,0
Pennsylvania,Fulton,42057,0.0,13534.0,34785.0,28330.0,13414.0,26988.0,10065.0,0.0,0,0
Pennsylvania,Greene,42059,0.0,768.0,2825.0,2786.0,1084.0,8902.0,724.0,0.0,0,0
Pennsylvania,Huntingdon,42061,0.0,39147.0,124173.0,121179.0,35488.0,101611.0,9048.0,0.0,0,0
Pennsylvania,Indiana,42063,0.0,10766.0,38241.0,28452.0,9516.0,69179.0,6732.0,0.0,0,0
Pennsylvania,Jefferson,42065,0.0,2523.0,7377.0,6436.0,2519.0,53386.12,3074.0,0.0,0,0
Pennsylvania,Juniata,42067,0.0,20483.0,60457.0,62688.0,20713.0,71059.0,8631.0,0.0,0,0
Pennsylvania,Lackawanna,42069,0.0,211.0,599.0,929.0,249.0,4741.0,1045.0,0.0,0,0
Pennsylvania,Lancaster,42071,0.0,27289.0,92493.0,119556.0,56052.0,103188.0,32964.0,0.0,0,0
Pennsylvania,Lawrence,42073,0.0,12614.0,38941.0,31894.0,9969.0,65587.0,9244.0,0.0,0,0
Pennsylvania,Lebanon,42075,0.0,5960.0,17105.0,22240.0,14234.0,43652.0,11407.0,0.0,0,0
Pennsylvania,Lehigh,42077,0.0,41947.0,115786.0,91437.0,31551.0,120207.0,21388.0,0.0,0,0
Pennsylvania,Luzerne,42079,0.0,1983.0,7044.0,7149.0,1917.0,6825.0,394.0,0.0,0,0
Pennsylvania,Lycoming,42081,0.0,1850.0,15346.0,22697.0,6776.0,219317.0,8302.0,0.0,0,0
Pennsylvania,McKean,42083,0.0,608.0,1515.0,695.0,449.0,13145.0,199.0,0.0,0,0
Pennsylvania,Mercer,42085,0.0,31025.0,86245.61,69029.0,21010.0,194292.0,16566.0,0.0,0,0
Pennsylvania,Mifflin,42087,0.0,16183.0,44047.0,37155.0,12694.0,36916.0,2702.0,0.0,0,0
Pennsylvania,Monroe,42089,0.0,4365.0,17988.0,17023.0,4115.0,6990.0,112.0,0.0,0,0
Pennsylvania,Montgomery,42091,0.0,3406.0,7080.0,8023.0,2275.0,9077.0,2386.0,0.0,0,0
Pennsylvania,Montour,42093,0.0,4490.0,18397.0,13581.0,4846.0,4628.0,1467.0,0.0,0,0
Pennsylvania,Northampton,42095,0.0,50154.0,165962.0,142450.0,34227.0,99551.0,13335.0,0.0,0,0
Pennsylvania,Northumberland,42097,0.0,59568.0,206155.0,211678.0,71556.0,157649.0,28616.0,0.0,0,0
Pennsylvania,Perry,42099,100.0,22829.0,56513.0,54841.0,26515.0,93009.0,19054.0,0.0,0,0
Pennsylvania,Philadelphia,42101,0.0,0.0,0.0,0.0,0.0,0.0,0.0,0.0,0,0
Pennsylvania,Pike,42103,0.0,0.0,1143.0,1141.0,303.0,0.0,0.0,0.0,0,0
Pennsylvania,Potter,42105,0.0,2810.0,9355.0,12379.0,4706.0,69213.62,4734.0,0.0,0,0
Pennsylvania,Schuylkill,42107,0.0,7757.0,25641.0,24289.0,8952.0,122099.0,18810.0,0.0,0,0
Pennsylvania,Snyder,42109,0.0,14369.0,55363.0,67209.0,17406.0,85278.0,6879.0,0.0,0,0
Pennsylvania,Somerset,42111,0.0,0.0,0.0,524.0,1556.0,146007.0,8454.0,0.0,0,0
Pennsylvania,Sullivan,42113,0.0,898.0,3435.0,4345.0,1057.0,8783.0,10.0,0.0,0,0
Pennsylvania,Susquehanna,42115,0.0,775.0,6562.0,9639.0,2790.0,3305.0,0.0,0.0,0,0
Pennsylvania,Tioga,42117,0.0,665.0,5178.0,5868.0,1514.0,25390.0,609.0,0.0,0,0
Pennsylvania,Union,42119,0.0,20813.0,69973.0,67473.0,19687.0,35290.0,4545.0,0.0,0,0
Pennsylvania,Venango,42121,0.0,7757.0,14084.0,6146.0,2314.0,32518.0,1572.0,0.0,0,0
Pennsylvania,Warren,42123,0.0,2232.0,2822.0,759.0,360.0,26671.0,0.0,0.0,0,0
Pennsylvania,Washington,42125,0.0,3140.0,7785.0,8539.0,2090.0,35850.0,1745.0,0.0,0,0
Pennsylvania,Wayne,42127,0.0,110.0,417.0,656.0,141.0,0.0,0.0,0.0,0,0
Pennsylvania,Westmoreland,42129,0.0,9637.0,29163.0,26341.0,8178.0,128949.0,12145.0,0.0,0,0
Pennsylvania,Wyoming,42131,0.0,4076.0,23002.0,21531.0,5271.0,22438.0,481.0,0.0,0,0
Pennsylvania,York,42133,0.0,75799.0,204133.0,161516.0,64349.0,606855.0,125913.0,0.0,0,0
Rhode Island,Bristol,44001,0.0,41.0,157.0,156.0,41.0,65.0,0.0,0.0,0,0
Rhode Island,Kent,44003,0.0,0.0,0.0,0.0,0.0,249.0,0.0,0.0,0,0
Rhode Island,Newport,44005,0.0,468.0,2330.0,2326.0,620.0,2801.0,0.0,0.0,0,0
Rhode Island,Providence,44007,0.0,0.0,0.0,0.0,0.0,0.0,0.0,0.0,0,0
Rhode Island,Washington,44009,0.0,1087.0,6926.0,8210.0,1846.0,3075.0,0.0,0.0,0,0
South Carolina,Abbeville,45001,0.0,18027.0,44329.0,20271.0,10045.0,25176.0,12620.0,0.0,0,0
South Carolina,Aiken,45003,234641.0,480486.0,406386.0,215862.0,351741.0,657314.0,367113.79,78257.0,0,0
South Carolina,Allendale,45005,621159.0,1049885.0,997420.58,556649.0,794903.0,1345448.0,1013353.0,263524.0,0,0
South Carolina,Anderson,45007,419.0,54392.0,137859.0,94084.0,61841.0,114202.0,49153.0,0.0,0,0
South Carolina,Bamberg,45009,762345.58,1245966.0,1209420.08,682136.0,880116.76,1445200.0,1052916.4,332165.0,0,0
South Carolina,Barnwell,45011,944611.0,1491430.76,1496189.0,857856.1699999999,1017805.0,1664899.0,1129105.35,373283.0,0,0
South Carolina,Beaufort,45013,0.0,916.0,3462.0,3459.0,918.0,44.0,22.0,0.0,0,0
South Carolina,Berkeley,45015,25904.0,78830.0,82072.0,42239.0,75188.0,145584.0,92673.0,24976.0,0,0
South Carolina,Calhoun,45017,2282469.73,3623699.0,3286413.04,1963901.0,3065475.0,4839677.05,3529585.0,1100807.0,0,0
South Carolina,Charleston,45019,0.0,7370.0,6974.0,3805.0,0.0,6939.0,6010.6,2726.0,0,0
South Carolina,Cherokee,45021,0.0,8326.0,17277.0,9433.0,7792.0,13227.0,7879.0,0.0,0,0
South Carolina,Chester,45023,6593.0,44359.0,78519.0,47982.0,75957.0,214427.0,69382.0,838.0,0,0
South Carolina,Chesterfield,45025,20169.0,73231.0,113086.0,69840.0,50787.0,269394.0,140146.0,11634.0,0,0
South Carolina,Clarendon,45027,315319.0,659896.0,684189.0,404396.0,505639.0,1688522.0,817534.53,112858.0,0,0
South Carolina,Colleton,45029,413433.0,526187.0,521265.0,334977.0,375902.0,580841.0,462217.0,179380.0,0,0
South Carolina,Darlington,45031,669361.0,1290620.0,1224105.0,686843.0,1281119.0,3185126.04,1672265.3,169826.0,0,0
South Carolina,Dillon,45033,468353.0,880124.0,971735.0,527096.0,599571.0,2142818.0,1150393.0,139438.0,0,0
South Carolina,Dorchester,45035,404229.65,739231.0,735625.0,405258.0,456884.0,844720.0,636504.2,170354.0,0,0
South Carolina,Edgefield,45037,21.0,17878.0,43000.0,22412.0,17291.0,44143.0,22513.0,0.0,0,0
South Carolina,Fairfield,45039,0.0,2921.0,7989.0,4934.0,1912.0,5211.0,2700.0,0.0,0,0
South Carolina,Florence,45041,303432.0,693401.0,798408.0,480751.0,410640.0,1409316.7,771725.22,85015.0,0,0
South Carolina,Georgetown,45043,88079.0,134575.0,159604.0,95655.0,121427.0,178495.0,141637.0,49411.0,0,0
South Carolina,Greenville,45045,0.0,2231.0,4432.0,9552.0,6202.0,12891.0,4172.0,0.0,0,0
South Carolina,Greenwood,45047,0.0,14492.0,30293.0,16596.0,8969.0,13295.0,6389.0,0.0,0,0
South Carolina,Hampton,45049,1322942.0,2299706.0,2258374.0,1380102.0,1756182.0,2912841.0,1982694.0,583352.0,0,0
South Carolina,Horry,45051,550292.58,953544.0,1051071.0,580968.2,521523.0,844681.0,668622.0,246339.0,0,0
South Carolina,Jasper,45053,58028.0,89497.0,101840.0,46564.0,58022.0,60780.0,51563.0,18750.0,0,0
South Carolina,Kershaw,45055,10073.0,38655.0,60255.0,36543.0,33942.0,102005.0,50944.0,3976.0,0,0
South Carolina,Lancaster,45057,0.0,6603.0,17157.0,9878.0,3438.0,12015.0,6545.0,0.0,0,0
South Carolina,Laurens,45059,0.0,35968.0,90415.0,62121.0,32361.0,39777.0,15809.0,0.0,0,0
South Carolina,Lee,45061,579573.0,1021451.0,1076334.0,756724.0,1411678.0,3257943.0,1733744.6,243392.0,0,0
South Carolina,Lexington,45063,113045.0,240587.0,260250.0,161594.0,166851.0,352759.0,225140.0,61891.0,0,0
South Carolina,McCormick,45065,0.0,2755.0,6775.0,3788.0,2038.0,3668.0,1434.0,0.0,0,0
South Carolina,Marion,45067,529863.0,793029.0,793723.88,468088.0,580751.0,1053017.47,775659.0,249541.0,0,0
South Carolina,Marlboro,45069,712743.0,1079848.0,1294168.0,754453.0,1328625.0,3124427.0,1734613.0,259178.0,0,0
South Carolina,Newberry,45071,164.0,97405.0,261830.0,136360.0,65080.0,197080.0,85985.0,0.0,0,0
South Carolina,Oconee,45073,0.0,6201.0,14812.0,13900.0,7268.0,11766.0,5002.0,0.0,0,0
South Carolina,Orangeburg,45075,2615459.58,4240818.0,3967485.28,2249825.0,3062209.0,5291444.0,3684507.0,1073853.0,0,0
South Carolina,Pickens,45077,0.0,701.0,1804.0,1338.0,596.0,2552.0,876.0,0.0,0,0
South Carolina,Richland,45079,139919.49,283371.0,351187.0,212394.0,197508.0,368893.5,95904.86,67760.0,0,0
South Carolina,Saluda,45081,3664.0,81951.0,169407.0,82372.0,68070.0,168283.0,73697.1,985.0,0,0
South Carolina,Spartanburg,45083,0.0,25911.0,63094.0,28932.0,14473.0,27875.0,13057.0,0.0,0,0
South Carolina,Sumter,45085,210511.0,408764.0,522738.0,341638.0,494822.0,1184205.31,718037.0,131621.0,0,0
South Carolina,Union,45087,0.0,6214.0,11710.0,8626.0,4412.0,3917.0,3039.0,0.0,0,0
South Carolina,Williamsburg,45089,416449.0,790181.0,725502.0,436680.0,832003.35,2436615.65,1128374.95,122960.0,0,0
South Carolina,York,45091,5246.0,39707.0,93255.0,48460.0,86774.0,244482.0,37894.0,1795.0,0,0
South Dakota,Aurora,46003,0.0,50606.0,100530.0,58613.0,42533.0,1156418.0,233416.0,0.0,0,0
South Dakota,Beadle,46005,0.0,193311.0,526428.0,310992.0,136105.0,597881.0,169238.0,0.0,0,0
South Dakota,Bennett,46007,0.0,1461985.0,3898980.69,2270110.0,1130411.0,2322841.25,1049834.0,0.0,0,0
South Dakota,Bon Homme,46009,0.0,47275.0,157730.0,134438.0,41459.0,503299.0,35673.0,0.0,0,0
South Dakota,Brookings,46011,0.0,8686.0,22295.0,13789.0,6317.0,505848.0,93458.25,0.0,0,0
South Dakota,Brown,46013,0.0,80830.0,228671.0,132622.0,56369.0,5785330.0,381453.0,0.0,0,0
South Dakota,Brule,46015,0.0,289433.0,785581.0,433979.0,238973.98,1848310.0,481618.0,0.0,0,0
South Dakota,Buffalo,46017,0.0,153490.0,429251.0,243775.0,147026.0,634771.0,202169.0,0.0,0,0
South Dakota,Butte,46019,0.0,309881.0,814779.77,437038.0,203885.87,613225.0,267075.0,0.0,0,0
South Dakota,Campbell,46021,0.0,298530.0,856760.0,592379.0,381757.0,2216507.0,909124.0,0.0,0,0
South Dakota,Charles Mix,46023,0.0,292378.0,747934.0,452472.0,210570.0,1971806.0,507641.0,0.0,0,0
South Dakota,Clark,46025,0.0,140896.0,365507.0,199615.0,80413.0,1847434.0,474937.0,0.0,0,0
South Dakota,Clay,46027,0.0,13955.0,39111.0,18282.0,7845.0,752617.0,23059.0,0.0,0,0
South Dakota,Codington,46029,0.0,116638.0,304278.0,161365.0,67993.0,2144621.56,515459.0,0.0,0,0
South Dakota,Corson,46031,9821.0,786615.0,2185338.0,1465754.0,1078908.0,2377499.0,1128505.0,0.0,0,0
South Dakota,Custer,46033,0.0,80106.0,209895.0,106640.0,48109.0,160970.0,69146.0,0.0,0,0
South Dakota,Davison,46035,0.0,58784.0,159807.0,98878.0,39236.0,514147.0,102837.0,0.0,0,0
South Dakota,Day,46037,55.0,191739.0,533484.0,276423.0,127168.0,2862953.0,802312.0,0.0,0,0
South Dakota,Deuel,46039,0.0,10387.0,28494.0,14585.0,6156.0,1244287.0,222166.0,0.0,0,0
South Dakota,Dewey,46041,0.0,344861.0,1032207.0,667378.0,467051.0,1618133.0,689305.0,0.0,0,0
South Dakota,Douglas,46043,0.0,61540.0,160589.0,91759.0,52104.0,243757.0,59031.0,0.0,0,0
South Dakota,Edmunds,46045,0.0,377441.0,921379.0,527488.0,249636.0,3555694.0,1067246.0,0.0,0,0
South Dakota,Fall River,46047,0.0,289820.0,755240.0,370425.0,175130.0,483045.0,214990.0,0.0,0,0
South Dakota,Faulk,46049,11403.0,436047.19,1086171.0,588170.0,306668.0,2384402.0,782718.0,0.0,0,0
South Dakota,Grant,46051,0.0,141026.0,394734.0,206455.0,91399.0,1619219.0,410542.0,0.0,0,0
South Dakota,Gregory,46053,0.0,251032.0,552841.0,354927.0,198817.0,828876.0,238435.0,0.0,0,0
South Dakota,Haakon,46055,0.0,1867106.0,4687184.09,2596194.0,1285216.0,3932866.0,1924226.0,0.0,0,0
South Dakota,Hamlin,46057,0.0,20666.0,54768.0,32542.0,13733.0,716336.0,85773.0,0.0,0,0
South Dakota,Hand,46059,0.0,1554850.0,3677501.0,2257431.0,1456551.0,4264234.0,1471952.0,0.0,0,0
South Dakota,Hanson,46061,0.0,5473.0,16570.0,12802.0,4620.0,244274.0,20386.0,0.0,0,0
South Dakota,Harding,46063,0.0,45093.0,114083.0,70171.0,38165.0,431473.0,242847.0,0.0,0,0
South Dakota,Hughes,46065,0.0,928971.0,2453248.16,1765657.0,1326688.0,3136579.0,1261495.37,0.0,0,0
South Dakota,Hutchinson,46067,0.0,46588.0,142962.0,100094.0,33168.0,442239.0,34776.0,0.0,0,0
South Dakota,Hyde,46069,0.0,191300.0,540418.0,436354.0,399673.0,1971398.0,714493.0,0.0,0,0
South Dakota,Jackson,46071,0.0,677612.0,1802584.0,930517.0,447816.0,1559617.5,762698.0,0.0,0,0
South Dakota,Jerauld,46073,0.0,112900.0,310468.0,178641.0,96212.0,746377.99,202948.0,0.0,0,0
South Dakota,Jones,46075,0.0,456308.0,1363038.12,812303.0,672970.0,2609429.0,1063410.0,0.0,0,0
South Dakota,Kingsbury,46077,0.0,83169.0,243399.0,152545.0,54362.0,351912.0,166238.0,0.0,0,0
South Dakota,Lake,46079,0.0,7676.0,19799.0,10475.0,4670.0,81913.0,24187.0,0.0,0,0
South Dakota,Lawrence,46081,0.0,11103.0,26477.0,11902.0,5267.0,31922.0,15027.0,0.0,0,0
South Dakota,Lincoln,46083,0.0,17348.0,67272.0,68717.0,18510.0,915100.0,514.0,0.0,0,0
South Dakota,Lyman,46085,0.0,2776248.0,6206208.6,3828793.0,2652096.0,5246329.0,1846899.0,0.0,0,0
South Dakota,McCook,46087,0.0,9760.0,24953.0,17470.0,6142.0,57419.0,8847.0,0.0,0,0
South Dakota,McPherson,46089,0.0,209877.0,556732.0,327679.0,187565.0,1748380.0,582914.0,0.0,0,0
South Dakota,Marshall,46091,0.0,31885.0,80773.0,39478.0,19775.0,1683432.0,187596.0,0.0,0,0
South Dakota,Meade,46093,82.0,1091770.0,2518974.0,1279490.0,690935.0,2264602.0,1072729.0,0.0,0,0
South Dakota,Mellette,46095,0.0,226170.0,625707.0,329752.0,158758.0,815219.0,319955.0,0.0,0,0
South Dakota,Miner,46097,0.0,5033.0,19797.0,16664.0,5567.0,162849.0,91146.0,0.0,0,0
South Dakota,Minnehaha,46099,0.0,7628.0,32154.0,31088.0,8699.0,668471.0,6859.0,0.0,0,0
South Dakota,Moody,46101,0.0,48.0,193.0,190.0,51.0,203499.0,6251.0,0.0,0,0
South Dakota,Pennington,46103,0.0,1362840.56,3284909.06,1899966.0,902546.0,2197476.0,1046924.0,0.0,0,0
South Dakota,Perkins,46105,15425.0,709230.0,1917710.5,1211274.0,747365.0,3091867.6,1431091.92,0.0,0,0
South Dakota,Potter,46107,0.0,1242459.0,2937051.56,2080943.0,1465289.0,4177816.0,1714561.0,0.0,0,0
South Dakota,Roberts,46109,0.0,120050.0,360182.0,218192.0,86105.0,2788840.0,511955.0,0.0,0,0
South Dakota,Sanborn,46111,0.0,26228.0,86491.0,58528.0,25015.0,284944.0,36388.0,0.0,0,0
South Dakota,Shannon,46113,0.0,571974.0,1524476.24,851723.0,393316.0,900164.94,405214.0,0.0,0,0
South Dakota,Spink,46115,0.0,300523.0,849610.0,469252.0,201199.0,3996407.0,734000.0,0.0,0,0
South Dakota,Stanley,46117,0.0,821985.0,1857919.83,1263267.0,800957.0,2054804.0,992781.0,0.0,0,0
South Dakota,Sully,46119,0.0,1315656.0,3672958.94,3058502.0,2255177.0,7567996.0,3261289.0,0.0,0,0
South Dakota,Todd,46121,0.0,33526.0,89153.0,53462.0,29128.0,261120.0,76907.0,0.0,0,0
South Dakota,Tripp,46123,0.0,1553072.0,3648326.56,1970701.0,1193276.0,3540298.24,1302670.0,0.0,0,0
South Dakota,Turner,46125,0.0,7037.0,27461.0,22998.0,8554.0,817154.0,24223.0,0.0,0,0
South Dakota,Union,46127,0.0,11058.0,40141.0,39855.0,10699.0,1548542.0,6193.0,0.0,0,0
South Dakota,Walworth,46129,0.0,323356.0,927536.0,560799.0,342885.0,2663328.0,1096763.0,0.0,0,0
South Dakota,Yankton,46135,0.0,8523.0,48228.0,48274.0,14177.0,791781.0,6181.0,0.0,0,0
South Dakota,Ziebach,46137,0.0,221605.0,648640.0,438431.0,257528.0,1825866.0,846553.0,0.0,0,0
Tennessee,Anderson,47001,0.0,0.0,0.0,0.0,0.0,118.0,0.0,0.0,0,0
Tennessee,Bedford,47003,0.0,8605.0,24988.0,11949.0,6349.0,223878.0,82232.0,0.0,0,0
Tennessee,Benton,47005,0.0,93.0,248.0,524.0,343.0,120459.0,7882.0,0.0,0,0
Tennessee,Bledsoe,47007,0.0,1467.0,7939.0,6419.0,2518.0,38649.0,15224.0,0.0,0,0
Tennessee,Blount,47009,0.0,6195.0,23682.0,10420.0,4834.0,47093.0,13668.0,0.0,0,0
Tennessee,Bradley,47011,0.0,848.0,1406.0,1630.0,544.0,46543.0,11074.0,0.0,0,0
Tennessee,Campbell,47013,0.0,0.0,0.0,0.0,0.0,103.0,0.0,0.0,0,0
Tennessee,Cannon,47015,0.0,151.0,570.0,570.0,583.0,56450.0,9250.0,0.0,0,0
Tennessee,Carroll,47017,0.0,125949.0,324052.0,184217.0,561042.0,2264911.0,950128.0,0.0,0,0
Tennessee,Carter,47019,0.0,135.0,512.0,511.0,135.0,373.0,0.0,0.0,0,0
Tennessee,Cheatham,47021,0.0,1314.0,4686.0,1018.0,675.0,8004.0,2891.0,0.0,0,0
Tennessee,Chester,47023,0.0,0.0,0.0,0.0,63169.98,281209.0,114125.0,0.0,0,0
Tennessee,Claiborne,47025,0.0,19.0,733.0,478.0,104.0,676.0,1654.0,0.0,0,0
Tennessee,Clay,47027,0.0,0.0,0.0,473.0,133.0,8425.0,2127.0,0.0,0,0
Tennessee,Cocke,47029,0.0,7363.0,26249.0,14939.0,5593.0,10856.0,1096.0,0.0,0,0
Tennessee,Coffee,47031,1708.0,12688.0,25569.0,20601.0,29259.0,413720.0,101813.0,0.0,0,0
Tennessee,Crockett,47033,0.0,22059.0,70793.0,37635.0,2211493.0,6539408.6899999995,3303131.92,0.0,0,0
Tennessee,Cumberland,47035,0.0,34.0,334.0,334.0,88.0,4575.0,1942.0,0.0,0,0
Tennessee,Davidson,47037,0.0,0.0,1735.0,1292.0,414.0,4548.0,1480.0,0.0,0,0
Tennessee,Decatur,47039,0.0,460.0,2054.0,1471.0,1067.0,79746.0,12231.0,0.0,0,0
Tennessee,DeKalb,47041,0.0,804.0,2781.0,2108.0,743.0,75042.0,18408.0,0.0,0,0
Tennessee,Dickson,47043,0.0,5847.0,15767.0,8595.0,2838.0,20487.0,5625.0,0.0,0,0
Tennessee,Dyer,47045,88682.0,329403.0,658547.66,466783.0,1508326.0,5291378.47,2328800.0,51088.0,0,0
Tennessee,Fayette,47047,0.0,206929.0,224882.0,111217.0,1499733.0,4471275.96,2050952.0,0.0,0,0
Tennessee,Fentress,47049,0.0,2810.0,10409.0,4561.0,2308.0,2292.0,842.0,0.0,0,0
Tennessee,Franklin,47051,0.0,5749.0,36964.0,21963.0,104469.0,785217.0,287386.0,0.0,0,0
Tennessee,Gibson,47053,0.0,421973.0,1100614.0,534276.0,1724918.54,6355044.0,2733414.42,0.0,0,0
Tennessee,Giles,47055,0.0,26168.0,81916.0,44843.0,90283.0,392376.0,138218.0,0.0,0,0
Tennessee,Grainger,47057,0.0,0.0,7018.0,4859.0,1722.0,20300.0,4501.0,0.0,0,0
Tennessee,Greene,47059,0.0,11802.0,42948.0,35954.0,12128.0,61477.0,7535.0,0.0,0,0
Tennessee,Grundy,47061,0.0,450.0,3322.0,6928.0,1433.0,48337.0,10910.0,0.0,0,0
Tennessee,Hamblen,47063,0.0,0.0,578.0,482.0,605.0,30726.0,4301.0,0.0,0,0
Tennessee,Hamilton,47065,0.0,0.0,283.0,0.0,136.0,14313.0,3881.0,0.0,0,0
Tennessee,Hancock,47067,0.0,0.0,0.0,0.0,0.0,204.0,0.0,0.0,0,0
Tennessee,Hardeman,47069,0.0,20311.0,34050.0,20221.0,581380.96,1880919.0,832611.0,0.0,0,0
Tennessee,Hardin,47071,0.0,6088.0,16096.0,64770.0,81767.0,464272.0,158963.0,0.0,0,0
Tennessee,Hawkins,47073,0.0,200.0,400.0,400.0,107.0,7998.0,402.0,0.0,0,0
Tennessee,Haywood,47075,0.0,163414.0,220091.0,78090.0,3161259.42,8392902.95,4335359.0,0.0,0,0
Tennessee,Henderson,47077,0.0,7713.0,24497.0,22212.0,98982.0,571827.69,183549.0,0.0,0,0
Tennessee,Henry,47079,0.0,209851.0,563377.0,274396.0,144620.0,1071085.0,358686.0,0.0,0,0
Tennessee,Hickman,47081,0.0,5804.0,18356.0,13405.0,6135.0,81740.0,18496.0,0.0,0,0
Tennessee,Houston,47083,0.0,382.0,1896.0,980.0,612.0,4769.0,1321.0,0.0,0,0
Tennessee,Humphreys,47085,0.0,682.0,2584.0,1772.0,749.0,60285.27,5889.0,0.0,0,0
Tennessee,Jackson,47087,0.0,425.0,1150.0,1094.0,300.0,5196.0,2264.0,0.0,0,0
Tennessee,Jefferson,47089,0.0,1567.0,4023.0,1647.0,726.0,772.0,344.0,0.0,0,0
Tennessee,Johnson,47091,0.0,1238.0,4528.0,4062.0,1163.0,502.0,0.0,0.0,0,0
Tennessee,Knox,47093,0.0,0.0,0.0,0.0,0.0,11298.0,2458.0,0.0,0,0
Tennessee,Lake,47095,123030.0,396033.0,627956.0,252726.0,553698.0,1817298.0,754259.0,12610.0,0,0
Tennessee,Lauderdale,47097,56468.0,116354.0,128782.0,71484.0,1621527.0,5114511.74,2441922.0,21175.0,0,0
Tennessee,Lawrence,47099,0.0,2780.0,11595.0,9605.0,35625.0,473636.0,150979.0,0.0,0,0
Tennessee,Lewis,47101,0.0,143.0,540.0,539.0,143.0,8766.0,2486.0,0.0,0,0
Tennessee,Lincoln,47103,0.0,6196.0,23238.0,16566.0,165449.0,932069.0,388646.0,0.0,0,0
Tennessee,Loudon,47105,0.0,10159.0,28747.0,18664.0,7951.0,47424.0,15746.0,0.0,0,0
Tennessee,McMinn,47107,0.0,1733.0,7324.0,6511.0,2389.0,139954.49,35257.0,0.0,0,0
Tennessee,McNairy,47109,0.0,2911.0,5378.0,3331.0,122531.0,537364.0,191000.0,0.0,0,0
Tennessee,Macon,47111,0.0,4143.0,17432.0,12936.0,4687.0,36133.0,9188.0,0.0,0,0
Tennessee,Madison,47113,0.0,46051.0,93381.0,45186.0,1340888.15,4421760.79,1950301.2,0.0,0,0
Tennessee,Marion,47115,0.0,1.0,726.0,32.0,270.0,62106.0,16988.0,0.0,0,0
Tennessee,Marshall,47117,0.0,3776.0,2519.0,5047.0,1205.0,112824.0,38402.0,0.0,0,0
Tennessee,Maury,47119,0.0,26188.0,70479.0,35510.0,14990.0,171075.0,52462.0,0.0,0,0
Tennessee,Meigs,47121,0.0,1019.0,4634.0,4637.0,1087.0,38009.0,10323.0,0.0,0,0
Tennessee,Monroe,47123,0.0,1733.0,5851.0,3772.0,1681.0,116516.0,28470.0,0.0,0,0
Tennessee,Montgomery,47125,0.0,135037.0,368718.0,175609.0,74456.0,496823.0,168619.0,0.0,0,0
Tennessee,Moore,47127,0.0,67.0,0.0,0.0,0.0,3647.0,910.0,0.0,0,0
Tennessee,Morgan,47129,0.0,238.0,214.0,90.0,88.0,599.0,276.0,0.0,0,0
Tennessee,Obion,47131,5553.0,226075.0,598633.0,289765.0,277973.53,2841795.0,878007.0,0.0,0,0
Tennessee,Overton,47133,0.0,435.0,1360.0,973.0,1042.0,5829.0,2244.0,0.0,0,0
Tennessee,Perry,47135,0.0,7144.0,20786.0,15583.0,5095.0,24318.0,1036.0,0.0,0,0
Tennessee,Pickett,47137,0.0,91.0,435.0,434.0,292.0,1504.0,716.0,0.0,0,0
Tennessee,Polk,47139,0.0,0.0,0.0,2550.0,1555.0,118846.0,36454.0,0.0,0,0
Tennessee,Putnam,47141,0.0,4477.0,12314.0,5756.0,2829.0,13070.0,3859.0,0.0,0,0
Tennessee,Rhea,47143,0.0,0.0,0.0,3133.0,3212.0,40287.0,7166.0,0.0,0,0
Tennessee,Roane,47145,0.0,1149.0,4872.0,1793.0,512.0,2541.0,595.0,0.0,0,0
Tennessee,Robertson,47147,0.0,441664.0,1182037.0,603693.0,257609.0,1148087.0,515892.0,0.0,0,0
Tennessee,Rutherford,47149,0.0,63466.0,163667.0,82010.0,28647.0,271162.0,96520.0,0.0,0,0
Tennessee,Scott,47151,0.0,18.0,0.0,20.0,0.0,17.0,0.0,0.0,0,0
Tennessee,Sequatchie,47153,0.0,0.0,0.0,618.0,0.0,15308.0,6591.0,0.0,0,0
Tennessee,Sevier,47155,0.0,28.0,74.0,35.0,16.0,0.0,0.0,0.0,0,0
Tennessee,Shelby,47157,0.0,144002.0,210209.0,106189.0,760446.0,2202477.0,1047019.79,22549.0,0,0
Tennessee,Smith,47159,0.0,958.0,4976.0,4702.0,1515.0,39619.0,12586.0,0.0,0,0
Tennessee,Stewart,47161,0.0,0.0,0.0,0.0,0.0,32037.0,2983.0,0.0,0,0
Tennessee,Sullivan,47163,0.0,532.0,2980.0,2919.0,783.0,1020.0,8.0,0.0,0,0
Tennessee,Sumner,47165,0.0,39187.0,119885.0,65543.0,27548.0,229254.0,99043.0,0.0,0,0
Tennessee,Tipton,47167,0.0,58427.0,109729.0,63964.0,1674356.0,4846414.0,2391512.96,0.0,0,0
Tennessee,Trousdale,47169,0.0,122.0,378.0,276.0,90.0,7987.0,3708.0,0.0,0,0
Tennessee,Unicoi,47171,0.0,0.0,0.0,0.0,0.0,0.0,0.0,0.0,0,0
Tennessee,Union,47173,0.0,0.0,0.0,0.0,0.0,0.0,23.0,0.0,0,0
Tennessee,Van Buren,47175,0.0,2615.0,6411.0,3244.0,1506.0,7214.0,1393.0,0.0,0,0
Tennessee,Warren,47177,0.0,2097.0,6242.0,5066.0,2002.0,144007.0,32921.0,0.0,0,0
Tennessee,Washington,47179,0.0,960.0,3533.0,3361.0,716.0,19988.0,303.0,0.0,0,0
Tennessee,Wayne,47181,0.0,66.0,569.0,2700.0,5872.0,40669.0,12561.0,0.0,0,0
Tennessee,Weakley,47183,0.0,326678.0,831544.0,420467.0,227133.8,2003167.0,553907.0,0.0,0,0
Tennessee,White,47185,0.0,12543.0,36329.0,15489.0,7362.0,51734.0,9863.0,0.0,0,0
Tennessee,Williamson,47187,0.0,16594.0,44266.0,22055.0,9148.0,43335.0,20463.0,0.0,0,0
Tennessee,Wilson,47189,0.0,17919.0,50904.0,35926.0,13996.0,26365.0,6966.0,0.0,0,0
Texas,Anderson,48001,0.0,2599.0,33776.0,2876.0,27989.0,14650.0,26911.0,0.0,0,0
Texas,Andrews,48003,507848.0,1084670.0,1086595.0,669872.0,1177670.0,1542783.0,1276593.5,459303.0,0,0
Texas,Angelina,48005,0.0,4933.0,8941.0,5620.0,5329.0,0.0,0.0,0.0,0,0
Texas,Aransas,48007,0.0,22316.0,44462.0,21755.0,35631.0,60301.0,18402.0,0.0,0,0
Texas,Archer,48009,2266.0,986720.6,2540156.21,1259121.0,550710.0,1463424.0,753945.0,0.0,0,0
Texas,Armstrong,48011,0.0,1567234.0,3434231.73,1925345.29,1321268.0,1990396.0,584134.0,0.0,0,0
Texas,Atascosa,48013,1160267.92,1947852.22,1966435.94,1219637.0,1531930.98,1904239.0,1683291.0,715409.0,0,0
Texas,Austin,48015,1006157.0,1600440.0,2228481.0,1579616.0,1785899.65,1135195.0,615309.0,136066.0,0,0
Texas,Bailey,48017,505163.82,2674734.0,4007545.58,2284081.7,2410300.47,6211937.0,3306299.97,331544.0,0,0
Texas,Bandera,48019,0.0,1517.0,17120.0,4915.0,4093.0,5056.0,858.0,0.0,0,0
Texas,Bastrop,48021,14941.0,211249.0,344502.0,253008.0,197044.0,156628.0,24281.0,2042.0,0,0
Texas,Baylor,48023,18208.0,1901663.0,4656344.62,2376531.0,1020245.0,3115893.0,1612577.0,9259.0,0,0
Texas,Bee,48025,0.0,910485.0,1936463.0,1428198.0,1010738.0,1113045.0,229491.0,0.0,0,0
Texas,Bell,48027,0.0,1482852.0,3390379.0,2307931.0,1394759.0,1919415.5,373401.0,0.0,0,0
Texas,Bexar,48029,6208.0,317325.0,697770.0,482455.0,274916.0,382570.46,48368.1,1332.0,0,0
Texas,Blanco,48031,0.0,3810.0,7871.0,4244.0,3357.0,2405.0,0.0,0.0,0,0
Texas,Borden,48033,4816.0,119588.0,274922.0,151962.0,119906.0,1295053.0,595071.0,2514.0,0,0
Texas,Bosque,48035,0.0,232786.0,537415.0,276463.0,149428.0,270337.0,114264.0,0.0,0,0
Texas,Bowie,48037,185761.0,677092.0,1395175.0,748269.0,579488.0,786808.0,421688.0,34488.0,0,0
Texas,Brazoria,48039,5752442.0,8100474.0,11619660.0,7647376.0,9311393.0,5692133.15,3892518.0,1082013.0,0,0
Texas,Brazos,48041,379.0,222549.0,471584.0,317999.0,518789.0,1220288.0,499252.0,73.0,0,0
Texas,Brewster,48043,0.0,0.0,0.0,0.0,0.0,0.0,0.0,0.0,0,0
Texas,Briscoe,48045,158363.0,1389950.0,2259066.55,1229218.0,1652945.0,3565269.0,1696822.0,76625.0,0,0
Texas,Brooks,48047,0.0,34503.0,49430.0,45654.0,21305.16,21893.0,510.0,0.0,0,0
Texas,Brown,48049,189418.0,581758.0,969996.0,478082.0,380085.0,591953.0,387333.0,91315.0,0,0
Texas,Burleson,48051,0.0,218427.0,394621.0,351390.0,528875.0,1210815.0,460816.0,0.0,0,0
Texas,Burnet,48053,0.0,23936.0,50243.0,27062.0,14667.0,18691.0,9104.0,0.0,0,0
Texas,Caldwell,48055,0.0,321567.0,668189.0,440614.0,365940.0,474863.0,110814.0,0.0,0,0
Texas,Calhoun,48057,1072496.0,2498847.0,3979401.0,2726938.0,2879576.0,2815847.47,1272312.0,182306.0,0,0
Texas,Callahan,48059,31092.0,165063.0,404483.0,195970.0,105630.0,638900.0,346356.66,15875.0,0,0
Texas,Cameron,48061,0.0,3312685.0,6500508.31,3872670.0,3385836.0,6512032.0,2497429.72,0.0,0,0
Texas,Camp,48063,0.0,0.0,392.0,190.0,82.0,226.0,110.0,0.0,0,0
Texas,Carson,48065,51354.0,3635622.32,7310752.24,4441596.8,3201498.0,5096971.0,1383737.84,27841.0,0,0
Texas,Cass,48067,0.0,0.0,0.0,0.0,0.0,0.0,0.0,0.0,0,0
Texas,Castro,48069,28551.0,3871029.44,8142419.32,4878656.0,4317176.0,10854552.0,3712059.0,6746.0,0,0
Texas,Chambers,48071,4255890.0,5855108.0,8296479.0,5214458.0,6433428.0,3419885.0,2501524.0,707134.0,0,0
Texas,Cherokee,48073,6634.0,10544.0,10214.0,5550.0,7425.0,4057.0,3732.0,1594.0,0,0
Texas,Childress,48075,486637.0,1450845.0,2494409.0,1213690.0,1635250.0,3626578.0,2032553.0,240321.0,0,0
Texas,Clay,48077,0.0,909516.0,2430602.0,1145165.0,507999.0,1486497.0,747907.0,0.0,0,0
Texas,Cochran,48079,2551820.13,4586429.0,5357816.0,3751629.0,4898427.0,9473375.0,6198237.0,1287101.0,0,0
Texas,Coke,48081,0.0,45700.0,149791.0,105784.0,55866.0,118224.0,66654.87,0.0,0,0
Texas,Coleman,48083,108476.0,985893.0,2096325.0,1046813.0,608938.0,1302303.0,646899.0,55764.0,0,0
Texas,Collin,48085,0.0,1036448.0,2107789.0,1245092.0,739388.0,1658140.0,584976.0,0.0,0,0
Texas,Collingsworth,48087,4377032.94,7621860.04,7687900.55,4474524.0,6492986.0,9751559.0,7660973.16,2553056.0,0,0
Texas,Colorado,48089,7132609.0,9981808.0,13561772.0,8716864.0,10336616.0,6612486.0,4832227.0,1338223.0,0,0
Texas,Comal,48091,0.0,2708.0,13809.0,2855.0,2312.0,2907.0,619.0,0.0,0,0
Texas,Comanche,48093,1006597.3999999999,1747239.2000000002,1914123.58,1064603.3,1273413.2,1534305.8,1288856.6,487264.1,0,0
Texas,Concho,48095,0.0,1036493.0,2524125.0,1249781.0,824583.0,2447991.74,1238392.0,0.0,0,0
Texas,Cooke,48097,36996.0,909547.0,1908241.0,1112575.0,662740.0,1251432.33,465198.0,4980.0,0,0
Texas,Coryell,48099,0.0,619067.0,1464535.0,820826.0,498232.0,766024.0,230123.0,0.0,0,0
Texas,Cottle,48101,138195.0,558444.0,978313.0,485915.33,326543.0,1941462.0,958673.0,76801.0,0,0
Texas,Crane,48103,0.0,0.0,0.0,0.0,0.0,0.0,0.0,0.0,0,0
Texas,Crockett,48105,0.0,2962.0,5984.0,2452.0,0.0,5744.0,2727.0,0.0,0,0
Texas,Crosby,48107,123832.0,1289336.0,3086975.93,980084.0,4220578.279999999,12501616.0,6331153.74,63771.0,0,0
Texas,Culberson,48109,0.0,46039.0,201538.0,100252.0,164263.0,190113.0,148106.0,0.0,0,0
Texas,Dallam,48111,0.0,1570789.0,4000304.98,2389026.0,1683047.0,5416606.0,1082099.0,0.0,0,0
Texas,Dallas,48113,0.0,226327.0,491798.0,272433.0,182700.0,267138.0,93486.0,0.0,0,0
Texas,Dawson,48115,3417776.0,7116234.0,13225798.53,6345019.0,4239171.72,20517171.85,11729380.84,1812374.0,0,0
Texas,Deaf Smith,48117,0.0,9350557.0,17874803.31,11135674.31,8513522.0,12098494.97,2823701.0,0.0,0,0
Texas,Delta,48119,0.0,193268.0,351023.0,226877.0,136408.0,190708.0,70858.0,0.0,0,0
Texas,Denton,48121,28523.0,1147179.7,2418491.52,1286542.0,754986.0,1359066.0,509304.0,9847.0,0,0
Texas,DeWitt,48123,13292.0,31968.0,84038.0,79563.0,37700.0,47411.0,16055.0,3602.0,0,0
Texas,Dickens,48125,33492.0,249094.0,416475.0,262191.0,670442.0,1694573.0,899015.65,19712.0,0,0
Texas,Dimmit,48127,0.0,58554.0,41393.0,50298.0,64725.0,128412.0,49951.0,0.0,0,0
Texas,Donley,48129,1092103.6800000002,1670726.0,1926820.75,1074541.0,1715580.0,2900546.0,1971502.0,561191.0,0,0
Texas,Duval,48131,38066.0,285530.0,476181.0,401092.0,272478.0,292521.0,69256.0,19865.0,0,0
Texas,Eastland,48133,799303.0,1597176.0,1692905.0,1004350.0,1124840.18,1302239.0,1060399.0,399522.0,0,0
Texas,Ector,48135,0.0,0.0,0.0,0.0,0.0,0.0,0.0,0.0,0,0
Texas,Edwards,48137,0.0,0.0,0.0,0.0,0.0,0.0,0.0,0.0,0,0
Texas,Ellis,48139,0.0,1857974.0,3918501.47,2301634.0,1607096.0,3057354.0,1129224.5,0.0,0,0
Texas,El Paso,48141,0.0,2354.0,2017.0,11858.0,259813.17,756679.87,261756.0,0.0,0,0
Texas,Erath,48143,82052.63,304648.0,320590.0,206714.0,226543.0,326161.0,237628.0,92381.91,0,0
Texas,Falls,48145,0.0,1296450.9,3101401.22,2161022.0,1399804.0,2393669.0,817661.9,0.0,0,0
Texas,Fannin,48147,67111.0,2228745.0,5115242.47,2818589.65,1564722.0,2660078.0,1095513.19,33635.0,0,0
Texas,Fayette,48149,11236.0,158605.0,388281.0,303426.0,146363.0,147044.0,14079.0,4035.0,0,0
Texas,Fisher,48151,10583.0,917178.0,2177115.0,1119980.0,404338.0,5777539.72,2621396.0,3812.0,0,0
Texas,Floyd,48153,32316.0,3707709.26,6689024.78,3584654.03,7223503.93,17968724.46,8327071.92,14319.0,0,0
Texas,Foard,48155,23316.0,969682.0,2220599.0,1203648.0,521355.0,1706383.87,816987.0,10246.0,0,0
Texas,Fort Bend,48157,2063912.0,4383749.26,6571610.0,3985831.0,5053262.0,5184745.0,2382479.73,386100.0,0,0
Texas,Franklin,48159,0.0,15375.0,73480.0,43454.0,25595.0,50071.0,16648.0,0.0,0,0
Texas,Freestone,48161,0.0,0.0,0.0,0.0,0.0,0.0,0.0,0.0,0,0
Texas,Frio,48163,1546652.0,2252556.0,2232538.0,1627546.0,1745519.0,2417383.54,1932647.0,735455.0,0,0
Texas,Gaines,48165,13250293.040000001,21677462.0,26863878.67,15832763.87,21561637.63,35058815.3,25393339.24,7851708.99,0,0
Texas,Galveston,48167,691600.0,1147127.0,1530949.0,943491.0,1121895.0,592958.0,421411.0,101285.0,0,0
Texas,Garza,48169,397.0,52503.0,128978.0,78047.0,363657.0,2221790.58,1229117.0,1019.0,0,0
Texas,Gillespie,48171,0.0,191727.0,395662.0,213138.0,135575.0,173469.0,50176.0,0.0,0,0
Texas,Glasscock,48173,17721.0,409595.0,923441.0,456007.0,230474.0,5757667.55,2557446.32,4761.0,0,0
Texas,Goliad,48175,0.0,71099.0,224760.0,203397.0,92521.0,96294.0,24118.0,0.0,0,0
Texas,Gonzales,48177,20118.0,106821.0,215113.0,160843.0,99666.0,89279.0,12520.0,0.0,0,0
Texas,Gray,48179,3308.0,1587472.17,3284218.5,2018803.1,1312120.14,2203355.48,415073.0,0.0,0,0
Texas,Grayson,48181,42107.0,1661287.0,4072390.0,2214226.0,1263734.0,2238501.0,865245.0,18754.0,0,0
Texas,Gregg,48183,0.0,0.0,0.0,0.0,0.0,0.0,0.0,0.0,0,0
Texas,Grimes,48185,0.0,794.0,1943.0,1441.0,237.0,486.0,0.0,0.0,0,0
Texas,Guadalupe,48187,2493.0,844882.0,1769370.0,1209529.25,807388.0,791458.0,90142.0,567.0,0,0
Texas,Hale,48189,21840.0,4295703.5,6508074.76,3628437.05,8345980.33,23182954.0,9994389.61,11264.0,0,0
Texas,Hall,48191,1689786.0,2708226.0,3020219.0,1767879.0,3602858.0,7070971.0,4096393.0,804469.09,0,0
Texas,Hamilton,48193,0.0,288735.0,650546.0,327452.0,204588.0,274397.0,105863.0,0.0,0,0
Texas,Hansford,48195,92236.0,5644501.09,11005213.25,6871106.0,4480889.0,8644942.8,2712363.24,47008.0,0,0
Texas,Hardeman,48197,170860.02000000002,1802964.0,4108656.0,2119950.0,1352593.0,2989917.0,1553132.0,51030.0,0,0
Texas,Hardin,48199,143734.0,232311.0,337384.0,200996.0,242110.0,125236.0,79856.0,21288.0,0,0
Texas,Harris,48201,1105031.0,1577126.0,2197545.0,1483675.0,1589444.0,763773.0,542374.0,123232.0,0,0
Texas,Harrison,48203,0.0,554.0,1357.0,679.0,361.0,765.0,287.0,0.0,0,0
Texas,Hartley,48205,29928.0,950522.0,2146444.0,1269557.0,806283.0,3224324.5,878438.0,15619.0,0,0
Texas,Haskell,48207,937389.53,4103721.0,7692209.18,3865060.0,2321822.12,9592517.5,5455982.5,650079.0,0,0
Texas,Hays,48209,0.0,100142.0,217718.0,152479.0,96380.0,136326.0,21506.0,0.0,0,0
Texas,Hemphill,48211,0.0,291556.0,569240.0,322730.0,176747.09,348865.0,163038.0,0.0,0,0
Texas,Henderson,48213,2950.0,22936.0,23607.0,9452.0,22559.0,41014.0,23667.0,1540.0,0,0
Texas,Hidalgo,48215,53515.0,2613852.57,5083728.0,3334168.17,3180921.0,5960513.3,1614871.27,0.0,0,0
Texas,Hill,48217,16515.0,2563300.0,5451329.97,3270512.0,2232938.0,3878684.15,1093334.0,2863.0,0,0
Texas,Hockley,48219,1130973.0,3495900.0,3547454.0,3872625.0,5533151.0,16592699.0,8834746.56,664298.0,0,0
Texas,Hood,48221,0.0,3541.0,0.0,2992.0,2672.0,325.0,15221.0,1064.0,0,0
Texas,Hopkins,48223,119972.0,187884.0,389940.0,316798.0,326169.0,331746.0,172914.0,28221.0,0,0
Texas,Houston,48225,33734.0,132767.0,200574.0,134727.0,206251.0,309411.0,148106.0,9525.0,0,0
Texas,Howard,48227,28919.0,291523.0,3052736.91,1331057.0,263660.0,6280017.62,2962783.85,15088.0,0,0
Texas,Hudspeth,48229,39703.0,88971.0,155208.0,108020.0,312351.0,949034.0,372772.0,0.0,0,0
Texas,Hunt,48231,0.0,876876.0,1944801.0,1125929.0,667089.0,1218726.0,443161.0,0.0,0,0
Texas,Hutchinson,48233,0.0,475309.0,985567.0,594809.0,356541.0,571683.0,222988.0,0.0,0,0
Texas,Irion,48235,0.0,1989.0,1896.0,4655.0,1476.0,4360.0,5088.0,0.0,0,0
Texas,Jack,48237,0.0,40701.0,110899.0,56800.0,24601.0,81373.0,38105.0,0.0,0,0
Texas,Jackson,48239,4700595.0,7945724.0,12269013.89,8070339.0,9048765.0,7131286.0,3715788.0,781558.0,0,0
Texas,Jasper,48241,0.0,0.0,0.0,0.0,0.0,0.0,0.0,0.0,0,0
Texas,Jeff Davis,48243,0.0,0.0,0.0,0.0,0.0,0.0,0.0,0.0,0,0
Texas,Jefferson,48245,5270247.0,7300638.2,10429556.0,6430394.0,8056864.0,4074271.0,2823386.0,809954.0,0,0
Texas,Jim Hogg,48247,0.0,9618.0,20014.0,12582.0,11930.0,9255.0,0.0,0.0,0,0
Texas,Jim Wells,48249,0.0,1391700.67,2619921.0,1793523.0,1471546.0,1554188.0,356246.0,0.0,0,0
Texas,Johnson,48251,1483.0,482139.99,1280058.0,771701.0,479118.0,656012.5,236304.0,0.0,0,0
Texas,Jones,48253,87299.0,2239375.8,5365434.6,2575704.12,840730.0,6705640.63,3307288.15,44836.0,0,0
Texas,Karnes,48255,4988.0,132418.0,239834.0,209801.0,83588.0,118407.0,28834.0,999.0,0,0
Texas,Kaufman,48257,0.0,377026.0,734550.16,417013.0,227439.0,422544.0,163746.0,0.0,0,0
Texas,Kendall,48259,0.0,17285.0,28765.0,19474.0,15672.0,9607.0,2026.0,0.0,0,0
Texas,Kenedy,48261,0.0,0.0,0.0,0.0,0.0,0.0,0.0,0.0,0,0
Texas,Kent,48263,12226.0,109548.0,245003.0,132297.99,136742.0,578364.0,242997.0,5986.0,0,0
Texas,Kerr,48265,0.0,2686.0,10372.0,5441.0,2973.0,3717.0,1144.0,0.0,0,0
Texas,Kimble,48267,0.0,0.0,0.0,2457.0,1302.0,1896.0,654.0,0.0,0,0
Texas,King,48269,2381.0,95356.0,217031.0,91748.0,54454.0,244207.0,104547.0,0.0,0,0
Texas,Kinney,48271,0.0,14760.0,45830.0,24649.0,41215.0,141912.0,31440.0,0.0,0,0
Texas,Kleberg,48273,0.0,1323331.0,2380022.0,1556805.0,1477258.79,2180639.0,680324.0,0.0,0,0
Texas,Knox,48275,26274.0,2257878.0,5499733.39,2809396.0,1154018.33,5028757.0,2473897.0,8816.0,0,0
Texas,Lamar,48277,134028.0,1781828.49,3869458.01,2311010.0,1378051.85,2373173.0,1035592.0,40933.0,0,0
Texas,Lamb,48279,534185.0,3494038.0,5052494.21,3551602.0,4725477.74,16565287.0,7630646.2,330340.0,0,0
Texas,Lampasas,48281,0.0,89798.0,170008.0,89966.0,51814.0,66330.0,37476.0,3298.0,0,0
Texas,La Salle,48283,160516.0,280856.0,216796.0,214128.0,182070.0,276726.0,139982.0,28863.0,0,0
Texas,Lavaca,48285,658915.0,965070.0,1428242.0,889303.0,950858.0,574552.0,384933.0,114913.0,0,0
Texas,Lee,48287,90168.0,187603.0,237515.0,140165.0,135435.0,87759.0,55201.0,20826.0,0,0
Texas,Leon,48289,0.0,6196.0,12375.0,7248.0,7108.0,124.0,0.0,0.0,0,0
Texas,Liberty,48291,3985072.96,5362141.0,7457847.0,5079796.0,5964369.0,2927348.0,1923881.0,549913.0,0,0
Texas,Limestone,48293,0.0,371093.0,733947.0,488763.0,331652.0,483443.0,114375.0,0.0,0,0
Texas,Lipscomb,48295,0.0,826046.0,1891783.43,1072701.0,681818.0,1103671.0,389180.0,0.0,0,0
Texas,Live Oak,48297,420.0,286938.0,643564.0,516147.0,349828.0,374639.0,98417.0,220.0,0,0
Texas,Llano,48299,17772.0,33279.0,37852.0,20058.0,22902.0,29174.0,23403.0,9275.0,0,0
Texas,Loving,48301,0.0,0.0,0.0,0.0,0.0,0.0,0.0,0.0,0,0
Texas,Lubbock,48303,366935.0,2098470.98,2782203.62,2751864.0,5430108.0,19220329.0,9505552.89,214274.0,0,0
Texas,Lynn,48305,294493.0,1813116.1400000001,2188532.36,1914347.49,3948591.0,14951226.99,7587384.5,132960.0,0,0
Texas,McCulloch,48307,1027.0,715889.0,1767974.25,850982.0,403528.0,957130.0,466766.0,1743.0,0,0
Texas,McLennan,48309,14219.0,1500844.0,3690787.0,2500111.0,1363912.0,2116377.13,604058.0,7111.0,0,0
Texas,McMullen,48311,0.0,32355.0,60183.0,39837.0,35382.0,36905.0,0.0,0.0,0,0
Texas,Madison,48313,0.0,798.0,0.0,0.0,0.0,996.0,164.0,0.0,0,0
Texas,Marion,48315,0.0,0.0,0.0,0.0,0.0,0.0,0.0,0.0,0,0
Texas,Martin,48317,146665.0,585707.0,2288265.32,673217.0,750115.49,8257998.2,3755812.0,63692.0,0,0
Texas,Mason,48319,318214.0,569191.0,658565.0,339732.0,394065.0,341548.0,275745.0,104617.0,0,0
Texas,Matagorda,48321,7496805.14,12096262.34,17072046.99,11725173.0,13868234.98,9618183.0,5669247.49,1264175.0,0,0
Texas,Maverick,48323,0.0,0.0,187.0,121.0,0.0,0.0,18.0,0.0,0,0
Texas,Medina,48325,115954.0,801081.0,1782888.0,1307999.0,868321.0,1660169.0,508471.0,46451.0,0,0
Texas,Menard,48327,0.0,20859.0,44717.0,27680.0,11970.0,19337.0,7889.0,0.0,0,0
Texas,Midland,48329,3960.0,12697.0,3690.0,1795.0,5286.0,109299.0,46991.0,0.0,0,0
Texas,Milam,48331,6929.0,1187484.0,2745365.52,1916584.0,1383267.0,2149743.01,582456.0,4669.0,0,0
Texas,Mills,48333,0.0,48210.0,116442.0,48867.0,29334.0,58907.0,24535.0,0.0,0,0
Texas,Mitchell,48335,0.0,325772.0,1039267.53,359089.0,168805.0,3006693.0,1438237.28,0.0,0,0
Texas,Montague,48337,26922.0,326085.0,882157.0,407442.0,202214.0,446895.0,226448.0,12969.0,0,0
Texas,Montgomery,48339,0.0,0.0,0.0,0.0,0.0,0.0,0.0,0.0,0,0
Texas,Moore,48341,6872.0,3351170.0,6719122.81,4439768.0,2821137.8,4946642.0,1332683.0,3590.0,0,0
Texas,Morris,48343,0.0,782.0,1092.0,945.0,427.0,1356.0,555.0,0.0,0,0
Texas,Motley,48345,304178.0,619060.0,852057.0,421577.0,814721.0,1682723.0,1017114.0,127016.0,0,0
Texas,Nacogdoches,48347,0.0,134.0,508.0,507.0,134.0,0.0,0.0,0.0,0,0
Texas,Navarro,48349,0.0,936102.25,1810581.0,1125173.0,871831.0,1606574.0,546610.0,0.0,0,0
Texas,Newton,48351,0.0,0.0,0.0,0.0,0.0,0.0,0.0,0.0,0,0
Texas,Nolan,48353,0.0,326196.0,824517.0,407691.0,160714.0,3634693.0,1698586.0,0.0,0,0
Texas,Nueces,48355,2490.0,7666542.18,13082213.45,8604744.0,7670262.0,11099474.0,3661077.15,0.0,0,0
Texas,Ochiltree,48357,0.0,4244294.0,8835968.190000001,5299705.0,3662300.0,6233494.0,1887155.96,0.0,0,0
Texas,Oldham,48359,0.0,1330999.79,2760760.44,1541292.64,1123440.0,1474057.0,368658.0,0.0,0,0
Texas,Orange,48361,31189.0,42578.0,65148.0,37386.0,46765.0,0.0,0.0,0.0,0,0
Texas,Palo Pinto,48363,885.0,6704.0,12039.0,13085.0,8339.0,22438.0,10507.0,462.0,0,0
Texas,Panola,48365,986.0,1546.0,1463.0,799.0,1092.0,0.0,0.0,0.0,0,0
Texas,Parker,48367,0.0,5121.0,1395.0,13744.0,1512.0,3127.0,11878.0,0.0,0,0
Texas,Parmer,48369,142872.0,4884084.0,9945628.87,5834736.46,3684168.6,10704458.0,3776710.25,51968.0,0,0
Texas,Pecos,48371,12048.0,128302.0,124138.0,92085.0,329387.0,920334.0,422964.0,0.0,0,0
Texas,Polk,48373,0.0,0.0,0.0,0.0,0.0,0.0,0.0,0.0,0,0
Texas,Potter,48375,0.0,342056.0,780429.0,433049.0,328186.0,493919.0,145248.0,0.0,0,0
Texas,Presidio,48377,0.0,0.0,0.0,0.0,0.0,0.0,0.0,0.0,0,0
Texas,Rains,48379,0.0,16384.0,43249.0,18529.0,6237.0,9998.0,5627.0,0.0,0,0
Texas,Randall,48381,84968.0,2471985.0,5420564.56,2984667.0,2041346.0,3177140.0,1042837.0,44341.0,0,0
Texas,Reagan,48383,0.0,198527.0,454172.0,205897.0,93459.0,2169765.0,946745.0,0.0,0,0
Texas,Real,48385,0.0,0.0,0.0,0.0,0.0,0.0,0.0,0.0,0,0
Texas,Red River,48387,7528.0,636437.0,1460258.0,826124.0,540950.0,1012767.0,478932.0,2351.0,0,0
Texas,Reeves,48389,0.0,172571.0,240945.64,111930.0,101923.0,355436.0,227181.0,16173.0,0,0
Texas,Refugio,48391,0.0,1922856.0,3489579.0,2343170.0,2251791.0,3342754.0,1121977.0,0.0,0,0
Texas,Roberts,48393,0.0,266027.0,631751.94,390274.0,241279.82,380370.0,56256.0,0.0,0,0
Texas,Robertson,48395,0.0,328044.0,692184.0,540037.0,687005.0,1630368.0,756854.0,0.0,0,0
Texas,Rockwall,48397,0.0,26167.0,73600.0,36207.0,19737.0,69089.0,27477.0,0.0,0,0
Texas,Runnels,48399,7599.0,2147004.0,5281008.16,2595827.03,1415135.0,4953532.0,2419967.0,4468.0,0,0
Texas,Rusk,48401,0.0,0.0,0.0,0.0,0.0,0.0,0.0,0.0,0,0
Texas,Sabine,48403,0.0,0.0,0.0,0.0,0.0,0.0,0.0,0.0,0,0
Texas,San Augustine,48405,0.0,0.0,0.0,0.0,0.0,0.0,0.0,0.0,0,0
Texas,San Jacinto,48407,0.0,0.0,0.0,0.0,0.0,0.0,0.0,0.0,0,0
Texas,San Patricio,48409,0.0,6477190.06,10848422.0,7338822.0,5736788.0,11114023.0,4234404.0,0.0,0,0
Texas,San Saba,48411,12153.0,274048.0,693116.0,319773.0,175506.0,358262.0,185416.0,9618.0,0,0
Texas,Schleicher,48413,0.0,153289.0,330171.35,178991.0,103225.0,477716.0,211904.0,0.0,0,0
Texas,Scurry,48415,0.0,265622.5,613399.0,304261.0,143947.0,3455308.0,1549862.0,0.0,0,0
Texas,Shackelford,48417,62954.0,313405.0,702167.0,347726.0,220401.0,566983.0,314623.0,37117.0,0,0
Texas,Shelby,48419,0.0,0.0,0.0,0.0,0.0,0.0,0.0,0.0,0,0
Texas,Sherman,48421,768.0,3589878.0,8034766.44,4998641.0,2966878.65,6457603.0,1555544.0,0.0,0,0
Texas,Smith,48423,0.0,1280.0,2126.0,1591.0,875.0,0.0,0.0,0.0,0,0
Texas,Somervell,48425,0.0,162.0,429.0,0.0,91.0,0.0,120.0,0.0,0,0
Texas,Starr,48427,0.0,621964.0,1319905.0,960442.46,670070.0,1184299.0,208190.0,0.0,0,0
Texas,Stephens,48429,9432.0,69231.0,121443.0,57641.0,29875.0,128712.0,73534.0,4677.0,0,0
Texas,Sterling,48431,0.0,17428.0,45257.0,37977.0,17151.0,54022.0,24301.0,0.0,0,0
Texas,Stonewall,48433,44478.0,450722.0,1055174.0,557897.0,251655.0,987535.0,468389.0,25717.0,0,0
Texas,Sutton,48435,0.0,9867.0,18084.17,14240.0,3988.0,15941.0,5927.0,0.0,0,0
Texas,Swisher,48437,29351.0,5061724.47,9555389.84,5557920.0,4604713.0,11165752.0,4133008.0,472.0,0,0
Texas,Tarrant,48439,0.0,57015.0,133885.0,57304.0,38833.0,87654.22,32724.0,0.0,0,0
Texas,Taylor,48441,132.0,946857.0,2451136.0,1224724.0,450846.0,2260332.0,1050512.0,69.0,0,0
Texas,Terrell,48443,0.0,0.0,0.0,0.0,0.0,0.0,0.0,0.0,0,0
Texas,Terry,48445,7478872.48,14030674.4,16130063.28,8170313.359999999,9433388.92,21747086.8,14065213.77,3237908.2,0,0
Texas,Throckmorton,48447,200098.0,1016465.0,1705336.0499999998,826143.0,331232.0,952606.8,525482.0,36482.0,0,0
Texas,Titus,48449,0.0,3006.0,24597.0,12084.0,1678.0,11955.0,5475.0,0.0,0,0
Texas,Tom Green,48451,0.0,2081556.0,4600901.0,2369620.0,1943356.0,6682665.0,3243822.08,0.0,0,0
Texas,Travis,48453,0.0,621598.0,1133158.0,727207.0,580108.0,721317.0,104039.0,0.0,0,0
Texas,Trinity,48455,0.0,0.0,0.0,0.0,0.0,0.0,0.0,0.0,0,0
Texas,Tyler,48457,0.0,0.0,0.0,0.0,0.0,0.0,0.0,0.0,0,0
Texas,Upshur,48459,0.0,0.0,0.0,0.0,0.0,0.0,0.0,0.0,0,0
Texas,Upton,48461,0.0,107805.0,182294.0,104032.0,29491.0,935417.0,380359.0,0.0,0,0
Texas,Uvalde,48463,0.0,614165.0,1408233.0,859115.0,873655.0,2299293.0,771060.46,0.0,0,0
Texas,Val Verde,48465,0.0,0.0,0.0,270.0,0.0,0.0,314.0,0.0,0,0
Texas,Van Zandt,48467,0.0,3712.0,8188.0,3826.0,890.0,441.0,226.0,0.0,0,0
Texas,Victoria,48469,1065306.0,2710491.0,4730195.0,3116749.0,3036194.0,2842154.0,1069385.0,128238.0,0,0
Texas,Walker,48471,0.0,0.0,0.0,0.0,0.0,0.0,0.0,0.0,0,0
Texas,Waller,48473,1451315.0,2041431.58,2495285.0,1877342.0,2177766.0,1334114.0,983426.0,287866.0,0,0
Texas,Ward,48475,0.0,143.0,0.0,0.0,3077.0,8706.0,0.0,0.0,0,0
Texas,Washington,48477,0.0,34911.0,39899.0,37280.0,56647.0,86972.0,49607.0,0.0,0,0
Texas,Webb,48479,0.0,39795.0,103832.76,75846.0,60087.0,34677.0,0.0,0.0,0,0
Texas,Wharton,48481,12546456.37,21422221.11,31978131.0,20831311.0,24778904.0,19488176.17,10825883.5,2472247.0,0,0
Texas,Wheeler,48483,520957.25,1560235.38,2240280.16,1295554.0,1311621.44,2022762.17,1224142.0,283906.0,0,0
Texas,Wichita,48485,68359.0,1713748.31,4031422.73,2015017.0,800756.0,2370473.0,1144020.0,8054.0,0,0
Texas,Wilbarger,48487,543538.78,3006251.0,6285670.68,3127365.0,1511901.75,5210822.0,2809382.88,289018.0,0,0
Texas,Willacy,48489,0.0,4729664.590000001,8857035.0,5619974.0,3438862.54,7335002.0,2547099.0,0.0,0,0
Texas,Williamson,48491,253.0,2319627.0,4908731.0,3278592.0,2405937.0,3617192.2,920413.0,126.0,0,0
Texas,Wilson,48493,366042.0,1256296.0,1604226.0,891835.0,883692.0,961441.0,475489.0,138010.0,0,0
Texas,Winkler,48495,0.0,0.0,0.0,0.0,0.0,0.0,0.0,0.0,0,0
Texas,Wise,48497,47285.0,277356.0,544906.0,301471.0,183951.0,260248.0,131666.0,15778.0,0,0
Texas,Wood,48499,0.0,5125.0,15394.0,2960.0,3131.0,2209.0,0.0,0.0,0,0
Texas,Yoakum,48501,5646348.31,9214716.0,12249518.0,6994829.0,8152694.94,13563717.0,9635616.12,2901593.0,0,0
Texas,Young,48503,52918.0,988481.0,2454184.11,1215128.0,592953.0,1439726.0,720324.0,16495.0,0,0
Texas,Zapata,48505,0.0,0.0,0.0,0.0,0.0,0.0,0.0,0.0,0,0
Texas,Zavala,48507,0.0,291999.0,540516.61,506173.0,549628.0,928031.0,262476.0,0.0,0,0
Utah,Beaver,49001,0.0,23054.0,27843.0,48389.0,26744.0,99413.0,29505.0,0.0,0,0
Utah,Box Elder,49003,0.0,1927496.19,5021010.09,2958669.2,1409186.82,3619401.0,1679260.0,0.0,0,0
Utah,Cache,49005,115.0,687738.0,1844265.0,1468313.0,704107.0,1253914.0,621783.0,0.0,0,0
Utah,Carbon,49007,0.0,5565.0,12502.0,6445.0,4825.0,10233.0,2052.0,0.0,0,0
Utah,Daggett,49009,0.0,0.0,0.0,0.0,0.0,0.0,0.0,0.0,0,0
Utah,Davis,49011,0.0,21417.42,44477.0,29591.0,12403.0,37232.0,15618.0,0.0,0,0
Utah,Duchesne,49013,0.0,6584.0,25107.0,34031.0,20944.0,37497.0,15038.0,0.0,0,0
Utah,Emery,49015,0.0,16782.0,48442.0,24341.0,20045.0,52924.0,17755.0,0.0,0,0
Utah,Garfield,49017,0.0,0.0,0.0,0.0,0.0,84.0,0.0,0.0,0,0
Utah,Grand,49019,0.0,0.0,0.0,0.0,0.0,0.0,0.0,0.0,0,0
Utah,Iron,49021,0.0,13804.0,38506.0,59634.0,37931.0,69799.0,34939.0,0.0,0,0
Utah,Juab,49023,0.0,143550.0,385853.0,225906.0,114097.0,260396.0,129594.0,0.0,0,0
Utah,Kane,49025,0.0,0.0,0.0,0.0,0.0,0.0,0.0,0.0,0,0
Utah,Millard,49027,0.0,285980.0,675777.0,559437.0,303148.84,672855.0,306513.0,0.0,0,0
Utah,Morgan,49029,0.0,6623.0,21099.0,26726.0,17535.0,27396.0,8753.0,0.0,0,0
Utah,Piute,49031,0.0,205.0,248.0,2677.0,1846.0,3622.0,1516.0,0.0,0,0
Utah,Rich,49033,0.0,19498.0,46225.0,20887.0,10099.0,29936.0,12672.0,0.0,0,0
Utah,Salt Lake,49035,0.0,50316.0,128079.0,59119.0,24652.0,63780.0,26644.0,0.0,0,0
Utah,San Juan,49037,0.0,455970.0,1235646.48,617506.0,263383.0,716678.0,351565.0,0.0,0,0
Utah,Sanpete,49039,0.0,19860.0,52061.0,127566.0,81679.0,169863.0,69338.0,0.0,0,0
Utah,Sevier,49041,0.0,4962.0,15435.0,67317.0,34505.0,111977.0,32936.0,0.0,0,0
Utah,Summit,49043,0.0,768.0,2026.0,4095.0,2577.0,6450.0,4206.0,0.0,0,0
Utah,Tooele,49045,0.0,16054.0,38317.0,20239.0,11292.0,21104.0,5404.0,0.0,0,0
Utah,Uintah,49047,0.0,16303.0,46071.0,39947.0,20878.0,55581.0,17413.0,0.0,0,0
Utah,Utah,49049,0.0,234913.0,618104.0,375039.0,187207.0,423843.0,191971.0,0.0,0,0
Utah,Wasatch,49051,0.0,0.0,0.0,0.0,0.0,0.0,0.0,0.0,0,0
Utah,Washington,49053,0.0,11995.0,31069.0,21736.0,11808.0,40480.0,13705.0,0.0,0,0
Utah,Wayne,49055,0.0,3091.0,4709.0,68330.0,42720.55,45842.0,33723.0,0.0,0,0
Utah,Weber,49057,0.0,50536.0,97765.0,69008.0,30589.0,99520.0,36689.0,0.0,0,0
Vermont,Addison,50001,0.0,1350.0,6639.0,8396.0,2733.0,277159.0,4539.0,0.0,0,0
Vermont,Bennington,50003,0.0,407.0,1541.0,2239.0,757.0,7928.0,48.0,0.0,0,0
Vermont,Caledonia,50005,0.0,2054.0,7657.0,7650.0,2140.0,38941.0,58.0,0.0,0,0
Vermont,Chittenden,50007,0.0,780.0,3135.0,2375.0,1013.0,65055.0,4243.0,0.0,0,0
Vermont,Essex,50009,0.0,668.0,2531.0,2529.0,574.0,18898.0,235.0,0.0,0,0
Vermont,Franklin,50011,0.0,321.0,16541.0,17313.0,4794.0,325517.0,0.0,0.0,0,0
Vermont,Grand Isle,50013,0.0,0.0,447.0,447.0,120.0,32160.0,212.0,0.0,0,0
Vermont,Lamoille,50015,0.0,685.0,0.0,0.0,905.0,11800.0,0.0,0.0,0,0
Vermont,Orange,50017,0.0,1898.0,7864.0,696.0,1889.0,42209.0,0.0,0.0,0,0
Vermont,Orleans,50019,0.0,509.0,1483.0,1482.0,1259.0,55678.0,600.0,0.0,0,0
Vermont,Rutland,50021,0.0,756.0,4318.0,5534.0,2329.0,70650.0,113.0,0.0,0,0
Vermont,Washington,50023,0.0,90.0,0.0,0.0,91.0,22080.0,0.0,0.0,0,0
Vermont,Windham,50025,0.0,0.0,0.0,0.0,0.0,33558.0,16.0,0.0,0,0
Vermont,Windsor,50027,0.0,0.0,0.0,0.0,0.0,21712.0,61.0,0.0,0,0
Virginia,Accomack,51001,0.0,339687.0,844176.0,517259.0,266593.0,683399.0,308569.0,0.0,0,0
Virginia,Albemarle,51003,0.0,2831.0,6546.0,11470.0,4556.0,8322.0,1227.0,0.0,0,0
Virginia,Alleghany,51005,0.0,875.0,1385.0,1842.0,521.0,1261.0,658.0,0.0,0,0
Virginia,Amelia,51007,0.0,67602.0,176852.0,131519.0,75770.0,125347.0,68289.0,0.0,0,0
Virginia,Amherst,51009,0.0,242.0,839.0,0.0,0.0,221.0,57.0,0.0,0,0
Virginia,Appomattox,51011,0.0,14724.0,11185.0,4555.0,1900.0,15131.0,7164.0,0.0,0,0
Virginia,Arlington,51013,0.0,0.0,0.0,0.0,0.0,0.0,0.0,0.0,0,0
Virginia,Augusta,51015,0.0,65808.0,228516.0,216173.0,66126.0,124412.0,22783.0,0.0,0,0
Virginia,Bath,51017,0.0,269.0,883.0,1014.0,1060.0,443.0,88.0,0.0,0,0
Virginia,Bedford,51019,0.0,14985.8,38048.0,26468.0,20524.0,35415.0,21123.0,0.0,0,0
Virginia,Bland,51021,0.0,0.0,117.0,117.0,31.0,151.0,0.0,0.0,0,0
Virginia,Botetourt,51023,0.0,4719.0,10850.0,6911.0,3613.0,15013.0,4152.0,0.0,0,0
Virginia,Brunswick,51025,13141.0,34186.0,65045.0,39014.0,35429.0,78191.0,40549.0,5746.0,0,0
Virginia,Buchanan,51027,0.0,193.0,509.0,247.0,108.0,571.0,144.0,0.0,0,0
Virginia,Buckingham,51029,0.0,7825.0,22143.0,13046.0,4875.0,18284.0,9465.0,0.0,0,0
Virginia,Campbell,51031,0.0,16527.0,43130.0,22213.0,9963.0,26331.0,12858.0,0.0,0,0
Virginia,Caroline,51033,0.0,69018.0,165349.0,127696.0,63708.0,232780.0,114385.0,0.0,0,0
Virginia,Carroll,51035,0.0,1337.0,3873.0,4799.0,1261.0,2350.0,0.0,0.0,0,0
Virginia,Charles City,51036,0.0,145004.0,367960.0,230864.0,123357.0,379581.0,166726.0,0.0,0,0
Virginia,Charlotte,51037,0.0,19470.0,60377.0,40436.0,16102.0,44723.0,21258.0,0.0,0,0
Virginia,Chesterfield,51041,1027.0,18339.0,48915.0,25500.0,11835.0,23785.0,11145.0,0.0,0,0
Virginia,Clarke,51043,0.0,7039.0,14190.0,15003.0,9301.0,8855.0,6572.0,0.0,0,0
Virginia,Craig,51045,0.0,1264.0,3138.0,1852.0,624.0,2526.0,1119.0,0.0,0,0
Virginia,Culpeper,51047,0.0,3999.0,17723.0,16508.0,10022.0,676.0,1520.0,0.0,0,0
Virginia,Cumberland,51049,0.0,11937.0,35283.0,20547.0,8592.0,20422.0,10187.0,0.0,0,0
Virginia,Dickenson,51051,0.0,0.0,0.0,0.0,0.0,0.0,0.0,0.0,0,0
Virginia,Dinwiddie,51053,336175.0,540355.0,558178.0,326611.0,479838.0,804685.0,587087.0,185313.0,0,0
Virginia,Essex,51057,0.0,196889.0,498048.0,343402.0,169754.0,399526.0,202253.0,0.0,0,0
Virginia,Fairfax,51059,0.0,0.0,0.0,0.0,0.0,0.0,0.0,0.0,0,0
Virginia,Fauquier,51061,0.0,19316.0,70634.0,48961.0,23894.0,66178.0,25585.0,0.0,0,0
Virginia,Floyd,51063,0.0,6659.0,24068.0,22962.0,5500.0,0.0,0.0,0.0,0,0
Virginia,Fluvanna,51065,0.0,3316.0,8206.0,8075.0,3352.0,10328.0,3998.0,0.0,0,0
Virginia,Franklin,51067,0.0,33684.0,95953.0,57925.0,29098.0,66714.0,32969.0,0.0,0,0
Virginia,Frederick,51069,0.0,3704.0,9798.0,4221.0,3412.0,17093.0,4770.0,0.0,0,0
Virginia,Giles,51071,0.0,345.0,1303.0,708.0,346.0,347.0,0.0,0.0,0,0
Virginia,Gloucester,51073,0.0,31870.0,82762.0,55491.0,28375.0,91424.0,30861.0,0.0,0,0
Virginia,Goochland,51075,0.0,29786.0,90034.0,49051.0,19121.0,69126.0,32579.0,0.0,0,0
Virginia,Grayson,51077,0.0,1035.0,3438.0,3362.0,898.0,1893.0,113.0,0.0,0,0
Virginia,Greene,51079,0.0,0.0,0.0,0.0,152.0,0.0,0.0,0.0,0,0
Virginia,Greensville,51081,757285.0,1233029.0,1128791.0,677644.0,1028648.0,1589488.5,1207732.0,379557.0,0,0
Virginia,Halifax,51083,0.0,89829.0,219024.0,159687.0,89808.0,128231.0,70212.0,0.0,0,0
Virginia,Hanover,51085,0.0,51647.0,143194.0,101547.0,48491.0,254239.0,118415.0,0.0,0,0
Virginia,Henrico,51087,0.0,43394.0,124890.0,70750.0,31653.0,98918.0,42109.0,0.0,0,0
Virginia,Henry,51089,0.0,7080.0,17307.0,9502.0,4642.0,10365.0,4016.0,0.0,0,0
Virginia,Highland,51091,0.0,1296.0,4568.0,4176.0,1080.0,1878.0,240.0,0.0,0,0
Virginia,Isle of Wight,51093,1755388.0,2742439.89,2687448.0,1561414.0,2270250.0,3627060.0,2733279.0,898911.0,0,0
Virginia,James City,51095,0.0,23863.0,73868.0,56708.0,21510.0,39203.0,14678.0,0.0,0,0
Virginia,King and Queen,51097,0.0,99981.0,269509.0,156800.0,78825.0,218024.0,112894.0,0.0,0,0
Virginia,King George,51099,0.0,26460.0,65347.0,49824.0,26490.0,63397.0,23864.0,0.0,0,0
Virginia,King William,51101,0.0,105899.0,321467.0,190888.0,101991.0,321655.0,149268.0,0.0,0,0
Virginia,Lancaster,51103,0.0,79152.0,204666.0,131174.0,63402.0,158371.0,74447.0,0.0,0,0
Virginia,Lee,51105,0.0,2131.0,5835.0,5684.0,1721.0,1328.0,279.0,0.0,0,0
Virginia,Loudoun,51107,0.0,2041.0,11308.0,13052.0,4858.0,39206.0,12700.0,0.0,0,0
Virginia,Louisa,51109,0.0,22470.0,85962.0,52254.0,22957.0,52124.0,20917.0,0.0,0,0
Virginia,Lunenburg,51111,0.0,5745.0,15655.0,8271.0,4179.0,8635.0,4062.0,0.0,0,0
Virginia,Madison,51113,0.0,787.0,2406.0,962.0,872.0,0.0,663.0,0.0,0,0
Virginia,Mathews,51115,0.0,1451.0,3194.0,2146.0,1158.0,5100.0,1344.0,0.0,0,0
Virginia,Mecklenburg,51117,0.0,54526.0,149493.0,100523.0,45294.0,105923.0,46235.0,0.0,0,0
Virginia,Middlesex,51119,0.0,36056.0,84401.0,55863.0,26370.0,118703.0,44716.0,0.0,0,0
Virginia,Montgomery,51121,0.0,9420.0,32170.0,24464.0,7072.0,2859.0,850.0,0.0,0,0
Virginia,Nelson,51125,0.0,225.0,869.0,572.0,292.0,358.0,269.0,0.0,0,0
Virginia,New Kent,51127,0.0,41806.0,86825.0,53049.0,24336.0,61083.0,27872.0,0.0,0,0
Virginia,Northampton,51131,17190.39,258158.0,685860.0,359340.0,217339.0,578935.0,304228.0,6069.0,0,0
Virginia,Northumberland,51133,0.0,281048.0,721328.0,429804.0,193305.0,507138.0,229113.0,0.0,0,0
Virginia,Nottoway,51135,0.0,14971.0,43751.0,32455.0,15397.0,24766.0,11632.0,0.0,0,0
Virginia,Orange,51137,0.0,2036.0,7214.0,7562.0,1892.0,1002.0,361.0,0.0,0,0
Virginia,Page,51139,0.0,6388.0,27053.0,16515.0,7918.0,18859.0,5475.0,0.0,0,0
Virginia,Patrick,51141,0.0,2706.0,10381.0,0.0,2221.0,6395.0,2146.0,0.0,0,0
Virginia,Pittsylvania,51143,0.0,118131.0,278126.44,93301.0,46874.0,159021.0,95062.0,0.0,0,0
Virginia,Powhatan,51145,0.0,13864.0,34875.0,27789.0,14893.0,24934.0,11316.0,0.0,0,0
Virginia,Prince Edward,51147,0.0,40163.0,104858.0,78403.0,39752.0,50875.0,23596.0,0.0,0,0
Virginia,Prince George,51149,152916.0,258787.0,290954.0,164883.0,205642.0,332194.0,233537.0,71747.0,0,0
Virginia,Prince William,51153,0.0,11346.0,28280.0,21064.0,9451.0,17146.0,8774.0,0.0,0,0
Virginia,Pulaski,51155,0.0,6871.0,30406.0,22231.0,6149.0,8011.0,4055.0,0.0,0,0
Virginia,Rappahannock,51157,0.0,47.0,176.0,176.0,47.0,0.0,0.0,0.0,0,0
Virginia,Richmond,51159,0.0,147880.0,397415.0,253298.0,120952.0,281461.0,141623.0,0.0,0,0
Virginia,Roanoke,51161,0.0,740.0,1941.0,588.0,211.0,759.0,459.0,0.0,0,0
Virginia,Rockbridge,51163,0.0,9642.0,31268.0,21628.0,8784.0,19304.0,7284.0,0.0,0,0
Virginia,Rockingham,51165,0.0,42379.0,128003.0,129882.0,47145.0,136004.0,17023.0,0.0,0,0
Virginia,Russell,51167,0.0,280.0,424.0,1052.0,375.0,2079.0,1.0,0.0,0,0
Virginia,Scott,51169,0.0,129.0,720.0,676.0,358.0,5943.0,241.0,0.0,0,0
Virginia,Shenandoah,51171,0.0,7556.0,21374.0,25579.0,11457.0,83638.97,9459.0,0.0,0,0
Virginia,Smyth,51173,0.0,478.0,4187.0,3861.0,1042.0,1012.0,0.0,0.0,0,0
Virginia,Southampton,51175,3892561.0,5980591.0,5970767.64,3412603.0,4779148.0,7611457.47,5911506.0,1916813.0,0,0
Virginia,Spotsylvania,51177,0.0,10658.0,23525.0,16530.0,8583.0,25535.0,11341.0,0.0,0,0
Virginia,Stafford,51179,0.0,3021.0,5041.0,7169.0,2691.0,5145.0,3176.0,0.0,0,0
Virginia,Surry,51181,901774.0,1457101.0,1398788.0,800112.0,1095911.0,1794995.0,1362768.0,460246.0,0,0
Virginia,Sussex,51183,1118672.0,1795532.0,1797264.0,1024157.0,1429207.0,2096742.0,1626748.0,579214.0,0,0
Virginia,Tazewell,51185,0.0,279.0,933.0,272.0,490.0,4055.0,8.0,0.0,0,0
Virginia,Warren,51187,0.0,1679.0,4432.0,2205.0,980.0,4461.0,1461.0,0.0,0,0
Virginia,Washington,51191,0.0,11393.0,40397.0,47778.66,12999.0,9963.0,588.0,0.0,0,0
Virginia,Westmoreland,51193,0.0,195936.0,483230.0,328681.0,160773.0,332667.0,168263.0,0.0,0,0
Virginia,Wise,51195,0.0,0.0,0.0,0.0,8.0,461.0,0.0,0.0,0,0
Virginia,Wythe,51197,0.0,90.0,340.0,375.0,100.0,4147.0,285.0,0.0,0,0
Virginia,York,51199,0.0,0.0,0.0,41.0,19.0,49.0,24.0,0.0,0,0
Virginia,Alexandria,51510,0.0,0.0,0.0,0.0,0.0,0.0,0.0,0.0,0,0
Virginia,Bedford,51515,0.0,0.0,0.0,0.0,0.0,0.0,0.0,0.0,0,0
Virginia,Bristol,51520,0.0,0.0,0.0,0.0,0.0,0.0,0.0,0.0,0,0
Virginia,Buena Vista,51530,0.0,0.0,0.0,0.0,0.0,0.0,0.0,0.0,0,0
Virginia,Charlottesville,51540,0.0,0.0,0.0,0.0,0.0,0.0,0.0,0.0,0,0
Virginia,Chesapeake,51550,2197.0,23161.0,61442.0,43932.0,21471.0,281636.34,65864.0,1221.0,0,0
Virginia,Colonial Heights,51570,0.0,0.0,0.0,0.0,0.0,0.0,0.0,0.0,0,0
Virginia,Covington,51580,0.0,0.0,0.0,0.0,0.0,0.0,0.0,0.0,0,0
Virginia,Danville,51590,0.0,0.0,0.0,0.0,0.0,0.0,0.0,0.0,0,0
Virginia,Emporia,51595,0.0,0.0,0.0,0.0,0.0,0.0,0.0,0.0,0,0
Virginia,Fairfax,51600,0.0,0.0,0.0,0.0,0.0,0.0,0.0,0.0,0,0
Virginia,Falls Church,51610,0.0,0.0,0.0,0.0,0.0,0.0,0.0,0.0,0,0
Virginia,Franklin,51620,0.0,0.0,0.0,0.0,0.0,0.0,0.0,0.0,0,0
Virginia,Fredericksburg,51630,0.0,0.0,0.0,0.0,0.0,0.0,0.0,0.0,0,0
Virginia,Galax,51640,0.0,0.0,0.0,0.0,0.0,0.0,0.0,0.0,0,0
Virginia,Hampton,51650,0.0,0.0,0.0,0.0,0.0,0.0,0.0,0.0,0,0
Virginia,Harrisonburg,51660,0.0,0.0,0.0,0.0,0.0,0.0,0.0,0.0,0,0
Virginia,Hopewell,51670,0.0,0.0,0.0,0.0,0.0,0.0,0.0,0.0,0,0
Virginia,Lexington,51678,0.0,0.0,0.0,0.0,0.0,0.0,0.0,0.0,0,0
Virginia,Lynchburg,51680,0.0,0.0,0.0,0.0,0.0,0.0,0.0,0.0,0,0
Virginia,Manassas,51683,0.0,0.0,0.0,0.0,0.0,0.0,0.0,0.0,0,0
Virginia,Manassas Park,51685,0.0,0.0,0.0,0.0,0.0,0.0,0.0,0.0,0,0
Virginia,Martinsville,51690,0.0,0.0,0.0,0.0,0.0,0.0,0.0,0.0,0,0
Virginia,Newport News,51700,0.0,0.0,0.0,0.0,0.0,0.0,0.0,0.0,0,0
Virginia,Norfolk,51710,0.0,0.0,0.0,0.0,0.0,0.0,0.0,0.0,0,0
Virginia,Norton,51720,0.0,0.0,0.0,0.0,0.0,0.0,0.0,0.0,0,0
Virginia,Petersburg,51730,0.0,0.0,0.0,0.0,0.0,0.0,0.0,0.0,0,0
Virginia,Poquoson,51735,0.0,0.0,0.0,0.0,0.0,0.0,0.0,0.0,0,0
Virginia,Portsmouth,51740,0.0,0.0,0.0,0.0,0.0,0.0,0.0,0.0,0,0
Virginia,Radford,51750,0.0,0.0,0.0,0.0,0.0,0.0,0.0,0.0,0,0
Virginia,Richmond,51760,0.0,0.0,0.0,0.0,0.0,0.0,0.0,0.0,0,0
Virginia,Roanoke,51770,0.0,0.0,0.0,0.0,0.0,0.0,0.0,0.0,0,0
Virginia,Salem,51775,0.0,0.0,0.0,0.0,0.0,0.0,0.0,0.0,0,0
Virginia,Staunton,51790,0.0,0.0,0.0,0.0,0.0,0.0,0.0,0.0,0,0
Virginia,Suffolk,51800,1453387.0,2295993.0,2128228.0,1226968.0,1862035.9,3002814.0,2296947.0,740453.0,0,0
Virginia,Virginia Beach,51810,0.0,67152.0,178090.0,88370.0,36455.0,255808.0,61859.0,0.0,0,0
Virginia,Waynesboro,51820,0.0,0.0,0.0,0.0,0.0,0.0,0.0,0.0,0,0
Virginia,Williamsburg,51830,0.0,0.0,0.0,0.0,0.0,0.0,0.0,0.0,0,0
Virginia,Winchester,51840,0.0,0.0,0.0,0.0,0.0,0.0,0.0,0.0,0,0
Washington,Adams,53001,39655.0,529601.0,1401566.0,841289.0,419750.0,13222427.66,6868289.0,0.0,0,0
Washington,Asotin,53003,404.0,50550.0,134091.0,85298.0,45204.0,1498540.0,741705.0,3306.0,0,0
Washington,Benton,53005,0.0,128744.0,373338.62,353873.0,139362.0,3241582.0,1609628.94,0.0,0,0
Washington,Chelan,53007,0.0,958.0,2518.0,844.0,451.0,541.0,307.0,0.0,0,0
Washington,Clallam,53009,0.0,0.0,0.0,0.0,0.0,0.0,1058.0,0.0,0,0
Washington,Clark,53011,0.0,78.0,0.0,14139.0,0.0,7296.0,4047.0,0.0,0,0
Washington,Columbia,53013,6810.0,231553.0,531580.0,359160.0,182554.0,5876025.0,3063115.0,0.0,0,0
Washington,Cowlitz,53015,0.0,1394.0,0.0,0.0,1397.0,436.0,0.0,0.0,0,0
Washington,Douglas,53017,36202.0,127350.0,225485.0,120699.0,95147.0,6791779.0,3278893.0,0.0,0,0
Washington,Ferry,53019,0.0,133.0,0.0,0.0,625.0,6390.0,712.0,0.0,0,0
Washington,Franklin,53021,0.0,456693.0,986122.0,857103.0,233874.0,4058603.0,1635704.26,0.0,0,0
Washington,Garfield,53023,240.0,337321.0,901322.0,612042.0,312369.0,5092581.4399999995,2671587.46,0.0,0,0
Washington,Grant,53025,63810.0,2713339.0,7327294.0,3931864.0,1640685.0,9371846.0,3890064.0,0.0,0,0
Washington,Grays Harbor,53027,0.0,0.0,0.0,0.0,0.0,0.0,0.0,0.0,0,0
Washington,Island,53029,0.0,4234.0,11574.0,18771.0,8246.0,34740.0,15718.0,0.0,0,0
Washington,Jefferson,53031,0.0,503.0,1900.0,0.0,504.0,790.0,0.0,0.0,0,0
Washington,King,53033,0.0,347.0,0.0,0.0,0.0,0.0,0.0,0.0,0,0
Washington,Kitsap,53035,0.0,0.0,0.0,0.0,0.0,0.0,0.0,0.0,0,0
Washington,Kittitas,53037,0.0,184803.0,443862.0,217234.0,97457.0,255502.0,109571.0,0.0,0,0
Washington,Klickitat,53039,0.0,219041.0,599655.0,318828.0,147526.0,2121474.0,1036470.0,0.0,0,0
Washington,Lewis,53041,0.0,0.0,0.0,0.0,0.0,6074.0,0.0,0.0,0,0
Washington,Lincoln,53043,37727.0,192303.0,499734.0,497803.52,299078.0,21966102.0,10983632.61,0.0,0,0
Washington,Mason,53045,0.0,0.0,0.0,0.0,0.0,0.0,0.0,0.0,0,0
Washington,Okanogan,53047,0.0,13675.0,37185.0,18255.0,7522.0,277898.0,140484.0,0.0,0,0
Washington,Pacific,53049,0.0,0.0,0.0,0.0,0.0,0.0,0.0,0.0,0,0
Washington,Pend Oreille,53051,0.0,0.0,0.0,0.0,0.0,0.0,0.0,0.0,0,0
Washington,Pierce,53053,0.0,0.0,0.0,0.0,0.0,0.0,0.0,0.0,0,0
Washington,San Juan,53055,0.0,0.0,0.0,0.0,0.0,0.0,0.0,0.0,0,0
Washington,Skagit,53057,0.0,20548.0,61141.0,38478.0,8399.0,62077.0,15252.0,0.0,0,0
Washington,Skamania,53059,0.0,0.0,0.0,0.0,0.0,0.0,0.0,0.0,0,0
Washington,Snohomish,53061,0.0,9981.0,32652.82,38257.0,13905.0,44990.0,3195.0,0.0,0,0
Washington,Spokane,53063,9666.0,240706.95,595021.0,408743.0,246833.0,7958578.0,4206695.0,0.0,0,0
Washington,Stevens,53065,1985.0,154532.0,376896.0,237337.0,121449.0,295793.0,155789.0,0.0,0,0
Washington,Thurston,53067,0.0,0.0,0.0,0.0,0.0,0.0,0.0,0.0,0,0
Washington,Wahkiakum,53069,0.0,0.0,0.0,0.0,0.0,0.0,108.0,0.0,0,0
Washington,Walla Walla,53071,704.0,362308.0,1007541.0,571945.0,317914.0,12544465.25,6424772.0,0.0,0,104
Washington,Whatcom,53073,0.0,44410.0,156792.0,238658.0,59089.0,133477.0,4801.0,0.0,0,0
Washington,Whitman,53075,24665.0,487726.0,1289595.0,1566056.0,1247469.0,34981972.57,17923589.97,0.0,0,0
Washington,Yakima,53077,0.0,394412.0,979678.2,666236.0,251597.0,996048.0,362345.76,0.0,0,0
West Virginia,Barbour,54001,0.0,0.0,0.0,0.0,0.0,1121.0,0.0,0.0,0,0
West Virginia,Berkeley,54003,0.0,2161.0,6372.0,6415.0,2373.0,74032.0,12387.0,0.0,0,0
West Virginia,Boone,54005,0.0,75.0,284.0,284.0,76.0,0.0,0.0,0.0,0,0
West Virginia,Braxton,54007,0.0,0.0,0.0,0.0,0.0,489.0,0.0,0.0,0,0
West Virginia,Brooke,54009,0.0,341.0,708.0,488.0,177.0,1102.0,263.0,0.0,0,0
West Virginia,Cabell,54011,0.0,224.0,597.0,293.0,127.0,0.0,0.0,0.0,0,0
West Virginia,Calhoun,54013,0.0,0.0,0.0,0.0,0.0,241.0,0.0,0.0,0,0
West Virginia,Clay,54015,0.0,0.0,0.0,0.0,0.0,0.0,0.0,0.0,0,0
West Virginia,Doddridge,54017,0.0,0.0,0.0,0.0,0.0,126.0,0.0,0.0,0,0
West Virginia,Fayette,54019,0.0,0.0,720.0,720.0,191.0,62.0,30.0,0.0,0,0
West Virginia,Gilmer,54021,0.0,0.0,0.0,0.0,0.0,591.0,0.0,0.0,0,0
West Virginia,Grant,54023,0.0,0.0,0.0,0.0,0.0,0.0,0.0,0.0,0,0
West Virginia,Greenbrier,54025,0.0,398.0,2309.0,4910.0,1536.0,2221.0,1100.0,0.0,0,0
West Virginia,Hampshire,54027,0.0,1044.0,10548.0,12553.0,3914.0,19.0,14.0,0.0,0,0
West Virginia,Hancock,54029,0.0,0.0,0.0,0.0,114.0,143.0,98.0,0.0,0,0
West Virginia,Hardy,54031,0.0,0.0,0.0,1979.0,1364.0,278.0,0.0,0.0,0,0
West Virginia,Harrison,54033,0.0,0.0,0.0,0.0,0.0,1501.0,24.0,0.0,0,0
West Virginia,Jackson,54035,0.0,154.0,446.0,240.0,155.0,2488.0,426.0,0.0,0,0
West Virginia,Jefferson,54037,0.0,5382.0,16515.0,12901.0,5160.0,163741.0,62312.0,0.0,0,0
West Virginia,Kanawha,54039,0.0,0.0,0.0,0.0,0.0,0.0,0.0,0.0,0,0
West Virginia,Lewis,54041,0.0,0.0,543.0,0.0,0.0,693.0,0.0,0.0,0,0
West Virginia,Lincoln,54043,0.0,0.0,23.0,10.0,3.0,0.0,0.0,0.0,0,0
West Virginia,Logan,54045,0.0,0.0,0.0,0.0,0.0,0.0,0.0,0.0,0,0
West Virginia,McDowell,54047,0.0,0.0,0.0,0.0,0.0,0.0,0.0,0.0,0,0
West Virginia,Marion,54049,0.0,0.0,0.0,0.0,0.0,1134.0,52.0,0.0,0,0
West Virginia,Marshall,54051,0.0,140.0,529.0,529.0,141.0,469.0,24.0,0.0,0,0
West Virginia,Mason,54053,0.0,345.0,404.0,1404.0,421.0,19538.0,8897.0,0.0,0,0
West Virginia,Mercer,54055,0.0,223.0,842.0,841.0,223.0,491.0,240.0,0.0,0,0
West Virginia,Mineral,54057,0.0,122.0,460.0,1490.0,542.0,0.0,0.0,0.0,0,0
West Virginia,Mingo,54059,0.0,0.0,0.0,0.0,0.0,0.0,0.0,0.0,0,0
West Virginia,Monongalia,54061,0.0,0.0,0.0,0.0,0.0,513.0,0.0,0.0,0,0
West Virginia,Monroe,54063,0.0,2662.0,7348.0,3906.0,1543.0,4054.0,1970.0,0.0,0,0
West Virginia,Morgan,54065,0.0,1110.0,2929.0,1617.0,926.0,10701.0,2517.0,0.0,0,0
West Virginia,Nicholas,54067,0.0,0.0,0.0,0.0,0.0,1954.0,0.0,0.0,0,0
West Virginia,Ohio,54069,0.0,339.0,844.0,286.0,130.0,1734.0,579.0,0.0,0,0
West Virginia,Pendleton,54071,0.0,493.0,1636.0,1235.0,349.0,0.0,0.0,0.0,0,0
West Virginia,Pleasants,54073,0.0,0.0,0.0,0.0,0.0,743.0,0.0,0.0,0,0
West Virginia,Pocahontas,54075,0.0,0.0,303.0,866.0,390.0,30.0,7.0,0.0,0,0
West Virginia,Preston,54077,0.0,756.0,4235.0,3835.0,1754.0,9259.0,1332.0,0.0,0,0
West Virginia,Putnam,54079,0.0,394.0,1488.0,1487.0,395.0,421.0,205.0,0.0,0,0
West Virginia,Raleigh,54081,0.0,0.0,0.0,0.0,0.0,0.0,0.0,0.0,0,0
West Virginia,Randolph,54083,0.0,0.0,0.0,0.0,29.0,13761.0,4.0,0.0,0,0
West Virginia,Ritchie,54085,0.0,0.0,0.0,0.0,0.0,729.0,0.0,0.0,0,0
West Virginia,Roane,54087,0.0,5.0,0.0,0.0,0.0,88.0,0.0,0.0,0,0
West Virginia,Summers,54089,0.0,434.0,0.0,0.0,0.0,484.0,237.0,0.0,0,0
West Virginia,Taylor,54091,0.0,0.0,0.0,0.0,0.0,846.0,0.0,0.0,0,0
West Virginia,Tucker,54093,0.0,0.0,0.0,0.0,0.0,1589.0,0.0,0.0,0,0
West Virginia,Tyler,54095,0.0,0.0,0.0,0.0,0.0,1256.0,6.0,0.0,0,0
West Virginia,Upshur,54097,0.0,0.0,138.0,106.0,28.0,2849.0,0.0,0.0,0,0
West Virginia,Wayne,54099,0.0,0.0,0.0,0.0,0.0,0.0,0.0,0.0,0,0
West Virginia,Webster,54101,0.0,0.0,0.0,0.0,13.0,30.0,0.0,0.0,0,0
West Virginia,Wetzel,54103,0.0,0.0,0.0,0.0,0.0,0.0,0.0,0.0,0,0
West Virginia,Wirt,54105,0.0,0.0,0.0,0.0,0.0,531.0,0.0,0.0,0,0
West Virginia,Wood,54107,0.0,24.0,62.0,0.0,0.0,6620.0,1364.0,0.0,0,0
West Virginia,Wyoming,54109,0.0,0.0,0.0,0.0,0.0,0.0,0.0,0.0,0,0
Wisconsin,Adams,55001,0.0,3466.0,16684.0,14790.0,4344.0,253106.0,2474.0,0.0,0,0
Wisconsin,Ashland,55003,0.0,0.0,0.0,0.0,0.0,18657.0,921.0,0.0,0,0
Wisconsin,Barron,55005,0.0,39750.0,124942.0,112352.0,34470.0,1191859.63,38573.0,0.0,0,0
Wisconsin,Bayfield,55007,178.0,1342.0,4372.0,4470.0,2246.0,20577.0,4057.0,0.0,0,0
Wisconsin,Brown,55009,0.0,101819.0,289781.0,175730.0,64611.0,944230.0,88567.0,0.0,0,0
Wisconsin,Buffalo,55011,0.0,27807.0,100466.46,89217.0,29147.0,864815.42,4519.0,0.0,0,0
Wisconsin,Burnett,55013,0.0,4908.0,17369.0,15529.0,4228.0,174769.0,2018.0,0.0,0,0
Wisconsin,Calumet,55015,0.0,58186.0,172274.0,123145.0,39992.0,884547.0,128386.0,0.0,0,0
Wisconsin,Chippewa,55017,0.0,47305.0,185279.0,203003.0,54308.0,1003303.0,6219.0,0.0,0,0
Wisconsin,Clark,55019,0.0,58389.0,197860.0,170309.0,49292.0,651350.0,10723.0,0.0,0,0
Wisconsin,Columbia,55021,0.0,15360.0,63571.0,73123.0,22433.0,1991029.0,92700.0,0.0,0,0
Wisconsin,Crawford,55023,0.0,4700.0,19049.0,17810.0,5140.0,406245.0,1862.0,0.0,0,0
Wisconsin,Dane,55025,0.0,17442.0,90930.0,91933.0,26296.0,3553890.0,134017.0,0.0,0,0
Wisconsin,Dodge,55027,0.0,96047.0,322103.15,321874.0,93036.0,2112244.19,145011.0,0.0,0,0
Wisconsin,Door,55029,0.0,150561.0,369336.0,174989.0,75794.0,493216.0,106656.0,0.0,0,0
Wisconsin,Douglas,55031,0.0,226.0,736.0,696.0,388.0,1802.0,524.0,0.0,0,0
Wisconsin,Dunn,55033,0.0,26399.0,108250.0,97407.0,26845.0,1367394.0,5951.0,0.0,0,0
Wisconsin,Eau Claire,55035,0.0,1402.0,7875.0,7639.0,2840.0,487935.0,1616.0,0.0,0,0
Wisconsin,Florence,55037,0.0,408.0,1849.0,993.0,268.0,640.0,0.0,0.0,0,0
Wisconsin,Fond du Lac,55039,0.0,65657.0,254039.0,208902.0,68154.0,1842304.0,169919.0,0.0,0,0
Wisconsin,Forest,55041,0.0,1282.0,2748.0,2353.0,592.0,439.0,112.0,0.0,0,0
Wisconsin,Grant,55043,0.0,78824.0,317734.0,311602.0,85151.0,2250099.94,13910.0,0.0,0,0
Wisconsin,Green,55045,0.0,16928.0,61089.0,67364.0,22049.0,1729914.48,49599.0,0.0,0,0
Wisconsin,Green Lake,55047,0.0,21881.0,77723.0,70894.0,24236.0,833652.0,42629.0,0.0,0,0
Wisconsin,Iowa,55049,0.0,50357.0,187892.0,186506.0,56512.0,825832.0,10539.0,0.0,0,0
Wisconsin,Iron,55051,0.0,5.0,13.0,7.0,3.0,4682.0,193.0,0.0,0,0
Wisconsin,Jackson,55053,0.0,5936.0,21833.0,20584.0,5686.0,677152.0,4289.0,0.0,0,0
Wisconsin,Jefferson,55055,0.0,27463.0,143921.0,128169.0,37542.0,1262441.01,81219.0,0.0,0,0
Wisconsin,Juneau,55057,0.0,8745.0,28011.0,25983.0,8104.0,573084.0,4512.0,0.0,0,0
Wisconsin,Kenosha,55059,0.0,30312.0,86043.0,50069.0,19092.0,601408.0,77366.0,0.0,0,0
Wisconsin,Kewaunee,55061,0.0,95150.0,245013.0,155506.0,59771.0,653369.75,97348.0,0.0,0,0
Wisconsin,La Crosse,55063,0.0,727.0,5056.0,7384.0,3270.0,384502.0,462.0,0.0,0,0
Wisconsin,Lafayette,55065,0.0,10405.0,50475.0,48438.0,12917.0,2109905.0,17143.0,0.0,0,0
Wisconsin,Langlade,55067,0.0,28669.0,67751.0,36008.0,14256.0,51981.0,8944.0,0.0,0,0
Wisconsin,Lincoln,55069,0.0,4295.0,14957.0,14964.0,4241.0,15860.0,193.0,0.0,0,0
Wisconsin,Manitowoc,55071,0.0,42155.0,122214.0,77209.0,29102.0,1008582.0,159471.0,0.0,0,0
Wisconsin,Marathon,55073,0.0,96345.0,320619.0,306230.0,86111.0,366980.99,7063.0,0.0,0,0
Wisconsin,Marinette,55075,0.0,2631.0,13949.0,10389.0,4818.0,391181.0,11095.0,0.0,0,0
Wisconsin,Marquette,55077,0.0,4030.0,30524.0,21226.0,6846.0,317642.0,2462.0,0.0,0,0
Wisconsin,Menominee,55078,0.0,180.0,0.0,347.0,122.0,849.0,99.0,0.0,0,0
Wisconsin,Milwaukee,55079,0.0,412.0,256.0,200.0,84.0,10982.0,733.0,0.0,0,0
Wisconsin,Monroe,55081,0.0,6465.0,25196.0,23672.0,6474.0,649609.0,3677.0,0.0,0,0
Wisconsin,Oconto,55083,0.0,14116.0,49877.0,37740.0,14528.0,755680.0,34919.0,0.0,0,0
Wisconsin,Oneida,55085,0.0,655.0,762.0,7.0,2.0,2181.0,973.0,0.0,0,0
Wisconsin,Outagamie,55087,0.0,101056.0,360615.79,228519.0,88732.0,1182332.0,63623.0,0.0,0,0
Wisconsin,Ozaukee,55089,0.0,7963.0,22565.0,11579.0,4701.0,303813.0,49461.0,0.0,0,0
Wisconsin,Pepin,55091,0.0,841.0,3288.0,3319.0,1652.0,468653.0,5354.0,0.0,0,0
Wisconsin,Pierce,55093,0.0,2390.0,16751.0,22453.0,7652.0,1397422.57,15335.0,0.0,0,0
Wisconsin,Polk,55095,0.0,31159.0,103248.0,99882.0,27859.0,913527.0,16667.0,0.0,0,0
Wisconsin,Portage,55097,0.0,17423.0,58945.0,58417.0,16746.0,269550.0,1910.0,0.0,0,0
Wisconsin,Price,55099,0.0,2675.0,13224.0,13157.0,3589.0,31813.0,229.0,0.0,0,0
Wisconsin,Racine,55101,0.0,35018.0,97348.0,53231.0,21009.0,709607.0,107238.0,0.0,0,0
Wisconsin,Richland,55103,0.0,11159.0,41094.0,41941.0,11710.0,516897.0,4013.0,0.0,0,0
Wisconsin,Rock,55105,0.0,10004.0,37303.0,56118.0,18859.0,3113648.2,108409.0,0.0,0,0
Wisconsin,Rusk,55107,0.0,1161.0,3046.0,6556.0,2485.0,181792.0,2443.0,0.0,0,0
Wisconsin,St. Croix,55109,0.0,29697.0,98240.0,102738.0,29162.0,1588373.0,19568.0,0.0,0,0
Wisconsin,Sauk,55111,0.0,49779.0,191893.0,196376.28,52495.0,1146072.06,18837.0,0.0,0,0
Wisconsin,Sawyer,55113,0.0,0.0,847.0,845.0,95.0,47205.0,105.0,0.0,0,0
Wisconsin,Shawano,55115,0.0,6534.0,24725.0,23419.0,7856.0,661674.0,16932.0,0.0,0,0
Wisconsin,Sheboygan,55117,0.0,23954.0,80954.0,68348.0,23316.0,875160.0,134252.0,0.0,0,0
Wisconsin,Taylor,55119,0.0,21371.0,89011.0,84351.61,23845.0,462827.0,4150.0,0.0,0,0
Wisconsin,Trempealeau,55121,0.0,23914.0,111104.0,120693.0,37632.0,1221900.0,4926.0,0.0,0,0
Wisconsin,Vernon,55123,0.0,2688.0,9749.0,13540.0,4142.0,832008.18,5843.0,0.0,0,0
Wisconsin,Vilas,55125,0.0,0.0,0.0,2497.0,0.0,0.0,0.0,0.0,0,0
Wisconsin,Walworth,55127,0.0,10283.0,38807.0,39245.0,11311.0,1860127.0,93297.0,0.0,0,0
Wisconsin,Washburn,55129,0.0,7043.0,18752.0,13332.0,4787.0,164929.0,4327.0,0.0,0,0
Wisconsin,Washington,55131,0.0,7705.0,24307.0,21353.0,7669.0,529921.0,56100.0,0.0,0,0
Wisconsin,Waukesha,55133,0.0,1174.0,9778.0,9723.0,3604.0,443737.0,23479.0,0.0,0,0
Wisconsin,Waupaca,55135,0.0,29128.0,132515.0,126178.0,33376.0,779033.0,12892.0,0.0,0,0
Wisconsin,Waushara,55137,0.0,4890.0,18248.0,19107.0,6050.0,147595.0,1764.0,0.0,0,0
Wisconsin,Winnebago,55139,0.0,38542.0,125630.0,157936.0,50113.0,974104.0,100874.0,0.0,0,0
Wisconsin,Wood,55141,0.0,6614.0,28391.0,25660.0,8823.0,77437.0,2089.0,0.0,0,0
Wyoming,Albany,56001,0.0,147.0,178.0,0.0,0.0,0.0,0.0,0.0,0,0
Wyoming,Big Horn,56003,0.0,80555.0,193001.0,562016.0,370398.0,436076.0,253267.0,0.0,0,0
Wyoming,Campbell,56005,0.0,348600.0,887238.0,446344.0,204508.0,466427.0,237445.0,0.0,0,0
Wyoming,Carbon,56007,0.0,11102.0,16027.0,10093.0,5374.0,6879.0,4428.0,0.0,0,0
Wyoming,Converse,56009,0.0,5695.0,13093.0,8832.0,4483.0,8976.0,4642.0,0.0,0,0
Wyoming,Crook,56011,0.0,242994.0,631044.0,325354.0,152223.0,451224.0,236817.0,0.0,0,0
Wyoming,Fremont,56013,0.0,57024.0,162449.0,313289.0,169105.0,185108.0,78037.29,0.0,0,0
Wyoming,Goshen,56015,0.0,385419.0,1181239.2,711106.0,321367.0,1097186.0,367615.0,0.0,0,0
Wyoming,Hot Springs,56017,0.0,170.0,387.0,15986.0,10950.0,12607.0,9297.0,0.0,0,0
Wyoming,Johnson,56019,0.0,7338.0,13214.0,6081.0,4920.0,8178.0,3297.0,0.0,0,0
Wyoming,Laramie,56021,0.0,1679579.0,4470771.61,2360376.0,1065079.0,2991194.0,1421168.0,0.0,0,0
Wyoming,Lincoln,56023,0.0,20370.0,35939.0,153423.0,100035.0,96717.0,69818.0,0.0,0,0
Wyoming,Natrona,56025,0.0,12150.0,29896.0,14021.0,6168.0,19326.0,8777.0,0.0,0,0
Wyoming,Niobrara,56027,0.0,229542.0,574892.0,322881.0,148229.0,324704.0,167614.0,0.0,0,0
Wyoming,Park,56029,177.0,117606.0,294865.0,616765.0,445114.08,503519.53,345292.0,0.0,0,0
Wyoming,Platte,56031,0.0,367596.0,1064771.0,630649.0,268247.0,796593.0,303603.34,0.0,0,0
Wyoming,Sheridan,56033,0.0,43912.0,123985.0,63978.0,32534.0,59205.0,31660.0,0.0,0,0
Wyoming,Sublette,56035,0.0,0.0,0.0,0.0,0.0,0.0,0.0,0.0,0,0
Wyoming,Sweetwater,56037,0.0,4503.0,4159.0,20360.0,12645.0,10037.0,8729.0,0.0,0,0
Wyoming,Teton,56039,0.0,0.0,0.0,34381.0,22950.0,19627.0,15248.14,0.0,0,0
Wyoming,Uinta,56041,0.0,0.0,0.0,0.0,0.0,84.0,65.0,0.0,0,0
Wyoming,Washakie,56043,0.0,19854.0,67111.0,588262.0,355940.0,320153.0,229021.0,0.0,0,0
Wyoming,Weston,56045,0.0,21926.0,50362.0,21791.0,14100.0,31340.0,16240.0,0.0,0,0
American Samoa,Eastern,60010,0.0,0.0,0.0,0.0,0.0,0.0,0.0,0.0,0,0
American Samoa,Manu'a,60020,0.0,0.0,0.0,0.0,0.0,0.0,0.0,0.0,0,0
American Samoa,Rose Island,60030,0.0,0.0,0.0,0.0,0.0,0.0,0.0,0.0,0,0
American Samoa,Swains Island,60040,0.0,0.0,0.0,0.0,0.0,0.0,0.0,0.0,0,0
American Samoa,Western,60050,0.0,0.0,0.0,0.0,0.0,0.0,0.0,0.0,0,0
Guam,Guam,66010,0.0,0.0,0.0,0.0,0.0,0.0,0.0,0.0,0,0
,Northern Islands,00085,0.0,0.0,0.0,0.0,0.0,0.0,0.0,0.0,0,0
#N/A,Rota,00100,0.0,0.0,0.0,0.0,0.0,0.0,0.0,0.0,0,0
#N/A,Saipan,00110,0.0,0.0,0.0,0.0,0.0,0.0,0.0,0.0,0,0
#N/A,Tinian,00120,0.0,0.0,0.0,0.0,0.0,0.0,0.0,0.0,0,0
Puerto Rico,Adjuntas,72001,0.0,0.0,0.0,0.0,0.0,0.0,0.0,0.0,0,0
Puerto Rico,Aguada,72003,0.0,0.0,0.0,0.0,0.0,0.0,0.0,0.0,0,0
Puerto Rico,Aguadilla,72005,0.0,0.0,0.0,0.0,0.0,0.0,0.0,0.0,0,0
Puerto Rico,Aguas Buenas,72007,0.0,0.0,0.0,0.0,0.0,0.0,0.0,0.0,0,0
Puerto Rico,Aibonito,72009,0.0,0.0,0.0,0.0,0.0,0.0,0.0,0.0,0,0
Puerto Rico,Anasco,72011,0.0,0.0,0.0,0.0,0.0,0.0,0.0,0.0,0,0
Puerto Rico,Arecibo,72013,0.0,0.0,0.0,0.0,0.0,0.0,0.0,0.0,0,0
Puerto Rico,Arroyo,72015,0.0,0.0,0.0,0.0,0.0,0.0,0.0,0.0,0,0
Puerto Rico,Barceloneta,72017,0.0,0.0,0.0,0.0,0.0,0.0,0.0,0.0,0,0
Puerto Rico,Barranquitas,72019,0.0,0.0,0.0,0.0,0.0,0.0,0.0,0.0,0,0
Puerto Rico,Bayamon,72021,0.0,0.0,0.0,0.0,0.0,0.0,0.0,0.0,0,0
Puerto Rico,Cabo Rojo,72023,0.0,0.0,0.0,0.0,0.0,0.0,0.0,0.0,0,0
Puerto Rico,Caguas,72025,0.0,0.0,0.0,0.0,0.0,0.0,0.0,0.0,0,0
Puerto Rico,Camuy,72027,0.0,0.0,0.0,0.0,0.0,0.0,0.0,0.0,0,0
Puerto Rico,Canovanas,72029,0.0,0.0,0.0,0.0,0.0,0.0,0.0,0.0,0,0
Puerto Rico,Carolina,72031,0.0,0.0,0.0,0.0,0.0,0.0,0.0,0.0,0,0
Puerto Rico,Catano,72033,0.0,0.0,0.0,0.0,0.0,0.0,0.0,0.0,0,0
Puerto Rico,Cayey,72035,0.0,0.0,0.0,0.0,0.0,0.0,0.0,0.0,0,0
Puerto Rico,Ceiba,72037,0.0,0.0,0.0,0.0,0.0,0.0,0.0,0.0,0,0
Puerto Rico,Ciales,72039,0.0,0.0,0.0,0.0,0.0,0.0,0.0,0.0,0,0
Puerto Rico,Cidra,72041,0.0,0.0,0.0,0.0,0.0,0.0,0.0,0.0,0,0
Puerto Rico,Coamo,72043,0.0,0.0,0.0,0.0,0.0,0.0,0.0,0.0,0,0
Puerto Rico,Comerio,72045,0.0,0.0,0.0,0.0,0.0,0.0,0.0,0.0,0,0
Puerto Rico,Corozal,72047,0.0,0.0,0.0,0.0,0.0,0.0,0.0,0.0,0,0
Puerto Rico,Culebra,72049,0.0,0.0,0.0,0.0,0.0,0.0,0.0,0.0,0,0
Puerto Rico,Dorado,72051,0.0,0.0,0.0,0.0,0.0,0.0,0.0,0.0,0,0
Puerto Rico,Fajardo,72053,0.0,0.0,0.0,0.0,0.0,0.0,0.0,0.0,0,0
Puerto Rico,Florida,72054,0.0,0.0,0.0,0.0,0.0,0.0,0.0,0.0,0,0
Puerto Rico,Guanica,72055,0.0,0.0,0.0,0.0,0.0,0.0,0.0,0.0,0,0
Puerto Rico,Guayama,72057,0.0,0.0,0.0,0.0,0.0,0.0,0.0,0.0,0,0
Puerto Rico,Guayanilla,72059,0.0,0.0,0.0,0.0,0.0,0.0,0.0,0.0,0,0
Puerto Rico,Guaynabo,72061,0.0,0.0,0.0,0.0,0.0,0.0,0.0,0.0,0,0
Puerto Rico,Gurabo,72063,0.0,0.0,0.0,0.0,0.0,0.0,0.0,0.0,0,0
Puerto Rico,Hatillo,72065,0.0,0.0,0.0,0.0,0.0,0.0,0.0,0.0,0,0
Puerto Rico,Hormigueros,72067,0.0,0.0,0.0,0.0,0.0,0.0,0.0,0.0,0,0
Puerto Rico,Humacao,72069,0.0,0.0,0.0,0.0,0.0,0.0,0.0,0.0,0,0
Puerto Rico,Isabela,72071,0.0,0.0,0.0,0.0,0.0,0.0,0.0,0.0,0,0
Puerto Rico,Jayuya,72073,0.0,0.0,0.0,0.0,0.0,0.0,0.0,0.0,0,0
Puerto Rico,Juana Diaz,72075,0.0,0.0,0.0,0.0,0.0,0.0,0.0,0.0,0,0
Puerto Rico,Juncos,72077,0.0,0.0,0.0,0.0,0.0,0.0,0.0,0.0,0,0
Puerto Rico,Lajas,72079,0.0,0.0,0.0,0.0,0.0,0.0,0.0,0.0,0,0
Puerto Rico,Lares,72081,0.0,0.0,0.0,0.0,0.0,0.0,0.0,0.0,0,0
Puerto Rico,Las Marias,72083,0.0,0.0,0.0,0.0,0.0,0.0,0.0,0.0,0,0
Puerto Rico,Las Piedras,72085,0.0,0.0,0.0,0.0,0.0,0.0,0.0,0.0,0,0
Puerto Rico,Loiza,72087,0.0,0.0,0.0,0.0,0.0,0.0,0.0,0.0,0,0
Puerto Rico,Luquillo,72089,0.0,0.0,0.0,0.0,0.0,0.0,0.0,0.0,0,0
Puerto Rico,Manati,72091,0.0,0.0,0.0,0.0,0.0,0.0,0.0,0.0,0,0
Puerto Rico,Maricao,72093,0.0,0.0,0.0,0.0,0.0,0.0,0.0,0.0,0,0
Puerto Rico,Maunabo,72095,0.0,0.0,0.0,0.0,0.0,0.0,0.0,0.0,0,0
Puerto Rico,Mayaguez,72097,0.0,0.0,0.0,0.0,0.0,0.0,0.0,0.0,0,0
Puerto Rico,Moca,72099,0.0,0.0,0.0,0.0,0.0,0.0,0.0,0.0,0,0
Puerto Rico,Morovis,72101,0.0,0.0,0.0,0.0,0.0,0.0,0.0,0.0,0,0
Puerto Rico,Naguabo,72103,0.0,0.0,0.0,0.0,0.0,0.0,0.0,0.0,0,0
Puerto Rico,Naranjito,72105,0.0,0.0,0.0,0.0,0.0,0.0,0.0,0.0,0,0
Puerto Rico,Orocovis,72107,0.0,0.0,0.0,0.0,0.0,0.0,0.0,0.0,0,0
Puerto Rico,Patillas,72109,0.0,0.0,0.0,0.0,0.0,0.0,0.0,0.0,0,0
Puerto Rico,Penuelas,72111,0.0,0.0,0.0,0.0,0.0,0.0,0.0,0.0,0,0
Puerto Rico,Ponce,72113,0.0,0.0,0.0,0.0,0.0,0.0,0.0,0.0,0,0
Puerto Rico,Quebradillas,72115,0.0,0.0,0.0,0.0,0.0,0.0,0.0,0.0,0,0
Puerto Rico,Rincon,72117,0.0,0.0,0.0,0.0,0.0,0.0,0.0,0.0,0,0
Puerto Rico,Rio Grande,72119,0.0,0.0,0.0,0.0,0.0,0.0,0.0,0.0,0,0
Puerto Rico,Sabana Grande,72121,0.0,0.0,0.0,0.0,0.0,0.0,0.0,0.0,0,0
Puerto Rico,Salinas,72123,0.0,0.0,0.0,0.0,0.0,0.0,0.0,0.0,0,0
Puerto Rico,San German,72125,0.0,0.0,0.0,0.0,0.0,0.0,0.0,0.0,0,0
Puerto Rico,San Juan,72127,0.0,0.0,0.0,0.0,0.0,0.0,0.0,0.0,0,0
Puerto Rico,San Lorenzo,72129,0.0,0.0,0.0,0.0,0.0,0.0,0.0,0.0,0,0
Puerto Rico,San Sebastian,72131,0.0,0.0,0.0,0.0,0.0,0.0,0.0,0.0,0,0
Puerto Rico,Santa Isabel,72133,0.0,0.0,0.0,0.0,0.0,0.0,0.0,0.0,0,0
Puerto Rico,Toa Alta,72135,0.0,0.0,0.0,0.0,0.0,0.0,0.0,0.0,0,0
Puerto Rico,Toa Baja,72137,0.0,0.0,0.0,0.0,0.0,0.0,0.0,0.0,0,0
Puerto Rico,Trujillo Alto,72139,0.0,0.0,0.0,0.0,0.0,0.0,0.0,0.0,0,0
Puerto Rico,Utuado,72141,0.0,0.0,0.0,0.0,0.0,0.0,0.0,0.0,0,0
Puerto Rico,Vega Alta,72143,0.0,0.0,0.0,0.0,0.0,0.0,0.0,0.0,0,0
Puerto Rico,Vega Baja,72145,0.0,0.0,0.0,0.0,0.0,0.0,0.0,0.0,0,0
Puerto Rico,Vieques,72147,0.0,0.0,0.0,0.0,0.0,0.0,0.0,0.0,0,0
Puerto Rico,Villalba,72149,0.0,0.0,0.0,0.0,0.0,0.0,0.0,0.0,0,0
Puerto Rico,Yabucoa,72151,0.0,0.0,0.0,0.0,0.0,0.0,0.0,0.0,0,0
Puerto Rico,Yauco,72153,0.0,0.0,0.0,0.0,0.0,0.0,0.0,0.0,0,0
#N/A,Midway Islands,00300,0.0,0.0,0.0,0.0,0.0,0.0,0.0,0.0,0,0
Virgin Islands,St. Croix,78010,0.0,0.0,0.0,0.0,0.0,0.0,0.0,0.0,0,0
Virgin Islands,St. John,78020,0.0,0.0,0.0,0.0,0.0,0.0,0.0,0.0,0,0
Virgin Islands,St. Thomas,78030,0.0,0.0,0.0,0.0,0.0,0.0,0.0,0.0,0,0
Alaska,Fairbanks,02001,0.0,0.0,0.0,0.0,0.0,0.0,0.0,0.0,0,0
Alaska,Delta,02002,0.0,7987.0,10771.0,200228.0,136706.0,123562.0,100657.0,0.0,0,0
Alaska,Homer,02003,0.0,0.0,0.0,0.0,0.0,0.0,0.0,0.0,0,0
Alaska,Palmer,02005,0.0,4296.0,5212.0,1094.0,756.0,599.0,460.0,0.0,0,0
Florida,Dade/Monroe,12025,0.0,0.0,0.0,0.0,0.0,0.0,0.0,0.0,0,0
Guam,Guam,14001,0.0,0.0,0.0,0.0,0.0,0.0,0.0,0.0,0,0
American Samoa,American Samoa,60001,0.0,0.0,0.0,0.0,0.0,0.0,0.0,0.0,0,0
Nevada,Southeast Nye,32035,0.0,0.0,0.0,0.0,0.0,0.0,1628.0,0.0,0,0
